arm,noise_level,img_idx,class,psnr,fsim,lpips
arm_a_l2,mid,0,Normal,33.6066,0.935893,0.180566
arm_a_l2,mid,1,Normal,32.2948,0.915566,0.219065
arm_a_l2,mid,2,Normal,33.1532,0.929232,0.193476
arm_a_l2,mid,3,Normal,34.2479,0.945756,0.161
arm_a_l2,mid,4,Normal,32.8823,0.913306,0.244777
arm_a_l2,mid,5,Normal,34.5037,0.943151,0.19141
arm_a_l2,mid,6,Normal,33.9436,0.935467,0.225857
arm_a_l2,mid,7,Normal,34.4877,0.943676,0.19355
arm_a_l2,mid,8,Normal,32.7183,0.938665,0.176142
arm_a_l2,mid,9,Normal,32.6956,0.93112,0.207838
arm_a_l2,mid,10,Normal,33.6333,0.942289,0.153933
arm_a_l2,mid,11,Normal,33.5016,0.932556,0.215577
arm_a_l2,mid,12,Normal,33.6775,0.924194,0.228499
arm_a_l2,mid,13,Normal,34.8021,0.936532,0.194688
arm_a_l2,mid,14,Normal,33.9764,0.944429,0.168317
arm_a_l2,mid,15,Normal,32.9147,0.919219,0.252269
arm_a_l2,mid,16,Normal,34.413,0.93931,0.21024
arm_a_l2,mid,17,Normal,33.8457,0.930164,0.197811
arm_a_l2,mid,18,Normal,33.4206,0.930784,0.171855
arm_a_l2,mid,19,Normal,34.2934,0.941374,0.189956
arm_a_l2,mid,20,Normal,35.4829,0.949563,0.153239
arm_a_l2,mid,21,Normal,34.2118,0.94104,0.178968
arm_a_l2,mid,22,Normal,34.246,0.933667,0.218168
arm_a_l2,mid,23,Normal,31.9533,0.896613,0.310452
arm_a_l2,mid,24,Normal,33.2367,0.930325,0.211803
arm_a_l2,mid,25,Normal,34.1225,0.939738,0.165139
arm_a_l2,mid,26,Normal,32.2595,0.924463,0.188359
arm_a_l2,mid,27,Normal,32.2798,0.92141,0.217065
arm_a_l2,mid,28,Normal,34.2723,0.93997,0.199368
arm_a_l2,mid,29,Normal,33.4407,0.932922,0.234899
arm_a_l2,mid,30,Normal,32.251,0.911018,0.233659
arm_a_l2,mid,31,Normal,33.5553,0.936062,0.182869
arm_a_l2,mid,32,Normal,32.3969,0.924892,0.206166
arm_a_l2,mid,33,Normal,31.807,0.910122,0.236474
arm_a_l2,mid,34,Normal,32.2263,0.926332,0.180611
arm_a_l2,mid,35,Normal,33.7904,0.936529,0.181682
arm_a_l2,mid,36,Normal,35.0812,0.950481,0.142502
arm_a_l2,mid,37,Normal,34.9426,0.943487,0.234909
arm_a_l2,mid,38,Normal,33.0632,0.935284,0.174691
arm_a_l2,mid,39,Normal,31.6571,0.912322,0.205861
arm_a_l2,mid,40,Normal,33.608,0.934945,0.18535
arm_a_l2,mid,41,Normal,34.21,0.93682,0.20534
arm_a_l2,mid,42,Normal,31.6567,0.914973,0.207279
arm_a_l2,mid,43,Normal,33.2997,0.926464,0.189875
arm_a_l2,mid,44,Normal,33.1435,0.924271,0.197407
arm_a_l2,mid,45,Normal,32.7766,0.928009,0.214368
arm_a_l2,mid,46,Normal,35.197,0.928973,0.229963
arm_a_l2,mid,47,Normal,32.2037,0.924605,0.178047
arm_a_l2,mid,48,Normal,32.927,0.928233,0.204739
arm_a_l2,mid,49,Normal,33.1673,0.92921,0.191736
arm_a_l2,mid,50,Normal,33.0287,0.933851,0.219502
arm_a_l2,mid,51,Normal,33.8471,0.932966,0.205289
arm_a_l2,mid,52,Normal,33.3476,0.924143,0.220894
arm_a_l2,mid,53,Normal,33.2549,0.9368,0.161397
arm_a_l2,mid,54,Normal,33.8015,0.937031,0.203802
arm_a_l2,mid,55,Normal,34.4005,0.93651,0.194154
arm_a_l2,mid,56,Normal,35.0204,0.948206,0.198044
arm_a_l2,mid,57,Normal,32.8116,0.915014,0.231831
arm_a_l2,mid,58,Normal,33.0334,0.934105,0.201516
arm_a_l2,mid,59,Normal,33.6122,0.936443,0.191313
arm_a_l2,mid,60,Normal,34.1445,0.937837,0.195661
arm_a_l2,mid,61,Normal,34.182,0.944478,0.153491
arm_a_l2,mid,62,Normal,33.1852,0.924985,0.243915
arm_a_l2,mid,63,Normal,33.152,0.937912,0.174447
arm_a_l2,mid,64,Normal,34.02,0.933252,0.193665
arm_a_l2,mid,65,Normal,31.9908,0.931792,0.184437
arm_a_l2,mid,66,Normal,31.7375,0.912773,0.234958
arm_a_l2,mid,67,Normal,31.8844,0.918352,0.223836
arm_a_l2,mid,68,Normal,31.3865,0.909736,0.237494
arm_a_l2,mid,69,Normal,32.9389,0.920294,0.230312
arm_a_l2,mid,70,Normal,35.1358,0.945984,0.192042
arm_a_l2,mid,71,Normal,34.6085,0.933272,0.222476
arm_a_l2,mid,72,Normal,34.3674,0.942713,0.19737
arm_a_l2,mid,73,Normal,34.7172,0.943613,0.178958
arm_a_l2,mid,74,Normal,33.8021,0.926952,0.268224
arm_a_l2,mid,75,Normal,32.5994,0.925761,0.20156
arm_a_l2,mid,76,Normal,32.2084,0.911933,0.229962
arm_a_l2,mid,77,Normal,33.3278,0.936988,0.154347
arm_a_l2,mid,78,Normal,34.4759,0.938475,0.237364
arm_a_l2,mid,79,Normal,33.2992,0.938095,0.179014
arm_a_l2,mid,80,Normal,34.1661,0.928782,0.238733
arm_a_l2,mid,81,Normal,34.0853,0.940626,0.191503
arm_a_l2,mid,82,Normal,32.3329,0.919198,0.209593
arm_a_l2,mid,83,Normal,32.821,0.93077,0.200122
arm_a_l2,mid,84,Normal,33.1494,0.939337,0.187716
arm_a_l2,mid,85,Normal,35.4199,0.942971,0.208396
arm_a_l2,mid,86,Normal,33.798,0.937038,0.176725
arm_a_l2,mid,87,Normal,34.1654,0.937999,0.183542
arm_a_l2,mid,88,Normal,32.4528,0.933531,0.191744
arm_a_l2,mid,89,Normal,34.0664,0.933354,0.224123
arm_a_l2,mid,90,Normal,33.4281,0.936474,0.165574
arm_a_l2,mid,91,Normal,32.3871,0.922683,0.205833
arm_a_l2,mid,92,Normal,34.8137,0.947571,0.183603
arm_a_l2,mid,93,Normal,32.7898,0.92668,0.219624
arm_a_l2,mid,94,Normal,34.2386,0.938308,0.179478
arm_a_l2,mid,95,Normal,32.0615,0.913043,0.222909
arm_a_l2,mid,96,Normal,33.7487,0.936904,0.187386
arm_a_l2,mid,97,Normal,32.021,0.924721,0.22228
arm_a_l2,mid,98,Normal,33.0308,0.935684,0.171408
arm_a_l2,mid,99,Normal,33.761,0.944849,0.196601
arm_a_l2,mid,100,Normal,34.222,0.93775,0.197593
arm_a_l2,mid,101,Normal,32.3102,0.928378,0.214606
arm_a_l2,mid,102,Normal,33.9349,0.93134,0.16599
arm_a_l2,mid,103,Normal,34.2289,0.935213,0.196462
arm_a_l2,mid,104,Normal,33.0101,0.931711,0.174227
arm_a_l2,mid,105,Normal,33.3767,0.937983,0.183864
arm_a_l2,mid,106,Normal,34.2382,0.93991,0.163402
arm_a_l2,mid,107,Normal,33.3807,0.932079,0.181124
arm_a_l2,mid,108,Normal,32.0282,0.90526,0.248732
arm_a_l2,mid,109,Normal,32.6391,0.917507,0.220148
arm_a_l2,mid,110,Normal,33.6379,0.931733,0.199529
arm_a_l2,mid,111,Normal,34.3058,0.927081,0.200154
arm_a_l2,mid,112,Normal,32.1056,0.923571,0.208542
arm_a_l2,mid,113,Normal,32.4742,0.915442,0.211324
arm_a_l2,mid,114,Normal,33.3384,0.921539,0.220774
arm_a_l2,mid,115,Normal,33.2064,0.935135,0.196368
arm_a_l2,mid,116,Normal,32.2995,0.925831,0.179298
arm_a_l2,mid,117,Normal,33.6312,0.935129,0.185249
arm_a_l2,mid,118,Normal,33.5915,0.931579,0.187757
arm_a_l2,mid,119,Normal,35.5709,0.953069,0.163442
arm_a_l2,mid,120,Normal,34.2241,0.94945,0.137859
arm_a_l2,mid,121,Normal,33.9325,0.93714,0.165214
arm_a_l2,mid,122,Normal,34.1892,0.94466,0.170932
arm_a_l2,mid,123,Normal,34.431,0.940738,0.164161
arm_a_l2,mid,124,Normal,33.5576,0.930242,0.205019
arm_a_l2,mid,125,Normal,32.6344,0.92611,0.218201
arm_a_l2,mid,126,Normal,33.6194,0.930886,0.243
arm_a_l2,mid,127,Normal,32.111,0.908452,0.251981
arm_a_l2,mid,128,Normal,32.6114,0.927608,0.199857
arm_a_l2,mid,129,Normal,33.7223,0.93807,0.16951
arm_a_l2,mid,130,Normal,33.1789,0.935495,0.177024
arm_a_l2,mid,131,Normal,33.2962,0.935961,0.191765
arm_a_l2,mid,132,Normal,32.6714,0.931965,0.197066
arm_a_l2,mid,133,Normal,33.2615,0.935683,0.184165
arm_a_l2,mid,134,Normal,34.6636,0.939909,0.184322
arm_a_l2,mid,135,Normal,33.9272,0.934399,0.1771
arm_a_l2,mid,136,Normal,33.1594,0.939127,0.172908
arm_a_l2,mid,137,Normal,33.0093,0.93476,0.168651
arm_a_l2,mid,138,Normal,34.0247,0.940429,0.172704
arm_a_l2,mid,139,Normal,32.2984,0.925136,0.20546
arm_a_l2,mid,140,Normal,32.5731,0.921436,0.198246
arm_a_l2,mid,141,Normal,33.5801,0.931973,0.212459
arm_a_l2,mid,142,Normal,31.6714,0.912889,0.230004
arm_a_l2,mid,143,Normal,34.7885,0.946429,0.164747
arm_a_l2,mid,144,Normal,33.5775,0.941528,0.178055
arm_a_l2,mid,145,Normal,32.8303,0.936476,0.154149
arm_a_l2,mid,146,Normal,32.1128,0.923433,0.228655
arm_a_l2,mid,147,Normal,32.2644,0.913447,0.236044
arm_a_l2,mid,148,Normal,33.8465,0.934651,0.185755
arm_a_l2,mid,149,Normal,32.8623,0.935416,0.189136
arm_a_l2,mid,150,Normal,33.0303,0.918913,0.236589
arm_a_l2,mid,151,Normal,32.166,0.909928,0.235855
arm_a_l2,mid,152,Normal,31.7514,0.905452,0.217182
arm_a_l2,mid,153,Normal,33.8112,0.936828,0.198413
arm_a_l2,mid,154,Normal,34.9615,0.941698,0.211081
arm_a_l2,mid,155,Normal,32.6692,0.922145,0.204754
arm_a_l2,mid,156,Normal,32.437,0.916267,0.223456
arm_a_l2,mid,157,Normal,33.9826,0.939084,0.157521
arm_a_l2,mid,158,Normal,33.5383,0.939702,0.160752
arm_a_l2,mid,159,Normal,33.9374,0.935121,0.22333
arm_a_l2,mid,160,Normal,34.4699,0.93723,0.239278
arm_a_l2,mid,161,Normal,34.048,0.93674,0.179973
arm_a_l2,mid,162,Normal,34.0769,0.939271,0.162938
arm_a_l2,mid,163,Normal,33.9844,0.93058,0.190824
arm_a_l2,mid,164,Normal,35.3618,0.946872,0.243254
arm_a_l2,mid,165,Normal,35.2161,0.93318,0.260668
arm_a_l2,mid,166,Normal,35.2119,0.94219,0.165033
arm_a_l2,mid,167,Normal,33.1129,0.918696,0.267042
arm_a_l2,mid,168,Normal,33.2317,0.940322,0.168094
arm_a_l2,mid,169,Normal,30.8541,0.918932,0.194458
arm_a_l2,mid,170,Normal,32.9728,0.920893,0.239352
arm_a_l2,mid,171,Normal,32.909,0.92505,0.220073
arm_a_l2,mid,172,Normal,33.4599,0.927609,0.221806
arm_a_l2,mid,173,Normal,32.6717,0.915023,0.23786
arm_a_l2,mid,174,Normal,34.6159,0.938738,0.203169
arm_a_l2,mid,175,Normal,34.1194,0.934607,0.18418
arm_a_l2,mid,176,Normal,34.0623,0.943076,0.161069
arm_a_l2,mid,177,Normal,32.2537,0.914678,0.212985
arm_a_l2,mid,178,Normal,33.3294,0.930748,0.207114
arm_a_l2,mid,179,Normal,31.8882,0.89951,0.258407
arm_a_l2,mid,180,Normal,31.8902,0.916087,0.200804
arm_a_l2,mid,181,Normal,33.9657,0.935885,0.193256
arm_a_l2,mid,182,Normal,34.4748,0.934582,0.208834
arm_a_l2,mid,183,Normal,33.3135,0.931102,0.205458
arm_a_l2,mid,184,Normal,33.6352,0.937189,0.199887
arm_a_l2,mid,185,Normal,34.0351,0.934523,0.194155
arm_a_l2,mid,186,Normal,32.49,0.922021,0.225893
arm_a_l2,mid,187,Normal,34.409,0.943206,0.190108
arm_a_l2,mid,188,Normal,34.1035,0.926682,0.231075
arm_a_l2,mid,189,Normal,33.6785,0.924201,0.235154
arm_a_l2,mid,190,Normal,31.8588,0.914104,0.221334
arm_a_l2,mid,191,Normal,34.5846,0.943679,0.165545
arm_a_l2,mid,192,Normal,35.9037,0.946018,0.209298
arm_a_l2,mid,193,Normal,32.6948,0.932908,0.193994
arm_a_l2,mid,194,Normal,32.9835,0.928389,0.2084
arm_a_l2,mid,195,Normal,33.0944,0.929164,0.191481
arm_a_l2,mid,196,Normal,33.497,0.928925,0.215728
arm_a_l2,mid,197,Normal,33.7991,0.93502,0.186634
arm_a_l2,mid,198,Normal,34.2515,0.93663,0.220861
arm_a_l2,mid,199,Normal,32.5948,0.92493,0.187469
arm_a_l2,mid,200,Normal,33.3765,0.934202,0.196401
arm_a_l2,mid,201,Normal,33.1589,0.931131,0.189618
arm_a_l2,mid,202,Normal,32.8836,0.926859,0.221592
arm_a_l2,mid,203,Normal,33.7206,0.939379,0.176189
arm_a_l2,mid,204,Normal,33.0176,0.93752,0.17442
arm_a_l2,mid,205,Normal,34.6802,0.936352,0.193979
arm_a_l2,mid,206,Normal,34.6364,0.936673,0.194664
arm_a_l2,mid,207,Normal,33.988,0.924802,0.200222
arm_a_l2,mid,208,Normal,33.2673,0.934017,0.180372
arm_a_l2,mid,209,Normal,32.5279,0.934765,0.194229
arm_a_l2,mid,210,Normal,32.4225,0.910877,0.259719
arm_a_l2,mid,211,Normal,33.7524,0.94021,0.15531
arm_a_l2,mid,212,Normal,34.6938,0.944803,0.177985
arm_a_l2,mid,213,Normal,34.6842,0.94222,0.183995
arm_a_l2,mid,214,Normal,33.2208,0.928661,0.20005
arm_a_l2,mid,215,Normal,32.6003,0.904339,0.261484
arm_a_l2,mid,216,Normal,32.6505,0.929682,0.197901
arm_a_l2,mid,217,Normal,34.7619,0.936269,0.221695
arm_a_l2,mid,218,Normal,32.8065,0.91601,0.219312
arm_a_l2,mid,219,Normal,33.6589,0.939144,0.169593
arm_a_l2,mid,220,Normal,35.2512,0.937277,0.243473
arm_a_l2,mid,221,Normal,33.8717,0.940889,0.165039
arm_a_l2,mid,222,Normal,33.3109,0.931633,0.175417
arm_a_l2,mid,223,Normal,32.6391,0.924433,0.23739
arm_a_l2,mid,224,Normal,34.4375,0.94664,0.146984
arm_a_l2,mid,225,Normal,32.0322,0.90244,0.26067
arm_a_l2,mid,226,Normal,34.4056,0.941257,0.180617
arm_a_l2,mid,227,Normal,32.9293,0.933,0.183989
arm_a_l2,mid,228,Normal,34.8145,0.93853,0.180614
arm_a_l2,mid,229,Normal,33.6015,0.94064,0.178189
arm_a_l2,mid,230,Normal,33.091,0.933312,0.195687
arm_a_l2,mid,231,Normal,33.0165,0.922788,0.213552
arm_a_l2,mid,232,Normal,34.753,0.942869,0.186494
arm_a_l2,mid,233,Normal,34.0332,0.93488,0.208799
arm_a_l2,mid,234,Bacterial,35.0879,0.93339,0.256116
arm_a_l2,mid,235,Bacterial,33.1262,0.923024,0.255517
arm_a_l2,mid,236,Bacterial,35.1483,0.93745,0.239238
arm_a_l2,mid,237,Bacterial,34.8073,0.93299,0.240027
arm_a_l2,mid,238,Bacterial,35.1073,0.926064,0.30158
arm_a_l2,mid,239,Bacterial,34.697,0.939931,0.220632
arm_a_l2,mid,240,Bacterial,34.9799,0.931687,0.246031
arm_a_l2,mid,241,Bacterial,34.0283,0.926551,0.280282
arm_a_l2,mid,242,Bacterial,35.145,0.933454,0.250043
arm_a_l2,mid,243,Bacterial,33.9617,0.922678,0.263596
arm_a_l2,mid,244,Bacterial,32.7225,0.918542,0.213571
arm_a_l2,mid,245,Bacterial,33.8158,0.938288,0.195486
arm_a_l2,mid,246,Bacterial,34.4174,0.942156,0.22519
arm_a_l2,mid,247,Bacterial,34.0557,0.939635,0.218579
arm_a_l2,mid,248,Bacterial,35.5605,0.939389,0.225861
arm_a_l2,mid,249,Bacterial,35.6276,0.939107,0.260542
arm_a_l2,mid,250,Bacterial,35.3456,0.924971,0.25983
arm_a_l2,mid,251,Bacterial,33.0157,0.926649,0.214387
arm_a_l2,mid,252,Bacterial,35.7653,0.933217,0.25062
arm_a_l2,mid,253,Bacterial,34.6959,0.935399,0.264452
arm_a_l2,mid,254,Bacterial,33.4653,0.922396,0.218421
arm_a_l2,mid,255,Bacterial,33.9215,0.927589,0.252412
arm_a_l2,mid,256,Bacterial,32.9931,0.91733,0.247564
arm_a_l2,mid,257,Bacterial,34.244,0.930488,0.264417
arm_a_l2,mid,258,Bacterial,34.3318,0.915406,0.310857
arm_a_l2,mid,259,Bacterial,34.5205,0.926211,0.295201
arm_a_l2,mid,260,Bacterial,34.7379,0.936127,0.250491
arm_a_l2,mid,261,Bacterial,32.7249,0.924238,0.204092
arm_a_l2,mid,262,Bacterial,36.5019,0.941245,0.239859
arm_a_l2,mid,263,Bacterial,35.9512,0.940859,0.263727
arm_a_l2,mid,264,Bacterial,35.6568,0.931219,0.250852
arm_a_l2,mid,265,Bacterial,35.8435,0.940102,0.265797
arm_a_l2,mid,266,Bacterial,35.4779,0.932073,0.24725
arm_a_l2,mid,267,Bacterial,33.7387,0.91586,0.277707
arm_a_l2,mid,268,Bacterial,34.8896,0.923787,0.2826
arm_a_l2,mid,269,Bacterial,34.8332,0.935501,0.244012
arm_a_l2,mid,270,Bacterial,35.9189,0.950505,0.217878
arm_a_l2,mid,271,Bacterial,35.1147,0.937791,0.203469
arm_a_l2,mid,272,Bacterial,35.8641,0.937687,0.263936
arm_a_l2,mid,273,Bacterial,35.7522,0.941023,0.235446
arm_a_l2,mid,274,Bacterial,33.8708,0.925916,0.230826
arm_a_l2,mid,275,Bacterial,33.1101,0.921165,0.264369
arm_a_l2,mid,276,Bacterial,32.4142,0.920931,0.188752
arm_a_l2,mid,277,Bacterial,34.0223,0.920238,0.26815
arm_a_l2,mid,278,Bacterial,34.3243,0.92416,0.269048
arm_a_l2,mid,279,Bacterial,34.4971,0.931203,0.229484
arm_a_l2,mid,280,Bacterial,35.3232,0.926926,0.254279
arm_a_l2,mid,281,Bacterial,34.4414,0.916815,0.285099
arm_a_l2,mid,282,Bacterial,33.3502,0.918984,0.256418
arm_a_l2,mid,283,Bacterial,34.6966,0.927839,0.250697
arm_a_l2,mid,284,Bacterial,32.6213,0.914887,0.308996
arm_a_l2,mid,285,Bacterial,35.7564,0.929592,0.278543
arm_a_l2,mid,286,Bacterial,33.8066,0.932324,0.240239
arm_a_l2,mid,287,Bacterial,33.5487,0.922449,0.281606
arm_a_l2,mid,288,Bacterial,35.2235,0.93374,0.233904
arm_a_l2,mid,289,Bacterial,34.0133,0.921253,0.241882
arm_a_l2,mid,290,Bacterial,35.5899,0.934936,0.265934
arm_a_l2,mid,291,Bacterial,33.9972,0.924194,0.262484
arm_a_l2,mid,292,Bacterial,33.5406,0.923707,0.22092
arm_a_l2,mid,293,Bacterial,35.702,0.938571,0.246145
arm_a_l2,mid,294,Bacterial,34.7277,0.93635,0.239277
arm_a_l2,mid,295,Bacterial,33.6978,0.931616,0.235525
arm_a_l2,mid,296,Bacterial,35.1321,0.938108,0.23956
arm_a_l2,mid,297,Bacterial,34.5161,0.935601,0.2531
arm_a_l2,mid,298,Bacterial,32.1408,0.907448,0.264659
arm_a_l2,mid,299,Bacterial,32.5482,0.91391,0.274195
arm_a_l2,mid,300,Bacterial,32.5244,0.917539,0.24503
arm_a_l2,mid,301,Bacterial,32.2109,0.916198,0.216555
arm_a_l2,mid,302,Bacterial,34.0937,0.926377,0.217051
arm_a_l2,mid,303,Bacterial,33.4732,0.93428,0.270469
arm_a_l2,mid,304,Bacterial,34.7049,0.927654,0.264114
arm_a_l2,mid,305,Bacterial,35.5839,0.933732,0.232324
arm_a_l2,mid,306,Bacterial,33.9271,0.929326,0.260118
arm_a_l2,mid,307,Bacterial,33.8159,0.930926,0.256639
arm_a_l2,mid,308,Bacterial,33.783,0.927298,0.247257
arm_a_l2,mid,309,Bacterial,34.1214,0.933925,0.218725
arm_a_l2,mid,310,Bacterial,32.5532,0.925217,0.199991
arm_a_l2,mid,311,Bacterial,33.6476,0.920203,0.250952
arm_a_l2,mid,312,Bacterial,32.904,0.928198,0.228826
arm_a_l2,mid,313,Bacterial,34.6967,0.924387,0.30551
arm_a_l2,mid,314,Bacterial,33.7984,0.919446,0.243124
arm_a_l2,mid,315,Bacterial,35.9914,0.945439,0.258876
arm_a_l2,mid,316,Bacterial,35.4918,0.935533,0.267241
arm_a_l2,mid,317,Bacterial,35.3664,0.934646,0.278628
arm_a_l2,mid,318,Bacterial,35.0354,0.937324,0.223955
arm_a_l2,mid,319,Bacterial,35.2213,0.932981,0.228295
arm_a_l2,mid,320,Bacterial,35.5823,0.931277,0.249127
arm_a_l2,mid,321,Bacterial,32.3881,0.92635,0.260363
arm_a_l2,mid,322,Bacterial,33.6462,0.927203,0.256121
arm_a_l2,mid,323,Bacterial,33.6718,0.933568,0.218667
arm_a_l2,mid,324,Bacterial,32.9065,0.929544,0.221758
arm_a_l2,mid,325,Bacterial,32.2531,0.924225,0.219475
arm_a_l2,mid,326,Bacterial,33.6313,0.927831,0.250708
arm_a_l2,mid,327,Bacterial,34.9251,0.938241,0.231266
arm_a_l2,mid,328,Bacterial,35.0704,0.938051,0.257689
arm_a_l2,mid,329,Bacterial,34.3262,0.937934,0.167496
arm_a_l2,mid,330,Bacterial,36.1439,0.932641,0.239998
arm_a_l2,mid,331,Bacterial,35.4507,0.944104,0.216221
arm_a_l2,mid,332,Bacterial,36.0715,0.943086,0.237541
arm_a_l2,mid,333,Bacterial,35.7374,0.943462,0.239851
arm_a_l2,mid,334,Bacterial,35.9168,0.944191,0.240569
arm_a_l2,mid,335,Bacterial,33.2309,0.922375,0.257693
arm_a_l2,mid,336,Bacterial,35.4984,0.938251,0.231066
arm_a_l2,mid,337,Bacterial,34.2981,0.926756,0.241368
arm_a_l2,mid,338,Bacterial,35.4982,0.933067,0.255376
arm_a_l2,mid,339,Bacterial,33.7072,0.929631,0.187925
arm_a_l2,mid,340,Bacterial,35.2464,0.931914,0.24085
arm_a_l2,mid,341,Bacterial,34.5635,0.935017,0.24885
arm_a_l2,mid,342,Bacterial,34.4533,0.932003,0.239289
arm_a_l2,mid,343,Bacterial,35.1461,0.932052,0.258419
arm_a_l2,mid,344,Bacterial,35.4322,0.939677,0.263036
arm_a_l2,mid,345,Bacterial,34.3041,0.92937,0.274416
arm_a_l2,mid,346,Bacterial,33.3093,0.924543,0.245245
arm_a_l2,mid,347,Bacterial,35.1127,0.93982,0.251404
arm_a_l2,mid,348,Bacterial,34.4153,0.924438,0.254162
arm_a_l2,mid,349,Bacterial,35.9267,0.940017,0.239171
arm_a_l2,mid,350,Bacterial,36.2117,0.941431,0.276445
arm_a_l2,mid,351,Bacterial,32.9878,0.926924,0.226225
arm_a_l2,mid,352,Bacterial,35.6936,0.942332,0.227888
arm_a_l2,mid,353,Bacterial,34.5174,0.938444,0.219295
arm_a_l2,mid,354,Bacterial,36.3107,0.939749,0.275621
arm_a_l2,mid,355,Bacterial,35.1451,0.934654,0.245186
arm_a_l2,mid,356,Bacterial,34.9284,0.933958,0.223913
arm_a_l2,mid,357,Bacterial,35.4108,0.932966,0.262032
arm_a_l2,mid,358,Bacterial,35.1461,0.928824,0.322351
arm_a_l2,mid,359,Bacterial,33.8397,0.929877,0.20553
arm_a_l2,mid,360,Bacterial,34.8319,0.932707,0.245475
arm_a_l2,mid,361,Bacterial,35.4564,0.936408,0.244367
arm_a_l2,mid,362,Bacterial,35.1895,0.940935,0.282311
arm_a_l2,mid,363,Bacterial,33.8864,0.944368,0.220021
arm_a_l2,mid,364,Bacterial,36.0494,0.941862,0.224953
arm_a_l2,mid,365,Bacterial,32.3705,0.925887,0.22424
arm_a_l2,mid,366,Bacterial,35.3911,0.938716,0.267848
arm_a_l2,mid,367,Bacterial,33.8283,0.931497,0.205381
arm_a_l2,mid,368,Bacterial,34.2838,0.924478,0.246066
arm_a_l2,mid,369,Bacterial,33.4299,0.927911,0.206972
arm_a_l2,mid,370,Bacterial,32.5736,0.927473,0.192781
arm_a_l2,mid,371,Bacterial,35.0124,0.937427,0.22402
arm_a_l2,mid,372,Bacterial,34.0189,0.920475,0.31528
arm_a_l2,mid,373,Bacterial,34.9895,0.933513,0.245015
arm_a_l2,mid,374,Bacterial,33.9406,0.929139,0.227658
arm_a_l2,mid,375,Bacterial,34.6621,0.933806,0.247824
arm_a_l2,mid,376,Bacterial,33.0525,0.928529,0.253371
arm_a_l2,mid,377,Bacterial,34.4333,0.931432,0.247175
arm_a_l2,mid,378,Bacterial,33.3976,0.922762,0.198414
arm_a_l2,mid,379,Bacterial,34.282,0.932274,0.253949
arm_a_l2,mid,380,Bacterial,35.1513,0.941728,0.244454
arm_a_l2,mid,381,Bacterial,32.4148,0.924179,0.20287
arm_a_l2,mid,382,Bacterial,34.1097,0.92664,0.237181
arm_a_l2,mid,383,Bacterial,32.7759,0.915037,0.226245
arm_a_l2,mid,384,Bacterial,32.2905,0.921485,0.193117
arm_a_l2,mid,385,Bacterial,32.187,0.921595,0.227652
arm_a_l2,mid,386,Bacterial,34.9546,0.942169,0.217406
arm_a_l2,mid,387,Bacterial,35.3322,0.946063,0.20336
arm_a_l2,mid,388,Bacterial,33.497,0.937873,0.163693
arm_a_l2,mid,389,Bacterial,32.2781,0.919254,0.238372
arm_a_l2,mid,390,Bacterial,34.4565,0.93087,0.22434
arm_a_l2,mid,391,Bacterial,32.696,0.915979,0.313832
arm_a_l2,mid,392,Bacterial,34.8578,0.934534,0.246851
arm_a_l2,mid,393,Bacterial,34.9305,0.93198,0.268354
arm_a_l2,mid,394,Bacterial,34.9902,0.939544,0.233221
arm_a_l2,mid,395,Bacterial,34.5468,0.933356,0.226015
arm_a_l2,mid,396,Bacterial,32.8257,0.91022,0.254599
arm_a_l2,mid,397,Bacterial,36.2422,0.931506,0.28016
arm_a_l2,mid,398,Bacterial,35.1526,0.925843,0.305086
arm_a_l2,mid,399,Bacterial,33.2581,0.927418,0.257556
arm_a_l2,mid,400,Bacterial,34.2155,0.929857,0.205075
arm_a_l2,mid,401,Bacterial,32.4159,0.914226,0.244083
arm_a_l2,mid,402,Bacterial,35.3452,0.932413,0.257065
arm_a_l2,mid,403,Bacterial,34.622,0.936708,0.230095
arm_a_l2,mid,404,Bacterial,34.2791,0.923307,0.24665
arm_a_l2,mid,405,Bacterial,33.4297,0.923867,0.272534
arm_a_l2,mid,406,Bacterial,36.5507,0.947362,0.209527
arm_a_l2,mid,407,Bacterial,33.8703,0.931871,0.24582
arm_a_l2,mid,408,Bacterial,34.3044,0.933238,0.224305
arm_a_l2,mid,409,Bacterial,33.3559,0.922224,0.223343
arm_a_l2,mid,410,Bacterial,32.3562,0.918697,0.230941
arm_a_l2,mid,411,Bacterial,33.9127,0.921171,0.259529
arm_a_l2,mid,412,Bacterial,34.934,0.929248,0.250711
arm_a_l2,mid,413,Bacterial,32.302,0.910564,0.218273
arm_a_l2,mid,414,Bacterial,35.6331,0.932052,0.259884
arm_a_l2,mid,415,Bacterial,34.4752,0.931098,0.270483
arm_a_l2,mid,416,Bacterial,36.4244,0.942787,0.244065
arm_a_l2,mid,417,Bacterial,34.7831,0.925849,0.235993
arm_a_l2,mid,418,Bacterial,35.6694,0.942656,0.21363
arm_a_l2,mid,419,Bacterial,34.56,0.938947,0.176215
arm_a_l2,mid,420,Bacterial,34.9462,0.943574,0.209258
arm_a_l2,mid,421,Bacterial,34.6686,0.939696,0.205062
arm_a_l2,mid,422,Bacterial,33.6767,0.923563,0.247026
arm_a_l2,mid,423,Bacterial,34.5833,0.938626,0.239594
arm_a_l2,mid,424,Bacterial,34.7319,0.938844,0.245323
arm_a_l2,mid,425,Bacterial,35.4493,0.936358,0.257564
arm_a_l2,mid,426,Bacterial,37.2522,0.942904,0.250774
arm_a_l2,mid,427,Bacterial,36.3257,0.929918,0.307305
arm_a_l2,mid,428,Bacterial,35.3581,0.933015,0.28847
arm_a_l2,mid,429,Bacterial,33.1333,0.928829,0.224824
arm_a_l2,mid,430,Bacterial,35.7951,0.941776,0.23164
arm_a_l2,mid,431,Bacterial,35.9443,0.927415,0.270094
arm_a_l2,mid,432,Bacterial,35.4378,0.938049,0.235268
arm_a_l2,mid,433,Bacterial,33.9385,0.922001,0.269415
arm_a_l2,mid,434,Bacterial,34.68,0.931825,0.232518
arm_a_l2,mid,435,Bacterial,33.841,0.932849,0.232079
arm_a_l2,mid,436,Bacterial,33.2652,0.930303,0.172176
arm_a_l2,mid,437,Bacterial,36.0817,0.936548,0.209674
arm_a_l2,mid,438,Bacterial,33.0314,0.916345,0.258631
arm_a_l2,mid,439,Bacterial,34.4555,0.926707,0.258888
arm_a_l2,mid,440,Bacterial,33.4651,0.927044,0.239559
arm_a_l2,mid,441,Bacterial,33.1842,0.925507,0.23045
arm_a_l2,mid,442,Bacterial,35.5392,0.938629,0.23175
arm_a_l2,mid,443,Bacterial,35.1398,0.936685,0.249157
arm_a_l2,mid,444,Bacterial,34.4521,0.933774,0.243284
arm_a_l2,mid,445,Bacterial,34.9964,0.930357,0.275018
arm_a_l2,mid,446,Bacterial,34.4238,0.928792,0.275452
arm_a_l2,mid,447,Bacterial,35.8402,0.927967,0.275008
arm_a_l2,mid,448,Bacterial,35.4775,0.938093,0.313074
arm_a_l2,mid,449,Bacterial,33.6283,0.923359,0.238287
arm_a_l2,mid,450,Bacterial,33.732,0.931622,0.247814
arm_a_l2,mid,451,Bacterial,32.5393,0.918885,0.205793
arm_a_l2,mid,452,Bacterial,33.5331,0.927694,0.250156
arm_a_l2,mid,453,Bacterial,35.5914,0.937934,0.236165
arm_a_l2,mid,454,Bacterial,33.739,0.934678,0.239073
arm_a_l2,mid,455,Bacterial,35.7949,0.939474,0.26186
arm_a_l2,mid,456,Bacterial,32.1491,0.915559,0.271985
arm_a_l2,mid,457,Bacterial,35.2529,0.932341,0.272948
arm_a_l2,mid,458,Bacterial,35.5281,0.941184,0.249895
arm_a_l2,mid,459,Bacterial,36.3316,0.941233,0.251463
arm_a_l2,mid,460,Bacterial,34.5514,0.935295,0.214238
arm_a_l2,mid,461,Bacterial,34.4453,0.936179,0.199096
arm_a_l2,mid,462,Bacterial,33.4719,0.928468,0.205702
arm_a_l2,mid,463,Bacterial,35.3972,0.931426,0.27379
arm_a_l2,mid,464,Bacterial,34.1951,0.92915,0.227448
arm_a_l2,mid,465,Bacterial,35.2976,0.936461,0.24913
arm_a_l2,mid,466,Bacterial,34.2922,0.927301,0.261818
arm_a_l2,mid,467,Bacterial,34.5379,0.923397,0.307177
arm_a_l2,mid,468,Bacterial,35.0548,0.941557,0.193705
arm_a_l2,mid,469,Bacterial,35.6676,0.928807,0.251802
arm_a_l2,mid,470,Bacterial,34.4822,0.92777,0.265113
arm_a_l2,mid,471,Bacterial,33.3376,0.922163,0.213064
arm_a_l2,mid,472,Bacterial,33.808,0.929744,0.197066
arm_a_l2,mid,473,Bacterial,31.7478,0.917546,0.273253
arm_a_l2,mid,474,Bacterial,33.3968,0.933317,0.240953
arm_a_l2,mid,475,Bacterial,32.2772,0.917218,0.226598
arm_a_l2,mid,476,Viral,33.8297,0.936816,0.241636
arm_a_l2,mid,477,Viral,34.2924,0.942976,0.205588
arm_a_l2,mid,478,Viral,34.1683,0.942354,0.218603
arm_a_l2,mid,479,Viral,34.7003,0.930599,0.22686
arm_a_l2,mid,480,Viral,35.8092,0.929128,0.304097
arm_a_l2,mid,481,Viral,34.0037,0.936479,0.259297
arm_a_l2,mid,482,Viral,32.7641,0.912395,0.236988
arm_a_l2,mid,483,Viral,34.5581,0.928901,0.255623
arm_a_l2,mid,484,Viral,33.9858,0.924557,0.29285
arm_a_l2,mid,485,Viral,34.247,0.93175,0.25615
arm_a_l2,mid,486,Viral,34.8694,0.922446,0.300398
arm_a_l2,mid,487,Viral,34.9613,0.934043,0.234976
arm_a_l2,mid,488,Viral,33.9583,0.938543,0.198145
arm_a_l2,mid,489,Viral,34.7675,0.938337,0.225832
arm_a_l2,mid,490,Viral,34.0907,0.925396,0.276423
arm_a_l2,mid,491,Viral,33.9962,0.933885,0.252438
arm_a_l2,mid,492,Viral,33.8892,0.934911,0.233273
arm_a_l2,mid,493,Viral,34.1794,0.935292,0.224335
arm_a_l2,mid,494,Viral,34.1214,0.933983,0.234524
arm_a_l2,mid,495,Viral,33.4418,0.932168,0.218313
arm_a_l2,mid,496,Viral,34.4778,0.92768,0.282549
arm_a_l2,mid,497,Viral,34.0414,0.940055,0.18587
arm_a_l2,mid,498,Viral,34.9811,0.940253,0.234812
arm_a_l2,mid,499,Viral,34.9959,0.928462,0.23288
arm_a_l2,mid,500,Viral,33.6541,0.923816,0.272449
arm_a_l2,mid,501,Viral,33.0708,0.928721,0.19146
arm_a_l2,mid,502,Viral,34.2597,0.938325,0.212243
arm_a_l2,mid,503,Viral,33.7289,0.937942,0.216775
arm_a_l2,mid,504,Viral,33.7897,0.933118,0.239235
arm_a_l2,mid,505,Viral,34.833,0.936663,0.211714
arm_a_l2,mid,506,Viral,33.8704,0.925494,0.245827
arm_a_l2,mid,507,Viral,32.6756,0.918808,0.241652
arm_a_l2,mid,508,Viral,35.4411,0.93464,0.273267
arm_a_l2,mid,509,Viral,33.5501,0.926812,0.223885
arm_a_l2,mid,510,Viral,31.596,0.922865,0.228106
arm_a_l2,mid,511,Viral,33.8932,0.938462,0.196689
arm_a_l2,mid,512,Viral,35.8817,0.940852,0.237529
arm_a_l2,mid,513,Viral,33.0208,0.929905,0.243616
arm_a_l2,mid,514,Viral,32.952,0.929034,0.198369
arm_a_l2,mid,515,Viral,34.507,0.93228,0.243653
arm_a_l2,mid,516,Viral,34.9095,0.934385,0.233276
arm_a_l2,mid,517,Viral,33.448,0.930725,0.237102
arm_a_l2,mid,518,Viral,32.9357,0.9248,0.194953
arm_a_l2,mid,519,Viral,35.3217,0.952973,0.178018
arm_a_l2,mid,520,Viral,34.8035,0.940306,0.235565
arm_a_l2,mid,521,Viral,34.4115,0.938823,0.194005
arm_a_l2,mid,522,Viral,34.9633,0.939946,0.213744
arm_a_l2,mid,523,Viral,35.4076,0.942965,0.256283
arm_a_l2,mid,524,Viral,35.3134,0.939633,0.276669
arm_a_l2,mid,525,Viral,35.3295,0.941579,0.222102
arm_a_l2,mid,526,Viral,34.6704,0.930849,0.282455
arm_a_l2,mid,527,Viral,34.3871,0.923247,0.304007
arm_a_l2,mid,528,Viral,34.2312,0.931546,0.240621
arm_a_l2,mid,529,Viral,32.3815,0.904318,0.27314
arm_a_l2,mid,530,Viral,34.5761,0.937862,0.234268
arm_a_l2,mid,531,Viral,34.3224,0.937061,0.206515
arm_a_l2,mid,532,Viral,34.122,0.93055,0.24634
arm_a_l2,mid,533,Viral,33.8439,0.932112,0.215865
arm_a_l2,mid,534,Viral,32.6032,0.929704,0.246574
arm_a_l2,mid,535,Viral,33.5796,0.932145,0.224914
arm_a_l2,mid,536,Viral,35.0355,0.924828,0.287113
arm_a_l2,mid,537,Viral,33.5801,0.924684,0.305397
arm_a_l2,mid,538,Viral,35.3332,0.932639,0.305627
arm_a_l2,mid,539,Viral,34.2469,0.938351,0.179173
arm_a_l2,mid,540,Viral,34.619,0.937036,0.214245
arm_a_l2,mid,541,Viral,33.866,0.935059,0.214782
arm_a_l2,mid,542,Viral,35.2582,0.942386,0.211897
arm_a_l2,mid,543,Viral,36.0666,0.935479,0.271603
arm_a_l2,mid,544,Viral,33.1981,0.92889,0.215061
arm_a_l2,mid,545,Viral,33.2917,0.930288,0.226411
arm_a_l2,mid,546,Viral,35.1476,0.932716,0.255128
arm_a_l2,mid,547,Viral,35.0016,0.931743,0.26421
arm_a_l2,mid,548,Viral,33.2998,0.926716,0.236207
arm_a_l2,mid,549,Viral,36.2643,0.932527,0.295455
arm_a_l2,mid,550,Viral,36.273,0.931094,0.296251
arm_a_l2,mid,551,Viral,33.9331,0.928492,0.24831
arm_a_l2,mid,552,Viral,34.9863,0.939897,0.253115
arm_a_l2,mid,553,Viral,35.2773,0.936663,0.224177
arm_a_l2,mid,554,Viral,33.7998,0.93166,0.246047
arm_a_l2,mid,555,Viral,33.5648,0.938229,0.209941
arm_a_l2,mid,556,Viral,34.4226,0.935821,0.207737
arm_a_l2,mid,557,Viral,34.9716,0.92786,0.236321
arm_a_l2,mid,558,Viral,34.2581,0.936388,0.220547
arm_a_l2,mid,559,Viral,35.125,0.928295,0.304038
arm_a_l2,mid,560,Viral,35.2066,0.938147,0.238933
arm_a_l2,mid,561,Viral,34.2351,0.935201,0.202297
arm_a_l2,mid,562,Viral,34.595,0.939605,0.209964
arm_a_l2,mid,563,Viral,34.4401,0.937837,0.209911
arm_a_l2,mid,564,Viral,34.6096,0.940991,0.228041
arm_a_l2,mid,565,Viral,35.0975,0.933965,0.262226
arm_a_l2,mid,566,Viral,33.8419,0.937138,0.22752
arm_a_l2,mid,567,Viral,34.2149,0.941884,0.214256
arm_a_l2,mid,568,Viral,33.8879,0.932588,0.223861
arm_a_l2,mid,569,Viral,33.9191,0.926212,0.288311
arm_a_l2,mid,570,Viral,33.6593,0.936839,0.200955
arm_a_l2,mid,571,Viral,34.738,0.93658,0.212395
arm_a_l2,mid,572,Viral,33.5583,0.925728,0.257062
arm_a_l2,mid,573,Viral,34.3808,0.937163,0.200706
arm_a_l2,mid,574,Viral,35.6753,0.945931,0.273509
arm_a_l2,mid,575,Viral,34.9948,0.941929,0.203699
arm_a_l2,mid,576,Viral,34.1536,0.935276,0.228671
arm_a_l2,mid,577,Viral,33.5033,0.933858,0.247234
arm_a_l2,mid,578,Viral,35.6077,0.946004,0.203587
arm_a_l2,mid,579,Viral,33.786,0.935765,0.191964
arm_a_l2,mid,580,Viral,34.1635,0.942007,0.20681
arm_a_l2,mid,581,Viral,34.0651,0.940022,0.189769
arm_a_l2,mid,582,Viral,33.9643,0.927677,0.242056
arm_a_l2,mid,583,Viral,34.4641,0.930518,0.234596
arm_a_l2,mid,584,Viral,35.3428,0.93226,0.273733
arm_a_l2,mid,585,Viral,35.3247,0.943446,0.229752
arm_a_l2,mid,586,Viral,34.4311,0.922256,0.268478
arm_a_l2,mid,587,Viral,35.1813,0.925364,0.233893
arm_a_l2,mid,588,Viral,33.6955,0.926064,0.251522
arm_a_l2,mid,589,Viral,31.2927,0.915998,0.197221
arm_a_l2,mid,590,Viral,33.8801,0.932114,0.233326
arm_a_l2,mid,591,Viral,33.507,0.93625,0.202463
arm_a_l2,mid,592,Viral,33.9339,0.938521,0.181298
arm_a_l2,mid,593,Viral,35.5827,0.925048,0.205942
arm_a_l2,mid,594,Viral,35.4873,0.942343,0.227689
arm_a_l2,mid,595,Viral,35.1204,0.935252,0.227847
arm_a_l2,mid,596,Viral,34.5709,0.93265,0.30255
arm_a_l2,mid,597,Viral,34.2473,0.936451,0.248486
arm_a_l2,mid,598,Viral,33.0215,0.929935,0.254205
arm_a_l2,mid,599,Viral,33.4576,0.933537,0.197812
arm_a_l2,mid,600,Viral,34.3084,0.932126,0.236015
arm_a_l2,mid,601,Viral,35.014,0.941602,0.229585
arm_a_l2,mid,602,Viral,33.7426,0.935329,0.223486
arm_a_l2,mid,603,Viral,33.9199,0.937933,0.223465
arm_a_l2,mid,604,Viral,34.2914,0.94062,0.199112
arm_a_l2,mid,605,Viral,35.049,0.936397,0.234217
arm_a_l2,mid,606,Viral,34.7677,0.93737,0.248805
arm_a_l2,mid,607,Viral,34.9644,0.942121,0.221374
arm_a_l2,mid,608,Viral,35.2687,0.93611,0.255259
arm_a_l2,mid,609,Viral,35.3205,0.941462,0.23831
arm_a_l2,mid,610,Viral,35.6238,0.93976,0.237586
arm_a_l2,mid,611,Viral,33.5042,0.934641,0.208666
arm_a_l2,mid,612,Viral,33.3385,0.932236,0.214185
arm_a_l2,mid,613,Viral,34.2816,0.938809,0.22188
arm_a_l2,mid,614,Viral,34.8854,0.937125,0.26179
arm_a_l2,mid,615,Viral,35.1498,0.932901,0.23829
arm_a_l2,mid,616,Viral,35.1881,0.938102,0.223035
arm_a_l2,mid,617,Viral,34.4199,0.9353,0.251036
arm_a_l2,mid,618,Viral,33.8274,0.931978,0.230653
arm_a_l2,mid,619,Viral,33.9903,0.933127,0.224905
arm_a_l2,mid,620,Viral,34.0718,0.938409,0.210215
arm_a_l2,mid,621,Viral,36.5126,0.942414,0.291997
arm_a_l2,mid,622,Viral,34.4675,0.936043,0.22898
arm_a_l2,mid,623,Viral,34.5179,0.93634,0.22704
arm_b_nll,mid,0,Normal,32.5856,0.920458,0.224795
arm_b_nll,mid,1,Normal,31.2212,0.897376,0.266964
arm_b_nll,mid,2,Normal,32.1942,0.916163,0.226035
arm_b_nll,mid,3,Normal,32.8792,0.930771,0.215904
arm_b_nll,mid,4,Normal,31.963,0.892967,0.296937
arm_b_nll,mid,5,Normal,33.2343,0.927097,0.232017
arm_b_nll,mid,6,Normal,32.6484,0.917566,0.260409
arm_b_nll,mid,7,Normal,33.2621,0.928296,0.256907
arm_b_nll,mid,8,Normal,31.3672,0.920505,0.226877
arm_b_nll,mid,9,Normal,31.5539,0.911723,0.263755
arm_b_nll,mid,10,Normal,32.3346,0.927423,0.196415
arm_b_nll,mid,11,Normal,32.1918,0.912597,0.262778
arm_b_nll,mid,12,Normal,32.6025,0.904209,0.266828
arm_b_nll,mid,13,Normal,33.7341,0.924914,0.241162
arm_b_nll,mid,14,Normal,33.3491,0.945382,0.164186
arm_b_nll,mid,15,Normal,31.6577,0.900219,0.292457
arm_b_nll,mid,16,Normal,33.1089,0.920505,0.275895
arm_b_nll,mid,17,Normal,32.6451,0.910309,0.241892
arm_b_nll,mid,18,Normal,32.3694,0.915323,0.210121
arm_b_nll,mid,19,Normal,32.9739,0.923777,0.239257
arm_b_nll,mid,20,Normal,34.0579,0.935657,0.205836
arm_b_nll,mid,21,Normal,32.7525,0.921028,0.231392
arm_b_nll,mid,22,Normal,33.2033,0.92184,0.235064
arm_b_nll,mid,23,Normal,31.4049,0.88388,0.349913
arm_b_nll,mid,24,Normal,32.1612,0.912456,0.251408
arm_b_nll,mid,25,Normal,32.7939,0.922948,0.218922
arm_b_nll,mid,26,Normal,31.1043,0.907282,0.22844
arm_b_nll,mid,27,Normal,31.2654,0.902392,0.247746
arm_b_nll,mid,28,Normal,33.0601,0.924689,0.247679
arm_b_nll,mid,29,Normal,32.3757,0.912998,0.289228
arm_b_nll,mid,30,Normal,31.4899,0.8981,0.269052
arm_b_nll,mid,31,Normal,32.3661,0.918037,0.226226
arm_b_nll,mid,32,Normal,31.3693,0.908751,0.247361
arm_b_nll,mid,33,Normal,30.8388,0.894631,0.277924
arm_b_nll,mid,34,Normal,30.8415,0.907592,0.233483
arm_b_nll,mid,35,Normal,32.4761,0.91927,0.22671
arm_b_nll,mid,36,Normal,33.2085,0.934698,0.192378
arm_b_nll,mid,37,Normal,33.4816,0.926629,0.29563
arm_b_nll,mid,38,Normal,31.943,0.919403,0.219354
arm_b_nll,mid,39,Normal,30.5571,0.898565,0.247007
arm_b_nll,mid,40,Normal,32.2721,0.915801,0.249564
arm_b_nll,mid,41,Normal,32.8763,0.91731,0.2682
arm_b_nll,mid,42,Normal,30.4818,0.900835,0.259143
arm_b_nll,mid,43,Normal,32.1637,0.908137,0.2228
arm_b_nll,mid,44,Normal,32.2069,0.905216,0.229711
arm_b_nll,mid,45,Normal,31.6905,0.913747,0.244368
arm_b_nll,mid,46,Normal,34.2278,0.914127,0.276744
arm_b_nll,mid,47,Normal,31.2247,0.909519,0.206864
arm_b_nll,mid,48,Normal,31.5954,0.913727,0.240644
arm_b_nll,mid,49,Normal,31.9136,0.910785,0.23266
arm_b_nll,mid,50,Normal,31.7987,0.915897,0.26325
arm_b_nll,mid,51,Normal,32.7731,0.918017,0.240582
arm_b_nll,mid,52,Normal,32.3742,0.906744,0.261235
arm_b_nll,mid,53,Normal,32.1117,0.920818,0.200835
arm_b_nll,mid,54,Normal,32.4236,0.917835,0.251196
arm_b_nll,mid,55,Normal,33.393,0.920497,0.22686
arm_b_nll,mid,56,Normal,33.8134,0.931998,0.259405
arm_b_nll,mid,57,Normal,31.7606,0.897097,0.26641
arm_b_nll,mid,58,Normal,31.7965,0.918359,0.242809
arm_b_nll,mid,59,Normal,32.3788,0.918464,0.24013
arm_b_nll,mid,60,Normal,33.0605,0.922156,0.255261
arm_b_nll,mid,61,Normal,32.9735,0.928371,0.202376
arm_b_nll,mid,62,Normal,32.2898,0.90985,0.275729
arm_b_nll,mid,63,Normal,31.8959,0.919031,0.224388
arm_b_nll,mid,64,Normal,32.6401,0.912462,0.239224
arm_b_nll,mid,65,Normal,30.7562,0.913403,0.229089
arm_b_nll,mid,66,Normal,30.9195,0.900759,0.265108
arm_b_nll,mid,67,Normal,30.7876,0.903681,0.259628
arm_b_nll,mid,68,Normal,30.6691,0.897064,0.264496
arm_b_nll,mid,69,Normal,31.8809,0.903937,0.268604
arm_b_nll,mid,70,Normal,33.5398,0.929278,0.246347
arm_b_nll,mid,71,Normal,33.6892,0.917902,0.265484
arm_b_nll,mid,72,Normal,33.1612,0.926699,0.247664
arm_b_nll,mid,73,Normal,33.5945,0.926655,0.235979
arm_b_nll,mid,74,Normal,32.8633,0.909489,0.322909
arm_b_nll,mid,75,Normal,31.6068,0.909191,0.263227
arm_b_nll,mid,76,Normal,31.3943,0.899661,0.265477
arm_b_nll,mid,77,Normal,32.0541,0.920761,0.196413
arm_b_nll,mid,78,Normal,33.2342,0.922568,0.26798
arm_b_nll,mid,79,Normal,32.1862,0.924595,0.218395
arm_b_nll,mid,80,Normal,33.4193,0.915751,0.275616
arm_b_nll,mid,81,Normal,32.8073,0.921345,0.238882
arm_b_nll,mid,82,Normal,31.0491,0.905972,0.260262
arm_b_nll,mid,83,Normal,31.7091,0.912634,0.236211
arm_b_nll,mid,84,Normal,31.994,0.922056,0.228224
arm_b_nll,mid,85,Normal,34.3654,0.929028,0.257912
arm_b_nll,mid,86,Normal,32.5746,0.920412,0.216235
arm_b_nll,mid,87,Normal,32.8313,0.919974,0.22675
arm_b_nll,mid,88,Normal,31.524,0.920727,0.233116
arm_b_nll,mid,89,Normal,32.7412,0.9152,0.262152
arm_b_nll,mid,90,Normal,32.2428,0.921023,0.217788
arm_b_nll,mid,91,Normal,31.5603,0.908713,0.225082
arm_b_nll,mid,92,Normal,33.7284,0.935294,0.228302
arm_b_nll,mid,93,Normal,31.693,0.907913,0.269781
arm_b_nll,mid,94,Normal,32.8377,0.922664,0.239022
arm_b_nll,mid,95,Normal,31.3491,0.899953,0.253918
arm_b_nll,mid,96,Normal,32.2755,0.917147,0.230736
arm_b_nll,mid,97,Normal,31.0778,0.908615,0.255679
arm_b_nll,mid,98,Normal,31.8031,0.917541,0.216341
arm_b_nll,mid,99,Normal,32.6198,0.927541,0.241884
arm_b_nll,mid,100,Normal,32.9111,0.919479,0.246448
arm_b_nll,mid,101,Normal,31.3334,0.911213,0.247133
arm_b_nll,mid,102,Normal,32.7585,0.913329,0.197518
arm_b_nll,mid,103,Normal,32.7471,0.913383,0.246087
arm_b_nll,mid,104,Normal,31.6908,0.913517,0.213523
arm_b_nll,mid,105,Normal,32.1671,0.927105,0.211886
arm_b_nll,mid,106,Normal,32.8669,0.921752,0.217517
arm_b_nll,mid,107,Normal,32.1991,0.915966,0.236614
arm_b_nll,mid,108,Normal,31.16,0.888911,0.286429
arm_b_nll,mid,109,Normal,31.777,0.903595,0.263964
arm_b_nll,mid,110,Normal,32.2256,0.911517,0.247513
arm_b_nll,mid,111,Normal,33.2986,0.90737,0.236155
arm_b_nll,mid,112,Normal,30.5003,0.903234,0.251502
arm_b_nll,mid,113,Normal,31.1754,0.892838,0.268049
arm_b_nll,mid,114,Normal,32.0898,0.897185,0.269143
arm_b_nll,mid,115,Normal,31.9834,0.918799,0.228664
arm_b_nll,mid,116,Normal,31.2857,0.909575,0.209209
arm_b_nll,mid,117,Normal,32.1916,0.922993,0.22026
arm_b_nll,mid,118,Normal,32.3255,0.915514,0.227384
arm_b_nll,mid,119,Normal,34.0059,0.93678,0.229881
arm_b_nll,mid,120,Normal,32.5128,0.934174,0.181657
arm_b_nll,mid,121,Normal,32.738,0.921715,0.214127
arm_b_nll,mid,122,Normal,33.0684,0.932815,0.212633
arm_b_nll,mid,123,Normal,33.0396,0.921905,0.217685
arm_b_nll,mid,124,Normal,32.407,0.911703,0.250767
arm_b_nll,mid,125,Normal,31.5163,0.908276,0.253154
arm_b_nll,mid,126,Normal,32.8884,0.919088,0.276093
arm_b_nll,mid,127,Normal,31.1717,0.888731,0.297197
arm_b_nll,mid,128,Normal,31.4899,0.910258,0.236906
arm_b_nll,mid,129,Normal,32.5036,0.923132,0.208735
arm_b_nll,mid,130,Normal,31.9847,0.920003,0.218781
arm_b_nll,mid,131,Normal,31.9506,0.918662,0.230507
arm_b_nll,mid,132,Normal,31.6362,0.917669,0.240495
arm_b_nll,mid,133,Normal,31.9834,0.918067,0.237937
arm_b_nll,mid,134,Normal,33.3628,0.924569,0.254447
arm_b_nll,mid,135,Normal,32.8772,0.919984,0.210537
arm_b_nll,mid,136,Normal,31.9067,0.92032,0.21817
arm_b_nll,mid,137,Normal,31.745,0.917568,0.208792
arm_b_nll,mid,138,Normal,32.694,0.921813,0.223635
arm_b_nll,mid,139,Normal,31.1054,0.905702,0.245681
arm_b_nll,mid,140,Normal,31.5054,0.903559,0.249461
arm_b_nll,mid,141,Normal,32.5372,0.914632,0.276256
arm_b_nll,mid,142,Normal,30.9513,0.896746,0.269185
arm_b_nll,mid,143,Normal,33.2541,0.925868,0.230129
arm_b_nll,mid,144,Normal,32.1911,0.925249,0.234486
arm_b_nll,mid,145,Normal,31.4861,0.920352,0.198403
arm_b_nll,mid,146,Normal,31.1974,0.90548,0.253804
arm_b_nll,mid,147,Normal,31.4834,0.900039,0.276562
arm_b_nll,mid,148,Normal,32.6562,0.922615,0.230455
arm_b_nll,mid,149,Normal,31.7837,0.919723,0.22084
arm_b_nll,mid,150,Normal,31.9564,0.901535,0.287735
arm_b_nll,mid,151,Normal,31.2866,0.892677,0.301388
arm_b_nll,mid,152,Normal,30.8746,0.884389,0.271192
arm_b_nll,mid,153,Normal,32.6067,0.921491,0.250561
arm_b_nll,mid,154,Normal,33.5643,0.921706,0.27738
arm_b_nll,mid,155,Normal,31.5858,0.902787,0.2307
arm_b_nll,mid,156,Normal,31.4852,0.900875,0.260067
arm_b_nll,mid,157,Normal,32.788,0.923882,0.193535
arm_b_nll,mid,158,Normal,32.0671,0.921782,0.223596
arm_b_nll,mid,159,Normal,33.1101,0.925123,0.254012
arm_b_nll,mid,160,Normal,33.5635,0.923921,0.282017
arm_b_nll,mid,161,Normal,32.8916,0.918112,0.235912
arm_b_nll,mid,162,Normal,32.6988,0.919573,0.209306
arm_b_nll,mid,163,Normal,32.9995,0.913473,0.238696
arm_b_nll,mid,164,Normal,34.0422,0.93349,0.293394
arm_b_nll,mid,165,Normal,33.901,0.911542,0.338937
arm_b_nll,mid,166,Normal,33.7046,0.923284,0.212637
arm_b_nll,mid,167,Normal,31.8492,0.89598,0.323174
arm_b_nll,mid,168,Normal,32.0123,0.923006,0.21052
arm_b_nll,mid,169,Normal,29.8126,0.896837,0.235224
arm_b_nll,mid,170,Normal,31.8069,0.900171,0.28442
arm_b_nll,mid,171,Normal,32.0616,0.912188,0.259629
arm_b_nll,mid,172,Normal,32.3609,0.908457,0.254346
arm_b_nll,mid,173,Normal,31.6961,0.895647,0.285477
arm_b_nll,mid,174,Normal,33.3024,0.920778,0.252574
arm_b_nll,mid,175,Normal,32.6841,0.917098,0.251365
arm_b_nll,mid,176,Normal,32.745,0.929076,0.222743
arm_b_nll,mid,177,Normal,31.2831,0.894998,0.262604
arm_b_nll,mid,178,Normal,31.9638,0.906126,0.285325
arm_b_nll,mid,179,Normal,31.1227,0.880731,0.310458
arm_b_nll,mid,180,Normal,30.2505,0.897344,0.257652
arm_b_nll,mid,181,Normal,32.8458,0.92151,0.242744
arm_b_nll,mid,182,Normal,33.3116,0.914868,0.247436
arm_b_nll,mid,183,Normal,32.1982,0.915934,0.240206
arm_b_nll,mid,184,Normal,32.3307,0.918555,0.238977
arm_b_nll,mid,185,Normal,32.9329,0.917361,0.226862
arm_b_nll,mid,186,Normal,31.3343,0.9051,0.269062
arm_b_nll,mid,187,Normal,33.0855,0.926034,0.247102
arm_b_nll,mid,188,Normal,33.1091,0.911603,0.263173
arm_b_nll,mid,189,Normal,32.6635,0.908197,0.261171
arm_b_nll,mid,190,Normal,30.9739,0.898476,0.26048
arm_b_nll,mid,191,Normal,32.9477,0.921381,0.224421
arm_b_nll,mid,192,Normal,34.2933,0.924766,0.290569
arm_b_nll,mid,193,Normal,31.6075,0.916273,0.219788
arm_b_nll,mid,194,Normal,31.8242,0.909997,0.249022
arm_b_nll,mid,195,Normal,31.9874,0.914506,0.23186
arm_b_nll,mid,196,Normal,32.4186,0.909434,0.247098
arm_b_nll,mid,197,Normal,32.5541,0.918675,0.228
arm_b_nll,mid,198,Normal,33.3195,0.922895,0.265856
arm_b_nll,mid,199,Normal,31.3868,0.904769,0.234661
arm_b_nll,mid,200,Normal,32.0848,0.914516,0.241085
arm_b_nll,mid,201,Normal,32.3717,0.918001,0.244985
arm_b_nll,mid,202,Normal,32.0137,0.914971,0.268467
arm_b_nll,mid,203,Normal,32.2414,0.921513,0.224046
arm_b_nll,mid,204,Normal,31.6436,0.917451,0.224489
arm_b_nll,mid,205,Normal,33.3123,0.916977,0.24997
arm_b_nll,mid,206,Normal,33.5968,0.927286,0.226854
arm_b_nll,mid,207,Normal,32.9492,0.910896,0.234653
arm_b_nll,mid,208,Normal,31.9665,0.916613,0.240238
arm_b_nll,mid,209,Normal,31.463,0.918276,0.235493
arm_b_nll,mid,210,Normal,31.6386,0.895883,0.306634
arm_b_nll,mid,211,Normal,32.6233,0.923558,0.205224
arm_b_nll,mid,212,Normal,33.1469,0.92696,0.243756
arm_b_nll,mid,213,Normal,32.9585,0.922539,0.251434
arm_b_nll,mid,214,Normal,32.1043,0.911095,0.243061
arm_b_nll,mid,215,Normal,31.9276,0.889378,0.307796
arm_b_nll,mid,216,Normal,31.6511,0.914051,0.242118
arm_b_nll,mid,217,Normal,33.3278,0.914492,0.312404
arm_b_nll,mid,218,Normal,31.6632,0.897102,0.273892
arm_b_nll,mid,219,Normal,32.2455,0.917712,0.233463
arm_b_nll,mid,220,Normal,34.0438,0.920357,0.279534
arm_b_nll,mid,221,Normal,32.7665,0.925373,0.201774
arm_b_nll,mid,222,Normal,32.1145,0.913963,0.218558
arm_b_nll,mid,223,Normal,31.7248,0.908886,0.274815
arm_b_nll,mid,224,Normal,32.9838,0.928595,0.196457
arm_b_nll,mid,225,Normal,30.8558,0.877505,0.306591
arm_b_nll,mid,226,Normal,33.1756,0.922451,0.241136
arm_b_nll,mid,227,Normal,31.5916,0.917281,0.232278
arm_b_nll,mid,228,Normal,33.7223,0.922336,0.221679
arm_b_nll,mid,229,Normal,32.0947,0.921155,0.218157
arm_b_nll,mid,230,Normal,31.9249,0.915967,0.253435
arm_b_nll,mid,231,Normal,31.861,0.903403,0.267275
arm_b_nll,mid,232,Normal,33.4119,0.92522,0.233221
arm_b_nll,mid,233,Normal,32.7186,0.917382,0.254281
arm_b_nll,mid,234,Bacterial,33.9908,0.917945,0.325036
arm_b_nll,mid,235,Bacterial,32.0578,0.907701,0.309467
arm_b_nll,mid,236,Bacterial,34.1137,0.922243,0.286632
arm_b_nll,mid,237,Bacterial,33.8217,0.916453,0.307034
arm_b_nll,mid,238,Bacterial,34.4454,0.91508,0.34229
arm_b_nll,mid,239,Bacterial,33.5949,0.923508,0.283721
arm_b_nll,mid,240,Bacterial,33.9286,0.913063,0.310837
arm_b_nll,mid,241,Bacterial,32.7459,0.906317,0.344644
arm_b_nll,mid,242,Bacterial,34.1132,0.915975,0.307387
arm_b_nll,mid,243,Bacterial,32.8892,0.903117,0.334482
arm_b_nll,mid,244,Bacterial,31.7571,0.900448,0.243658
arm_b_nll,mid,245,Bacterial,32.7881,0.92317,0.239946
arm_b_nll,mid,246,Bacterial,33.381,0.929272,0.274409
arm_b_nll,mid,247,Bacterial,32.8642,0.922667,0.279759
arm_b_nll,mid,248,Bacterial,34.4436,0.921245,0.273715
arm_b_nll,mid,249,Bacterial,34.7246,0.921439,0.327692
arm_b_nll,mid,250,Bacterial,34.1005,0.904748,0.328851
arm_b_nll,mid,251,Bacterial,32.092,0.910784,0.234796
arm_b_nll,mid,252,Bacterial,34.5644,0.91118,0.328229
arm_b_nll,mid,253,Bacterial,33.3967,0.919516,0.323562
arm_b_nll,mid,254,Bacterial,32.5277,0.906064,0.256045
arm_b_nll,mid,255,Bacterial,32.979,0.913356,0.28057
arm_b_nll,mid,256,Bacterial,32.2405,0.904006,0.294285
arm_b_nll,mid,257,Bacterial,33.5086,0.918482,0.305331
arm_b_nll,mid,258,Bacterial,33.4584,0.899155,0.349648
arm_b_nll,mid,259,Bacterial,33.6966,0.916551,0.318275
arm_b_nll,mid,260,Bacterial,33.7761,0.924006,0.304715
arm_b_nll,mid,261,Bacterial,31.7782,0.909054,0.222687
arm_b_nll,mid,262,Bacterial,35.0627,0.921251,0.301758
arm_b_nll,mid,263,Bacterial,34.7138,0.925415,0.305252
arm_b_nll,mid,264,Bacterial,34.5158,0.91679,0.299548
arm_b_nll,mid,265,Bacterial,34.7211,0.92336,0.322256
arm_b_nll,mid,266,Bacterial,34.3025,0.916358,0.301196
arm_b_nll,mid,267,Bacterial,33.0038,0.90471,0.301976
arm_b_nll,mid,268,Bacterial,34.118,0.911014,0.332575
arm_b_nll,mid,269,Bacterial,33.8816,0.923869,0.295154
arm_b_nll,mid,270,Bacterial,34.6475,0.935017,0.270678
arm_b_nll,mid,271,Bacterial,33.8965,0.923893,0.243448
arm_b_nll,mid,272,Bacterial,34.5199,0.927821,0.318647
arm_b_nll,mid,273,Bacterial,34.2888,0.920009,0.304491
arm_b_nll,mid,274,Bacterial,32.7709,0.90942,0.273313
arm_b_nll,mid,275,Bacterial,32.0607,0.90528,0.309776
arm_b_nll,mid,276,Bacterial,31.4576,0.904292,0.225243
arm_b_nll,mid,277,Bacterial,33.1073,0.903286,0.317475
arm_b_nll,mid,278,Bacterial,33.3842,0.908696,0.32029
arm_b_nll,mid,279,Bacterial,33.4254,0.915208,0.286816
arm_b_nll,mid,280,Bacterial,34.2541,0.91552,0.28443
arm_b_nll,mid,281,Bacterial,33.3929,0.896662,0.328139
arm_b_nll,mid,282,Bacterial,32.5157,0.903246,0.317102
arm_b_nll,mid,283,Bacterial,33.6949,0.911407,0.314937
arm_b_nll,mid,284,Bacterial,31.8059,0.900542,0.359594
arm_b_nll,mid,285,Bacterial,34.5432,0.91292,0.342538
arm_b_nll,mid,286,Bacterial,32.7638,0.919682,0.29965
arm_b_nll,mid,287,Bacterial,32.6471,0.91036,0.307102
arm_b_nll,mid,288,Bacterial,34.2954,0.920254,0.289596
arm_b_nll,mid,289,Bacterial,33.1364,0.905667,0.289692
arm_b_nll,mid,290,Bacterial,34.4884,0.921541,0.309757
arm_b_nll,mid,291,Bacterial,33.2603,0.910926,0.312923
arm_b_nll,mid,292,Bacterial,32.7894,0.91088,0.252432
arm_b_nll,mid,293,Bacterial,34.5863,0.923995,0.288052
arm_b_nll,mid,294,Bacterial,33.6396,0.921266,0.288645
arm_b_nll,mid,295,Bacterial,32.5884,0.915475,0.274546
arm_b_nll,mid,296,Bacterial,34.0417,0.921634,0.289625
arm_b_nll,mid,297,Bacterial,33.2567,0.92069,0.289313
arm_b_nll,mid,298,Bacterial,31.3949,0.893311,0.311965
arm_b_nll,mid,299,Bacterial,31.9393,0.904489,0.313655
arm_b_nll,mid,300,Bacterial,31.69,0.906405,0.288961
arm_b_nll,mid,301,Bacterial,31.5311,0.89984,0.24602
arm_b_nll,mid,302,Bacterial,32.932,0.911937,0.258278
arm_b_nll,mid,303,Bacterial,32.4444,0.919736,0.318348
arm_b_nll,mid,304,Bacterial,33.6262,0.914785,0.316558
arm_b_nll,mid,305,Bacterial,34.4526,0.918619,0.29353
arm_b_nll,mid,306,Bacterial,32.9683,0.916193,0.313272
arm_b_nll,mid,307,Bacterial,32.9891,0.91867,0.303931
arm_b_nll,mid,308,Bacterial,32.7962,0.91151,0.272658
arm_b_nll,mid,309,Bacterial,33.0617,0.915952,0.27163
arm_b_nll,mid,310,Bacterial,31.5214,0.906787,0.237191
arm_b_nll,mid,311,Bacterial,32.8925,0.909842,0.295558
arm_b_nll,mid,312,Bacterial,31.974,0.914872,0.269002
arm_b_nll,mid,313,Bacterial,33.7441,0.908596,0.343425
arm_b_nll,mid,314,Bacterial,32.6701,0.903067,0.260255
arm_b_nll,mid,315,Bacterial,34.9224,0.932242,0.322055
arm_b_nll,mid,316,Bacterial,34.3077,0.921002,0.325809
arm_b_nll,mid,317,Bacterial,34.2466,0.916564,0.358897
arm_b_nll,mid,318,Bacterial,33.863,0.919796,0.296831
arm_b_nll,mid,319,Bacterial,33.7051,0.907451,0.301322
arm_b_nll,mid,320,Bacterial,34.2658,0.909736,0.336046
arm_b_nll,mid,321,Bacterial,31.4434,0.913458,0.289994
arm_b_nll,mid,322,Bacterial,32.6684,0.912489,0.302503
arm_b_nll,mid,323,Bacterial,32.6886,0.920429,0.256377
arm_b_nll,mid,324,Bacterial,31.8133,0.91664,0.262839
arm_b_nll,mid,325,Bacterial,31.6343,0.91392,0.251085
arm_b_nll,mid,326,Bacterial,32.862,0.917552,0.29135
arm_b_nll,mid,327,Bacterial,33.8176,0.923805,0.27904
arm_b_nll,mid,328,Bacterial,34.0041,0.924872,0.298026
arm_b_nll,mid,329,Bacterial,33.4361,0.926218,0.190115
arm_b_nll,mid,330,Bacterial,34.826,0.914522,0.317968
arm_b_nll,mid,331,Bacterial,33.9146,0.927599,0.274533
arm_b_nll,mid,332,Bacterial,34.836,0.925046,0.298624
arm_b_nll,mid,333,Bacterial,34.6332,0.928126,0.289572
arm_b_nll,mid,334,Bacterial,34.826,0.930448,0.286437
arm_b_nll,mid,335,Bacterial,32.4182,0.908732,0.274927
arm_b_nll,mid,336,Bacterial,34.4623,0.923416,0.285298
arm_b_nll,mid,337,Bacterial,33.431,0.912345,0.298077
arm_b_nll,mid,338,Bacterial,34.1817,0.915592,0.31643
arm_b_nll,mid,339,Bacterial,32.5927,0.911541,0.230764
arm_b_nll,mid,340,Bacterial,34.3434,0.918533,0.292109
arm_b_nll,mid,341,Bacterial,33.3334,0.921012,0.295176
arm_b_nll,mid,342,Bacterial,33.2195,0.917119,0.297816
arm_b_nll,mid,343,Bacterial,33.8486,0.914158,0.328495
arm_b_nll,mid,344,Bacterial,34.5502,0.925638,0.308848
arm_b_nll,mid,345,Bacterial,33.0814,0.914681,0.337844
arm_b_nll,mid,346,Bacterial,32.2793,0.905543,0.304926
arm_b_nll,mid,347,Bacterial,33.974,0.922569,0.31519
arm_b_nll,mid,348,Bacterial,33.4981,0.909734,0.316907
arm_b_nll,mid,349,Bacterial,34.8699,0.925948,0.304045
arm_b_nll,mid,350,Bacterial,35.1375,0.926302,0.330753
arm_b_nll,mid,351,Bacterial,32.104,0.913362,0.252875
arm_b_nll,mid,352,Bacterial,34.3015,0.923902,0.283535
arm_b_nll,mid,353,Bacterial,33.6509,0.925165,0.280445
arm_b_nll,mid,354,Bacterial,34.8402,0.915794,0.341961
arm_b_nll,mid,355,Bacterial,34.0907,0.917679,0.276341
arm_b_nll,mid,356,Bacterial,33.8216,0.915379,0.283669
arm_b_nll,mid,357,Bacterial,34.1897,0.915129,0.293272
arm_b_nll,mid,358,Bacterial,34.0199,0.912738,0.356238
arm_b_nll,mid,359,Bacterial,32.9745,0.918561,0.219534
arm_b_nll,mid,360,Bacterial,33.4439,0.920181,0.296441
arm_b_nll,mid,361,Bacterial,34.5076,0.922293,0.289419
arm_b_nll,mid,362,Bacterial,33.9525,0.923277,0.325826
arm_b_nll,mid,363,Bacterial,32.9685,0.933913,0.248792
arm_b_nll,mid,364,Bacterial,34.7748,0.923979,0.275208
arm_b_nll,mid,365,Bacterial,31.5522,0.912529,0.265862
arm_b_nll,mid,366,Bacterial,34.2248,0.922126,0.316161
arm_b_nll,mid,367,Bacterial,32.8111,0.919671,0.219888
arm_b_nll,mid,368,Bacterial,33.4215,0.910276,0.289632
arm_b_nll,mid,369,Bacterial,32.4075,0.911479,0.233639
arm_b_nll,mid,370,Bacterial,31.2482,0.908146,0.229126
arm_b_nll,mid,371,Bacterial,33.8451,0.921303,0.276822
arm_b_nll,mid,372,Bacterial,32.8907,0.90067,0.368725
arm_b_nll,mid,373,Bacterial,33.8924,0.918934,0.294093
arm_b_nll,mid,374,Bacterial,32.8133,0.911769,0.290171
arm_b_nll,mid,375,Bacterial,33.4784,0.918201,0.305579
arm_b_nll,mid,376,Bacterial,32.1392,0.915959,0.30027
arm_b_nll,mid,377,Bacterial,33.4189,0.918324,0.309295
arm_b_nll,mid,378,Bacterial,32.7908,0.911468,0.225402
arm_b_nll,mid,379,Bacterial,33.4799,0.920062,0.283616
arm_b_nll,mid,380,Bacterial,33.8793,0.929029,0.288119
arm_b_nll,mid,381,Bacterial,31.4841,0.908812,0.234268
arm_b_nll,mid,382,Bacterial,33.0641,0.913561,0.286024
arm_b_nll,mid,383,Bacterial,31.9729,0.900637,0.270672
arm_b_nll,mid,384,Bacterial,31.5317,0.907768,0.225801
arm_b_nll,mid,385,Bacterial,31.3221,0.907955,0.258829
arm_b_nll,mid,386,Bacterial,33.9539,0.925862,0.264307
arm_b_nll,mid,387,Bacterial,33.9766,0.928178,0.249463
arm_b_nll,mid,388,Bacterial,32.5579,0.926331,0.179772
arm_b_nll,mid,389,Bacterial,31.457,0.906956,0.26255
arm_b_nll,mid,390,Bacterial,33.5399,0.917962,0.256359
arm_b_nll,mid,391,Bacterial,32.1071,0.907268,0.359256
arm_b_nll,mid,392,Bacterial,33.6229,0.918166,0.315072
arm_b_nll,mid,393,Bacterial,33.7152,0.914769,0.323841
arm_b_nll,mid,394,Bacterial,33.8909,0.925312,0.294838
arm_b_nll,mid,395,Bacterial,33.5786,0.916399,0.294352
arm_b_nll,mid,396,Bacterial,31.7381,0.889029,0.316479
arm_b_nll,mid,397,Bacterial,35.1582,0.913109,0.334875
arm_b_nll,mid,398,Bacterial,34.337,0.911931,0.349386
arm_b_nll,mid,399,Bacterial,32.4683,0.913632,0.301802
arm_b_nll,mid,400,Bacterial,33.0069,0.910953,0.279046
arm_b_nll,mid,401,Bacterial,31.6967,0.903787,0.257903
arm_b_nll,mid,402,Bacterial,34.2095,0.914833,0.323158
arm_b_nll,mid,403,Bacterial,33.1798,0.921326,0.283096
arm_b_nll,mid,404,Bacterial,33.1556,0.907256,0.295041
arm_b_nll,mid,405,Bacterial,32.9525,0.914781,0.283083
arm_b_nll,mid,406,Bacterial,35.3791,0.929681,0.282192
arm_b_nll,mid,407,Bacterial,32.9532,0.918028,0.294165
arm_b_nll,mid,408,Bacterial,33.4474,0.920928,0.265586
arm_b_nll,mid,409,Bacterial,32.5353,0.90894,0.262133
arm_b_nll,mid,410,Bacterial,31.5196,0.902954,0.256811
arm_b_nll,mid,411,Bacterial,32.9345,0.903038,0.298986
arm_b_nll,mid,412,Bacterial,33.838,0.909666,0.310435
arm_b_nll,mid,413,Bacterial,31.5015,0.893392,0.243223
arm_b_nll,mid,414,Bacterial,34.5386,0.916204,0.311558
arm_b_nll,mid,415,Bacterial,33.3662,0.910294,0.338602
arm_b_nll,mid,416,Bacterial,35.1025,0.925126,0.31102
arm_b_nll,mid,417,Bacterial,33.7881,0.910723,0.266658
arm_b_nll,mid,418,Bacterial,34.4125,0.924609,0.269417
arm_b_nll,mid,419,Bacterial,33.3267,0.924482,0.21954
arm_b_nll,mid,420,Bacterial,33.7005,0.92715,0.271563
arm_b_nll,mid,421,Bacterial,33.2791,0.920586,0.277199
arm_b_nll,mid,422,Bacterial,32.9197,0.910225,0.305221
arm_b_nll,mid,423,Bacterial,33.5553,0.921259,0.320717
arm_b_nll,mid,424,Bacterial,33.5123,0.919514,0.323792
arm_b_nll,mid,425,Bacterial,34.2972,0.917006,0.314886
arm_b_nll,mid,426,Bacterial,35.6301,0.922256,0.336014
arm_b_nll,mid,427,Bacterial,35.1266,0.915849,0.379652
arm_b_nll,mid,428,Bacterial,34.5678,0.920139,0.360326
arm_b_nll,mid,429,Bacterial,32.1449,0.912118,0.256976
arm_b_nll,mid,430,Bacterial,34.6846,0.924909,0.282998
arm_b_nll,mid,431,Bacterial,34.7248,0.909569,0.347855
arm_b_nll,mid,432,Bacterial,34.4582,0.923524,0.288155
arm_b_nll,mid,433,Bacterial,32.8963,0.903144,0.320913
arm_b_nll,mid,434,Bacterial,33.7727,0.917767,0.28182
arm_b_nll,mid,435,Bacterial,33.0019,0.915949,0.276623
arm_b_nll,mid,436,Bacterial,32.3564,0.915922,0.197705
arm_b_nll,mid,437,Bacterial,34.7631,0.918295,0.265417
arm_b_nll,mid,438,Bacterial,32.0749,0.897501,0.318271
arm_b_nll,mid,439,Bacterial,33.4063,0.912033,0.312598
arm_b_nll,mid,440,Bacterial,32.4652,0.912832,0.28101
arm_b_nll,mid,441,Bacterial,32.1691,0.909368,0.265941
arm_b_nll,mid,442,Bacterial,34.2692,0.923701,0.283906
arm_b_nll,mid,443,Bacterial,34.311,0.921615,0.299412
arm_b_nll,mid,444,Bacterial,33.5746,0.919607,0.269138
arm_b_nll,mid,445,Bacterial,33.6698,0.912327,0.33334
arm_b_nll,mid,446,Bacterial,33.4411,0.914335,0.326203
arm_b_nll,mid,447,Bacterial,34.4502,0.910074,0.333056
arm_b_nll,mid,448,Bacterial,34.3519,0.923298,0.352517
arm_b_nll,mid,449,Bacterial,32.4528,0.906191,0.274619
arm_b_nll,mid,450,Bacterial,33.0141,0.915341,0.29487
arm_b_nll,mid,451,Bacterial,31.5919,0.903392,0.231965
arm_b_nll,mid,452,Bacterial,32.7647,0.914441,0.293408
arm_b_nll,mid,453,Bacterial,34.336,0.922247,0.293
arm_b_nll,mid,454,Bacterial,32.7659,0.921605,0.285152
arm_b_nll,mid,455,Bacterial,34.6104,0.925202,0.320646
arm_b_nll,mid,456,Bacterial,31.3102,0.902162,0.292691
arm_b_nll,mid,457,Bacterial,34.2481,0.918187,0.328069
arm_b_nll,mid,458,Bacterial,34.3733,0.92585,0.29447
arm_b_nll,mid,459,Bacterial,34.989,0.92069,0.319588
arm_b_nll,mid,460,Bacterial,33.4504,0.919239,0.272097
arm_b_nll,mid,461,Bacterial,33.1791,0.920399,0.255711
arm_b_nll,mid,462,Bacterial,32.5217,0.911276,0.245084
arm_b_nll,mid,463,Bacterial,34.3195,0.915456,0.316109
arm_b_nll,mid,464,Bacterial,32.9664,0.910257,0.291839
arm_b_nll,mid,465,Bacterial,34.3208,0.922327,0.29591
arm_b_nll,mid,466,Bacterial,33.3343,0.912694,0.300488
arm_b_nll,mid,467,Bacterial,33.513,0.904497,0.358967
arm_b_nll,mid,468,Bacterial,33.7121,0.92179,0.283469
arm_b_nll,mid,469,Bacterial,34.5121,0.910078,0.312725
arm_b_nll,mid,470,Bacterial,33.2976,0.910428,0.32014
arm_b_nll,mid,471,Bacterial,32.4861,0.907882,0.238552
arm_b_nll,mid,472,Bacterial,32.993,0.915432,0.220232
arm_b_nll,mid,473,Bacterial,30.7791,0.898146,0.323385
arm_b_nll,mid,474,Bacterial,32.2892,0.918461,0.282569
arm_b_nll,mid,475,Bacterial,31.4439,0.899696,0.261506
arm_b_nll,mid,476,Viral,32.6239,0.920497,0.296431
arm_b_nll,mid,477,Viral,32.9757,0.924994,0.271134
arm_b_nll,mid,478,Viral,33.0178,0.927961,0.266713
arm_b_nll,mid,479,Viral,33.5992,0.916792,0.272399
arm_b_nll,mid,480,Viral,34.5143,0.913669,0.346789
arm_b_nll,mid,481,Viral,32.9337,0.92361,0.302312
arm_b_nll,mid,482,Viral,32.0234,0.901359,0.255876
arm_b_nll,mid,483,Viral,33.6132,0.913154,0.311376
arm_b_nll,mid,484,Viral,33.289,0.912502,0.340867
arm_b_nll,mid,485,Viral,33.1388,0.916966,0.309556
arm_b_nll,mid,486,Viral,33.8525,0.906074,0.355836
arm_b_nll,mid,487,Viral,33.7242,0.915598,0.284621
arm_b_nll,mid,488,Viral,32.722,0.922628,0.253176
arm_b_nll,mid,489,Viral,33.6305,0.92194,0.275878
arm_b_nll,mid,490,Viral,33.1699,0.913039,0.330628
arm_b_nll,mid,491,Viral,32.7837,0.914986,0.301401
arm_b_nll,mid,492,Viral,32.6309,0.915573,0.30574
arm_b_nll,mid,493,Viral,33.1607,0.918861,0.281776
arm_b_nll,mid,494,Viral,33.1105,0.917288,0.291291
arm_b_nll,mid,495,Viral,32.2925,0.915215,0.283087
arm_b_nll,mid,496,Viral,33.494,0.914116,0.316165
arm_b_nll,mid,497,Viral,32.6436,0.923959,0.231116
arm_b_nll,mid,498,Viral,34.0915,0.928119,0.284235
arm_b_nll,mid,499,Viral,33.9412,0.911882,0.27634
arm_b_nll,mid,500,Viral,32.5127,0.907688,0.336617
arm_b_nll,mid,501,Viral,31.9265,0.913182,0.242348
arm_b_nll,mid,502,Viral,32.9174,0.920157,0.282869
arm_b_nll,mid,503,Viral,32.1905,0.920854,0.265094
arm_b_nll,mid,504,Viral,32.5815,0.914596,0.280041
arm_b_nll,mid,505,Viral,33.7633,0.925018,0.242836
arm_b_nll,mid,506,Viral,32.5754,0.903127,0.30485
arm_b_nll,mid,507,Viral,31.7438,0.901888,0.260626
arm_b_nll,mid,508,Viral,33.899,0.916471,0.336418
arm_b_nll,mid,509,Viral,32.1879,0.909209,0.290591
arm_b_nll,mid,510,Viral,30.564,0.906727,0.270746
arm_b_nll,mid,511,Viral,32.6523,0.923882,0.251022
arm_b_nll,mid,512,Viral,34.4802,0.924392,0.285676
arm_b_nll,mid,513,Viral,32.0687,0.91895,0.282911
arm_b_nll,mid,514,Viral,31.8181,0.916527,0.240533
arm_b_nll,mid,515,Viral,33.4732,0.91759,0.281079
arm_b_nll,mid,516,Viral,33.9065,0.921402,0.269035
arm_b_nll,mid,517,Viral,32.004,0.914633,0.304896
arm_b_nll,mid,518,Viral,32.1809,0.911773,0.216764
arm_b_nll,mid,519,Viral,33.8598,0.942165,0.216045
arm_b_nll,mid,520,Viral,33.4332,0.92452,0.282712
arm_b_nll,mid,521,Viral,32.8487,0.920327,0.249487
arm_b_nll,mid,522,Viral,33.9297,0.925977,0.260372
arm_b_nll,mid,523,Viral,34.0252,0.929383,0.286094
arm_b_nll,mid,524,Viral,34.1881,0.92486,0.315856
arm_b_nll,mid,525,Viral,34.1966,0.928584,0.265176
arm_b_nll,mid,526,Viral,33.5822,0.916429,0.323855
arm_b_nll,mid,527,Viral,33.4466,0.908985,0.343277
arm_b_nll,mid,528,Viral,33.3999,0.919881,0.289159
arm_b_nll,mid,529,Viral,31.6635,0.889699,0.304713
arm_b_nll,mid,530,Viral,33.2159,0.916706,0.305088
arm_b_nll,mid,531,Viral,32.9819,0.922377,0.257043
arm_b_nll,mid,532,Viral,33.0031,0.919282,0.296638
arm_b_nll,mid,533,Viral,32.4829,0.915879,0.261232
arm_b_nll,mid,534,Viral,31.4009,0.912578,0.30244
arm_b_nll,mid,535,Viral,32.4036,0.917933,0.264954
arm_b_nll,mid,536,Viral,34.0777,0.910529,0.32323
arm_b_nll,mid,537,Viral,32.7957,0.914608,0.326871
arm_b_nll,mid,538,Viral,34.2491,0.918884,0.344378
arm_b_nll,mid,539,Viral,32.9704,0.923184,0.231197
arm_b_nll,mid,540,Viral,33.3774,0.918517,0.280288
arm_b_nll,mid,541,Viral,32.5064,0.917357,0.288296
arm_b_nll,mid,542,Viral,34.2338,0.928633,0.249305
arm_b_nll,mid,543,Viral,35.0816,0.924504,0.309211
arm_b_nll,mid,544,Viral,31.9098,0.912636,0.258599
arm_b_nll,mid,545,Viral,31.9091,0.914811,0.264806
arm_b_nll,mid,546,Viral,33.9648,0.917065,0.305302
arm_b_nll,mid,547,Viral,33.8656,0.918526,0.309651
arm_b_nll,mid,548,Viral,32.0963,0.911803,0.280232
arm_b_nll,mid,549,Viral,35.4327,0.916896,0.333445
arm_b_nll,mid,550,Viral,35.319,0.916192,0.335309
arm_b_nll,mid,551,Viral,32.9685,0.916964,0.285418
arm_b_nll,mid,552,Viral,33.7664,0.928177,0.290393
arm_b_nll,mid,553,Viral,34.3444,0.921205,0.265239
arm_b_nll,mid,554,Viral,32.8104,0.919708,0.288941
arm_b_nll,mid,555,Viral,32.1484,0.92095,0.255776
arm_b_nll,mid,556,Viral,33.1456,0.914876,0.270919
arm_b_nll,mid,557,Viral,33.6267,0.908877,0.288673
arm_b_nll,mid,558,Viral,32.8442,0.917316,0.284585
arm_b_nll,mid,559,Viral,33.9774,0.91637,0.333787
arm_b_nll,mid,560,Viral,34.1198,0.927849,0.270533
arm_b_nll,mid,561,Viral,32.5894,0.91421,0.265658
arm_b_nll,mid,562,Viral,33.2322,0.921735,0.273084
arm_b_nll,mid,563,Viral,33.1682,0.920183,0.259751
arm_b_nll,mid,564,Viral,33.2167,0.922954,0.284819
arm_b_nll,mid,565,Viral,33.68,0.919264,0.31359
arm_b_nll,mid,566,Viral,32.4306,0.920157,0.294648
arm_b_nll,mid,567,Viral,32.8403,0.925291,0.273148
arm_b_nll,mid,568,Viral,32.7004,0.916551,0.281899
arm_b_nll,mid,569,Viral,32.9116,0.915986,0.31096
arm_b_nll,mid,570,Viral,32.2963,0.918691,0.261527
arm_b_nll,mid,571,Viral,33.6553,0.923256,0.255252
arm_b_nll,mid,572,Viral,32.6906,0.909104,0.32342
arm_b_nll,mid,573,Viral,33.2589,0.920623,0.248518
arm_b_nll,mid,574,Viral,34.7754,0.934784,0.30986
arm_b_nll,mid,575,Viral,33.7154,0.925259,0.266671
arm_b_nll,mid,576,Viral,33.0807,0.922064,0.286858
arm_b_nll,mid,577,Viral,32.2527,0.91945,0.300326
arm_b_nll,mid,578,Viral,34.1702,0.931815,0.245522
arm_b_nll,mid,579,Viral,32.5634,0.921785,0.229687
arm_b_nll,mid,580,Viral,32.6877,0.924116,0.274388
arm_b_nll,mid,581,Viral,32.643,0.920376,0.252601
arm_b_nll,mid,582,Viral,33.0483,0.916112,0.279511
arm_b_nll,mid,583,Viral,33.5195,0.916572,0.286301
arm_b_nll,mid,584,Viral,34.2951,0.918379,0.309951
arm_b_nll,mid,585,Viral,34.141,0.931272,0.27613
arm_b_nll,mid,586,Viral,33.5727,0.910674,0.300316
arm_b_nll,mid,587,Viral,34.0028,0.906136,0.308005
arm_b_nll,mid,588,Viral,32.6885,0.907459,0.307305
arm_b_nll,mid,589,Viral,30.5866,0.902103,0.218128
arm_b_nll,mid,590,Viral,32.5629,0.915148,0.280883
arm_b_nll,mid,591,Viral,32.0694,0.922399,0.245982
arm_b_nll,mid,592,Viral,32.4093,0.923454,0.235453
arm_b_nll,mid,593,Viral,34.2692,0.902666,0.274192
arm_b_nll,mid,594,Viral,34.3295,0.928259,0.296546
arm_b_nll,mid,595,Viral,34.0794,0.921039,0.269451
arm_b_nll,mid,596,Viral,33.3997,0.920209,0.327018
arm_b_nll,mid,597,Viral,33.4538,0.923811,0.272505
arm_b_nll,mid,598,Viral,31.8128,0.911509,0.312216
arm_b_nll,mid,599,Viral,32.2441,0.920977,0.234914
arm_b_nll,mid,600,Viral,33.2787,0.914866,0.297318
arm_b_nll,mid,601,Viral,33.7664,0.926636,0.28973
arm_b_nll,mid,602,Viral,32.4347,0.916261,0.289746
arm_b_nll,mid,603,Viral,32.4665,0.924595,0.261201
arm_b_nll,mid,604,Viral,32.9255,0.9252,0.257122
arm_b_nll,mid,605,Viral,34.1771,0.924189,0.29012
arm_b_nll,mid,606,Viral,33.6545,0.921246,0.296798
arm_b_nll,mid,607,Viral,33.8152,0.925291,0.280694
arm_b_nll,mid,608,Viral,34.2556,0.92791,0.29048
arm_b_nll,mid,609,Viral,34.0545,0.928339,0.298954
arm_b_nll,mid,610,Viral,34.3049,0.925267,0.287876
arm_b_nll,mid,611,Viral,32.1704,0.919001,0.274409
arm_b_nll,mid,612,Viral,31.8645,0.912729,0.284204
arm_b_nll,mid,613,Viral,32.9006,0.920238,0.294573
arm_b_nll,mid,614,Viral,33.9499,0.927352,0.284757
arm_b_nll,mid,615,Viral,34.121,0.915761,0.291299
arm_b_nll,mid,616,Viral,33.7593,0.920231,0.281092
arm_b_nll,mid,617,Viral,33.1348,0.913798,0.317555
arm_b_nll,mid,618,Viral,32.4399,0.913634,0.299996
arm_b_nll,mid,619,Viral,33.0769,0.918913,0.270301
arm_b_nll,mid,620,Viral,32.5933,0.922349,0.26205
arm_b_nll,mid,621,Viral,35.4961,0.931311,0.339581
arm_b_nll,mid,622,Viral,33.4241,0.921441,0.280547
arm_b_nll,mid,623,Viral,33.5612,0.923156,0.263123
arm_c_nll_ssim,mid,0,Normal,31.6293,0.905807,0.301117
arm_c_nll_ssim,mid,1,Normal,30.3671,0.88201,0.341682
arm_c_nll_ssim,mid,2,Normal,30.9403,0.895522,0.300956
arm_c_nll_ssim,mid,3,Normal,31.5607,0.913211,0.289984
arm_c_nll_ssim,mid,4,Normal,31.3334,0.882301,0.368232
arm_c_nll_ssim,mid,5,Normal,32.0925,0.908416,0.302255
arm_c_nll_ssim,mid,6,Normal,31.6042,0.900787,0.303951
arm_c_nll_ssim,mid,7,Normal,31.7677,0.907388,0.330754
arm_c_nll_ssim,mid,8,Normal,30.0887,0.898736,0.308782
arm_c_nll_ssim,mid,9,Normal,30.3367,0.89131,0.33821
arm_c_nll_ssim,mid,10,Normal,30.9646,0.907718,0.27871
arm_c_nll_ssim,mid,11,Normal,30.8188,0.889995,0.344857
arm_c_nll_ssim,mid,12,Normal,31.556,0.887406,0.323374
arm_c_nll_ssim,mid,13,Normal,32.8499,0.914497,0.317107
arm_c_nll_ssim,mid,14,Normal,32.8003,0.933048,0.231776
arm_c_nll_ssim,mid,15,Normal,30.7776,0.887012,0.34135
arm_c_nll_ssim,mid,16,Normal,31.8569,0.902091,0.354341
arm_c_nll_ssim,mid,17,Normal,31.3272,0.883275,0.323088
arm_c_nll_ssim,mid,18,Normal,31.1093,0.893612,0.29795
arm_c_nll_ssim,mid,19,Normal,31.7122,0.90421,0.318998
arm_c_nll_ssim,mid,20,Normal,32.7358,0.918467,0.281873
arm_c_nll_ssim,mid,21,Normal,31.3472,0.900188,0.302716
arm_c_nll_ssim,mid,22,Normal,31.9349,0.904259,0.285459
arm_c_nll_ssim,mid,23,Normal,30.6964,0.869536,0.414677
arm_c_nll_ssim,mid,24,Normal,31.1259,0.895452,0.305048
arm_c_nll_ssim,mid,25,Normal,31.5492,0.901822,0.312505
arm_c_nll_ssim,mid,26,Normal,30.0498,0.891354,0.303308
arm_c_nll_ssim,mid,27,Normal,30.4215,0.886808,0.291791
arm_c_nll_ssim,mid,28,Normal,32.0175,0.90827,0.297523
arm_c_nll_ssim,mid,29,Normal,31.447,0.898586,0.348579
arm_c_nll_ssim,mid,30,Normal,30.7055,0.882833,0.357658
arm_c_nll_ssim,mid,31,Normal,31.1652,0.89909,0.320576
arm_c_nll_ssim,mid,32,Normal,30.3775,0.893903,0.319793
arm_c_nll_ssim,mid,33,Normal,30.1149,0.882158,0.335551
arm_c_nll_ssim,mid,34,Normal,29.8131,0.888591,0.307822
arm_c_nll_ssim,mid,35,Normal,31.2386,0.897615,0.308695
arm_c_nll_ssim,mid,36,Normal,31.9326,0.913247,0.275799
arm_c_nll_ssim,mid,37,Normal,32.5241,0.915668,0.335441
arm_c_nll_ssim,mid,38,Normal,30.6901,0.900423,0.300568
arm_c_nll_ssim,mid,39,Normal,29.6981,0.878556,0.322127
arm_c_nll_ssim,mid,40,Normal,31.2783,0.900901,0.307407
arm_c_nll_ssim,mid,41,Normal,31.7906,0.896229,0.360685
arm_c_nll_ssim,mid,42,Normal,29.6989,0.882619,0.317417
arm_c_nll_ssim,mid,43,Normal,31.2871,0.894093,0.262371
arm_c_nll_ssim,mid,44,Normal,31.1382,0.882134,0.311621
arm_c_nll_ssim,mid,45,Normal,30.5731,0.896884,0.313535
arm_c_nll_ssim,mid,46,Normal,33.3321,0.901235,0.355696
arm_c_nll_ssim,mid,47,Normal,30.093,0.890028,0.27729
arm_c_nll_ssim,mid,48,Normal,30.7622,0.900409,0.297128
arm_c_nll_ssim,mid,49,Normal,30.979,0.894508,0.288275
arm_c_nll_ssim,mid,50,Normal,30.545,0.891247,0.354811
arm_c_nll_ssim,mid,51,Normal,31.7747,0.904176,0.305913
arm_c_nll_ssim,mid,52,Normal,31.4012,0.886809,0.32178
arm_c_nll_ssim,mid,53,Normal,31.0398,0.904185,0.26729
arm_c_nll_ssim,mid,54,Normal,31.4441,0.901483,0.33361
arm_c_nll_ssim,mid,55,Normal,32.1687,0.901743,0.30707
arm_c_nll_ssim,mid,56,Normal,32.7883,0.921407,0.325812
arm_c_nll_ssim,mid,57,Normal,30.9318,0.883832,0.325199
arm_c_nll_ssim,mid,58,Normal,30.7038,0.898685,0.320002
arm_c_nll_ssim,mid,59,Normal,31.0097,0.894893,0.342343
arm_c_nll_ssim,mid,60,Normal,32.1546,0.907888,0.316672
arm_c_nll_ssim,mid,61,Normal,31.8545,0.913356,0.271443
arm_c_nll_ssim,mid,62,Normal,31.3894,0.895512,0.325053
arm_c_nll_ssim,mid,63,Normal,30.6344,0.89989,0.312897
arm_c_nll_ssim,mid,64,Normal,31.3111,0.892475,0.32508
arm_c_nll_ssim,mid,65,Normal,29.5307,0.894224,0.317103
arm_c_nll_ssim,mid,66,Normal,30.1878,0.887446,0.338297
arm_c_nll_ssim,mid,67,Normal,30.163,0.890164,0.316349
arm_c_nll_ssim,mid,68,Normal,30.002,0.883566,0.319978
arm_c_nll_ssim,mid,69,Normal,30.9412,0.889864,0.326598
arm_c_nll_ssim,mid,70,Normal,32.6141,0.916186,0.306237
arm_c_nll_ssim,mid,71,Normal,32.9427,0.904756,0.339132
arm_c_nll_ssim,mid,72,Normal,31.7187,0.907603,0.315337
arm_c_nll_ssim,mid,73,Normal,32.3488,0.90698,0.313288
arm_c_nll_ssim,mid,74,Normal,31.9875,0.899013,0.371789
arm_c_nll_ssim,mid,75,Normal,30.6508,0.891392,0.339847
arm_c_nll_ssim,mid,76,Normal,30.6987,0.890178,0.318852
arm_c_nll_ssim,mid,77,Normal,30.6153,0.898545,0.284526
arm_c_nll_ssim,mid,78,Normal,31.99,0.904073,0.318963
arm_c_nll_ssim,mid,79,Normal,30.9425,0.903747,0.302239
arm_c_nll_ssim,mid,80,Normal,32.6797,0.905544,0.341097
arm_c_nll_ssim,mid,81,Normal,31.4789,0.90192,0.33026
arm_c_nll_ssim,mid,82,Normal,30.216,0.890958,0.320751
arm_c_nll_ssim,mid,83,Normal,30.4238,0.889285,0.311007
arm_c_nll_ssim,mid,84,Normal,30.9117,0.904313,0.306663
arm_c_nll_ssim,mid,85,Normal,33.1239,0.91305,0.317787
arm_c_nll_ssim,mid,86,Normal,31.1819,0.898664,0.2946
arm_c_nll_ssim,mid,87,Normal,31.4292,0.895396,0.309711
arm_c_nll_ssim,mid,88,Normal,30.7632,0.907519,0.307811
arm_c_nll_ssim,mid,89,Normal,31.4755,0.892805,0.325235
arm_c_nll_ssim,mid,90,Normal,31.1923,0.905312,0.28087
arm_c_nll_ssim,mid,91,Normal,30.5926,0.893703,0.276629
arm_c_nll_ssim,mid,92,Normal,32.6127,0.92288,0.275532
arm_c_nll_ssim,mid,93,Normal,30.6087,0.890264,0.338986
arm_c_nll_ssim,mid,94,Normal,31.4982,0.901921,0.310575
arm_c_nll_ssim,mid,95,Normal,30.6604,0.886523,0.322208
arm_c_nll_ssim,mid,96,Normal,30.7019,0.888849,0.334182
arm_c_nll_ssim,mid,97,Normal,30.0187,0.890753,0.321502
arm_c_nll_ssim,mid,98,Normal,30.3952,0.896419,0.305972
arm_c_nll_ssim,mid,99,Normal,31.4257,0.910039,0.33363
arm_c_nll_ssim,mid,100,Normal,31.4137,0.896569,0.348484
arm_c_nll_ssim,mid,101,Normal,30.4159,0.893654,0.315398
arm_c_nll_ssim,mid,102,Normal,31.3849,0.887813,0.294039
arm_c_nll_ssim,mid,103,Normal,31.6754,0.897365,0.300977
arm_c_nll_ssim,mid,104,Normal,30.4395,0.894346,0.297893
arm_c_nll_ssim,mid,105,Normal,31.5935,0.911144,0.251753
arm_c_nll_ssim,mid,106,Normal,31.368,0.900145,0.314912
arm_c_nll_ssim,mid,107,Normal,31.0123,0.899313,0.31501
arm_c_nll_ssim,mid,108,Normal,30.405,0.873348,0.349152
arm_c_nll_ssim,mid,109,Normal,31.003,0.892622,0.330854
arm_c_nll_ssim,mid,110,Normal,31.5384,0.900635,0.301184
arm_c_nll_ssim,mid,111,Normal,31.9292,0.881839,0.320813
arm_c_nll_ssim,mid,112,Normal,29.8374,0.886277,0.311309
arm_c_nll_ssim,mid,113,Normal,30.3122,0.876078,0.355057
arm_c_nll_ssim,mid,114,Normal,30.8458,0.877534,0.345312
arm_c_nll_ssim,mid,115,Normal,30.784,0.900252,0.293243
arm_c_nll_ssim,mid,116,Normal,30.097,0.889996,0.286643
arm_c_nll_ssim,mid,117,Normal,31.3618,0.911041,0.292218
arm_c_nll_ssim,mid,118,Normal,30.8149,0.889188,0.323341
arm_c_nll_ssim,mid,119,Normal,32.6372,0.918745,0.30027
arm_c_nll_ssim,mid,120,Normal,31.3564,0.918564,0.237393
arm_c_nll_ssim,mid,121,Normal,31.6753,0.906107,0.293184
arm_c_nll_ssim,mid,122,Normal,31.6622,0.912473,0.299758
arm_c_nll_ssim,mid,123,Normal,31.5088,0.898694,0.310744
arm_c_nll_ssim,mid,124,Normal,31.1998,0.89318,0.307476
arm_c_nll_ssim,mid,125,Normal,30.3487,0.889414,0.310799
arm_c_nll_ssim,mid,126,Normal,32.0403,0.905972,0.324086
arm_c_nll_ssim,mid,127,Normal,30.3745,0.87337,0.378062
arm_c_nll_ssim,mid,128,Normal,30.385,0.891733,0.297022
arm_c_nll_ssim,mid,129,Normal,31.2418,0.905788,0.283932
arm_c_nll_ssim,mid,130,Normal,30.9313,0.902049,0.282678
arm_c_nll_ssim,mid,131,Normal,30.6202,0.897516,0.32541
arm_c_nll_ssim,mid,132,Normal,30.3313,0.896552,0.327799
arm_c_nll_ssim,mid,133,Normal,30.9813,0.902247,0.308865
arm_c_nll_ssim,mid,134,Normal,32.0418,0.905904,0.33048
arm_c_nll_ssim,mid,135,Normal,31.4712,0.894429,0.300494
arm_c_nll_ssim,mid,136,Normal,30.5284,0.902373,0.302336
arm_c_nll_ssim,mid,137,Normal,30.3174,0.895004,0.294704
arm_c_nll_ssim,mid,138,Normal,31.5145,0.905298,0.292915
arm_c_nll_ssim,mid,139,Normal,29.8865,0.884159,0.309682
arm_c_nll_ssim,mid,140,Normal,30.5957,0.887888,0.320964
arm_c_nll_ssim,mid,141,Normal,31.5832,0.903909,0.339513
arm_c_nll_ssim,mid,142,Normal,30.2986,0.885087,0.336981
arm_c_nll_ssim,mid,143,Normal,32.2058,0.912284,0.294156
arm_c_nll_ssim,mid,144,Normal,30.709,0.903163,0.321268
arm_c_nll_ssim,mid,145,Normal,30.3653,0.900059,0.269276
arm_c_nll_ssim,mid,146,Normal,30.2607,0.889505,0.311396
arm_c_nll_ssim,mid,147,Normal,30.7317,0.887207,0.351411
arm_c_nll_ssim,mid,148,Normal,31.6843,0.905489,0.310926
arm_c_nll_ssim,mid,149,Normal,30.7503,0.904512,0.28304
arm_c_nll_ssim,mid,150,Normal,31.364,0.891197,0.351121
arm_c_nll_ssim,mid,151,Normal,30.6516,0.879696,0.371622
arm_c_nll_ssim,mid,152,Normal,30.1454,0.873157,0.346816
arm_c_nll_ssim,mid,153,Normal,31.5531,0.907362,0.305624
arm_c_nll_ssim,mid,154,Normal,32.3789,0.906778,0.345253
arm_c_nll_ssim,mid,155,Normal,30.4618,0.880118,0.310108
arm_c_nll_ssim,mid,156,Normal,30.8165,0.890525,0.310287
arm_c_nll_ssim,mid,157,Normal,31.5534,0.904951,0.264084
arm_c_nll_ssim,mid,158,Normal,30.5232,0.899507,0.314604
arm_c_nll_ssim,mid,159,Normal,32.1399,0.910554,0.316622
arm_c_nll_ssim,mid,160,Normal,32.5405,0.909969,0.346995
arm_c_nll_ssim,mid,161,Normal,31.612,0.896104,0.319301
arm_c_nll_ssim,mid,162,Normal,31.4369,0.897753,0.296907
arm_c_nll_ssim,mid,163,Normal,31.732,0.891798,0.332007
arm_c_nll_ssim,mid,164,Normal,32.9489,0.920551,0.345154
arm_c_nll_ssim,mid,165,Normal,32.6436,0.895936,0.420028
arm_c_nll_ssim,mid,166,Normal,32.4149,0.903619,0.308476
arm_c_nll_ssim,mid,167,Normal,30.7828,0.877101,0.392941
arm_c_nll_ssim,mid,168,Normal,30.6186,0.900297,0.303042
arm_c_nll_ssim,mid,169,Normal,28.6648,0.877028,0.300175
arm_c_nll_ssim,mid,170,Normal,30.7613,0.882953,0.333156
arm_c_nll_ssim,mid,171,Normal,31.0276,0.896832,0.338244
arm_c_nll_ssim,mid,172,Normal,31.0888,0.883485,0.324471
arm_c_nll_ssim,mid,173,Normal,30.9308,0.883396,0.355833
arm_c_nll_ssim,mid,174,Normal,32.1856,0.908407,0.311129
arm_c_nll_ssim,mid,175,Normal,31.3272,0.89869,0.31942
arm_c_nll_ssim,mid,176,Normal,31.5221,0.910727,0.309555
arm_c_nll_ssim,mid,177,Normal,30.3829,0.878508,0.34392
arm_c_nll_ssim,mid,178,Normal,30.6216,0.882981,0.407916
arm_c_nll_ssim,mid,179,Normal,30.3319,0.865071,0.384388
arm_c_nll_ssim,mid,180,Normal,29.5176,0.877145,0.323014
arm_c_nll_ssim,mid,181,Normal,31.8264,0.904342,0.317928
arm_c_nll_ssim,mid,182,Normal,32.1213,0.894666,0.329307
arm_c_nll_ssim,mid,183,Normal,31.2491,0.900648,0.304369
arm_c_nll_ssim,mid,184,Normal,30.8738,0.896048,0.326972
arm_c_nll_ssim,mid,185,Normal,31.563,0.896111,0.311409
arm_c_nll_ssim,mid,186,Normal,30.4656,0.886758,0.33183
arm_c_nll_ssim,mid,187,Normal,32.1019,0.911785,0.304167
arm_c_nll_ssim,mid,188,Normal,32.1663,0.896351,0.322065
arm_c_nll_ssim,mid,189,Normal,31.587,0.888364,0.316435
arm_c_nll_ssim,mid,190,Normal,30.1589,0.884631,0.327953
arm_c_nll_ssim,mid,191,Normal,31.6559,0.901189,0.306042
arm_c_nll_ssim,mid,192,Normal,32.8978,0.909241,0.368277
arm_c_nll_ssim,mid,193,Normal,30.4638,0.898344,0.287192
arm_c_nll_ssim,mid,194,Normal,30.3367,0.887049,0.350066
arm_c_nll_ssim,mid,195,Normal,30.7152,0.89276,0.332528
arm_c_nll_ssim,mid,196,Normal,31.2304,0.885942,0.32195
arm_c_nll_ssim,mid,197,Normal,31.1249,0.893622,0.325086
arm_c_nll_ssim,mid,198,Normal,32.2023,0.909425,0.32444
arm_c_nll_ssim,mid,199,Normal,30.0089,0.878949,0.323924
arm_c_nll_ssim,mid,200,Normal,31.0249,0.899374,0.318972
arm_c_nll_ssim,mid,201,Normal,31.5388,0.90327,0.30613
arm_c_nll_ssim,mid,202,Normal,31.1602,0.898326,0.347024
arm_c_nll_ssim,mid,203,Normal,31.0882,0.902535,0.302661
arm_c_nll_ssim,mid,204,Normal,30.1865,0.892455,0.33253
arm_c_nll_ssim,mid,205,Normal,32.1717,0.896465,0.328902
arm_c_nll_ssim,mid,206,Normal,32.6676,0.915593,0.281565
arm_c_nll_ssim,mid,207,Normal,31.9355,0.888031,0.313528
arm_c_nll_ssim,mid,208,Normal,30.8668,0.898265,0.324176
arm_c_nll_ssim,mid,209,Normal,30.4236,0.903635,0.303394
arm_c_nll_ssim,mid,210,Normal,30.9007,0.881921,0.350491
arm_c_nll_ssim,mid,211,Normal,31.2104,0.901169,0.292647
arm_c_nll_ssim,mid,212,Normal,31.7871,0.906114,0.306297
arm_c_nll_ssim,mid,213,Normal,31.3923,0.898712,0.342533
arm_c_nll_ssim,mid,214,Normal,30.9993,0.891349,0.306826
arm_c_nll_ssim,mid,215,Normal,31.1809,0.875936,0.38268
arm_c_nll_ssim,mid,216,Normal,30.5246,0.896351,0.329014
arm_c_nll_ssim,mid,217,Normal,31.9181,0.893665,0.415875
arm_c_nll_ssim,mid,218,Normal,30.9793,0.883261,0.344665
arm_c_nll_ssim,mid,219,Normal,30.6759,0.893814,0.331003
arm_c_nll_ssim,mid,220,Normal,32.9704,0.902221,0.349731
arm_c_nll_ssim,mid,221,Normal,31.4863,0.905635,0.281849
arm_c_nll_ssim,mid,222,Normal,30.8622,0.896589,0.289626
arm_c_nll_ssim,mid,223,Normal,30.8568,0.895847,0.339048
arm_c_nll_ssim,mid,224,Normal,31.5193,0.905221,0.291454
arm_c_nll_ssim,mid,225,Normal,29.7743,0.852323,0.39123
arm_c_nll_ssim,mid,226,Normal,32.1107,0.907154,0.307567
arm_c_nll_ssim,mid,227,Normal,30.2514,0.89639,0.33615
arm_c_nll_ssim,mid,228,Normal,32.5141,0.901953,0.311513
arm_c_nll_ssim,mid,229,Normal,30.668,0.900183,0.293797
arm_c_nll_ssim,mid,230,Normal,30.6782,0.894488,0.333981
arm_c_nll_ssim,mid,231,Normal,30.9681,0.883816,0.339994
arm_c_nll_ssim,mid,232,Normal,32.0416,0.905581,0.31842
arm_c_nll_ssim,mid,233,Normal,31.5624,0.89648,0.336847
arm_c_nll_ssim,mid,234,Bacterial,32.6294,0.902367,0.418037
arm_c_nll_ssim,mid,235,Bacterial,31.0449,0.892847,0.385536
arm_c_nll_ssim,mid,236,Bacterial,32.8215,0.900923,0.395553
arm_c_nll_ssim,mid,237,Bacterial,32.616,0.900532,0.394966
arm_c_nll_ssim,mid,238,Bacterial,33.5869,0.903075,0.407571
arm_c_nll_ssim,mid,239,Bacterial,32.5537,0.905512,0.379544
arm_c_nll_ssim,mid,240,Bacterial,32.9046,0.89839,0.392327
arm_c_nll_ssim,mid,241,Bacterial,31.8994,0.892172,0.389889
arm_c_nll_ssim,mid,242,Bacterial,32.979,0.901492,0.38139
arm_c_nll_ssim,mid,243,Bacterial,31.8421,0.886233,0.421631
arm_c_nll_ssim,mid,244,Bacterial,30.912,0.882025,0.308073
arm_c_nll_ssim,mid,245,Bacterial,31.6264,0.904196,0.32024
arm_c_nll_ssim,mid,246,Bacterial,32.0303,0.908865,0.362846
arm_c_nll_ssim,mid,247,Bacterial,31.4362,0.899964,0.363954
arm_c_nll_ssim,mid,248,Bacterial,33.4463,0.909814,0.336667
arm_c_nll_ssim,mid,249,Bacterial,33.8047,0.910925,0.38393
arm_c_nll_ssim,mid,250,Bacterial,32.7629,0.886833,0.412605
arm_c_nll_ssim,mid,251,Bacterial,31.1835,0.896121,0.294695
arm_c_nll_ssim,mid,252,Bacterial,33.2838,0.8936,0.406133
arm_c_nll_ssim,mid,253,Bacterial,32.3791,0.901858,0.39845
arm_c_nll_ssim,mid,254,Bacterial,31.227,0.882725,0.325967
arm_c_nll_ssim,mid,255,Bacterial,32.117,0.900153,0.350811
arm_c_nll_ssim,mid,256,Bacterial,31.5433,0.89111,0.366241
arm_c_nll_ssim,mid,257,Bacterial,32.5527,0.905839,0.367548
arm_c_nll_ssim,mid,258,Bacterial,32.5359,0.885393,0.421203
arm_c_nll_ssim,mid,259,Bacterial,32.837,0.90652,0.379135
arm_c_nll_ssim,mid,260,Bacterial,32.9411,0.913223,0.346715
arm_c_nll_ssim,mid,261,Bacterial,30.9087,0.892012,0.255144
arm_c_nll_ssim,mid,262,Bacterial,33.9282,0.906024,0.364395
arm_c_nll_ssim,mid,263,Bacterial,33.6377,0.912888,0.362089
arm_c_nll_ssim,mid,264,Bacterial,33.6448,0.900542,0.373225
arm_c_nll_ssim,mid,265,Bacterial,33.6575,0.914566,0.368262
arm_c_nll_ssim,mid,266,Bacterial,33.3014,0.906118,0.370342
arm_c_nll_ssim,mid,267,Bacterial,32.4195,0.892142,0.354736
arm_c_nll_ssim,mid,268,Bacterial,33.1837,0.899869,0.387898
arm_c_nll_ssim,mid,269,Bacterial,32.8771,0.912264,0.34718
arm_c_nll_ssim,mid,270,Bacterial,33.4031,0.919061,0.346202
arm_c_nll_ssim,mid,271,Bacterial,32.7574,0.908506,0.317059
arm_c_nll_ssim,mid,272,Bacterial,33.4831,0.916746,0.365426
arm_c_nll_ssim,mid,273,Bacterial,33.1048,0.906318,0.382976
arm_c_nll_ssim,mid,274,Bacterial,31.9264,0.892004,0.354427
arm_c_nll_ssim,mid,275,Bacterial,31.0619,0.888106,0.406206
arm_c_nll_ssim,mid,276,Bacterial,30.7849,0.889877,0.275728
arm_c_nll_ssim,mid,277,Bacterial,32.0725,0.886339,0.404818
arm_c_nll_ssim,mid,278,Bacterial,32.574,0.894248,0.37608
arm_c_nll_ssim,mid,279,Bacterial,32.3754,0.898567,0.364187
arm_c_nll_ssim,mid,280,Bacterial,33.1547,0.897012,0.36524
arm_c_nll_ssim,mid,281,Bacterial,32.3329,0.879183,0.403601
arm_c_nll_ssim,mid,282,Bacterial,31.6268,0.88922,0.389384
arm_c_nll_ssim,mid,283,Bacterial,32.813,0.895523,0.384013
arm_c_nll_ssim,mid,284,Bacterial,31.2996,0.893287,0.398512
arm_c_nll_ssim,mid,285,Bacterial,33.6894,0.903412,0.400077
arm_c_nll_ssim,mid,286,Bacterial,31.9208,0.906255,0.362814
arm_c_nll_ssim,mid,287,Bacterial,31.8357,0.894361,0.352437
arm_c_nll_ssim,mid,288,Bacterial,33.2589,0.903661,0.371203
arm_c_nll_ssim,mid,289,Bacterial,32.0304,0.884151,0.385685
arm_c_nll_ssim,mid,290,Bacterial,33.5044,0.91189,0.372043
arm_c_nll_ssim,mid,291,Bacterial,32.4485,0.897422,0.369216
arm_c_nll_ssim,mid,292,Bacterial,31.8485,0.894085,0.284681
arm_c_nll_ssim,mid,293,Bacterial,33.2825,0.906334,0.361241
arm_c_nll_ssim,mid,294,Bacterial,32.874,0.909042,0.355331
arm_c_nll_ssim,mid,295,Bacterial,31.6803,0.900788,0.33754
arm_c_nll_ssim,mid,296,Bacterial,33.07,0.911761,0.344947
arm_c_nll_ssim,mid,297,Bacterial,32.3883,0.908597,0.325958
arm_c_nll_ssim,mid,298,Bacterial,30.4623,0.874719,0.380113
arm_c_nll_ssim,mid,299,Bacterial,31.104,0.889909,0.38591
arm_c_nll_ssim,mid,300,Bacterial,30.8953,0.892617,0.361037
arm_c_nll_ssim,mid,301,Bacterial,30.6725,0.882312,0.317465
arm_c_nll_ssim,mid,302,Bacterial,31.9337,0.893484,0.343151
arm_c_nll_ssim,mid,303,Bacterial,31.5779,0.905474,0.363577
arm_c_nll_ssim,mid,304,Bacterial,32.5709,0.902629,0.379445
arm_c_nll_ssim,mid,305,Bacterial,33.4132,0.908844,0.360899
arm_c_nll_ssim,mid,306,Bacterial,32.2274,0.905878,0.350485
arm_c_nll_ssim,mid,307,Bacterial,32.2116,0.908764,0.351242
arm_c_nll_ssim,mid,308,Bacterial,31.7612,0.888138,0.335119
arm_c_nll_ssim,mid,309,Bacterial,31.8985,0.897631,0.371119
arm_c_nll_ssim,mid,310,Bacterial,30.4593,0.887239,0.310408
arm_c_nll_ssim,mid,311,Bacterial,32.1021,0.896242,0.364552
arm_c_nll_ssim,mid,312,Bacterial,31.1318,0.901497,0.33119
arm_c_nll_ssim,mid,313,Bacterial,32.7957,0.897603,0.39793
arm_c_nll_ssim,mid,314,Bacterial,31.7106,0.884173,0.322845
arm_c_nll_ssim,mid,315,Bacterial,33.9302,0.922929,0.387298
arm_c_nll_ssim,mid,316,Bacterial,33.4474,0.907919,0.391146
arm_c_nll_ssim,mid,317,Bacterial,33.3877,0.905972,0.41792
arm_c_nll_ssim,mid,318,Bacterial,32.4511,0.900347,0.393885
arm_c_nll_ssim,mid,319,Bacterial,32.4477,0.884476,0.407476
arm_c_nll_ssim,mid,320,Bacterial,33.2038,0.893567,0.427824
arm_c_nll_ssim,mid,321,Bacterial,30.4655,0.902294,0.337459
arm_c_nll_ssim,mid,322,Bacterial,31.9091,0.901375,0.354814
arm_c_nll_ssim,mid,323,Bacterial,31.7753,0.906872,0.311073
arm_c_nll_ssim,mid,324,Bacterial,31.0458,0.906196,0.309999
arm_c_nll_ssim,mid,325,Bacterial,30.9343,0.902603,0.283697
arm_c_nll_ssim,mid,326,Bacterial,31.9176,0.904798,0.355681
arm_c_nll_ssim,mid,327,Bacterial,32.7251,0.908464,0.340692
arm_c_nll_ssim,mid,328,Bacterial,32.8431,0.914143,0.366886
arm_c_nll_ssim,mid,329,Bacterial,32.4394,0.909986,0.244828
arm_c_nll_ssim,mid,330,Bacterial,33.4566,0.897762,0.403311
arm_c_nll_ssim,mid,331,Bacterial,32.8424,0.911049,0.358862
arm_c_nll_ssim,mid,332,Bacterial,33.6557,0.91143,0.370672
arm_c_nll_ssim,mid,333,Bacterial,33.6688,0.917004,0.355344
arm_c_nll_ssim,mid,334,Bacterial,33.5894,0.916486,0.355656
arm_c_nll_ssim,mid,335,Bacterial,31.2994,0.889174,0.326489
arm_c_nll_ssim,mid,336,Bacterial,33.1524,0.912051,0.357853
arm_c_nll_ssim,mid,337,Bacterial,32.3848,0.89551,0.385893
arm_c_nll_ssim,mid,338,Bacterial,33.0502,0.898116,0.387657
arm_c_nll_ssim,mid,339,Bacterial,31.5011,0.894571,0.303976
arm_c_nll_ssim,mid,340,Bacterial,33.1942,0.899826,0.36586
arm_c_nll_ssim,mid,341,Bacterial,32.2664,0.907947,0.377476
arm_c_nll_ssim,mid,342,Bacterial,32.2734,0.901276,0.375883
arm_c_nll_ssim,mid,343,Bacterial,32.8275,0.902731,0.410339
arm_c_nll_ssim,mid,344,Bacterial,33.4806,0.910922,0.370266
arm_c_nll_ssim,mid,345,Bacterial,32.2664,0.90384,0.390165
arm_c_nll_ssim,mid,346,Bacterial,31.4144,0.89333,0.366634
arm_c_nll_ssim,mid,347,Bacterial,32.9025,0.90917,0.366218
arm_c_nll_ssim,mid,348,Bacterial,32.4809,0.895458,0.393063
arm_c_nll_ssim,mid,349,Bacterial,33.673,0.909206,0.386689
arm_c_nll_ssim,mid,350,Bacterial,34.1064,0.913571,0.392328
arm_c_nll_ssim,mid,351,Bacterial,31.2133,0.8971,0.30876
arm_c_nll_ssim,mid,352,Bacterial,32.9744,0.905847,0.374703
arm_c_nll_ssim,mid,353,Bacterial,32.4003,0.911608,0.348986
arm_c_nll_ssim,mid,354,Bacterial,33.5834,0.895174,0.437442
arm_c_nll_ssim,mid,355,Bacterial,33.0627,0.900056,0.352963
arm_c_nll_ssim,mid,356,Bacterial,32.6198,0.899154,0.360944
arm_c_nll_ssim,mid,357,Bacterial,33.0613,0.894167,0.386339
arm_c_nll_ssim,mid,358,Bacterial,32.893,0.899064,0.418875
arm_c_nll_ssim,mid,359,Bacterial,32.043,0.900091,0.26816
arm_c_nll_ssim,mid,360,Bacterial,32.2461,0.906909,0.352631
arm_c_nll_ssim,mid,361,Bacterial,33.3616,0.907933,0.351778
arm_c_nll_ssim,mid,362,Bacterial,33.0593,0.909686,0.380066
arm_c_nll_ssim,mid,363,Bacterial,31.9486,0.921218,0.310795
arm_c_nll_ssim,mid,364,Bacterial,33.3108,0.905301,0.370909
arm_c_nll_ssim,mid,365,Bacterial,30.6945,0.894315,0.333302
arm_c_nll_ssim,mid,366,Bacterial,33.0782,0.906093,0.387387
arm_c_nll_ssim,mid,367,Bacterial,31.8384,0.905606,0.253419
arm_c_nll_ssim,mid,368,Bacterial,32.5782,0.894477,0.353313
arm_c_nll_ssim,mid,369,Bacterial,31.5035,0.896098,0.289064
arm_c_nll_ssim,mid,370,Bacterial,30.0993,0.88732,0.304811
arm_c_nll_ssim,mid,371,Bacterial,32.5685,0.906549,0.342051
arm_c_nll_ssim,mid,372,Bacterial,31.9452,0.884747,0.43432
arm_c_nll_ssim,mid,373,Bacterial,32.8008,0.903841,0.366628
arm_c_nll_ssim,mid,374,Bacterial,31.71,0.893892,0.373324
arm_c_nll_ssim,mid,375,Bacterial,32.4508,0.903766,0.382523
arm_c_nll_ssim,mid,376,Bacterial,31.2422,0.903818,0.351524
arm_c_nll_ssim,mid,377,Bacterial,32.37,0.90453,0.384392
arm_c_nll_ssim,mid,378,Bacterial,31.744,0.890084,0.285322
arm_c_nll_ssim,mid,379,Bacterial,32.4312,0.904207,0.35435
arm_c_nll_ssim,mid,380,Bacterial,32.7624,0.912489,0.363081
arm_c_nll_ssim,mid,381,Bacterial,30.635,0.890488,0.283802
arm_c_nll_ssim,mid,382,Bacterial,32.0388,0.89859,0.361972
arm_c_nll_ssim,mid,383,Bacterial,31.1306,0.883664,0.35272
arm_c_nll_ssim,mid,384,Bacterial,30.7836,0.893162,0.264262
arm_c_nll_ssim,mid,385,Bacterial,30.6209,0.894379,0.311337
arm_c_nll_ssim,mid,386,Bacterial,32.7434,0.905834,0.35751
arm_c_nll_ssim,mid,387,Bacterial,32.6747,0.908039,0.33114
arm_c_nll_ssim,mid,388,Bacterial,31.3432,0.909536,0.232655
arm_c_nll_ssim,mid,389,Bacterial,30.8489,0.893649,0.302786
arm_c_nll_ssim,mid,390,Bacterial,32.6886,0.900278,0.337806
arm_c_nll_ssim,mid,391,Bacterial,31.3736,0.896978,0.396385
arm_c_nll_ssim,mid,392,Bacterial,32.7519,0.901982,0.38616
arm_c_nll_ssim,mid,393,Bacterial,32.5599,0.893238,0.417104
arm_c_nll_ssim,mid,394,Bacterial,32.8521,0.906072,0.377372
arm_c_nll_ssim,mid,395,Bacterial,32.7372,0.903092,0.366037
arm_c_nll_ssim,mid,396,Bacterial,30.9758,0.870666,0.392004
arm_c_nll_ssim,mid,397,Bacterial,34.1363,0.898838,0.397811
arm_c_nll_ssim,mid,398,Bacterial,33.4795,0.902692,0.406514
arm_c_nll_ssim,mid,399,Bacterial,31.6001,0.89906,0.385355
arm_c_nll_ssim,mid,400,Bacterial,31.5863,0.889503,0.380339
arm_c_nll_ssim,mid,401,Bacterial,30.8701,0.884122,0.302602
arm_c_nll_ssim,mid,402,Bacterial,33.2487,0.903078,0.389877
arm_c_nll_ssim,mid,403,Bacterial,32.1941,0.909373,0.347647
arm_c_nll_ssim,mid,404,Bacterial,32.2482,0.893199,0.367001
arm_c_nll_ssim,mid,405,Bacterial,32.3647,0.902832,0.321423
arm_c_nll_ssim,mid,406,Bacterial,34.0896,0.91215,0.358457
arm_c_nll_ssim,mid,407,Bacterial,32.026,0.906549,0.366441
arm_c_nll_ssim,mid,408,Bacterial,32.448,0.904383,0.352642
arm_c_nll_ssim,mid,409,Bacterial,31.6395,0.893793,0.319803
arm_c_nll_ssim,mid,410,Bacterial,30.6249,0.885975,0.299955
arm_c_nll_ssim,mid,411,Bacterial,32.2013,0.884304,0.367811
arm_c_nll_ssim,mid,412,Bacterial,32.8949,0.893235,0.369947
arm_c_nll_ssim,mid,413,Bacterial,30.8215,0.876823,0.288812
arm_c_nll_ssim,mid,414,Bacterial,33.4415,0.904553,0.384408
arm_c_nll_ssim,mid,415,Bacterial,32.4767,0.896726,0.392067
arm_c_nll_ssim,mid,416,Bacterial,33.9718,0.911544,0.372594
arm_c_nll_ssim,mid,417,Bacterial,32.9969,0.896983,0.318029
arm_c_nll_ssim,mid,418,Bacterial,33.0669,0.907751,0.347846
arm_c_nll_ssim,mid,419,Bacterial,32.0622,0.905704,0.295832
arm_c_nll_ssim,mid,420,Bacterial,32.3123,0.908776,0.358661
arm_c_nll_ssim,mid,421,Bacterial,31.7836,0.900381,0.377214
arm_c_nll_ssim,mid,422,Bacterial,32.1494,0.895181,0.390505
arm_c_nll_ssim,mid,423,Bacterial,32.4535,0.906348,0.394639
arm_c_nll_ssim,mid,424,Bacterial,32.3526,0.904925,0.404174
arm_c_nll_ssim,mid,425,Bacterial,33.1551,0.901235,0.377012
arm_c_nll_ssim,mid,426,Bacterial,34.5748,0.90926,0.384844
arm_c_nll_ssim,mid,427,Bacterial,34.3224,0.906601,0.432667
arm_c_nll_ssim,mid,428,Bacterial,33.6065,0.906146,0.424054
arm_c_nll_ssim,mid,429,Bacterial,31.3181,0.897588,0.334794
arm_c_nll_ssim,mid,430,Bacterial,33.5589,0.913727,0.335435
arm_c_nll_ssim,mid,431,Bacterial,33.7362,0.899553,0.395416
arm_c_nll_ssim,mid,432,Bacterial,33.1501,0.903661,0.370184
arm_c_nll_ssim,mid,433,Bacterial,31.8303,0.887727,0.393606
arm_c_nll_ssim,mid,434,Bacterial,32.5579,0.903295,0.357554
arm_c_nll_ssim,mid,435,Bacterial,32.0915,0.904638,0.326986
arm_c_nll_ssim,mid,436,Bacterial,31.4625,0.899117,0.251991
arm_c_nll_ssim,mid,437,Bacterial,33.6258,0.896035,0.359125
arm_c_nll_ssim,mid,438,Bacterial,31.1365,0.881582,0.378173
arm_c_nll_ssim,mid,439,Bacterial,32.3954,0.896704,0.377657
arm_c_nll_ssim,mid,440,Bacterial,31.5841,0.897442,0.354207
arm_c_nll_ssim,mid,441,Bacterial,31.1567,0.891307,0.324792
arm_c_nll_ssim,mid,442,Bacterial,32.8256,0.903788,0.380219
arm_c_nll_ssim,mid,443,Bacterial,33.2652,0.90457,0.36677
arm_c_nll_ssim,mid,444,Bacterial,32.6177,0.905364,0.331733
arm_c_nll_ssim,mid,445,Bacterial,32.673,0.902617,0.389764
arm_c_nll_ssim,mid,446,Bacterial,32.619,0.905239,0.375572
arm_c_nll_ssim,mid,447,Bacterial,33.3631,0.902475,0.390879
arm_c_nll_ssim,mid,448,Bacterial,33.2458,0.911044,0.392442
arm_c_nll_ssim,mid,449,Bacterial,31.4136,0.886378,0.336141
arm_c_nll_ssim,mid,450,Bacterial,32.0497,0.898297,0.357827
arm_c_nll_ssim,mid,451,Bacterial,30.877,0.886364,0.28731
arm_c_nll_ssim,mid,452,Bacterial,31.9149,0.900839,0.366268
arm_c_nll_ssim,mid,453,Bacterial,33.1132,0.905329,0.376381
arm_c_nll_ssim,mid,454,Bacterial,31.8217,0.908106,0.339108
arm_c_nll_ssim,mid,455,Bacterial,33.4361,0.910722,0.406515
arm_c_nll_ssim,mid,456,Bacterial,30.6147,0.888239,0.341833
arm_c_nll_ssim,mid,457,Bacterial,33.3126,0.906969,0.385562
arm_c_nll_ssim,mid,458,Bacterial,33.5764,0.914674,0.341799
arm_c_nll_ssim,mid,459,Bacterial,33.8872,0.907414,0.386582
arm_c_nll_ssim,mid,460,Bacterial,32.2888,0.900134,0.348206
arm_c_nll_ssim,mid,461,Bacterial,31.9579,0.902468,0.340813
arm_c_nll_ssim,mid,462,Bacterial,31.3739,0.890972,0.324113
arm_c_nll_ssim,mid,463,Bacterial,33.4373,0.90419,0.374125
arm_c_nll_ssim,mid,464,Bacterial,31.9368,0.89284,0.373192
arm_c_nll_ssim,mid,465,Bacterial,33.2801,0.907603,0.368535
arm_c_nll_ssim,mid,466,Bacterial,32.5427,0.898919,0.360605
arm_c_nll_ssim,mid,467,Bacterial,32.581,0.89623,0.41346
arm_c_nll_ssim,mid,468,Bacterial,32.3257,0.906219,0.364279
arm_c_nll_ssim,mid,469,Bacterial,33.4182,0.89393,0.382421
arm_c_nll_ssim,mid,470,Bacterial,32.5411,0.894695,0.392452
arm_c_nll_ssim,mid,471,Bacterial,31.525,0.889702,0.304623
arm_c_nll_ssim,mid,472,Bacterial,32.0103,0.899773,0.285117
arm_c_nll_ssim,mid,473,Bacterial,30.0069,0.882591,0.383431
arm_c_nll_ssim,mid,474,Bacterial,31.4447,0.90646,0.335577
arm_c_nll_ssim,mid,475,Bacterial,30.6206,0.883807,0.305028
arm_c_nll_ssim,mid,476,Viral,31.5368,0.904552,0.370996
arm_c_nll_ssim,mid,477,Viral,31.5797,0.900792,0.357514
arm_c_nll_ssim,mid,478,Viral,31.8792,0.911677,0.327925
arm_c_nll_ssim,mid,479,Viral,32.531,0.904172,0.344459
arm_c_nll_ssim,mid,480,Viral,33.5747,0.904814,0.384268
arm_c_nll_ssim,mid,481,Viral,32.1491,0.913128,0.351628
arm_c_nll_ssim,mid,482,Viral,31.2659,0.886653,0.299542
arm_c_nll_ssim,mid,483,Viral,32.7941,0.9012,0.36907
arm_c_nll_ssim,mid,484,Viral,32.2347,0.901794,0.399546
arm_c_nll_ssim,mid,485,Viral,32.1747,0.903357,0.380095
arm_c_nll_ssim,mid,486,Viral,33.0174,0.893111,0.423648
arm_c_nll_ssim,mid,487,Viral,32.3856,0.896146,0.37263
arm_c_nll_ssim,mid,488,Viral,31.3972,0.902401,0.332557
arm_c_nll_ssim,mid,489,Viral,32.2763,0.903436,0.351847
arm_c_nll_ssim,mid,490,Viral,32.7027,0.908326,0.351938
arm_c_nll_ssim,mid,491,Viral,31.8283,0.904287,0.341078
arm_c_nll_ssim,mid,492,Viral,31.285,0.896818,0.38727
arm_c_nll_ssim,mid,493,Viral,32.0904,0.905168,0.347905
arm_c_nll_ssim,mid,494,Viral,31.9712,0.901368,0.358466
arm_c_nll_ssim,mid,495,Viral,30.9686,0.896173,0.358388
arm_c_nll_ssim,mid,496,Viral,32.9895,0.907434,0.335093
arm_c_nll_ssim,mid,497,Viral,31.5479,0.907698,0.289042
arm_c_nll_ssim,mid,498,Viral,33.0385,0.912656,0.34885
arm_c_nll_ssim,mid,499,Viral,33.0064,0.89713,0.34277
arm_c_nll_ssim,mid,500,Viral,31.5039,0.887925,0.403859
arm_c_nll_ssim,mid,501,Viral,30.8853,0.898724,0.298968
arm_c_nll_ssim,mid,502,Viral,31.8981,0.904987,0.351364
arm_c_nll_ssim,mid,503,Viral,31.1197,0.905861,0.334006
arm_c_nll_ssim,mid,504,Viral,31.3071,0.893857,0.351788
arm_c_nll_ssim,mid,505,Viral,32.9565,0.915066,0.292999
arm_c_nll_ssim,mid,506,Viral,31.5524,0.88334,0.380699
arm_c_nll_ssim,mid,507,Viral,30.9321,0.884622,0.311572
arm_c_nll_ssim,mid,508,Viral,33.0443,0.909525,0.373621
arm_c_nll_ssim,mid,509,Viral,30.9087,0.890307,0.384416
arm_c_nll_ssim,mid,510,Viral,29.7355,0.89241,0.307436
arm_c_nll_ssim,mid,511,Viral,31.391,0.902316,0.347697
arm_c_nll_ssim,mid,512,Viral,33.3367,0.909569,0.344949
arm_c_nll_ssim,mid,513,Viral,31.0301,0.901091,0.323104
arm_c_nll_ssim,mid,514,Viral,30.7967,0.900852,0.297215
arm_c_nll_ssim,mid,515,Viral,32.2775,0.903234,0.335199
arm_c_nll_ssim,mid,516,Viral,32.9945,0.909182,0.331191
arm_c_nll_ssim,mid,517,Viral,30.8279,0.894033,0.384284
arm_c_nll_ssim,mid,518,Viral,31.1775,0.893617,0.275027
arm_c_nll_ssim,mid,519,Viral,32.7129,0.928581,0.262201
arm_c_nll_ssim,mid,520,Viral,32.3754,0.910484,0.335536
arm_c_nll_ssim,mid,521,Viral,31.579,0.9067,0.314811
arm_c_nll_ssim,mid,522,Viral,32.7707,0.911989,0.321597
arm_c_nll_ssim,mid,523,Viral,32.9158,0.916512,0.334197
arm_c_nll_ssim,mid,524,Viral,33.2887,0.915869,0.353064
arm_c_nll_ssim,mid,525,Viral,33.0962,0.915985,0.301245
arm_c_nll_ssim,mid,526,Viral,32.6907,0.907174,0.356507
arm_c_nll_ssim,mid,527,Viral,32.854,0.902996,0.3735
arm_c_nll_ssim,mid,528,Viral,32.5294,0.908357,0.336209
arm_c_nll_ssim,mid,529,Viral,30.8945,0.87299,0.373
arm_c_nll_ssim,mid,530,Viral,32.1003,0.900942,0.370568
arm_c_nll_ssim,mid,531,Viral,31.8219,0.909906,0.312981
arm_c_nll_ssim,mid,532,Viral,31.8059,0.903547,0.357407
arm_c_nll_ssim,mid,533,Viral,31.3312,0.900559,0.321269
arm_c_nll_ssim,mid,534,Viral,30.4939,0.89835,0.351585
arm_c_nll_ssim,mid,535,Viral,31.4063,0.904268,0.315974
arm_c_nll_ssim,mid,536,Viral,33.1494,0.900899,0.36216
arm_c_nll_ssim,mid,537,Viral,31.9642,0.903374,0.361089
arm_c_nll_ssim,mid,538,Viral,33.1346,0.906609,0.393043
arm_c_nll_ssim,mid,539,Viral,31.8516,0.906191,0.300782
arm_c_nll_ssim,mid,540,Viral,32.0357,0.901702,0.354565
arm_c_nll_ssim,mid,541,Viral,31.0952,0.896198,0.375907
arm_c_nll_ssim,mid,542,Viral,33.117,0.915155,0.305811
arm_c_nll_ssim,mid,543,Viral,34.1203,0.914393,0.344692
arm_c_nll_ssim,mid,544,Viral,30.5833,0.893444,0.323141
arm_c_nll_ssim,mid,545,Viral,30.692,0.900842,0.321635
arm_c_nll_ssim,mid,546,Viral,33.0303,0.907143,0.348962
arm_c_nll_ssim,mid,547,Viral,32.887,0.90777,0.353581
arm_c_nll_ssim,mid,548,Viral,30.9357,0.896286,0.341822
arm_c_nll_ssim,mid,549,Viral,34.468,0.899598,0.387661
arm_c_nll_ssim,mid,550,Viral,34.375,0.900124,0.398118
arm_c_nll_ssim,mid,551,Viral,32.0318,0.904407,0.323947
arm_c_nll_ssim,mid,552,Viral,32.7764,0.918616,0.331474
arm_c_nll_ssim,mid,553,Viral,33.2745,0.90671,0.334
arm_c_nll_ssim,mid,554,Viral,31.8854,0.907442,0.33708
arm_c_nll_ssim,mid,555,Viral,30.9298,0.904909,0.33127
arm_c_nll_ssim,mid,556,Viral,32.0859,0.898162,0.343804
arm_c_nll_ssim,mid,557,Viral,32.5505,0.894688,0.341713
arm_c_nll_ssim,mid,558,Viral,31.6418,0.902508,0.339322
arm_c_nll_ssim,mid,559,Viral,33.1828,0.90756,0.378769
arm_c_nll_ssim,mid,560,Viral,33.4262,0.921987,0.297483
arm_c_nll_ssim,mid,561,Viral,31.1144,0.892066,0.34877
arm_c_nll_ssim,mid,562,Viral,31.7898,0.90207,0.347488
arm_c_nll_ssim,mid,563,Viral,31.957,0.899533,0.351774
arm_c_nll_ssim,mid,564,Viral,32.2603,0.906988,0.34379
arm_c_nll_ssim,mid,565,Viral,32.7993,0.910479,0.351555
arm_c_nll_ssim,mid,566,Viral,31.2992,0.902289,0.382899
arm_c_nll_ssim,mid,567,Viral,31.73,0.909967,0.336738
arm_c_nll_ssim,mid,568,Viral,31.4299,0.895808,0.375242
arm_c_nll_ssim,mid,569,Viral,32.177,0.905874,0.366645
arm_c_nll_ssim,mid,570,Viral,31.1535,0.90189,0.344011
arm_c_nll_ssim,mid,571,Viral,32.4265,0.904626,0.356681
arm_c_nll_ssim,mid,572,Viral,31.6617,0.892639,0.399804
arm_c_nll_ssim,mid,573,Viral,32.0879,0.898303,0.345404
arm_c_nll_ssim,mid,574,Viral,33.7641,0.927654,0.33885
arm_c_nll_ssim,mid,575,Viral,32.3787,0.904823,0.362249
arm_c_nll_ssim,mid,576,Viral,31.7605,0.901991,0.366406
arm_c_nll_ssim,mid,577,Viral,31.3722,0.905717,0.347545
arm_c_nll_ssim,mid,578,Viral,32.9399,0.918261,0.297536
arm_c_nll_ssim,mid,579,Viral,31.5747,0.90917,0.280775
arm_c_nll_ssim,mid,580,Viral,31.4405,0.90191,0.365991
arm_c_nll_ssim,mid,581,Viral,31.4076,0.902094,0.30951
arm_c_nll_ssim,mid,582,Viral,32.1842,0.904409,0.333174
arm_c_nll_ssim,mid,583,Viral,32.5408,0.901164,0.353401
arm_c_nll_ssim,mid,584,Viral,33.4541,0.90823,0.336967
arm_c_nll_ssim,mid,585,Viral,33.037,0.918208,0.328424
arm_c_nll_ssim,mid,586,Viral,32.7771,0.898399,0.346807
arm_c_nll_ssim,mid,587,Viral,32.7568,0.890676,0.376147
arm_c_nll_ssim,mid,588,Viral,31.7631,0.894939,0.36716
arm_c_nll_ssim,mid,589,Viral,29.6228,0.882729,0.288274
arm_c_nll_ssim,mid,590,Viral,31.332,0.899465,0.342941
arm_c_nll_ssim,mid,591,Viral,30.8602,0.900807,0.322812
arm_c_nll_ssim,mid,592,Viral,30.954,0.902483,0.311412
arm_c_nll_ssim,mid,593,Viral,33.2562,0.879453,0.369357
arm_c_nll_ssim,mid,594,Viral,33.0922,0.913305,0.360897
arm_c_nll_ssim,mid,595,Viral,32.9905,0.906066,0.322977
arm_c_nll_ssim,mid,596,Viral,32.6239,0.911379,0.370053
arm_c_nll_ssim,mid,597,Viral,32.5181,0.912231,0.304268
arm_c_nll_ssim,mid,598,Viral,31.0036,0.898769,0.372418
arm_c_nll_ssim,mid,599,Viral,30.9787,0.903006,0.305453
arm_c_nll_ssim,mid,600,Viral,32.1551,0.895024,0.405324
arm_c_nll_ssim,mid,601,Viral,32.557,0.912312,0.353035
arm_c_nll_ssim,mid,602,Viral,31.3104,0.900985,0.356793
arm_c_nll_ssim,mid,603,Viral,31.4148,0.913666,0.293526
arm_c_nll_ssim,mid,604,Viral,31.6698,0.906225,0.337567
arm_c_nll_ssim,mid,605,Viral,33.2869,0.913391,0.335069
arm_c_nll_ssim,mid,606,Viral,32.6984,0.912075,0.344033
arm_c_nll_ssim,mid,607,Viral,32.4483,0.908651,0.369921
arm_c_nll_ssim,mid,608,Viral,33.2547,0.918144,0.336555
arm_c_nll_ssim,mid,609,Viral,32.9555,0.915016,0.369651
arm_c_nll_ssim,mid,610,Viral,33.2289,0.912464,0.345609
arm_c_nll_ssim,mid,611,Viral,31.0559,0.902389,0.347346
arm_c_nll_ssim,mid,612,Viral,30.587,0.890164,0.375989
arm_c_nll_ssim,mid,613,Viral,31.5716,0.902419,0.369422
arm_c_nll_ssim,mid,614,Viral,32.8936,0.916267,0.317197
arm_c_nll_ssim,mid,615,Viral,32.8982,0.899386,0.358326
arm_c_nll_ssim,mid,616,Viral,32.6662,0.905959,0.336571
arm_c_nll_ssim,mid,617,Viral,32.3036,0.900915,0.390115
arm_c_nll_ssim,mid,618,Viral,31.4875,0.898703,0.358946
arm_c_nll_ssim,mid,619,Viral,32.0264,0.907565,0.314597
arm_c_nll_ssim,mid,620,Viral,31.4817,0.906282,0.321622
arm_c_nll_ssim,mid,621,Viral,34.5182,0.923078,0.369588
arm_c_nll_ssim,mid,622,Viral,32.1666,0.903762,0.355363
arm_c_nll_ssim,mid,623,Viral,32.8922,0.91763,0.294996
arm_d_nll_ssim_ffl,mid,0,Normal,32.5872,0.9199,0.225884
arm_d_nll_ssim_ffl,mid,1,Normal,31.2848,0.897651,0.266003
arm_d_nll_ssim_ffl,mid,2,Normal,32.1534,0.916069,0.223343
arm_d_nll_ssim_ffl,mid,3,Normal,32.8592,0.931831,0.213706
arm_d_nll_ssim_ffl,mid,4,Normal,32.0145,0.894958,0.295122
arm_d_nll_ssim_ffl,mid,5,Normal,33.1883,0.926384,0.23531
arm_d_nll_ssim_ffl,mid,6,Normal,32.6768,0.919144,0.257492
arm_d_nll_ssim_ffl,mid,7,Normal,33.167,0.927791,0.261667
arm_d_nll_ssim_ffl,mid,8,Normal,31.3883,0.921092,0.230246
arm_d_nll_ssim_ffl,mid,9,Normal,31.5329,0.911726,0.261885
arm_d_nll_ssim_ffl,mid,10,Normal,32.3008,0.927194,0.197609
arm_d_nll_ssim_ffl,mid,11,Normal,32.1212,0.913504,0.263565
arm_d_nll_ssim_ffl,mid,12,Normal,32.6042,0.90581,0.270412
arm_d_nll_ssim_ffl,mid,13,Normal,33.7638,0.924543,0.24597
arm_d_nll_ssim_ffl,mid,14,Normal,33.5331,0.94353,0.175988
arm_d_nll_ssim_ffl,mid,15,Normal,31.6969,0.901645,0.292143
arm_d_nll_ssim_ffl,mid,16,Normal,33.1143,0.921988,0.277458
arm_d_nll_ssim_ffl,mid,17,Normal,32.6203,0.910272,0.240619
arm_d_nll_ssim_ffl,mid,18,Normal,32.3675,0.915516,0.20561
arm_d_nll_ssim_ffl,mid,19,Normal,32.9505,0.923678,0.242138
arm_d_nll_ssim_ffl,mid,20,Normal,34.0634,0.933757,0.214024
arm_d_nll_ssim_ffl,mid,21,Normal,32.7381,0.921542,0.231801
arm_d_nll_ssim_ffl,mid,22,Normal,33.1725,0.921849,0.237877
arm_d_nll_ssim_ffl,mid,23,Normal,31.361,0.882056,0.356823
arm_d_nll_ssim_ffl,mid,24,Normal,32.1671,0.912697,0.250883
arm_d_nll_ssim_ffl,mid,25,Normal,32.8301,0.923637,0.216723
arm_d_nll_ssim_ffl,mid,26,Normal,31.0897,0.908172,0.229774
arm_d_nll_ssim_ffl,mid,27,Normal,31.2615,0.903078,0.24584
arm_d_nll_ssim_ffl,mid,28,Normal,33.1689,0.925493,0.250166
arm_d_nll_ssim_ffl,mid,29,Normal,32.393,0.913124,0.289945
arm_d_nll_ssim_ffl,mid,30,Normal,31.4385,0.896468,0.270477
arm_d_nll_ssim_ffl,mid,31,Normal,32.3556,0.919395,0.228794
arm_d_nll_ssim_ffl,mid,32,Normal,31.3232,0.907342,0.252577
arm_d_nll_ssim_ffl,mid,33,Normal,30.8287,0.894171,0.276655
arm_d_nll_ssim_ffl,mid,34,Normal,30.8319,0.907436,0.2338
arm_d_nll_ssim_ffl,mid,35,Normal,32.4422,0.918408,0.227655
arm_d_nll_ssim_ffl,mid,36,Normal,33.4699,0.935983,0.1884
arm_d_nll_ssim_ffl,mid,37,Normal,33.4576,0.926532,0.30054
arm_d_nll_ssim_ffl,mid,38,Normal,31.8945,0.919126,0.220411
arm_d_nll_ssim_ffl,mid,39,Normal,30.6042,0.898741,0.246834
arm_d_nll_ssim_ffl,mid,40,Normal,32.2594,0.914873,0.2515
arm_d_nll_ssim_ffl,mid,41,Normal,32.8224,0.915436,0.272035
arm_d_nll_ssim_ffl,mid,42,Normal,30.6001,0.900689,0.258908
arm_d_nll_ssim_ffl,mid,43,Normal,32.1797,0.909457,0.222259
arm_d_nll_ssim_ffl,mid,44,Normal,32.1769,0.906198,0.229919
arm_d_nll_ssim_ffl,mid,45,Normal,31.6945,0.914528,0.245771
arm_d_nll_ssim_ffl,mid,46,Normal,34.146,0.912964,0.280771
arm_d_nll_ssim_ffl,mid,47,Normal,31.1593,0.90837,0.207576
arm_d_nll_ssim_ffl,mid,48,Normal,31.6582,0.913542,0.238557
arm_d_nll_ssim_ffl,mid,49,Normal,31.8473,0.910508,0.231112
arm_d_nll_ssim_ffl,mid,50,Normal,31.7868,0.915099,0.262284
arm_d_nll_ssim_ffl,mid,51,Normal,32.7684,0.917301,0.243559
arm_d_nll_ssim_ffl,mid,52,Normal,32.3611,0.90602,0.263785
arm_d_nll_ssim_ffl,mid,53,Normal,32.1078,0.920998,0.200654
arm_d_nll_ssim_ffl,mid,54,Normal,32.3761,0.91814,0.254161
arm_d_nll_ssim_ffl,mid,55,Normal,33.329,0.921363,0.228118
arm_d_nll_ssim_ffl,mid,56,Normal,33.8833,0.93244,0.256061
arm_d_nll_ssim_ffl,mid,57,Normal,31.7228,0.89739,0.268334
arm_d_nll_ssim_ffl,mid,58,Normal,31.836,0.918346,0.246218
arm_d_nll_ssim_ffl,mid,59,Normal,32.4232,0.919467,0.241462
arm_d_nll_ssim_ffl,mid,60,Normal,33.0281,0.922301,0.252246
arm_d_nll_ssim_ffl,mid,61,Normal,32.9673,0.927952,0.204896
arm_d_nll_ssim_ffl,mid,62,Normal,32.2704,0.90991,0.279872
arm_d_nll_ssim_ffl,mid,63,Normal,31.95,0.920755,0.222095
arm_d_nll_ssim_ffl,mid,64,Normal,32.6436,0.912952,0.242003
arm_d_nll_ssim_ffl,mid,65,Normal,30.765,0.913833,0.227954
arm_d_nll_ssim_ffl,mid,66,Normal,30.9802,0.900226,0.26771
arm_d_nll_ssim_ffl,mid,67,Normal,30.8546,0.902822,0.260208
arm_d_nll_ssim_ffl,mid,68,Normal,30.6292,0.896585,0.265294
arm_d_nll_ssim_ffl,mid,69,Normal,31.8658,0.903003,0.274448
arm_d_nll_ssim_ffl,mid,70,Normal,33.4601,0.928913,0.249185
arm_d_nll_ssim_ffl,mid,71,Normal,33.7145,0.917368,0.265167
arm_d_nll_ssim_ffl,mid,72,Normal,33.1399,0.927103,0.248926
arm_d_nll_ssim_ffl,mid,73,Normal,33.5189,0.92646,0.234748
arm_d_nll_ssim_ffl,mid,74,Normal,32.9531,0.910199,0.318996
arm_d_nll_ssim_ffl,mid,75,Normal,31.5235,0.907323,0.264963
arm_d_nll_ssim_ffl,mid,76,Normal,31.377,0.898868,0.264176
arm_d_nll_ssim_ffl,mid,77,Normal,32.0306,0.921064,0.197453
arm_d_nll_ssim_ffl,mid,78,Normal,33.1676,0.922939,0.269403
arm_d_nll_ssim_ffl,mid,79,Normal,32.2071,0.924866,0.218896
arm_d_nll_ssim_ffl,mid,80,Normal,33.4749,0.916339,0.276427
arm_d_nll_ssim_ffl,mid,81,Normal,32.7319,0.92151,0.239404
arm_d_nll_ssim_ffl,mid,82,Normal,31.1621,0.906657,0.255681
arm_d_nll_ssim_ffl,mid,83,Normal,31.6693,0.912933,0.236702
arm_d_nll_ssim_ffl,mid,84,Normal,31.9738,0.921263,0.231332
arm_d_nll_ssim_ffl,mid,85,Normal,34.4155,0.93115,0.253274
arm_d_nll_ssim_ffl,mid,86,Normal,32.5114,0.919964,0.218149
arm_d_nll_ssim_ffl,mid,87,Normal,32.8823,0.922131,0.224334
arm_d_nll_ssim_ffl,mid,88,Normal,31.5529,0.921701,0.231705
arm_d_nll_ssim_ffl,mid,89,Normal,32.6957,0.914282,0.263432
arm_d_nll_ssim_ffl,mid,90,Normal,32.1843,0.920294,0.215414
arm_d_nll_ssim_ffl,mid,91,Normal,31.5184,0.908396,0.229723
arm_d_nll_ssim_ffl,mid,92,Normal,33.6476,0.935008,0.231577
arm_d_nll_ssim_ffl,mid,93,Normal,31.6571,0.908232,0.270905
arm_d_nll_ssim_ffl,mid,94,Normal,32.8069,0.92187,0.241258
arm_d_nll_ssim_ffl,mid,95,Normal,31.3744,0.900201,0.254761
arm_d_nll_ssim_ffl,mid,96,Normal,32.239,0.917203,0.231142
arm_d_nll_ssim_ffl,mid,97,Normal,31.0595,0.909213,0.256906
arm_d_nll_ssim_ffl,mid,98,Normal,31.8074,0.918481,0.213767
arm_d_nll_ssim_ffl,mid,99,Normal,32.5388,0.926636,0.245708
arm_d_nll_ssim_ffl,mid,100,Normal,32.9249,0.919444,0.245612
arm_d_nll_ssim_ffl,mid,101,Normal,31.3256,0.911757,0.248515
arm_d_nll_ssim_ffl,mid,102,Normal,32.7376,0.912521,0.198493
arm_d_nll_ssim_ffl,mid,103,Normal,32.7805,0.91391,0.243166
arm_d_nll_ssim_ffl,mid,104,Normal,31.6619,0.913828,0.216534
arm_d_nll_ssim_ffl,mid,105,Normal,32.2077,0.92711,0.213642
arm_d_nll_ssim_ffl,mid,106,Normal,32.8243,0.921417,0.21858
arm_d_nll_ssim_ffl,mid,107,Normal,32.1583,0.915392,0.235517
arm_d_nll_ssim_ffl,mid,108,Normal,31.1706,0.888396,0.286988
arm_d_nll_ssim_ffl,mid,109,Normal,31.7697,0.905992,0.263988
arm_d_nll_ssim_ffl,mid,110,Normal,32.2819,0.910897,0.248975
arm_d_nll_ssim_ffl,mid,111,Normal,33.2887,0.906881,0.23895
arm_d_nll_ssim_ffl,mid,112,Normal,30.6463,0.904009,0.248302
arm_d_nll_ssim_ffl,mid,113,Normal,31.1949,0.894266,0.26693
arm_d_nll_ssim_ffl,mid,114,Normal,32.0056,0.899179,0.272636
arm_d_nll_ssim_ffl,mid,115,Normal,32.0268,0.920252,0.225847
arm_d_nll_ssim_ffl,mid,116,Normal,31.3094,0.910248,0.208425
arm_d_nll_ssim_ffl,mid,117,Normal,32.3624,0.923732,0.220758
arm_d_nll_ssim_ffl,mid,118,Normal,32.2997,0.915452,0.229417
arm_d_nll_ssim_ffl,mid,119,Normal,33.9329,0.93634,0.229195
arm_d_nll_ssim_ffl,mid,120,Normal,32.6555,0.934224,0.179848
arm_d_nll_ssim_ffl,mid,121,Normal,32.6756,0.920828,0.21839
arm_d_nll_ssim_ffl,mid,122,Normal,32.9915,0.932925,0.213385
arm_d_nll_ssim_ffl,mid,123,Normal,32.9609,0.92186,0.215679
arm_d_nll_ssim_ffl,mid,124,Normal,32.3875,0.912149,0.248584
arm_d_nll_ssim_ffl,mid,125,Normal,31.4425,0.907702,0.25056
arm_d_nll_ssim_ffl,mid,126,Normal,32.8577,0.918927,0.278925
arm_d_nll_ssim_ffl,mid,127,Normal,31.2082,0.890762,0.292684
arm_d_nll_ssim_ffl,mid,128,Normal,31.5382,0.912113,0.235091
arm_d_nll_ssim_ffl,mid,129,Normal,32.495,0.923196,0.208901
arm_d_nll_ssim_ffl,mid,130,Normal,32.0045,0.919532,0.224779
arm_d_nll_ssim_ffl,mid,131,Normal,31.8563,0.918504,0.230843
arm_d_nll_ssim_ffl,mid,132,Normal,31.6827,0.918438,0.236224
arm_d_nll_ssim_ffl,mid,133,Normal,31.9424,0.917476,0.243227
arm_d_nll_ssim_ffl,mid,134,Normal,33.2864,0.923928,0.258843
arm_d_nll_ssim_ffl,mid,135,Normal,32.8208,0.919224,0.210041
arm_d_nll_ssim_ffl,mid,136,Normal,31.8798,0.920534,0.216002
arm_d_nll_ssim_ffl,mid,137,Normal,31.7399,0.918933,0.208549
arm_d_nll_ssim_ffl,mid,138,Normal,32.6789,0.92278,0.221566
arm_d_nll_ssim_ffl,mid,139,Normal,31.1184,0.907035,0.246734
arm_d_nll_ssim_ffl,mid,140,Normal,31.5188,0.903712,0.248745
arm_d_nll_ssim_ffl,mid,141,Normal,32.4974,0.915001,0.276781
arm_d_nll_ssim_ffl,mid,142,Normal,30.929,0.897379,0.273188
arm_d_nll_ssim_ffl,mid,143,Normal,33.262,0.926803,0.226291
arm_d_nll_ssim_ffl,mid,144,Normal,32.1619,0.925748,0.231914
arm_d_nll_ssim_ffl,mid,145,Normal,31.5156,0.920591,0.20107
arm_d_nll_ssim_ffl,mid,146,Normal,31.2224,0.90596,0.254371
arm_d_nll_ssim_ffl,mid,147,Normal,31.5255,0.899951,0.278186
arm_d_nll_ssim_ffl,mid,148,Normal,32.7038,0.922323,0.237042
arm_d_nll_ssim_ffl,mid,149,Normal,31.7833,0.920233,0.222314
arm_d_nll_ssim_ffl,mid,150,Normal,32.0034,0.90233,0.289401
arm_d_nll_ssim_ffl,mid,151,Normal,31.2804,0.893311,0.300132
arm_d_nll_ssim_ffl,mid,152,Normal,30.8611,0.884475,0.269845
arm_d_nll_ssim_ffl,mid,153,Normal,32.6145,0.922102,0.248501
arm_d_nll_ssim_ffl,mid,154,Normal,33.5583,0.923428,0.281165
arm_d_nll_ssim_ffl,mid,155,Normal,31.6387,0.904228,0.231729
arm_d_nll_ssim_ffl,mid,156,Normal,31.5145,0.901535,0.255832
arm_d_nll_ssim_ffl,mid,157,Normal,32.7339,0.923637,0.196694
arm_d_nll_ssim_ffl,mid,158,Normal,32.0104,0.921332,0.227072
arm_d_nll_ssim_ffl,mid,159,Normal,33.1299,0.925517,0.255435
arm_d_nll_ssim_ffl,mid,160,Normal,33.522,0.923173,0.288279
arm_d_nll_ssim_ffl,mid,161,Normal,32.8709,0.917595,0.236773
arm_d_nll_ssim_ffl,mid,162,Normal,32.6209,0.918636,0.211781
arm_d_nll_ssim_ffl,mid,163,Normal,32.989,0.913236,0.237866
arm_d_nll_ssim_ffl,mid,164,Normal,34.0293,0.934048,0.290343
arm_d_nll_ssim_ffl,mid,165,Normal,33.9072,0.912982,0.339383
arm_d_nll_ssim_ffl,mid,166,Normal,33.7064,0.922359,0.211229
arm_d_nll_ssim_ffl,mid,167,Normal,31.8587,0.895473,0.323002
arm_d_nll_ssim_ffl,mid,168,Normal,31.9422,0.923137,0.213955
arm_d_nll_ssim_ffl,mid,169,Normal,29.7418,0.896702,0.233652
arm_d_nll_ssim_ffl,mid,170,Normal,31.7392,0.900153,0.284377
arm_d_nll_ssim_ffl,mid,171,Normal,32.0001,0.912068,0.260557
arm_d_nll_ssim_ffl,mid,172,Normal,32.2982,0.908358,0.25248
arm_d_nll_ssim_ffl,mid,173,Normal,31.6869,0.894479,0.28819
arm_d_nll_ssim_ffl,mid,174,Normal,33.215,0.920634,0.25176
arm_d_nll_ssim_ffl,mid,175,Normal,32.7272,0.918322,0.246497
arm_d_nll_ssim_ffl,mid,176,Normal,32.6923,0.928403,0.225768
arm_d_nll_ssim_ffl,mid,177,Normal,31.2919,0.895605,0.260641
arm_d_nll_ssim_ffl,mid,178,Normal,31.9289,0.906432,0.280592
arm_d_nll_ssim_ffl,mid,179,Normal,31.1273,0.880671,0.313493
arm_d_nll_ssim_ffl,mid,180,Normal,30.4575,0.898006,0.255398
arm_d_nll_ssim_ffl,mid,181,Normal,32.8721,0.922411,0.239086
arm_d_nll_ssim_ffl,mid,182,Normal,33.2945,0.913628,0.253157
arm_d_nll_ssim_ffl,mid,183,Normal,32.2081,0.916437,0.240914
arm_d_nll_ssim_ffl,mid,184,Normal,32.3337,0.919333,0.240372
arm_d_nll_ssim_ffl,mid,185,Normal,32.9291,0.917575,0.227569
arm_d_nll_ssim_ffl,mid,186,Normal,31.3896,0.905623,0.26209
arm_d_nll_ssim_ffl,mid,187,Normal,33.0285,0.925768,0.245104
arm_d_nll_ssim_ffl,mid,188,Normal,33.065,0.911698,0.266059
arm_d_nll_ssim_ffl,mid,189,Normal,32.6638,0.907944,0.261283
arm_d_nll_ssim_ffl,mid,190,Normal,30.9781,0.897614,0.261742
arm_d_nll_ssim_ffl,mid,191,Normal,32.9199,0.92116,0.223958
arm_d_nll_ssim_ffl,mid,192,Normal,34.1613,0.924409,0.28889
arm_d_nll_ssim_ffl,mid,193,Normal,31.5943,0.916848,0.221926
arm_d_nll_ssim_ffl,mid,194,Normal,31.767,0.910934,0.249374
arm_d_nll_ssim_ffl,mid,195,Normal,31.9396,0.914834,0.235388
arm_d_nll_ssim_ffl,mid,196,Normal,32.4209,0.908912,0.247004
arm_d_nll_ssim_ffl,mid,197,Normal,32.4641,0.91816,0.233121
arm_d_nll_ssim_ffl,mid,198,Normal,33.2323,0.92259,0.270245
arm_d_nll_ssim_ffl,mid,199,Normal,31.3708,0.905522,0.231533
arm_d_nll_ssim_ffl,mid,200,Normal,32.0695,0.914892,0.241188
arm_d_nll_ssim_ffl,mid,201,Normal,32.3523,0.917803,0.244483
arm_d_nll_ssim_ffl,mid,202,Normal,32.0094,0.914965,0.268516
arm_d_nll_ssim_ffl,mid,203,Normal,32.1975,0.921487,0.227256
arm_d_nll_ssim_ffl,mid,204,Normal,31.5721,0.91707,0.225207
arm_d_nll_ssim_ffl,mid,205,Normal,33.3122,0.917598,0.252106
arm_d_nll_ssim_ffl,mid,206,Normal,33.6602,0.928153,0.231806
arm_d_nll_ssim_ffl,mid,207,Normal,32.9554,0.910688,0.2361
arm_d_nll_ssim_ffl,mid,208,Normal,31.9329,0.916008,0.241138
arm_d_nll_ssim_ffl,mid,209,Normal,31.4497,0.918107,0.236014
arm_d_nll_ssim_ffl,mid,210,Normal,31.6023,0.895868,0.305274
arm_d_nll_ssim_ffl,mid,211,Normal,32.5372,0.922971,0.206352
arm_d_nll_ssim_ffl,mid,212,Normal,33.2137,0.927211,0.239767
arm_d_nll_ssim_ffl,mid,213,Normal,32.8964,0.923504,0.251987
arm_d_nll_ssim_ffl,mid,214,Normal,32.1113,0.910891,0.241073
arm_d_nll_ssim_ffl,mid,215,Normal,31.9265,0.889434,0.306909
arm_d_nll_ssim_ffl,mid,216,Normal,31.704,0.915773,0.241466
arm_d_nll_ssim_ffl,mid,217,Normal,33.3691,0.91595,0.308385
arm_d_nll_ssim_ffl,mid,218,Normal,31.6387,0.896534,0.27587
arm_d_nll_ssim_ffl,mid,219,Normal,32.1929,0.917229,0.234511
arm_d_nll_ssim_ffl,mid,220,Normal,34.0491,0.921171,0.279887
arm_d_nll_ssim_ffl,mid,221,Normal,32.7285,0.925451,0.20232
arm_d_nll_ssim_ffl,mid,222,Normal,32.0658,0.914264,0.221184
arm_d_nll_ssim_ffl,mid,223,Normal,31.7353,0.908754,0.275044
arm_d_nll_ssim_ffl,mid,224,Normal,32.9192,0.927627,0.198263
arm_d_nll_ssim_ffl,mid,225,Normal,30.9386,0.879822,0.303493
arm_d_nll_ssim_ffl,mid,226,Normal,33.124,0.92325,0.238113
arm_d_nll_ssim_ffl,mid,227,Normal,31.602,0.917667,0.23161
arm_d_nll_ssim_ffl,mid,228,Normal,33.7072,0.92303,0.222244
arm_d_nll_ssim_ffl,mid,229,Normal,32.1985,0.922499,0.21381
arm_d_nll_ssim_ffl,mid,230,Normal,31.8726,0.916033,0.253876
arm_d_nll_ssim_ffl,mid,231,Normal,31.911,0.903552,0.265691
arm_d_nll_ssim_ffl,mid,232,Normal,33.2883,0.924754,0.235911
arm_d_nll_ssim_ffl,mid,233,Normal,32.6435,0.916541,0.257411
arm_d_nll_ssim_ffl,mid,234,Bacterial,33.8247,0.917138,0.326334
arm_d_nll_ssim_ffl,mid,235,Bacterial,32.0364,0.90638,0.31182
arm_d_nll_ssim_ffl,mid,236,Bacterial,34.1278,0.9228,0.286947
arm_d_nll_ssim_ffl,mid,237,Bacterial,33.744,0.915964,0.306255
arm_d_nll_ssim_ffl,mid,238,Bacterial,34.5003,0.916669,0.344083
arm_d_nll_ssim_ffl,mid,239,Bacterial,33.5582,0.922689,0.289827
arm_d_nll_ssim_ffl,mid,240,Bacterial,33.8995,0.91346,0.309696
arm_d_nll_ssim_ffl,mid,241,Bacterial,32.7699,0.906908,0.341714
arm_d_nll_ssim_ffl,mid,242,Bacterial,34.1114,0.916571,0.304949
arm_d_nll_ssim_ffl,mid,243,Bacterial,32.8868,0.903958,0.331936
arm_d_nll_ssim_ffl,mid,244,Bacterial,31.7267,0.899973,0.247125
arm_d_nll_ssim_ffl,mid,245,Bacterial,32.7567,0.923454,0.239263
arm_d_nll_ssim_ffl,mid,246,Bacterial,33.3232,0.928993,0.274057
arm_d_nll_ssim_ffl,mid,247,Bacterial,32.7993,0.921422,0.283617
arm_d_nll_ssim_ffl,mid,248,Bacterial,34.4626,0.922844,0.270892
arm_d_nll_ssim_ffl,mid,249,Bacterial,34.7253,0.923339,0.322501
arm_d_nll_ssim_ffl,mid,250,Bacterial,34.1312,0.905452,0.324558
arm_d_nll_ssim_ffl,mid,251,Bacterial,32.0822,0.911497,0.236615
arm_d_nll_ssim_ffl,mid,252,Bacterial,34.4341,0.911217,0.326994
arm_d_nll_ssim_ffl,mid,253,Bacterial,33.3978,0.918133,0.326072
arm_d_nll_ssim_ffl,mid,254,Bacterial,32.4755,0.905793,0.256135
arm_d_nll_ssim_ffl,mid,255,Bacterial,32.9966,0.914128,0.283172
arm_d_nll_ssim_ffl,mid,256,Bacterial,32.2538,0.904383,0.299121
arm_d_nll_ssim_ffl,mid,257,Bacterial,33.5073,0.918868,0.30683
arm_d_nll_ssim_ffl,mid,258,Bacterial,33.4212,0.900981,0.344642
arm_d_nll_ssim_ffl,mid,259,Bacterial,33.637,0.917535,0.318215
arm_d_nll_ssim_ffl,mid,260,Bacterial,33.8293,0.925195,0.300248
arm_d_nll_ssim_ffl,mid,261,Bacterial,31.8332,0.909181,0.22292
arm_d_nll_ssim_ffl,mid,262,Bacterial,35.0868,0.922925,0.298863
arm_d_nll_ssim_ffl,mid,263,Bacterial,34.738,0.926783,0.309248
arm_d_nll_ssim_ffl,mid,264,Bacterial,34.4636,0.915984,0.304662
arm_d_nll_ssim_ffl,mid,265,Bacterial,34.7064,0.925009,0.318379
arm_d_nll_ssim_ffl,mid,266,Bacterial,34.3048,0.91732,0.301118
arm_d_nll_ssim_ffl,mid,267,Bacterial,32.9431,0.90349,0.304586
arm_d_nll_ssim_ffl,mid,268,Bacterial,34.0578,0.910835,0.334687
arm_d_nll_ssim_ffl,mid,269,Bacterial,33.8667,0.924645,0.29445
arm_d_nll_ssim_ffl,mid,270,Bacterial,34.7059,0.93621,0.269183
arm_d_nll_ssim_ffl,mid,271,Bacterial,33.9452,0.924505,0.244712
arm_d_nll_ssim_ffl,mid,272,Bacterial,34.3778,0.926221,0.32149
arm_d_nll_ssim_ffl,mid,273,Bacterial,34.3672,0.920918,0.304564
arm_d_nll_ssim_ffl,mid,274,Bacterial,32.7844,0.908915,0.277449
arm_d_nll_ssim_ffl,mid,275,Bacterial,32.0488,0.904598,0.309537
arm_d_nll_ssim_ffl,mid,276,Bacterial,31.4785,0.904665,0.225621
arm_d_nll_ssim_ffl,mid,277,Bacterial,33.0855,0.904738,0.319808
arm_d_nll_ssim_ffl,mid,278,Bacterial,33.402,0.908297,0.316475
arm_d_nll_ssim_ffl,mid,279,Bacterial,33.3768,0.915302,0.283422
arm_d_nll_ssim_ffl,mid,280,Bacterial,34.1609,0.914073,0.286103
arm_d_nll_ssim_ffl,mid,281,Bacterial,33.3461,0.896268,0.32698
arm_d_nll_ssim_ffl,mid,282,Bacterial,32.4937,0.902971,0.314631
arm_d_nll_ssim_ffl,mid,283,Bacterial,33.7073,0.910864,0.314833
arm_d_nll_ssim_ffl,mid,284,Bacterial,31.8228,0.90133,0.360382
arm_d_nll_ssim_ffl,mid,285,Bacterial,34.5588,0.914626,0.342351
arm_d_nll_ssim_ffl,mid,286,Bacterial,32.7627,0.920421,0.299324
arm_d_nll_ssim_ffl,mid,287,Bacterial,32.7256,0.911078,0.307392
arm_d_nll_ssim_ffl,mid,288,Bacterial,34.3661,0.920737,0.288641
arm_d_nll_ssim_ffl,mid,289,Bacterial,33.117,0.905166,0.28915
arm_d_nll_ssim_ffl,mid,290,Bacterial,34.4875,0.921888,0.308936
arm_d_nll_ssim_ffl,mid,291,Bacterial,33.2455,0.911876,0.306103
arm_d_nll_ssim_ffl,mid,292,Bacterial,32.7702,0.910427,0.253758
arm_d_nll_ssim_ffl,mid,293,Bacterial,34.567,0.924192,0.289032
arm_d_nll_ssim_ffl,mid,294,Bacterial,33.6077,0.920427,0.292852
arm_d_nll_ssim_ffl,mid,295,Bacterial,32.6086,0.91593,0.276958
arm_d_nll_ssim_ffl,mid,296,Bacterial,33.9676,0.92218,0.290588
arm_d_nll_ssim_ffl,mid,297,Bacterial,33.3078,0.920336,0.290626
arm_d_nll_ssim_ffl,mid,298,Bacterial,31.3246,0.891683,0.311534
arm_d_nll_ssim_ffl,mid,299,Bacterial,31.979,0.904426,0.314248
arm_d_nll_ssim_ffl,mid,300,Bacterial,31.6923,0.907533,0.284898
arm_d_nll_ssim_ffl,mid,301,Bacterial,31.5339,0.900632,0.246137
arm_d_nll_ssim_ffl,mid,302,Bacterial,32.9625,0.911798,0.261315
arm_d_nll_ssim_ffl,mid,303,Bacterial,32.402,0.919445,0.317516
arm_d_nll_ssim_ffl,mid,304,Bacterial,33.536,0.913693,0.318268
arm_d_nll_ssim_ffl,mid,305,Bacterial,34.4601,0.919316,0.290608
arm_d_nll_ssim_ffl,mid,306,Bacterial,32.9908,0.916546,0.310594
arm_d_nll_ssim_ffl,mid,307,Bacterial,32.9608,0.918356,0.302403
arm_d_nll_ssim_ffl,mid,308,Bacterial,32.7459,0.911698,0.273361
arm_d_nll_ssim_ffl,mid,309,Bacterial,33.0004,0.916565,0.273072
arm_d_nll_ssim_ffl,mid,310,Bacterial,31.5426,0.906105,0.237873
arm_d_nll_ssim_ffl,mid,311,Bacterial,32.9653,0.909771,0.297403
arm_d_nll_ssim_ffl,mid,312,Bacterial,31.9689,0.915011,0.268581
arm_d_nll_ssim_ffl,mid,313,Bacterial,33.7251,0.910148,0.34053
arm_d_nll_ssim_ffl,mid,314,Bacterial,32.6828,0.903112,0.263721
arm_d_nll_ssim_ffl,mid,315,Bacterial,34.877,0.931822,0.323228
arm_d_nll_ssim_ffl,mid,316,Bacterial,34.3244,0.920705,0.328004
arm_d_nll_ssim_ffl,mid,317,Bacterial,34.2188,0.916249,0.355229
arm_d_nll_ssim_ffl,mid,318,Bacterial,33.8601,0.92004,0.295399
arm_d_nll_ssim_ffl,mid,319,Bacterial,33.6859,0.907382,0.305079
arm_d_nll_ssim_ffl,mid,320,Bacterial,34.1842,0.909127,0.338733
arm_d_nll_ssim_ffl,mid,321,Bacterial,31.391,0.911597,0.289163
arm_d_nll_ssim_ffl,mid,322,Bacterial,32.7192,0.914318,0.302638
arm_d_nll_ssim_ffl,mid,323,Bacterial,32.6682,0.920003,0.256545
arm_d_nll_ssim_ffl,mid,324,Bacterial,31.8583,0.917222,0.261379
arm_d_nll_ssim_ffl,mid,325,Bacterial,31.6095,0.914259,0.252396
arm_d_nll_ssim_ffl,mid,326,Bacterial,32.8976,0.918729,0.294958
arm_d_nll_ssim_ffl,mid,327,Bacterial,33.83,0.924631,0.274371
arm_d_nll_ssim_ffl,mid,328,Bacterial,33.9029,0.925484,0.301573
arm_d_nll_ssim_ffl,mid,329,Bacterial,33.4119,0.925349,0.193087
arm_d_nll_ssim_ffl,mid,330,Bacterial,34.8282,0.915597,0.314653
arm_d_nll_ssim_ffl,mid,331,Bacterial,33.8171,0.92858,0.274974
arm_d_nll_ssim_ffl,mid,332,Bacterial,34.8536,0.926036,0.298014
arm_d_nll_ssim_ffl,mid,333,Bacterial,34.6195,0.928593,0.292385
arm_d_nll_ssim_ffl,mid,334,Bacterial,34.8436,0.931767,0.281171
arm_d_nll_ssim_ffl,mid,335,Bacterial,32.407,0.90965,0.276777
arm_d_nll_ssim_ffl,mid,336,Bacterial,34.3796,0.922702,0.286708
arm_d_nll_ssim_ffl,mid,337,Bacterial,33.4008,0.911397,0.303022
arm_d_nll_ssim_ffl,mid,338,Bacterial,34.1757,0.917148,0.313966
arm_d_nll_ssim_ffl,mid,339,Bacterial,32.5549,0.912711,0.233333
arm_d_nll_ssim_ffl,mid,340,Bacterial,34.3108,0.920644,0.288108
arm_d_nll_ssim_ffl,mid,341,Bacterial,33.3181,0.92145,0.29278
arm_d_nll_ssim_ffl,mid,342,Bacterial,33.2782,0.917239,0.29831
arm_d_nll_ssim_ffl,mid,343,Bacterial,33.8799,0.915769,0.328084
arm_d_nll_ssim_ffl,mid,344,Bacterial,34.5031,0.925757,0.302847
arm_d_nll_ssim_ffl,mid,345,Bacterial,33.0654,0.915125,0.336853
arm_d_nll_ssim_ffl,mid,346,Bacterial,32.1869,0.905137,0.310001
arm_d_nll_ssim_ffl,mid,347,Bacterial,33.9232,0.922909,0.314866
arm_d_nll_ssim_ffl,mid,348,Bacterial,33.4686,0.90903,0.319821
arm_d_nll_ssim_ffl,mid,349,Bacterial,34.7677,0.926695,0.300182
arm_d_nll_ssim_ffl,mid,350,Bacterial,35.0359,0.925529,0.329996
arm_d_nll_ssim_ffl,mid,351,Bacterial,32.0662,0.912761,0.257297
arm_d_nll_ssim_ffl,mid,352,Bacterial,34.2118,0.922857,0.289227
arm_d_nll_ssim_ffl,mid,353,Bacterial,33.5804,0.925393,0.278709
arm_d_nll_ssim_ffl,mid,354,Bacterial,34.7602,0.915762,0.341869
arm_d_nll_ssim_ffl,mid,355,Bacterial,34.0857,0.916488,0.281126
arm_d_nll_ssim_ffl,mid,356,Bacterial,33.8116,0.915897,0.282149
arm_d_nll_ssim_ffl,mid,357,Bacterial,34.1318,0.912267,0.295678
arm_d_nll_ssim_ffl,mid,358,Bacterial,33.9981,0.911877,0.357224
arm_d_nll_ssim_ffl,mid,359,Bacterial,32.9046,0.917375,0.223617
arm_d_nll_ssim_ffl,mid,360,Bacterial,33.3098,0.920212,0.295912
arm_d_nll_ssim_ffl,mid,361,Bacterial,34.5247,0.92311,0.289267
arm_d_nll_ssim_ffl,mid,362,Bacterial,33.9617,0.924089,0.326023
arm_d_nll_ssim_ffl,mid,363,Bacterial,32.968,0.934183,0.247355
arm_d_nll_ssim_ffl,mid,364,Bacterial,34.7325,0.925715,0.274333
arm_d_nll_ssim_ffl,mid,365,Bacterial,31.5634,0.911932,0.268411
arm_d_nll_ssim_ffl,mid,366,Bacterial,34.1668,0.923422,0.31349
arm_d_nll_ssim_ffl,mid,367,Bacterial,32.8003,0.919243,0.220315
arm_d_nll_ssim_ffl,mid,368,Bacterial,33.4313,0.910494,0.293543
arm_d_nll_ssim_ffl,mid,369,Bacterial,32.3435,0.911159,0.233373
arm_d_nll_ssim_ffl,mid,370,Bacterial,31.2224,0.909542,0.229022
arm_d_nll_ssim_ffl,mid,371,Bacterial,33.7687,0.92098,0.274227
arm_d_nll_ssim_ffl,mid,372,Bacterial,32.8105,0.899783,0.365883
arm_d_nll_ssim_ffl,mid,373,Bacterial,33.9001,0.918544,0.295281
arm_d_nll_ssim_ffl,mid,374,Bacterial,32.8213,0.912787,0.287323
arm_d_nll_ssim_ffl,mid,375,Bacterial,33.3087,0.919153,0.301744
arm_d_nll_ssim_ffl,mid,376,Bacterial,32.1458,0.916334,0.296741
arm_d_nll_ssim_ffl,mid,377,Bacterial,33.4326,0.918828,0.306662
arm_d_nll_ssim_ffl,mid,378,Bacterial,32.7401,0.910443,0.226132
arm_d_nll_ssim_ffl,mid,379,Bacterial,33.4812,0.920555,0.285266
arm_d_nll_ssim_ffl,mid,380,Bacterial,33.9309,0.928926,0.288613
arm_d_nll_ssim_ffl,mid,381,Bacterial,31.4686,0.908781,0.23493
arm_d_nll_ssim_ffl,mid,382,Bacterial,33.0246,0.912667,0.290883
arm_d_nll_ssim_ffl,mid,383,Bacterial,31.9535,0.900901,0.270224
arm_d_nll_ssim_ffl,mid,384,Bacterial,31.5014,0.908059,0.227698
arm_d_nll_ssim_ffl,mid,385,Bacterial,31.341,0.907988,0.256482
arm_d_nll_ssim_ffl,mid,386,Bacterial,33.9649,0.926851,0.261079
arm_d_nll_ssim_ffl,mid,387,Bacterial,33.8921,0.928027,0.250162
arm_d_nll_ssim_ffl,mid,388,Bacterial,32.5034,0.926392,0.183406
arm_d_nll_ssim_ffl,mid,389,Bacterial,31.533,0.907971,0.264056
arm_d_nll_ssim_ffl,mid,390,Bacterial,33.5495,0.917095,0.258413
arm_d_nll_ssim_ffl,mid,391,Bacterial,32.0677,0.906861,0.356063
arm_d_nll_ssim_ffl,mid,392,Bacterial,33.588,0.917055,0.31632
arm_d_nll_ssim_ffl,mid,393,Bacterial,33.6831,0.913974,0.323653
arm_d_nll_ssim_ffl,mid,394,Bacterial,33.8507,0.924114,0.29881
arm_d_nll_ssim_ffl,mid,395,Bacterial,33.5165,0.917337,0.293377
arm_d_nll_ssim_ffl,mid,396,Bacterial,31.7776,0.888849,0.314326
arm_d_nll_ssim_ffl,mid,397,Bacterial,35.0708,0.912699,0.335801
arm_d_nll_ssim_ffl,mid,398,Bacterial,34.3472,0.913306,0.344604
arm_d_nll_ssim_ffl,mid,399,Bacterial,32.4029,0.912947,0.306621
arm_d_nll_ssim_ffl,mid,400,Bacterial,32.9254,0.911165,0.279176
arm_d_nll_ssim_ffl,mid,401,Bacterial,31.681,0.902423,0.258632
arm_d_nll_ssim_ffl,mid,402,Bacterial,34.1788,0.914769,0.329078
arm_d_nll_ssim_ffl,mid,403,Bacterial,33.0816,0.921064,0.282412
arm_d_nll_ssim_ffl,mid,404,Bacterial,33.0865,0.906444,0.295313
arm_d_nll_ssim_ffl,mid,405,Bacterial,32.9377,0.914403,0.290241
arm_d_nll_ssim_ffl,mid,406,Bacterial,35.293,0.929336,0.280447
arm_d_nll_ssim_ffl,mid,407,Bacterial,32.9762,0.918176,0.293077
arm_d_nll_ssim_ffl,mid,408,Bacterial,33.4092,0.920925,0.266021
arm_d_nll_ssim_ffl,mid,409,Bacterial,32.5181,0.91033,0.260896
arm_d_nll_ssim_ffl,mid,410,Bacterial,31.5245,0.903943,0.260314
arm_d_nll_ssim_ffl,mid,411,Bacterial,32.9308,0.902879,0.300233
arm_d_nll_ssim_ffl,mid,412,Bacterial,33.8434,0.910037,0.310614
arm_d_nll_ssim_ffl,mid,413,Bacterial,31.5701,0.89457,0.245796
arm_d_nll_ssim_ffl,mid,414,Bacterial,34.577,0.917908,0.308804
arm_d_nll_ssim_ffl,mid,415,Bacterial,33.3443,0.910923,0.339094
arm_d_nll_ssim_ffl,mid,416,Bacterial,35.0273,0.924838,0.313402
arm_d_nll_ssim_ffl,mid,417,Bacterial,33.7564,0.910719,0.272648
arm_d_nll_ssim_ffl,mid,418,Bacterial,34.4204,0.925992,0.262349
arm_d_nll_ssim_ffl,mid,419,Bacterial,33.2458,0.923382,0.220673
arm_d_nll_ssim_ffl,mid,420,Bacterial,33.6574,0.927192,0.271143
arm_d_nll_ssim_ffl,mid,421,Bacterial,33.2152,0.921117,0.278575
arm_d_nll_ssim_ffl,mid,422,Bacterial,32.9048,0.907616,0.313994
arm_d_nll_ssim_ffl,mid,423,Bacterial,33.5465,0.921467,0.323639
arm_d_nll_ssim_ffl,mid,424,Bacterial,33.4277,0.918899,0.327949
arm_d_nll_ssim_ffl,mid,425,Bacterial,34.2523,0.917231,0.31421
arm_d_nll_ssim_ffl,mid,426,Bacterial,35.5849,0.923063,0.333222
arm_d_nll_ssim_ffl,mid,427,Bacterial,35.1496,0.91585,0.381021
arm_d_nll_ssim_ffl,mid,428,Bacterial,34.505,0.919078,0.367476
arm_d_nll_ssim_ffl,mid,429,Bacterial,32.159,0.911573,0.260237
arm_d_nll_ssim_ffl,mid,430,Bacterial,34.6218,0.926486,0.283583
arm_d_nll_ssim_ffl,mid,431,Bacterial,34.6284,0.910752,0.340749
arm_d_nll_ssim_ffl,mid,432,Bacterial,34.465,0.92375,0.287757
arm_d_nll_ssim_ffl,mid,433,Bacterial,32.8359,0.90277,0.321203
arm_d_nll_ssim_ffl,mid,434,Bacterial,33.7267,0.917871,0.279008
arm_d_nll_ssim_ffl,mid,435,Bacterial,32.9491,0.916247,0.277574
arm_d_nll_ssim_ffl,mid,436,Bacterial,32.329,0.915708,0.198018
arm_d_nll_ssim_ffl,mid,437,Bacterial,34.7173,0.91816,0.270558
arm_d_nll_ssim_ffl,mid,438,Bacterial,32.0838,0.898666,0.313253
arm_d_nll_ssim_ffl,mid,439,Bacterial,33.395,0.912686,0.314425
arm_d_nll_ssim_ffl,mid,440,Bacterial,32.4945,0.912407,0.286315
arm_d_nll_ssim_ffl,mid,441,Bacterial,32.189,0.909855,0.269947
arm_d_nll_ssim_ffl,mid,442,Bacterial,34.1764,0.924257,0.283514
arm_d_nll_ssim_ffl,mid,443,Bacterial,34.3676,0.921998,0.300617
arm_d_nll_ssim_ffl,mid,444,Bacterial,33.5477,0.91872,0.266503
arm_d_nll_ssim_ffl,mid,445,Bacterial,33.5991,0.913349,0.331379
arm_d_nll_ssim_ffl,mid,446,Bacterial,33.3853,0.914249,0.320734
arm_d_nll_ssim_ffl,mid,447,Bacterial,34.4227,0.910095,0.330572
arm_d_nll_ssim_ffl,mid,448,Bacterial,34.3068,0.923511,0.35468
arm_d_nll_ssim_ffl,mid,449,Bacterial,32.4288,0.906065,0.273483
arm_d_nll_ssim_ffl,mid,450,Bacterial,32.9835,0.916591,0.292573
arm_d_nll_ssim_ffl,mid,451,Bacterial,31.6639,0.905018,0.233396
arm_d_nll_ssim_ffl,mid,452,Bacterial,32.6761,0.914112,0.297398
arm_d_nll_ssim_ffl,mid,453,Bacterial,34.3103,0.922985,0.293184
arm_d_nll_ssim_ffl,mid,454,Bacterial,32.8052,0.921694,0.286004
arm_d_nll_ssim_ffl,mid,455,Bacterial,34.5409,0.925348,0.319095
arm_d_nll_ssim_ffl,mid,456,Bacterial,31.3568,0.903268,0.293705
arm_d_nll_ssim_ffl,mid,457,Bacterial,34.1743,0.918737,0.329871
arm_d_nll_ssim_ffl,mid,458,Bacterial,34.3839,0.92726,0.292681
arm_d_nll_ssim_ffl,mid,459,Bacterial,34.888,0.92058,0.323493
arm_d_nll_ssim_ffl,mid,460,Bacterial,33.3592,0.917991,0.280714
arm_d_nll_ssim_ffl,mid,461,Bacterial,33.2466,0.921157,0.250909
arm_d_nll_ssim_ffl,mid,462,Bacterial,32.5254,0.913188,0.240841
arm_d_nll_ssim_ffl,mid,463,Bacterial,34.3787,0.916758,0.315472
arm_d_nll_ssim_ffl,mid,464,Bacterial,32.9444,0.910288,0.293058
arm_d_nll_ssim_ffl,mid,465,Bacterial,34.2842,0.922519,0.300983
arm_d_nll_ssim_ffl,mid,466,Bacterial,33.3096,0.91222,0.307004
arm_d_nll_ssim_ffl,mid,467,Bacterial,33.5047,0.905416,0.3582
arm_d_nll_ssim_ffl,mid,468,Bacterial,33.6768,0.922679,0.283055
arm_d_nll_ssim_ffl,mid,469,Bacterial,34.5156,0.910316,0.314434
arm_d_nll_ssim_ffl,mid,470,Bacterial,33.2505,0.910038,0.316988
arm_d_nll_ssim_ffl,mid,471,Bacterial,32.5109,0.908484,0.240313
arm_d_nll_ssim_ffl,mid,472,Bacterial,33.0086,0.916326,0.219744
arm_d_nll_ssim_ffl,mid,473,Bacterial,30.7942,0.899224,0.322695
arm_d_nll_ssim_ffl,mid,474,Bacterial,32.3457,0.919276,0.281449
arm_d_nll_ssim_ffl,mid,475,Bacterial,31.4005,0.899446,0.26181
arm_d_nll_ssim_ffl,mid,476,Viral,32.5875,0.920608,0.300239
arm_d_nll_ssim_ffl,mid,477,Viral,32.8729,0.925618,0.274409
arm_d_nll_ssim_ffl,mid,478,Viral,32.9597,0.927256,0.265417
arm_d_nll_ssim_ffl,mid,479,Viral,33.5788,0.917053,0.272841
arm_d_nll_ssim_ffl,mid,480,Viral,34.5549,0.915591,0.344536
arm_d_nll_ssim_ffl,mid,481,Viral,32.8494,0.923251,0.305523
arm_d_nll_ssim_ffl,mid,482,Viral,31.9967,0.900529,0.259346
arm_d_nll_ssim_ffl,mid,483,Viral,33.5679,0.91301,0.312296
arm_d_nll_ssim_ffl,mid,484,Viral,33.2129,0.912746,0.341753
arm_d_nll_ssim_ffl,mid,485,Viral,33.0944,0.916677,0.309542
arm_d_nll_ssim_ffl,mid,486,Viral,33.9544,0.908438,0.346674
arm_d_nll_ssim_ffl,mid,487,Viral,33.638,0.916144,0.287111
arm_d_nll_ssim_ffl,mid,488,Viral,32.7696,0.924555,0.24579
arm_d_nll_ssim_ffl,mid,489,Viral,33.6034,0.923541,0.271684
arm_d_nll_ssim_ffl,mid,490,Viral,33.1795,0.913782,0.329283
arm_d_nll_ssim_ffl,mid,491,Viral,32.782,0.916891,0.298881
arm_d_nll_ssim_ffl,mid,492,Viral,32.5551,0.916471,0.303386
arm_d_nll_ssim_ffl,mid,493,Viral,33.1209,0.918648,0.286533
arm_d_nll_ssim_ffl,mid,494,Viral,33.0994,0.918244,0.291313
arm_d_nll_ssim_ffl,mid,495,Viral,32.2232,0.916335,0.28422
arm_d_nll_ssim_ffl,mid,496,Viral,33.5481,0.913812,0.316071
arm_d_nll_ssim_ffl,mid,497,Viral,32.6139,0.924302,0.229053
arm_d_nll_ssim_ffl,mid,498,Viral,34.0188,0.927189,0.287057
arm_d_nll_ssim_ffl,mid,499,Viral,33.9074,0.912256,0.279132
arm_d_nll_ssim_ffl,mid,500,Viral,32.5094,0.907222,0.33726
arm_d_nll_ssim_ffl,mid,501,Viral,31.8548,0.911597,0.244424
arm_d_nll_ssim_ffl,mid,502,Viral,32.9001,0.919732,0.283807
arm_d_nll_ssim_ffl,mid,503,Viral,32.1017,0.922092,0.265385
arm_d_nll_ssim_ffl,mid,504,Viral,32.5586,0.916001,0.276323
arm_d_nll_ssim_ffl,mid,505,Viral,33.8048,0.926331,0.241087
arm_d_nll_ssim_ffl,mid,506,Viral,32.59,0.9044,0.302615
arm_d_nll_ssim_ffl,mid,507,Viral,31.7794,0.901558,0.258499
arm_d_nll_ssim_ffl,mid,508,Viral,33.799,0.915592,0.340864
arm_d_nll_ssim_ffl,mid,509,Viral,32.1067,0.909486,0.29089
arm_d_nll_ssim_ffl,mid,510,Viral,30.6389,0.908554,0.265596
arm_d_nll_ssim_ffl,mid,511,Viral,32.612,0.923848,0.257345
arm_d_nll_ssim_ffl,mid,512,Viral,34.3745,0.924477,0.283864
arm_d_nll_ssim_ffl,mid,513,Viral,31.9602,0.917641,0.282784
arm_d_nll_ssim_ffl,mid,514,Viral,31.8241,0.917549,0.233341
arm_d_nll_ssim_ffl,mid,515,Viral,33.4673,0.918444,0.277947
arm_d_nll_ssim_ffl,mid,516,Viral,33.9423,0.92161,0.271682
arm_d_nll_ssim_ffl,mid,517,Viral,31.9379,0.91522,0.299614
arm_d_nll_ssim_ffl,mid,518,Viral,32.1175,0.911055,0.221205
arm_d_nll_ssim_ffl,mid,519,Viral,33.8477,0.941909,0.212584
arm_d_nll_ssim_ffl,mid,520,Viral,33.4652,0.925374,0.281503
arm_d_nll_ssim_ffl,mid,521,Viral,32.8313,0.921653,0.247621
arm_d_nll_ssim_ffl,mid,522,Viral,33.9069,0.92618,0.26001
arm_d_nll_ssim_ffl,mid,523,Viral,34.0317,0.929277,0.288262
arm_d_nll_ssim_ffl,mid,524,Viral,34.1713,0.926042,0.314195
arm_d_nll_ssim_ffl,mid,525,Viral,34.1187,0.929421,0.263472
arm_d_nll_ssim_ffl,mid,526,Viral,33.5439,0.916291,0.31965
arm_d_nll_ssim_ffl,mid,527,Viral,33.4677,0.909339,0.345966
arm_d_nll_ssim_ffl,mid,528,Viral,33.3218,0.91893,0.289807
arm_d_nll_ssim_ffl,mid,529,Viral,31.6216,0.888707,0.307496
arm_d_nll_ssim_ffl,mid,530,Viral,33.2631,0.918673,0.301621
arm_d_nll_ssim_ffl,mid,531,Viral,32.9427,0.923437,0.253891
arm_d_nll_ssim_ffl,mid,532,Viral,32.8545,0.917716,0.301307
arm_d_nll_ssim_ffl,mid,533,Viral,32.4211,0.915916,0.260767
arm_d_nll_ssim_ffl,mid,534,Viral,31.378,0.911761,0.306903
arm_d_nll_ssim_ffl,mid,535,Viral,32.3769,0.918938,0.264603
arm_d_nll_ssim_ffl,mid,536,Viral,33.9746,0.910122,0.321538
arm_d_nll_ssim_ffl,mid,537,Viral,32.748,0.913981,0.328111
arm_d_nll_ssim_ffl,mid,538,Viral,34.2752,0.919654,0.345662
arm_d_nll_ssim_ffl,mid,539,Viral,32.932,0.923923,0.229245
arm_d_nll_ssim_ffl,mid,540,Viral,33.3005,0.918175,0.278765
arm_d_nll_ssim_ffl,mid,541,Viral,32.4744,0.918207,0.287629
arm_d_nll_ssim_ffl,mid,542,Viral,34.2297,0.929806,0.247651
arm_d_nll_ssim_ffl,mid,543,Viral,34.9827,0.925681,0.306348
arm_d_nll_ssim_ffl,mid,544,Viral,31.928,0.913393,0.254921
arm_d_nll_ssim_ffl,mid,545,Viral,31.9501,0.915781,0.265544
arm_d_nll_ssim_ffl,mid,546,Viral,34.0001,0.917702,0.30586
arm_d_nll_ssim_ffl,mid,547,Viral,33.7817,0.91816,0.30855
arm_d_nll_ssim_ffl,mid,548,Viral,32.041,0.911694,0.282788
arm_d_nll_ssim_ffl,mid,549,Viral,35.4099,0.917082,0.333398
arm_d_nll_ssim_ffl,mid,550,Viral,35.3186,0.915755,0.336515
arm_d_nll_ssim_ffl,mid,551,Viral,32.9247,0.91607,0.286793
arm_d_nll_ssim_ffl,mid,552,Viral,33.7924,0.929656,0.285392
arm_d_nll_ssim_ffl,mid,553,Viral,34.278,0.92032,0.263352
arm_d_nll_ssim_ffl,mid,554,Viral,32.7778,0.919611,0.291704
arm_d_nll_ssim_ffl,mid,555,Viral,32.0536,0.921417,0.250822
arm_d_nll_ssim_ffl,mid,556,Viral,33.1348,0.915581,0.267644
arm_d_nll_ssim_ffl,mid,557,Viral,33.5888,0.909499,0.286633
arm_d_nll_ssim_ffl,mid,558,Viral,32.8589,0.918411,0.277621
arm_d_nll_ssim_ffl,mid,559,Viral,33.9865,0.915343,0.334657
arm_d_nll_ssim_ffl,mid,560,Viral,34.0964,0.929854,0.271525
arm_d_nll_ssim_ffl,mid,561,Viral,32.6607,0.914801,0.260667
arm_d_nll_ssim_ffl,mid,562,Viral,33.0921,0.920248,0.271956
arm_d_nll_ssim_ffl,mid,563,Viral,33.1224,0.920682,0.261166
arm_d_nll_ssim_ffl,mid,564,Viral,33.2428,0.924349,0.279843
arm_d_nll_ssim_ffl,mid,565,Viral,33.6782,0.92062,0.310087
arm_d_nll_ssim_ffl,mid,566,Viral,32.3965,0.920528,0.296337
arm_d_nll_ssim_ffl,mid,567,Viral,32.8691,0.9264,0.273621
arm_d_nll_ssim_ffl,mid,568,Viral,32.6692,0.915991,0.28414
arm_d_nll_ssim_ffl,mid,569,Viral,32.9314,0.91644,0.312159
arm_d_nll_ssim_ffl,mid,570,Viral,32.2841,0.91901,0.259817
arm_d_nll_ssim_ffl,mid,571,Viral,33.5578,0.92283,0.260015
arm_d_nll_ssim_ffl,mid,572,Viral,32.7199,0.909999,0.323032
arm_d_nll_ssim_ffl,mid,573,Viral,33.2241,0.920485,0.251414
arm_d_nll_ssim_ffl,mid,574,Viral,34.7579,0.936537,0.30858
arm_d_nll_ssim_ffl,mid,575,Viral,33.6083,0.923937,0.268166
arm_d_nll_ssim_ffl,mid,576,Viral,32.971,0.92238,0.29016
arm_d_nll_ssim_ffl,mid,577,Viral,32.2912,0.920146,0.299031
arm_d_nll_ssim_ffl,mid,578,Viral,34.1749,0.931853,0.240477
arm_d_nll_ssim_ffl,mid,579,Viral,32.5678,0.92186,0.229308
arm_d_nll_ssim_ffl,mid,580,Viral,32.7124,0.924412,0.27127
arm_d_nll_ssim_ffl,mid,581,Viral,32.599,0.920004,0.251566
arm_d_nll_ssim_ffl,mid,582,Viral,32.989,0.915591,0.281686
arm_d_nll_ssim_ffl,mid,583,Viral,33.5054,0.916796,0.2838
arm_d_nll_ssim_ffl,mid,584,Viral,34.2404,0.919295,0.309883
arm_d_nll_ssim_ffl,mid,585,Viral,34.0967,0.930897,0.279699
arm_d_nll_ssim_ffl,mid,586,Viral,33.5815,0.910982,0.301838
arm_d_nll_ssim_ffl,mid,587,Viral,34.0269,0.908085,0.304155
arm_d_nll_ssim_ffl,mid,588,Viral,32.7043,0.909191,0.30492
arm_d_nll_ssim_ffl,mid,589,Viral,30.5933,0.902483,0.218526
arm_d_nll_ssim_ffl,mid,590,Viral,32.4821,0.915477,0.281325
arm_d_nll_ssim_ffl,mid,591,Viral,32.064,0.923201,0.246544
arm_d_nll_ssim_ffl,mid,592,Viral,32.439,0.92433,0.231129
arm_d_nll_ssim_ffl,mid,593,Viral,34.2561,0.901796,0.279282
arm_d_nll_ssim_ffl,mid,594,Viral,34.2566,0.928882,0.294023
arm_d_nll_ssim_ffl,mid,595,Viral,34.0348,0.921611,0.266032
arm_d_nll_ssim_ffl,mid,596,Viral,33.4299,0.922263,0.324371
arm_d_nll_ssim_ffl,mid,597,Viral,33.4175,0.923891,0.272551
arm_d_nll_ssim_ffl,mid,598,Viral,31.7484,0.911917,0.308209
arm_d_nll_ssim_ffl,mid,599,Viral,32.191,0.91972,0.236888
arm_d_nll_ssim_ffl,mid,600,Viral,33.2327,0.915084,0.299583
arm_d_nll_ssim_ffl,mid,601,Viral,33.7494,0.926196,0.290262
arm_d_nll_ssim_ffl,mid,602,Viral,32.4066,0.916126,0.287404
arm_d_nll_ssim_ffl,mid,603,Viral,32.4974,0.925124,0.257623
arm_d_nll_ssim_ffl,mid,604,Viral,32.9562,0.926897,0.25269
arm_d_nll_ssim_ffl,mid,605,Viral,34.1879,0.924006,0.286057
arm_d_nll_ssim_ffl,mid,606,Viral,33.6924,0.922348,0.297598
arm_d_nll_ssim_ffl,mid,607,Viral,33.8611,0.927111,0.280811
arm_d_nll_ssim_ffl,mid,608,Viral,34.1855,0.927552,0.29559
arm_d_nll_ssim_ffl,mid,609,Viral,34.0501,0.92934,0.289901
arm_d_nll_ssim_ffl,mid,610,Viral,34.2845,0.925376,0.287518
arm_d_nll_ssim_ffl,mid,611,Viral,32.1425,0.919,0.272669
arm_d_nll_ssim_ffl,mid,612,Viral,31.8747,0.913906,0.28427
arm_d_nll_ssim_ffl,mid,613,Viral,32.8931,0.921508,0.290001
arm_d_nll_ssim_ffl,mid,614,Viral,33.9285,0.927934,0.284086
arm_d_nll_ssim_ffl,mid,615,Viral,34.1421,0.916764,0.286562
arm_d_nll_ssim_ffl,mid,616,Viral,33.7769,0.921135,0.279727
arm_d_nll_ssim_ffl,mid,617,Viral,33.1336,0.914852,0.321754
arm_d_nll_ssim_ffl,mid,618,Viral,32.4163,0.914067,0.302196
arm_d_nll_ssim_ffl,mid,619,Viral,33.0127,0.919479,0.265389
arm_d_nll_ssim_ffl,mid,620,Viral,32.6204,0.92268,0.26244
arm_d_nll_ssim_ffl,mid,621,Viral,35.5058,0.932044,0.338391
arm_d_nll_ssim_ffl,mid,622,Viral,33.4157,0.921598,0.276936
arm_d_nll_ssim_ffl,mid,623,Viral,33.5436,0.924982,0.260962
arm_e_ppvae,mid,0,Normal,30.9289,0.898863,0.34128
arm_e_ppvae,mid,1,Normal,29.7369,0.871225,0.386029
arm_e_ppvae,mid,2,Normal,30.2083,0.887033,0.336419
arm_e_ppvae,mid,3,Normal,30.7924,0.9061,0.319147
arm_e_ppvae,mid,4,Normal,30.8266,0.874561,0.403912
arm_e_ppvae,mid,5,Normal,31.3246,0.903192,0.339167
arm_e_ppvae,mid,6,Normal,30.9924,0.891447,0.332536
arm_e_ppvae,mid,7,Normal,31.0151,0.900126,0.361784
arm_e_ppvae,mid,8,Normal,29.3568,0.890574,0.347134
arm_e_ppvae,mid,9,Normal,29.4921,0.881584,0.372897
arm_e_ppvae,mid,10,Normal,30.2912,0.898988,0.31709
arm_e_ppvae,mid,11,Normal,30.1842,0.882628,0.372585
arm_e_ppvae,mid,12,Normal,30.8476,0.881601,0.370361
arm_e_ppvae,mid,13,Normal,32.1899,0.906685,0.358762
arm_e_ppvae,mid,14,Normal,32.7296,0.93776,0.252235
arm_e_ppvae,mid,15,Normal,30.11,0.876048,0.37481
arm_e_ppvae,mid,16,Normal,31.2184,0.896662,0.371767
arm_e_ppvae,mid,17,Normal,30.5077,0.871385,0.362698
arm_e_ppvae,mid,18,Normal,30.3712,0.887014,0.328436
arm_e_ppvae,mid,19,Normal,31.0712,0.897457,0.344238
arm_e_ppvae,mid,20,Normal,31.8432,0.910175,0.332153
arm_e_ppvae,mid,21,Normal,30.4854,0.890294,0.347516
arm_e_ppvae,mid,22,Normal,31.3172,0.898011,0.3151
arm_e_ppvae,mid,23,Normal,30.1702,0.860243,0.447523
arm_e_ppvae,mid,24,Normal,30.5239,0.890255,0.335113
arm_e_ppvae,mid,25,Normal,30.8027,0.892775,0.349576
arm_e_ppvae,mid,26,Normal,29.4973,0.881743,0.335894
arm_e_ppvae,mid,27,Normal,29.5379,0.871349,0.332051
arm_e_ppvae,mid,28,Normal,31.3608,0.906555,0.320964
arm_e_ppvae,mid,29,Normal,30.8286,0.890072,0.384808
arm_e_ppvae,mid,30,Normal,30.1866,0.873697,0.394843
arm_e_ppvae,mid,31,Normal,30.5077,0.891624,0.347511
arm_e_ppvae,mid,32,Normal,29.6382,0.886236,0.371686
arm_e_ppvae,mid,33,Normal,29.5558,0.871185,0.376474
arm_e_ppvae,mid,34,Normal,28.9949,0.880365,0.345533
arm_e_ppvae,mid,35,Normal,30.6608,0.893429,0.337698
arm_e_ppvae,mid,36,Normal,31.4447,0.911134,0.309374
arm_e_ppvae,mid,37,Normal,31.7437,0.911089,0.360307
arm_e_ppvae,mid,38,Normal,30.0914,0.892888,0.330827
arm_e_ppvae,mid,39,Normal,29.1542,0.871532,0.3678
arm_e_ppvae,mid,40,Normal,30.6382,0.893197,0.343111
arm_e_ppvae,mid,41,Normal,31.0583,0.886962,0.391021
arm_e_ppvae,mid,42,Normal,28.9592,0.875051,0.362452
arm_e_ppvae,mid,43,Normal,30.6517,0.885467,0.298166
arm_e_ppvae,mid,44,Normal,30.5663,0.876147,0.340565
arm_e_ppvae,mid,45,Normal,29.8868,0.888805,0.345354
arm_e_ppvae,mid,46,Normal,32.5859,0.896129,0.393524
arm_e_ppvae,mid,47,Normal,29.516,0.881205,0.316953
arm_e_ppvae,mid,48,Normal,30.2675,0.894496,0.351974
arm_e_ppvae,mid,49,Normal,30.2913,0.887616,0.321723
arm_e_ppvae,mid,50,Normal,29.8633,0.879943,0.381878
arm_e_ppvae,mid,51,Normal,31.2207,0.899631,0.342413
arm_e_ppvae,mid,52,Normal,30.7397,0.876863,0.34869
arm_e_ppvae,mid,53,Normal,30.5024,0.900207,0.29543
arm_e_ppvae,mid,54,Normal,30.8098,0.896445,0.365527
arm_e_ppvae,mid,55,Normal,31.5127,0.894037,0.329666
arm_e_ppvae,mid,56,Normal,32.0624,0.913231,0.355687
arm_e_ppvae,mid,57,Normal,30.363,0.875376,0.375716
arm_e_ppvae,mid,58,Normal,30.2101,0.892779,0.352769
arm_e_ppvae,mid,59,Normal,30.2709,0.885828,0.386487
arm_e_ppvae,mid,60,Normal,31.521,0.903247,0.349849
arm_e_ppvae,mid,61,Normal,31.1178,0.908324,0.301803
arm_e_ppvae,mid,62,Normal,30.7433,0.888873,0.355331
arm_e_ppvae,mid,63,Normal,29.9427,0.890803,0.347711
arm_e_ppvae,mid,64,Normal,30.592,0.88502,0.368423
arm_e_ppvae,mid,65,Normal,28.8457,0.882384,0.345481
arm_e_ppvae,mid,66,Normal,29.5386,0.879225,0.378648
arm_e_ppvae,mid,67,Normal,29.5981,0.881386,0.350145
arm_e_ppvae,mid,68,Normal,29.5042,0.874565,0.369209
arm_e_ppvae,mid,69,Normal,30.2309,0.881184,0.37937
arm_e_ppvae,mid,70,Normal,31.8839,0.911016,0.322023
arm_e_ppvae,mid,71,Normal,32.1936,0.900415,0.375964
arm_e_ppvae,mid,72,Normal,31.0025,0.897323,0.360624
arm_e_ppvae,mid,73,Normal,31.6272,0.90062,0.342401
arm_e_ppvae,mid,74,Normal,31.4472,0.893202,0.393554
arm_e_ppvae,mid,75,Normal,29.9412,0.878093,0.386791
arm_e_ppvae,mid,76,Normal,30.002,0.880109,0.368233
arm_e_ppvae,mid,77,Normal,29.9436,0.891349,0.309222
arm_e_ppvae,mid,78,Normal,31.1358,0.894682,0.353405
arm_e_ppvae,mid,79,Normal,30.285,0.896693,0.339458
arm_e_ppvae,mid,80,Normal,31.9658,0.896945,0.382073
arm_e_ppvae,mid,81,Normal,30.8993,0.894496,0.368052
arm_e_ppvae,mid,82,Normal,29.7494,0.885678,0.362129
arm_e_ppvae,mid,83,Normal,29.6992,0.879622,0.346056
arm_e_ppvae,mid,84,Normal,30.3639,0.899309,0.332746
arm_e_ppvae,mid,85,Normal,32.5448,0.909895,0.329627
arm_e_ppvae,mid,86,Normal,30.4132,0.890309,0.335482
arm_e_ppvae,mid,87,Normal,30.6838,0.888075,0.347162
arm_e_ppvae,mid,88,Normal,30.0268,0.902919,0.344131
arm_e_ppvae,mid,89,Normal,30.7775,0.885143,0.370366
arm_e_ppvae,mid,90,Normal,30.5519,0.898661,0.31112
arm_e_ppvae,mid,91,Normal,29.9002,0.885085,0.301615
arm_e_ppvae,mid,92,Normal,31.7046,0.91644,0.31829
arm_e_ppvae,mid,93,Normal,29.9129,0.883463,0.374802
arm_e_ppvae,mid,94,Normal,30.7792,0.895604,0.334141
arm_e_ppvae,mid,95,Normal,30.0276,0.879409,0.365511
arm_e_ppvae,mid,96,Normal,30.0199,0.877399,0.363871
arm_e_ppvae,mid,97,Normal,29.3786,0.878639,0.36384
arm_e_ppvae,mid,98,Normal,29.6042,0.883242,0.350812
arm_e_ppvae,mid,99,Normal,30.7,0.902036,0.362311
arm_e_ppvae,mid,100,Normal,30.5158,0.884476,0.379325
arm_e_ppvae,mid,101,Normal,29.5867,0.882714,0.348274
arm_e_ppvae,mid,102,Normal,30.7658,0.883972,0.316291
arm_e_ppvae,mid,103,Normal,30.7435,0.886569,0.349097
arm_e_ppvae,mid,104,Normal,29.8071,0.885702,0.332
arm_e_ppvae,mid,105,Normal,31.1112,0.91072,0.27232
arm_e_ppvae,mid,106,Normal,30.7334,0.894831,0.342039
arm_e_ppvae,mid,107,Normal,30.3259,0.889599,0.358868
arm_e_ppvae,mid,108,Normal,29.9175,0.865526,0.385467
arm_e_ppvae,mid,109,Normal,30.4823,0.883207,0.378032
arm_e_ppvae,mid,110,Normal,31.1192,0.898095,0.327953
arm_e_ppvae,mid,111,Normal,31.2403,0.87602,0.349359
arm_e_ppvae,mid,112,Normal,29.3212,0.881679,0.345631
arm_e_ppvae,mid,113,Normal,29.6857,0.865173,0.39794
arm_e_ppvae,mid,114,Normal,30.1827,0.865826,0.388548
arm_e_ppvae,mid,115,Normal,30.0162,0.888616,0.336252
arm_e_ppvae,mid,116,Normal,29.4378,0.882656,0.31827
arm_e_ppvae,mid,117,Normal,30.9763,0.909451,0.334814
arm_e_ppvae,mid,118,Normal,30.1876,0.878477,0.351345
arm_e_ppvae,mid,119,Normal,31.8415,0.912004,0.338667
arm_e_ppvae,mid,120,Normal,30.7743,0.915933,0.276603
arm_e_ppvae,mid,121,Normal,31.0717,0.900644,0.33594
arm_e_ppvae,mid,122,Normal,31.0808,0.90627,0.337328
arm_e_ppvae,mid,123,Normal,30.937,0.892961,0.341007
arm_e_ppvae,mid,124,Normal,30.3923,0.883829,0.345764
arm_e_ppvae,mid,125,Normal,29.7848,0.882239,0.344336
arm_e_ppvae,mid,126,Normal,31.3757,0.899546,0.348874
arm_e_ppvae,mid,127,Normal,29.856,0.860592,0.42366
arm_e_ppvae,mid,128,Normal,29.7555,0.884045,0.325458
arm_e_ppvae,mid,129,Normal,30.6857,0.899746,0.322629
arm_e_ppvae,mid,130,Normal,30.2941,0.895462,0.320402
arm_e_ppvae,mid,131,Normal,29.9597,0.891327,0.353654
arm_e_ppvae,mid,132,Normal,29.6553,0.886411,0.362399
arm_e_ppvae,mid,133,Normal,30.2551,0.894185,0.349669
arm_e_ppvae,mid,134,Normal,31.4448,0.901745,0.343808
arm_e_ppvae,mid,135,Normal,30.8439,0.88761,0.332508
arm_e_ppvae,mid,136,Normal,29.9855,0.895305,0.33267
arm_e_ppvae,mid,137,Normal,29.6621,0.886512,0.329091
arm_e_ppvae,mid,138,Normal,30.7131,0.900752,0.328686
arm_e_ppvae,mid,139,Normal,29.166,0.874937,0.34722
arm_e_ppvae,mid,140,Normal,29.9226,0.878852,0.365494
arm_e_ppvae,mid,141,Normal,30.8589,0.896657,0.371947
arm_e_ppvae,mid,142,Normal,29.6594,0.876336,0.382
arm_e_ppvae,mid,143,Normal,31.2201,0.901828,0.341218
arm_e_ppvae,mid,144,Normal,30.0582,0.896832,0.359083
arm_e_ppvae,mid,145,Normal,29.9331,0.896055,0.309746
arm_e_ppvae,mid,146,Normal,29.5566,0.878963,0.350906
arm_e_ppvae,mid,147,Normal,30.108,0.873189,0.391806
arm_e_ppvae,mid,148,Normal,31.1423,0.901501,0.345342
arm_e_ppvae,mid,149,Normal,30.0756,0.896397,0.31562
arm_e_ppvae,mid,150,Normal,30.7065,0.880703,0.394779
arm_e_ppvae,mid,151,Normal,30.1723,0.869021,0.406952
arm_e_ppvae,mid,152,Normal,29.5969,0.8619,0.393966
arm_e_ppvae,mid,153,Normal,30.7547,0.902959,0.338888
arm_e_ppvae,mid,154,Normal,31.7718,0.900884,0.378788
arm_e_ppvae,mid,155,Normal,29.8397,0.873119,0.331301
arm_e_ppvae,mid,156,Normal,30.1035,0.879635,0.355818
arm_e_ppvae,mid,157,Normal,30.9158,0.900655,0.297932
arm_e_ppvae,mid,158,Normal,29.8812,0.892826,0.341982
arm_e_ppvae,mid,159,Normal,31.514,0.905377,0.346075
arm_e_ppvae,mid,160,Normal,31.799,0.902603,0.37516
arm_e_ppvae,mid,161,Normal,30.9835,0.890435,0.333093
arm_e_ppvae,mid,162,Normal,30.7588,0.891208,0.335451
arm_e_ppvae,mid,163,Normal,31.072,0.88676,0.360861
arm_e_ppvae,mid,164,Normal,32.274,0.914088,0.356824
arm_e_ppvae,mid,165,Normal,32.0227,0.891646,0.422781
arm_e_ppvae,mid,166,Normal,31.824,0.899093,0.332407
arm_e_ppvae,mid,167,Normal,30.3344,0.871608,0.423109
arm_e_ppvae,mid,168,Normal,29.9164,0.892649,0.337567
arm_e_ppvae,mid,169,Normal,27.971,0.866555,0.344162
arm_e_ppvae,mid,170,Normal,30.1565,0.876219,0.364886
arm_e_ppvae,mid,171,Normal,30.4959,0.888336,0.369173
arm_e_ppvae,mid,172,Normal,30.329,0.874701,0.359549
arm_e_ppvae,mid,173,Normal,30.4641,0.876731,0.385686
arm_e_ppvae,mid,174,Normal,31.2686,0.899079,0.355597
arm_e_ppvae,mid,175,Normal,30.5956,0.892898,0.339827
arm_e_ppvae,mid,176,Normal,30.8375,0.904894,0.340989
arm_e_ppvae,mid,177,Normal,29.7901,0.867422,0.390108
arm_e_ppvae,mid,178,Normal,29.9582,0.872617,0.435442
arm_e_ppvae,mid,179,Normal,29.8824,0.85644,0.422647
arm_e_ppvae,mid,180,Normal,29.0146,0.865465,0.357564
arm_e_ppvae,mid,181,Normal,31.082,0.897975,0.360257
arm_e_ppvae,mid,182,Normal,31.5127,0.890023,0.347269
arm_e_ppvae,mid,183,Normal,30.7017,0.89532,0.333129
arm_e_ppvae,mid,184,Normal,30.2588,0.890434,0.357099
arm_e_ppvae,mid,185,Normal,30.9501,0.888875,0.336337
arm_e_ppvae,mid,186,Normal,29.8395,0.880697,0.364993
arm_e_ppvae,mid,187,Normal,31.2114,0.907489,0.326698
arm_e_ppvae,mid,188,Normal,31.6474,0.890991,0.34476
arm_e_ppvae,mid,189,Normal,31.0108,0.88058,0.338733
arm_e_ppvae,mid,190,Normal,29.5793,0.873934,0.377783
arm_e_ppvae,mid,191,Normal,30.8676,0.893621,0.339757
arm_e_ppvae,mid,192,Normal,32.074,0.900722,0.395736
arm_e_ppvae,mid,193,Normal,29.7837,0.891314,0.313344
arm_e_ppvae,mid,194,Normal,29.5728,0.87535,0.381497
arm_e_ppvae,mid,195,Normal,29.9886,0.882247,0.367194
arm_e_ppvae,mid,196,Normal,30.4577,0.875854,0.347606
arm_e_ppvae,mid,197,Normal,30.4238,0.887178,0.352741
arm_e_ppvae,mid,198,Normal,31.6592,0.905855,0.346068
arm_e_ppvae,mid,199,Normal,29.3723,0.870706,0.362791
arm_e_ppvae,mid,200,Normal,30.4153,0.890621,0.348709
arm_e_ppvae,mid,201,Normal,31.0011,0.899731,0.347268
arm_e_ppvae,mid,202,Normal,30.5392,0.891443,0.390843
arm_e_ppvae,mid,203,Normal,30.5228,0.896029,0.335093
arm_e_ppvae,mid,204,Normal,29.5805,0.884366,0.359174
arm_e_ppvae,mid,205,Normal,31.6657,0.895277,0.36008
arm_e_ppvae,mid,206,Normal,32.2,0.910975,0.322123
arm_e_ppvae,mid,207,Normal,31.3279,0.885474,0.331411
arm_e_ppvae,mid,208,Normal,30.2117,0.891015,0.34831
arm_e_ppvae,mid,209,Normal,29.7892,0.895318,0.344137
arm_e_ppvae,mid,210,Normal,30.3111,0.874142,0.379346
arm_e_ppvae,mid,211,Normal,30.5673,0.895311,0.329454
arm_e_ppvae,mid,212,Normal,31.1788,0.902689,0.334452
arm_e_ppvae,mid,213,Normal,30.5999,0.890157,0.364512
arm_e_ppvae,mid,214,Normal,30.404,0.883242,0.335862
arm_e_ppvae,mid,215,Normal,30.5568,0.865652,0.415902
arm_e_ppvae,mid,216,Normal,29.7345,0.888697,0.375021
arm_e_ppvae,mid,217,Normal,31.275,0.881057,0.443474
arm_e_ppvae,mid,218,Normal,30.4576,0.874202,0.380925
arm_e_ppvae,mid,219,Normal,30.0171,0.88707,0.359634
arm_e_ppvae,mid,220,Normal,32.3061,0.893544,0.382293
arm_e_ppvae,mid,221,Normal,30.7017,0.897595,0.317988
arm_e_ppvae,mid,222,Normal,30.179,0.889988,0.326799
arm_e_ppvae,mid,223,Normal,30.2423,0.889187,0.368067
arm_e_ppvae,mid,224,Normal,30.8638,0.899691,0.33462
arm_e_ppvae,mid,225,Normal,28.9997,0.836614,0.427777
arm_e_ppvae,mid,226,Normal,31.4996,0.899775,0.35203
arm_e_ppvae,mid,227,Normal,29.5784,0.889136,0.366418
arm_e_ppvae,mid,228,Normal,31.6604,0.894258,0.346485
arm_e_ppvae,mid,229,Normal,29.6928,0.890361,0.343993
arm_e_ppvae,mid,230,Normal,30.0592,0.886307,0.365695
arm_e_ppvae,mid,231,Normal,30.2873,0.874156,0.385754
arm_e_ppvae,mid,232,Normal,31.3124,0.898494,0.351271
arm_e_ppvae,mid,233,Normal,30.9821,0.891982,0.362103
arm_e_ppvae,mid,234,Bacterial,32.0347,0.89132,0.435704
arm_e_ppvae,mid,235,Bacterial,30.3881,0.882915,0.413822
arm_e_ppvae,mid,236,Bacterial,31.9356,0.890285,0.415939
arm_e_ppvae,mid,237,Bacterial,31.8209,0.890837,0.419197
arm_e_ppvae,mid,238,Bacterial,32.8222,0.897025,0.426174
arm_e_ppvae,mid,239,Bacterial,31.8111,0.898858,0.401809
arm_e_ppvae,mid,240,Bacterial,32.1694,0.893717,0.421647
arm_e_ppvae,mid,241,Bacterial,31.224,0.885241,0.407532
arm_e_ppvae,mid,242,Bacterial,32.2704,0.894061,0.410381
arm_e_ppvae,mid,243,Bacterial,31.196,0.8815,0.438731
arm_e_ppvae,mid,244,Bacterial,30.3578,0.879914,0.329989
arm_e_ppvae,mid,245,Bacterial,30.9053,0.894541,0.353953
arm_e_ppvae,mid,246,Bacterial,31.2171,0.899478,0.385267
arm_e_ppvae,mid,247,Bacterial,30.6612,0.890015,0.401038
arm_e_ppvae,mid,248,Bacterial,32.4134,0.898834,0.377657
arm_e_ppvae,mid,249,Bacterial,33.0692,0.904662,0.402246
arm_e_ppvae,mid,250,Bacterial,31.9089,0.877713,0.450318
arm_e_ppvae,mid,251,Bacterial,30.5659,0.89165,0.323004
arm_e_ppvae,mid,252,Bacterial,32.3799,0.884399,0.430425
arm_e_ppvae,mid,253,Bacterial,31.6074,0.891981,0.418973
arm_e_ppvae,mid,254,Bacterial,30.6279,0.877582,0.355594
arm_e_ppvae,mid,255,Bacterial,31.3974,0.892261,0.379932
arm_e_ppvae,mid,256,Bacterial,30.7614,0.881462,0.396099
arm_e_ppvae,mid,257,Bacterial,31.8333,0.898669,0.387618
arm_e_ppvae,mid,258,Bacterial,31.9357,0.883034,0.434061
arm_e_ppvae,mid,259,Bacterial,32.0702,0.899445,0.397279
arm_e_ppvae,mid,260,Bacterial,32.12,0.908237,0.376862
arm_e_ppvae,mid,261,Bacterial,30.3952,0.889313,0.270889
arm_e_ppvae,mid,262,Bacterial,33.091,0.89826,0.386496
arm_e_ppvae,mid,263,Bacterial,32.8463,0.904537,0.384172
arm_e_ppvae,mid,264,Bacterial,32.8134,0.891598,0.417756
arm_e_ppvae,mid,265,Bacterial,32.7474,0.90786,0.392886
arm_e_ppvae,mid,266,Bacterial,32.4694,0.899232,0.384177
arm_e_ppvae,mid,267,Bacterial,31.7455,0.883323,0.3807
arm_e_ppvae,mid,268,Bacterial,32.3456,0.892174,0.413071
arm_e_ppvae,mid,269,Bacterial,32.0007,0.903876,0.376283
arm_e_ppvae,mid,270,Bacterial,32.4475,0.911779,0.367157
arm_e_ppvae,mid,271,Bacterial,31.7862,0.898434,0.369741
arm_e_ppvae,mid,272,Bacterial,32.6483,0.907802,0.388592
arm_e_ppvae,mid,273,Bacterial,32.2878,0.89658,0.413207
arm_e_ppvae,mid,274,Bacterial,31.2054,0.882312,0.391016
arm_e_ppvae,mid,275,Bacterial,30.3411,0.878902,0.42977
arm_e_ppvae,mid,276,Bacterial,30.1758,0.885075,0.310113
arm_e_ppvae,mid,277,Bacterial,31.4594,0.87461,0.432724
arm_e_ppvae,mid,278,Bacterial,31.8284,0.885592,0.394596
arm_e_ppvae,mid,279,Bacterial,31.5097,0.887946,0.399051
arm_e_ppvae,mid,280,Bacterial,32.3294,0.885992,0.411206
arm_e_ppvae,mid,281,Bacterial,31.4852,0.869391,0.422582
arm_e_ppvae,mid,282,Bacterial,31.0001,0.879353,0.418393
arm_e_ppvae,mid,283,Bacterial,31.9322,0.88824,0.417576
arm_e_ppvae,mid,284,Bacterial,30.7041,0.887255,0.40853
arm_e_ppvae,mid,285,Bacterial,32.881,0.8979,0.419751
arm_e_ppvae,mid,286,Bacterial,31.1162,0.897159,0.400643
arm_e_ppvae,mid,287,Bacterial,31.1942,0.886204,0.376188
arm_e_ppvae,mid,288,Bacterial,32.2839,0.895246,0.396994
arm_e_ppvae,mid,289,Bacterial,31.2942,0.875047,0.413326
arm_e_ppvae,mid,290,Bacterial,32.6351,0.904745,0.380695
arm_e_ppvae,mid,291,Bacterial,31.698,0.88954,0.386939
arm_e_ppvae,mid,292,Bacterial,31.422,0.891661,0.300926
arm_e_ppvae,mid,293,Bacterial,32.5387,0.898837,0.377924
arm_e_ppvae,mid,294,Bacterial,31.9694,0.902511,0.386265
arm_e_ppvae,mid,295,Bacterial,31.0699,0.895467,0.369829
arm_e_ppvae,mid,296,Bacterial,32.1976,0.905318,0.366498
arm_e_ppvae,mid,297,Bacterial,31.5697,0.899696,0.357501
arm_e_ppvae,mid,298,Bacterial,29.8298,0.86291,0.414309
arm_e_ppvae,mid,299,Bacterial,30.4161,0.881077,0.415604
arm_e_ppvae,mid,300,Bacterial,30.235,0.885514,0.382727
arm_e_ppvae,mid,301,Bacterial,30.106,0.877527,0.345078
arm_e_ppvae,mid,302,Bacterial,30.9881,0.880755,0.381867
arm_e_ppvae,mid,303,Bacterial,30.8115,0.895944,0.389465
arm_e_ppvae,mid,304,Bacterial,31.8328,0.896867,0.399279
arm_e_ppvae,mid,305,Bacterial,32.627,0.901144,0.389093
arm_e_ppvae,mid,306,Bacterial,31.5085,0.89874,0.372404
arm_e_ppvae,mid,307,Bacterial,31.5109,0.899623,0.366973
arm_e_ppvae,mid,308,Bacterial,31.1812,0.881989,0.363567
arm_e_ppvae,mid,309,Bacterial,31.0949,0.886614,0.397798
arm_e_ppvae,mid,310,Bacterial,29.8983,0.879699,0.343299
arm_e_ppvae,mid,311,Bacterial,31.4212,0.887281,0.394752
arm_e_ppvae,mid,312,Bacterial,30.2183,0.888587,0.365537
arm_e_ppvae,mid,313,Bacterial,32.0928,0.888999,0.419994
arm_e_ppvae,mid,314,Bacterial,31.1067,0.879195,0.354546
arm_e_ppvae,mid,315,Bacterial,33.1354,0.91549,0.403014
arm_e_ppvae,mid,316,Bacterial,32.6688,0.901554,0.413508
arm_e_ppvae,mid,317,Bacterial,32.5838,0.900539,0.435645
arm_e_ppvae,mid,318,Bacterial,31.7951,0.891646,0.421926
arm_e_ppvae,mid,319,Bacterial,31.7516,0.876235,0.43108
arm_e_ppvae,mid,320,Bacterial,32.3779,0.887624,0.444094
arm_e_ppvae,mid,321,Bacterial,29.6141,0.894902,0.361142
arm_e_ppvae,mid,322,Bacterial,31.0719,0.89282,0.381079
arm_e_ppvae,mid,323,Bacterial,31.0482,0.900077,0.340925
arm_e_ppvae,mid,324,Bacterial,30.3836,0.899957,0.332591
arm_e_ppvae,mid,325,Bacterial,30.2763,0.898584,0.310965
arm_e_ppvae,mid,326,Bacterial,31.2969,0.896492,0.388432
arm_e_ppvae,mid,327,Bacterial,31.709,0.897667,0.370544
arm_e_ppvae,mid,328,Bacterial,31.8889,0.905248,0.388094
arm_e_ppvae,mid,329,Bacterial,31.8272,0.90953,0.275499
arm_e_ppvae,mid,330,Bacterial,32.8286,0.891517,0.42062
arm_e_ppvae,mid,331,Bacterial,32.0085,0.902829,0.388978
arm_e_ppvae,mid,332,Bacterial,32.8401,0.906571,0.397473
arm_e_ppvae,mid,333,Bacterial,32.7911,0.909388,0.378503
arm_e_ppvae,mid,334,Bacterial,32.6701,0.909771,0.374489
arm_e_ppvae,mid,335,Bacterial,30.7897,0.882247,0.355913
arm_e_ppvae,mid,336,Bacterial,32.3956,0.906128,0.397513
arm_e_ppvae,mid,337,Bacterial,31.7166,0.886624,0.41533
arm_e_ppvae,mid,338,Bacterial,32.3395,0.889653,0.4081
arm_e_ppvae,mid,339,Bacterial,30.9085,0.891143,0.325221
arm_e_ppvae,mid,340,Bacterial,32.4176,0.892772,0.387674
arm_e_ppvae,mid,341,Bacterial,31.6097,0.899834,0.398382
arm_e_ppvae,mid,342,Bacterial,31.5813,0.894163,0.402617
arm_e_ppvae,mid,343,Bacterial,32.0727,0.895791,0.433638
arm_e_ppvae,mid,344,Bacterial,32.6771,0.901607,0.391177
arm_e_ppvae,mid,345,Bacterial,31.5004,0.897346,0.406881
arm_e_ppvae,mid,346,Bacterial,30.7259,0.887465,0.394035
arm_e_ppvae,mid,347,Bacterial,32.2161,0.903634,0.381114
arm_e_ppvae,mid,348,Bacterial,31.8101,0.888145,0.416247
arm_e_ppvae,mid,349,Bacterial,32.8236,0.903835,0.406193
arm_e_ppvae,mid,350,Bacterial,33.3563,0.909604,0.409695
arm_e_ppvae,mid,351,Bacterial,30.5151,0.891738,0.327306
arm_e_ppvae,mid,352,Bacterial,32.0903,0.896784,0.399025
arm_e_ppvae,mid,353,Bacterial,31.7017,0.903902,0.374717
arm_e_ppvae,mid,354,Bacterial,32.9912,0.889731,0.442368
arm_e_ppvae,mid,355,Bacterial,32.4434,0.898023,0.359879
arm_e_ppvae,mid,356,Bacterial,31.936,0.892201,0.387545
arm_e_ppvae,mid,357,Bacterial,32.2123,0.885429,0.422506
arm_e_ppvae,mid,358,Bacterial,32.1403,0.891531,0.438102
arm_e_ppvae,mid,359,Bacterial,31.5255,0.897853,0.296431
arm_e_ppvae,mid,360,Bacterial,31.5939,0.896568,0.382158
arm_e_ppvae,mid,361,Bacterial,32.4812,0.898602,0.370833
arm_e_ppvae,mid,362,Bacterial,32.2489,0.901805,0.404047
arm_e_ppvae,mid,363,Bacterial,31.0578,0.91074,0.341769
arm_e_ppvae,mid,364,Bacterial,32.4422,0.896716,0.395262
arm_e_ppvae,mid,365,Bacterial,29.8971,0.884959,0.358753
arm_e_ppvae,mid,366,Bacterial,32.2126,0.89684,0.40024
arm_e_ppvae,mid,367,Bacterial,31.2304,0.900807,0.28248
arm_e_ppvae,mid,368,Bacterial,31.8578,0.885269,0.385198
arm_e_ppvae,mid,369,Bacterial,30.8915,0.89309,0.320509
arm_e_ppvae,mid,370,Bacterial,29.47,0.877672,0.341563
arm_e_ppvae,mid,371,Bacterial,31.8725,0.899122,0.377831
arm_e_ppvae,mid,372,Bacterial,31.4023,0.877966,0.44922
arm_e_ppvae,mid,373,Bacterial,31.985,0.893539,0.397811
arm_e_ppvae,mid,374,Bacterial,30.8725,0.882486,0.402293
arm_e_ppvae,mid,375,Bacterial,31.5857,0.893382,0.409019
arm_e_ppvae,mid,376,Bacterial,30.5455,0.894668,0.377569
arm_e_ppvae,mid,377,Bacterial,31.556,0.89552,0.405842
arm_e_ppvae,mid,378,Bacterial,31.2168,0.893394,0.29587
arm_e_ppvae,mid,379,Bacterial,31.5634,0.893268,0.381285
arm_e_ppvae,mid,380,Bacterial,31.8914,0.904069,0.387078
arm_e_ppvae,mid,381,Bacterial,29.978,0.881688,0.326263
arm_e_ppvae,mid,382,Bacterial,31.243,0.890304,0.39296
arm_e_ppvae,mid,383,Bacterial,30.4151,0.871975,0.376766
arm_e_ppvae,mid,384,Bacterial,30.2726,0.889124,0.279276
arm_e_ppvae,mid,385,Bacterial,30.0213,0.887665,0.346393
arm_e_ppvae,mid,386,Bacterial,31.9823,0.897502,0.393299
arm_e_ppvae,mid,387,Bacterial,31.9043,0.900093,0.360288
arm_e_ppvae,mid,388,Bacterial,30.7978,0.905047,0.267057
arm_e_ppvae,mid,389,Bacterial,30.2807,0.885373,0.338545
arm_e_ppvae,mid,390,Bacterial,31.8456,0.890188,0.379684
arm_e_ppvae,mid,391,Bacterial,30.7164,0.891437,0.402569
arm_e_ppvae,mid,392,Bacterial,31.9101,0.893641,0.408937
arm_e_ppvae,mid,393,Bacterial,31.738,0.884204,0.446154
arm_e_ppvae,mid,394,Bacterial,31.9293,0.898304,0.411948
arm_e_ppvae,mid,395,Bacterial,31.9388,0.896402,0.38717
arm_e_ppvae,mid,396,Bacterial,30.4839,0.866648,0.409687
arm_e_ppvae,mid,397,Bacterial,33.3638,0.893536,0.415042
arm_e_ppvae,mid,398,Bacterial,32.693,0.893707,0.415852
arm_e_ppvae,mid,399,Bacterial,30.8398,0.889568,0.408949
arm_e_ppvae,mid,400,Bacterial,30.8921,0.878593,0.414921
arm_e_ppvae,mid,401,Bacterial,30.3248,0.875901,0.332058
arm_e_ppvae,mid,402,Bacterial,32.4576,0.89573,0.414643
arm_e_ppvae,mid,403,Bacterial,31.3954,0.899995,0.37712
arm_e_ppvae,mid,404,Bacterial,31.5252,0.885688,0.403225
arm_e_ppvae,mid,405,Bacterial,31.8995,0.898569,0.346373
arm_e_ppvae,mid,406,Bacterial,33.0566,0.902962,0.38781
arm_e_ppvae,mid,407,Bacterial,31.2821,0.898825,0.393565
arm_e_ppvae,mid,408,Bacterial,31.58,0.894068,0.384109
arm_e_ppvae,mid,409,Bacterial,30.8038,0.884412,0.364061
arm_e_ppvae,mid,410,Bacterial,30.036,0.880488,0.339006
arm_e_ppvae,mid,411,Bacterial,31.4805,0.874649,0.397476
arm_e_ppvae,mid,412,Bacterial,32.1771,0.885303,0.393404
arm_e_ppvae,mid,413,Bacterial,30.332,0.87057,0.31482
arm_e_ppvae,mid,414,Bacterial,32.7567,0.900111,0.404461
arm_e_ppvae,mid,415,Bacterial,31.6276,0.889078,0.417082
arm_e_ppvae,mid,416,Bacterial,33.1031,0.904334,0.389101
arm_e_ppvae,mid,417,Bacterial,32.3368,0.891172,0.350267
arm_e_ppvae,mid,418,Bacterial,32.3268,0.898905,0.389035
arm_e_ppvae,mid,419,Bacterial,31.3546,0.898468,0.320583
arm_e_ppvae,mid,420,Bacterial,31.5214,0.898421,0.388773
arm_e_ppvae,mid,421,Bacterial,30.8784,0.886394,0.404873
arm_e_ppvae,mid,422,Bacterial,31.4712,0.885475,0.421428
arm_e_ppvae,mid,423,Bacterial,31.7682,0.897491,0.422824
arm_e_ppvae,mid,424,Bacterial,31.6764,0.896502,0.429852
arm_e_ppvae,mid,425,Bacterial,32.4387,0.891617,0.397894
arm_e_ppvae,mid,426,Bacterial,33.7539,0.905336,0.403998
arm_e_ppvae,mid,427,Bacterial,33.5377,0.900201,0.451177
arm_e_ppvae,mid,428,Bacterial,33.0022,0.899871,0.433141
arm_e_ppvae,mid,429,Bacterial,30.7464,0.891346,0.35753
arm_e_ppvae,mid,430,Bacterial,32.6322,0.904754,0.363083
arm_e_ppvae,mid,431,Bacterial,33.0137,0.892877,0.411173
arm_e_ppvae,mid,432,Bacterial,32.2273,0.894499,0.399994
arm_e_ppvae,mid,433,Bacterial,31.1185,0.878497,0.41346
arm_e_ppvae,mid,434,Bacterial,31.8321,0.896395,0.377705
arm_e_ppvae,mid,435,Bacterial,31.3472,0.896317,0.359224
arm_e_ppvae,mid,436,Bacterial,30.9822,0.896398,0.273605
arm_e_ppvae,mid,437,Bacterial,32.7875,0.886643,0.391848
arm_e_ppvae,mid,438,Bacterial,30.5765,0.872912,0.405391
arm_e_ppvae,mid,439,Bacterial,31.5233,0.888349,0.409505
arm_e_ppvae,mid,440,Bacterial,30.7233,0.886165,0.376841
arm_e_ppvae,mid,441,Bacterial,30.6738,0.886915,0.34663
arm_e_ppvae,mid,442,Bacterial,31.983,0.893746,0.40606
arm_e_ppvae,mid,443,Bacterial,32.566,0.899302,0.395877
arm_e_ppvae,mid,444,Bacterial,31.7417,0.89603,0.365374
arm_e_ppvae,mid,445,Bacterial,31.7797,0.894662,0.419086
arm_e_ppvae,mid,446,Bacterial,31.8687,0.89825,0.398975
arm_e_ppvae,mid,447,Bacterial,32.5517,0.896079,0.416438
arm_e_ppvae,mid,448,Bacterial,32.4548,0.904246,0.403192
arm_e_ppvae,mid,449,Bacterial,30.7919,0.880864,0.355532
arm_e_ppvae,mid,450,Bacterial,31.1255,0.887507,0.387531
arm_e_ppvae,mid,451,Bacterial,30.3081,0.880442,0.313072
arm_e_ppvae,mid,452,Bacterial,31.1641,0.893783,0.383862
arm_e_ppvae,mid,453,Bacterial,32.3902,0.896671,0.402006
arm_e_ppvae,mid,454,Bacterial,30.9427,0.899878,0.373341
arm_e_ppvae,mid,455,Bacterial,32.577,0.904886,0.423128
arm_e_ppvae,mid,456,Bacterial,30.1456,0.881181,0.371585
arm_e_ppvae,mid,457,Bacterial,32.6353,0.897874,0.404465
arm_e_ppvae,mid,458,Bacterial,32.6317,0.906294,0.370114
arm_e_ppvae,mid,459,Bacterial,33.08,0.900907,0.39933
arm_e_ppvae,mid,460,Bacterial,31.53,0.887707,0.386025
arm_e_ppvae,mid,461,Bacterial,31.2143,0.893723,0.368936
arm_e_ppvae,mid,462,Bacterial,30.7041,0.88291,0.367896
arm_e_ppvae,mid,463,Bacterial,32.4992,0.894186,0.396294
arm_e_ppvae,mid,464,Bacterial,31.369,0.883281,0.402372
arm_e_ppvae,mid,465,Bacterial,32.4963,0.899469,0.378648
arm_e_ppvae,mid,466,Bacterial,31.8731,0.892463,0.376078
arm_e_ppvae,mid,467,Bacterial,31.889,0.889304,0.419856
arm_e_ppvae,mid,468,Bacterial,31.6666,0.897224,0.400523
arm_e_ppvae,mid,469,Bacterial,32.5419,0.885158,0.411716
arm_e_ppvae,mid,470,Bacterial,31.692,0.885082,0.418043
arm_e_ppvae,mid,471,Bacterial,30.9543,0.885105,0.334216
arm_e_ppvae,mid,472,Bacterial,31.2474,0.894765,0.31002
arm_e_ppvae,mid,473,Bacterial,29.4426,0.874945,0.412153
arm_e_ppvae,mid,474,Bacterial,30.7709,0.90049,0.360546
arm_e_ppvae,mid,475,Bacterial,30.0828,0.877748,0.33583
arm_e_ppvae,mid,476,Viral,30.8838,0.899034,0.394767
arm_e_ppvae,mid,477,Viral,30.8825,0.893014,0.381188
arm_e_ppvae,mid,478,Viral,31.1924,0.904344,0.366433
arm_e_ppvae,mid,479,Viral,31.7496,0.899966,0.358216
arm_e_ppvae,mid,480,Viral,32.7861,0.899691,0.40284
arm_e_ppvae,mid,481,Viral,31.4256,0.908224,0.374604
arm_e_ppvae,mid,482,Viral,30.8751,0.884026,0.315624
arm_e_ppvae,mid,483,Viral,32.0303,0.894061,0.399055
arm_e_ppvae,mid,484,Viral,31.6162,0.895371,0.410707
arm_e_ppvae,mid,485,Viral,31.2727,0.892777,0.415969
arm_e_ppvae,mid,486,Viral,32.2244,0.885633,0.450714
arm_e_ppvae,mid,487,Viral,31.8493,0.888817,0.390233
arm_e_ppvae,mid,488,Viral,30.74,0.897624,0.353275
arm_e_ppvae,mid,489,Viral,31.4561,0.894371,0.372996
arm_e_ppvae,mid,490,Viral,32.2005,0.905828,0.360276
arm_e_ppvae,mid,491,Viral,31.3122,0.900381,0.356634
arm_e_ppvae,mid,492,Viral,30.7012,0.889636,0.405833
arm_e_ppvae,mid,493,Viral,31.4331,0.898969,0.366193
arm_e_ppvae,mid,494,Viral,31.3041,0.894637,0.378021
arm_e_ppvae,mid,495,Viral,30.4131,0.889135,0.384943
arm_e_ppvae,mid,496,Viral,32.3431,0.904981,0.359226
arm_e_ppvae,mid,497,Viral,30.9115,0.903723,0.311856
arm_e_ppvae,mid,498,Viral,32.2882,0.905568,0.382066
arm_e_ppvae,mid,499,Viral,32.0902,0.8879,0.377251
arm_e_ppvae,mid,500,Viral,30.9389,0.8799,0.428999
arm_e_ppvae,mid,501,Viral,30.112,0.89383,0.331586
arm_e_ppvae,mid,502,Viral,31.0974,0.900234,0.380233
arm_e_ppvae,mid,503,Viral,30.4427,0.897487,0.356158
arm_e_ppvae,mid,504,Viral,30.7217,0.887614,0.37223
arm_e_ppvae,mid,505,Viral,32.1688,0.910692,0.313445
arm_e_ppvae,mid,506,Viral,31.0062,0.877291,0.396278
arm_e_ppvae,mid,507,Viral,30.3083,0.877435,0.34724
arm_e_ppvae,mid,508,Viral,32.475,0.905831,0.38185
arm_e_ppvae,mid,509,Viral,30.3758,0.884299,0.399818
arm_e_ppvae,mid,510,Viral,28.8847,0.884369,0.350927
arm_e_ppvae,mid,511,Viral,30.6531,0.89588,0.367005
arm_e_ppvae,mid,512,Viral,32.588,0.90474,0.369553
arm_e_ppvae,mid,513,Viral,30.4932,0.897715,0.351184
arm_e_ppvae,mid,514,Viral,30.0414,0.8957,0.326114
arm_e_ppvae,mid,515,Viral,31.5725,0.897614,0.346392
arm_e_ppvae,mid,516,Viral,32.2338,0.903044,0.348649
arm_e_ppvae,mid,517,Viral,30.0355,0.886829,0.403962
arm_e_ppvae,mid,518,Viral,30.4648,0.886233,0.3028
arm_e_ppvae,mid,519,Viral,31.909,0.924672,0.283151
arm_e_ppvae,mid,520,Viral,31.6834,0.904214,0.352814
arm_e_ppvae,mid,521,Viral,30.8865,0.903613,0.330907
arm_e_ppvae,mid,522,Viral,32.025,0.904546,0.353589
arm_e_ppvae,mid,523,Viral,31.9797,0.90968,0.369392
arm_e_ppvae,mid,524,Viral,32.5431,0.910822,0.365302
arm_e_ppvae,mid,525,Viral,32.4499,0.911722,0.316152
arm_e_ppvae,mid,526,Viral,31.9901,0.900847,0.365886
arm_e_ppvae,mid,527,Viral,32.483,0.903173,0.377539
arm_e_ppvae,mid,528,Viral,31.9481,0.903756,0.344343
arm_e_ppvae,mid,529,Viral,30.4739,0.87121,0.388551
arm_e_ppvae,mid,530,Viral,31.3975,0.892267,0.388565
arm_e_ppvae,mid,531,Viral,31.2009,0.907129,0.335872
arm_e_ppvae,mid,532,Viral,31.1097,0.896998,0.382181
arm_e_ppvae,mid,533,Viral,30.6179,0.894159,0.347932
arm_e_ppvae,mid,534,Viral,29.9409,0.894162,0.36796
arm_e_ppvae,mid,535,Viral,30.9556,0.90203,0.332556
arm_e_ppvae,mid,536,Viral,32.5607,0.89893,0.372027
arm_e_ppvae,mid,537,Viral,31.3797,0.896049,0.380861
arm_e_ppvae,mid,538,Viral,32.3392,0.899138,0.411875
arm_e_ppvae,mid,539,Viral,31.1161,0.901836,0.316411
arm_e_ppvae,mid,540,Viral,31.3323,0.89239,0.395559
arm_e_ppvae,mid,541,Viral,30.4037,0.887961,0.393063
arm_e_ppvae,mid,542,Viral,32.2093,0.909452,0.326469
arm_e_ppvae,mid,543,Viral,33.2909,0.911943,0.345692
arm_e_ppvae,mid,544,Viral,29.7762,0.888364,0.343488
arm_e_ppvae,mid,545,Viral,29.8455,0.896841,0.350462
arm_e_ppvae,mid,546,Viral,32.4578,0.904793,0.347266
arm_e_ppvae,mid,547,Viral,32.2308,0.903924,0.365834
arm_e_ppvae,mid,548,Viral,30.1754,0.889759,0.367627
arm_e_ppvae,mid,549,Viral,33.6443,0.89926,0.407155
arm_e_ppvae,mid,550,Viral,33.6502,0.898555,0.408987
arm_e_ppvae,mid,551,Viral,31.3506,0.898846,0.344615
arm_e_ppvae,mid,552,Viral,31.9596,0.913372,0.344189
arm_e_ppvae,mid,553,Viral,32.4972,0.903394,0.339053
arm_e_ppvae,mid,554,Viral,31.2895,0.904299,0.36691
arm_e_ppvae,mid,555,Viral,30.014,0.89582,0.353538
arm_e_ppvae,mid,556,Viral,31.3868,0.890895,0.359937
arm_e_ppvae,mid,557,Viral,32.0944,0.893562,0.354066
arm_e_ppvae,mid,558,Viral,30.9726,0.894822,0.35693
arm_e_ppvae,mid,559,Viral,32.4688,0.903042,0.393079
arm_e_ppvae,mid,560,Viral,32.5469,0.918362,0.316711
arm_e_ppvae,mid,561,Viral,30.2699,0.887782,0.362426
arm_e_ppvae,mid,562,Viral,31.1607,0.8981,0.365233
arm_e_ppvae,mid,563,Viral,31.3535,0.891218,0.383964
arm_e_ppvae,mid,564,Viral,31.4707,0.900458,0.362733
arm_e_ppvae,mid,565,Viral,32.1671,0.905996,0.350653
arm_e_ppvae,mid,566,Viral,30.6962,0.896851,0.395606
arm_e_ppvae,mid,567,Viral,31.0932,0.902948,0.357063
arm_e_ppvae,mid,568,Viral,30.7715,0.888577,0.412172
arm_e_ppvae,mid,569,Viral,31.5529,0.901803,0.375558
arm_e_ppvae,mid,570,Viral,30.4325,0.894747,0.363365
arm_e_ppvae,mid,571,Viral,31.7123,0.896039,0.385614
arm_e_ppvae,mid,572,Viral,31.0926,0.882249,0.438848
arm_e_ppvae,mid,573,Viral,31.3683,0.889084,0.393488
arm_e_ppvae,mid,574,Viral,33.1229,0.921383,0.363957
arm_e_ppvae,mid,575,Viral,31.6388,0.896054,0.40183
arm_e_ppvae,mid,576,Viral,31.0389,0.893742,0.388386
arm_e_ppvae,mid,577,Viral,30.7357,0.899689,0.367822
arm_e_ppvae,mid,578,Viral,32.2714,0.917048,0.310188
arm_e_ppvae,mid,579,Viral,30.8358,0.902958,0.313716
arm_e_ppvae,mid,580,Viral,30.8085,0.894841,0.37805
arm_e_ppvae,mid,581,Viral,30.7218,0.896368,0.328262
arm_e_ppvae,mid,582,Viral,31.5186,0.898169,0.356831
arm_e_ppvae,mid,583,Viral,31.8687,0.895664,0.381069
arm_e_ppvae,mid,584,Viral,32.7594,0.905752,0.347622
arm_e_ppvae,mid,585,Viral,32.2034,0.911038,0.353768
arm_e_ppvae,mid,586,Viral,32.0751,0.892618,0.364127
arm_e_ppvae,mid,587,Viral,32.1487,0.888133,0.393246
arm_e_ppvae,mid,588,Viral,31.037,0.888375,0.38715
arm_e_ppvae,mid,589,Viral,28.9696,0.870212,0.323354
arm_e_ppvae,mid,590,Viral,30.5219,0.892635,0.356641
arm_e_ppvae,mid,591,Viral,30.1935,0.894066,0.349644
arm_e_ppvae,mid,592,Viral,30.2821,0.895971,0.337964
arm_e_ppvae,mid,593,Viral,32.5252,0.869296,0.403805
arm_e_ppvae,mid,594,Viral,32.3633,0.908528,0.37652
arm_e_ppvae,mid,595,Viral,32.23,0.900953,0.340639
arm_e_ppvae,mid,596,Viral,31.8661,0.905465,0.381946
arm_e_ppvae,mid,597,Viral,31.9002,0.907162,0.327141
arm_e_ppvae,mid,598,Viral,30.3719,0.88875,0.396454
arm_e_ppvae,mid,599,Viral,30.2064,0.897756,0.32709
arm_e_ppvae,mid,600,Viral,31.5444,0.886897,0.426731
arm_e_ppvae,mid,601,Viral,31.8266,0.905019,0.370256
arm_e_ppvae,mid,602,Viral,30.7007,0.894339,0.369915
arm_e_ppvae,mid,603,Viral,30.7031,0.911436,0.310752
arm_e_ppvae,mid,604,Viral,31.0063,0.901533,0.355535
arm_e_ppvae,mid,605,Viral,32.3011,0.906849,0.36679
arm_e_ppvae,mid,606,Viral,32.0145,0.907838,0.359031
arm_e_ppvae,mid,607,Viral,31.862,0.902539,0.379043
arm_e_ppvae,mid,608,Viral,32.6511,0.915801,0.35626
arm_e_ppvae,mid,609,Viral,32.0898,0.908555,0.395126
arm_e_ppvae,mid,610,Viral,32.4788,0.90695,0.35364
arm_e_ppvae,mid,611,Viral,30.3842,0.893497,0.382194
arm_e_ppvae,mid,612,Viral,29.9832,0.879869,0.399277
arm_e_ppvae,mid,613,Viral,30.8773,0.897321,0.380214
arm_e_ppvae,mid,614,Viral,32.2437,0.91098,0.343138
arm_e_ppvae,mid,615,Viral,32.1894,0.893714,0.371949
arm_e_ppvae,mid,616,Viral,32.0292,0.90368,0.343712
arm_e_ppvae,mid,617,Viral,31.6439,0.895867,0.401083
arm_e_ppvae,mid,618,Viral,30.9543,0.89239,0.382021
arm_e_ppvae,mid,619,Viral,31.1554,0.903673,0.33359
arm_e_ppvae,mid,620,Viral,30.8626,0.90274,0.337997
arm_e_ppvae,mid,621,Viral,33.7514,0.916537,0.391512
arm_e_ppvae,mid,622,Viral,31.4072,0.897203,0.374865
arm_e_ppvae,mid,623,Viral,32.1482,0.912332,0.31853
arm_f_kl_cyc,mid,0,Normal,31.8569,0.910572,0.276418
arm_f_kl_cyc,mid,1,Normal,30.675,0.884619,0.31213
arm_f_kl_cyc,mid,2,Normal,31.3622,0.90457,0.258925
arm_f_kl_cyc,mid,3,Normal,31.8914,0.919872,0.258131
arm_f_kl_cyc,mid,4,Normal,31.4984,0.883906,0.33409
arm_f_kl_cyc,mid,5,Normal,32.4337,0.916138,0.260495
arm_f_kl_cyc,mid,6,Normal,32.0378,0.911172,0.26843
arm_f_kl_cyc,mid,7,Normal,32.3122,0.917764,0.289566
arm_f_kl_cyc,mid,8,Normal,30.4732,0.907375,0.26354
arm_f_kl_cyc,mid,9,Normal,30.466,0.895643,0.304873
arm_f_kl_cyc,mid,10,Normal,31.3772,0.916261,0.236983
arm_f_kl_cyc,mid,11,Normal,31.2276,0.898396,0.296837
arm_f_kl_cyc,mid,12,Normal,31.8982,0.89524,0.294638
arm_f_kl_cyc,mid,13,Normal,33.0323,0.918196,0.289364
arm_f_kl_cyc,mid,14,Normal,32.6237,0.934505,0.225899
arm_f_kl_cyc,mid,15,Normal,31.12,0.892605,0.307369
arm_f_kl_cyc,mid,16,Normal,32.4617,0.91397,0.29863
arm_f_kl_cyc,mid,17,Normal,31.6965,0.894158,0.286023
arm_f_kl_cyc,mid,18,Normal,31.5612,0.904417,0.238905
arm_f_kl_cyc,mid,19,Normal,32.1156,0.914307,0.260711
arm_f_kl_cyc,mid,20,Normal,32.9247,0.922988,0.260925
arm_f_kl_cyc,mid,21,Normal,31.7451,0.911891,0.260603
arm_f_kl_cyc,mid,22,Normal,32.6285,0.915297,0.249161
arm_f_kl_cyc,mid,23,Normal,30.9111,0.871425,0.385706
arm_f_kl_cyc,mid,24,Normal,31.4645,0.9029,0.269772
arm_f_kl_cyc,mid,25,Normal,31.893,0.912232,0.267042
arm_f_kl_cyc,mid,26,Normal,30.3744,0.896666,0.264706
arm_f_kl_cyc,mid,27,Normal,30.6598,0.891858,0.266643
arm_f_kl_cyc,mid,28,Normal,32.3392,0.917248,0.270763
arm_f_kl_cyc,mid,29,Normal,31.7107,0.905714,0.316128
arm_f_kl_cyc,mid,30,Normal,31.0309,0.886799,0.319637
arm_f_kl_cyc,mid,31,Normal,31.6091,0.908447,0.270749
arm_f_kl_cyc,mid,32,Normal,30.6433,0.898872,0.289
arm_f_kl_cyc,mid,33,Normal,30.4062,0.885266,0.311235
arm_f_kl_cyc,mid,34,Normal,29.8748,0.893958,0.280741
arm_f_kl_cyc,mid,35,Normal,31.6428,0.906832,0.276411
arm_f_kl_cyc,mid,36,Normal,32.5048,0.922034,0.233495
arm_f_kl_cyc,mid,37,Normal,32.986,0.924925,0.304681
arm_f_kl_cyc,mid,38,Normal,31.2071,0.909956,0.263306
arm_f_kl_cyc,mid,39,Normal,30.1383,0.886235,0.292387
arm_f_kl_cyc,mid,40,Normal,31.5677,0.906872,0.276477
arm_f_kl_cyc,mid,41,Normal,32.0008,0.902063,0.316786
arm_f_kl_cyc,mid,42,Normal,29.9948,0.891265,0.289808
arm_f_kl_cyc,mid,43,Normal,31.62,0.901161,0.244076
arm_f_kl_cyc,mid,44,Normal,31.5483,0.895827,0.257504
arm_f_kl_cyc,mid,45,Normal,31.0174,0.904057,0.277482
arm_f_kl_cyc,mid,46,Normal,33.5096,0.905915,0.317534
arm_f_kl_cyc,mid,47,Normal,30.4974,0.898394,0.238778
arm_f_kl_cyc,mid,48,Normal,31.199,0.904834,0.272504
arm_f_kl_cyc,mid,49,Normal,31.1259,0.899823,0.261371
arm_f_kl_cyc,mid,50,Normal,30.9697,0.898911,0.299077
arm_f_kl_cyc,mid,51,Normal,32.1137,0.910589,0.269594
arm_f_kl_cyc,mid,52,Normal,31.6326,0.896409,0.276266
arm_f_kl_cyc,mid,53,Normal,31.4328,0.912928,0.230509
arm_f_kl_cyc,mid,54,Normal,31.6608,0.905835,0.303595
arm_f_kl_cyc,mid,55,Normal,32.5803,0.910758,0.261374
arm_f_kl_cyc,mid,56,Normal,33.095,0.92699,0.283457
arm_f_kl_cyc,mid,57,Normal,31.1093,0.885854,0.300457
arm_f_kl_cyc,mid,58,Normal,31.0348,0.906973,0.286723
arm_f_kl_cyc,mid,59,Normal,31.4888,0.906093,0.286605
arm_f_kl_cyc,mid,60,Normal,32.4456,0.914748,0.287696
arm_f_kl_cyc,mid,61,Normal,32.0903,0.919931,0.236577
arm_f_kl_cyc,mid,62,Normal,31.6599,0.902694,0.299442
arm_f_kl_cyc,mid,63,Normal,31.1526,0.908644,0.26855
arm_f_kl_cyc,mid,64,Normal,31.7465,0.900564,0.278844
arm_f_kl_cyc,mid,65,Normal,29.9073,0.899488,0.275856
arm_f_kl_cyc,mid,66,Normal,30.4107,0.890595,0.310298
arm_f_kl_cyc,mid,67,Normal,30.4358,0.893941,0.29291
arm_f_kl_cyc,mid,68,Normal,30.1908,0.886561,0.297299
arm_f_kl_cyc,mid,69,Normal,31.1557,0.894476,0.304889
arm_f_kl_cyc,mid,70,Normal,32.8545,0.924865,0.2613
arm_f_kl_cyc,mid,71,Normal,33.1267,0.911456,0.298887
arm_f_kl_cyc,mid,72,Normal,32.2194,0.917013,0.281152
arm_f_kl_cyc,mid,73,Normal,32.8809,0.916399,0.268757
arm_f_kl_cyc,mid,74,Normal,32.2537,0.905684,0.335921
arm_f_kl_cyc,mid,75,Normal,31.083,0.898311,0.3019
arm_f_kl_cyc,mid,76,Normal,30.8999,0.891628,0.300491
arm_f_kl_cyc,mid,77,Normal,31.0985,0.907827,0.237537
arm_f_kl_cyc,mid,78,Normal,32.4027,0.914093,0.283839
arm_f_kl_cyc,mid,79,Normal,31.3773,0.913626,0.260094
arm_f_kl_cyc,mid,80,Normal,32.8827,0.908575,0.314816
arm_f_kl_cyc,mid,81,Normal,32.0175,0.911433,0.274744
arm_f_kl_cyc,mid,82,Normal,30.6089,0.896204,0.303145
arm_f_kl_cyc,mid,83,Normal,30.8699,0.897648,0.264209
arm_f_kl_cyc,mid,84,Normal,31.1944,0.91205,0.263896
arm_f_kl_cyc,mid,85,Normal,33.5838,0.923203,0.272217
arm_f_kl_cyc,mid,86,Normal,31.7018,0.908452,0.254038
arm_f_kl_cyc,mid,87,Normal,31.9064,0.908154,0.256895
arm_f_kl_cyc,mid,88,Normal,30.8562,0.910439,0.282827
arm_f_kl_cyc,mid,89,Normal,31.9521,0.903314,0.284145
arm_f_kl_cyc,mid,90,Normal,31.5627,0.912652,0.245328
arm_f_kl_cyc,mid,91,Normal,30.8869,0.89854,0.248335
arm_f_kl_cyc,mid,92,Normal,32.867,0.928929,0.252768
arm_f_kl_cyc,mid,93,Normal,30.8287,0.897034,0.303562
arm_f_kl_cyc,mid,94,Normal,31.9248,0.911636,0.270304
arm_f_kl_cyc,mid,95,Normal,30.7631,0.887523,0.298563
arm_f_kl_cyc,mid,96,Normal,31.2063,0.900008,0.281415
arm_f_kl_cyc,mid,97,Normal,30.4155,0.896982,0.278727
arm_f_kl_cyc,mid,98,Normal,30.8012,0.904445,0.257318
arm_f_kl_cyc,mid,99,Normal,31.7691,0.917021,0.27187
arm_f_kl_cyc,mid,100,Normal,31.7943,0.903351,0.286455
arm_f_kl_cyc,mid,101,Normal,30.6493,0.900171,0.282331
arm_f_kl_cyc,mid,102,Normal,31.7708,0.899217,0.240108
arm_f_kl_cyc,mid,103,Normal,31.9382,0.903334,0.266327
arm_f_kl_cyc,mid,104,Normal,30.8667,0.902998,0.255233
arm_f_kl_cyc,mid,105,Normal,31.7477,0.916722,0.243588
arm_f_kl_cyc,mid,106,Normal,31.9214,0.910124,0.2563
arm_f_kl_cyc,mid,107,Normal,31.3125,0.904523,0.269656
arm_f_kl_cyc,mid,108,Normal,30.585,0.874848,0.320986
arm_f_kl_cyc,mid,109,Normal,31.2055,0.892527,0.302632
arm_f_kl_cyc,mid,110,Normal,31.7631,0.903778,0.274653
arm_f_kl_cyc,mid,111,Normal,32.4145,0.890918,0.277201
arm_f_kl_cyc,mid,112,Normal,30.1189,0.893658,0.285588
arm_f_kl_cyc,mid,113,Normal,30.6327,0.881334,0.319304
arm_f_kl_cyc,mid,114,Normal,31.2501,0.8856,0.304104
arm_f_kl_cyc,mid,115,Normal,31.265,0.90858,0.255629
arm_f_kl_cyc,mid,116,Normal,30.4773,0.898109,0.248823
arm_f_kl_cyc,mid,117,Normal,31.9497,0.918327,0.251323
arm_f_kl_cyc,mid,118,Normal,31.3349,0.901638,0.266951
arm_f_kl_cyc,mid,119,Normal,33.1776,0.929807,0.259456
arm_f_kl_cyc,mid,120,Normal,31.8772,0.925439,0.214126
arm_f_kl_cyc,mid,121,Normal,32.0209,0.911931,0.25839
arm_f_kl_cyc,mid,122,Normal,32.2659,0.92405,0.247556
arm_f_kl_cyc,mid,123,Normal,32.0787,0.911105,0.258369
arm_f_kl_cyc,mid,124,Normal,31.6256,0.902314,0.276478
arm_f_kl_cyc,mid,125,Normal,30.6962,0.893773,0.28828
arm_f_kl_cyc,mid,126,Normal,32.2636,0.912887,0.291141
arm_f_kl_cyc,mid,127,Normal,30.6679,0.874841,0.343519
arm_f_kl_cyc,mid,128,Normal,30.7196,0.899314,0.261213
arm_f_kl_cyc,mid,129,Normal,31.6602,0.912334,0.249786
arm_f_kl_cyc,mid,130,Normal,31.2645,0.911272,0.253476
arm_f_kl_cyc,mid,131,Normal,31.0178,0.905499,0.278311
arm_f_kl_cyc,mid,132,Normal,30.713,0.903625,0.277916
arm_f_kl_cyc,mid,133,Normal,31.1929,0.908044,0.27716
arm_f_kl_cyc,mid,134,Normal,32.5533,0.913547,0.289388
arm_f_kl_cyc,mid,135,Normal,32.0978,0.907903,0.247141
arm_f_kl_cyc,mid,136,Normal,31.0361,0.910517,0.26335
arm_f_kl_cyc,mid,137,Normal,30.8167,0.905545,0.248028
arm_f_kl_cyc,mid,138,Normal,31.8144,0.913831,0.257969
arm_f_kl_cyc,mid,139,Normal,30.2219,0.890749,0.281859
arm_f_kl_cyc,mid,140,Normal,30.7759,0.888756,0.294027
arm_f_kl_cyc,mid,141,Normal,31.9762,0.910408,0.297344
arm_f_kl_cyc,mid,142,Normal,30.4471,0.887367,0.309876
arm_f_kl_cyc,mid,143,Normal,32.5296,0.918226,0.264631
arm_f_kl_cyc,mid,144,Normal,31.2024,0.913494,0.275228
arm_f_kl_cyc,mid,145,Normal,30.7651,0.907023,0.241928
arm_f_kl_cyc,mid,146,Normal,30.5551,0.893715,0.285568
arm_f_kl_cyc,mid,147,Normal,30.8629,0.886833,0.32829
arm_f_kl_cyc,mid,148,Normal,32.156,0.913782,0.276915
arm_f_kl_cyc,mid,149,Normal,31.0132,0.9111,0.251694
arm_f_kl_cyc,mid,150,Normal,31.4599,0.892553,0.322145
arm_f_kl_cyc,mid,151,Normal,30.8448,0.881159,0.340597
arm_f_kl_cyc,mid,152,Normal,30.3197,0.870819,0.32333
arm_f_kl_cyc,mid,153,Normal,31.7544,0.913342,0.263404
arm_f_kl_cyc,mid,154,Normal,32.8004,0.91688,0.293458
arm_f_kl_cyc,mid,155,Normal,30.7593,0.889244,0.262465
arm_f_kl_cyc,mid,156,Normal,30.9284,0.889148,0.29066
arm_f_kl_cyc,mid,157,Normal,32.0032,0.915608,0.227849
arm_f_kl_cyc,mid,158,Normal,31.048,0.909835,0.261589
arm_f_kl_cyc,mid,159,Normal,32.3672,0.916007,0.289421
arm_f_kl_cyc,mid,160,Normal,32.9217,0.918798,0.297281
arm_f_kl_cyc,mid,161,Normal,32.0696,0.906347,0.273293
arm_f_kl_cyc,mid,162,Normal,31.8,0.91044,0.255489
arm_f_kl_cyc,mid,163,Normal,32.1688,0.904136,0.275613
arm_f_kl_cyc,mid,164,Normal,33.3811,0.929403,0.306145
arm_f_kl_cyc,mid,165,Normal,33.0983,0.903943,0.371815
arm_f_kl_cyc,mid,166,Normal,32.9203,0.913865,0.254678
arm_f_kl_cyc,mid,167,Normal,31.2818,0.885237,0.343833
arm_f_kl_cyc,mid,168,Normal,31.1023,0.910645,0.25698
arm_f_kl_cyc,mid,169,Normal,29.0254,0.883573,0.270856
arm_f_kl_cyc,mid,170,Normal,31.1102,0.889527,0.304157
arm_f_kl_cyc,mid,171,Normal,31.3844,0.900375,0.292352
arm_f_kl_cyc,mid,172,Normal,31.305,0.894025,0.279044
arm_f_kl_cyc,mid,173,Normal,31.2593,0.888238,0.32109
arm_f_kl_cyc,mid,174,Normal,32.4022,0.913995,0.283502
arm_f_kl_cyc,mid,175,Normal,31.6771,0.905628,0.283005
arm_f_kl_cyc,mid,176,Normal,31.9058,0.916549,0.265831
arm_f_kl_cyc,mid,177,Normal,30.6588,0.880853,0.313712
arm_f_kl_cyc,mid,178,Normal,31.0806,0.890819,0.340739
arm_f_kl_cyc,mid,179,Normal,30.665,0.870539,0.351715
arm_f_kl_cyc,mid,180,Normal,30.0225,0.888634,0.282657
arm_f_kl_cyc,mid,181,Normal,32.1808,0.91097,0.277837
arm_f_kl_cyc,mid,182,Normal,32.5572,0.906662,0.267991
arm_f_kl_cyc,mid,183,Normal,31.6088,0.908427,0.2692
arm_f_kl_cyc,mid,184,Normal,31.3737,0.905689,0.276538
arm_f_kl_cyc,mid,185,Normal,32.0289,0.907387,0.261002
arm_f_kl_cyc,mid,186,Normal,30.764,0.893297,0.300979
arm_f_kl_cyc,mid,187,Normal,32.2868,0.919398,0.274277
arm_f_kl_cyc,mid,188,Normal,32.463,0.903706,0.281029
arm_f_kl_cyc,mid,189,Normal,31.9417,0.897425,0.285238
arm_f_kl_cyc,mid,190,Normal,30.3796,0.886417,0.298523
arm_f_kl_cyc,mid,191,Normal,31.9954,0.90816,0.275325
arm_f_kl_cyc,mid,192,Normal,33.3189,0.917813,0.319809
arm_f_kl_cyc,mid,193,Normal,30.8057,0.905361,0.248932
arm_f_kl_cyc,mid,194,Normal,30.8055,0.895603,0.286581
arm_f_kl_cyc,mid,195,Normal,31.1591,0.900819,0.272482
arm_f_kl_cyc,mid,196,Normal,31.5355,0.896814,0.271837
arm_f_kl_cyc,mid,197,Normal,31.5319,0.903461,0.276904
arm_f_kl_cyc,mid,198,Normal,32.7018,0.917898,0.299099
arm_f_kl_cyc,mid,199,Normal,30.3533,0.887027,0.283169
arm_f_kl_cyc,mid,200,Normal,31.4291,0.907874,0.269673
arm_f_kl_cyc,mid,201,Normal,31.8557,0.909658,0.274964
arm_f_kl_cyc,mid,202,Normal,31.4794,0.904257,0.312609
arm_f_kl_cyc,mid,203,Normal,31.4422,0.911823,0.262695
arm_f_kl_cyc,mid,204,Normal,30.6536,0.903226,0.270273
arm_f_kl_cyc,mid,205,Normal,32.6542,0.907522,0.300189
arm_f_kl_cyc,mid,206,Normal,33.0472,0.921542,0.252822
arm_f_kl_cyc,mid,207,Normal,32.2419,0.900757,0.268519
arm_f_kl_cyc,mid,208,Normal,31.202,0.905392,0.2811
arm_f_kl_cyc,mid,209,Normal,30.7195,0.908199,0.264637
arm_f_kl_cyc,mid,210,Normal,31.019,0.886802,0.319349
arm_f_kl_cyc,mid,211,Normal,31.7243,0.910981,0.25261
arm_f_kl_cyc,mid,212,Normal,32.2868,0.915888,0.265068
arm_f_kl_cyc,mid,213,Normal,31.802,0.911556,0.291128
arm_f_kl_cyc,mid,214,Normal,31.4881,0.900711,0.267982
arm_f_kl_cyc,mid,215,Normal,31.4671,0.880399,0.345471
arm_f_kl_cyc,mid,216,Normal,30.8281,0.90531,0.27909
arm_f_kl_cyc,mid,217,Normal,32.51,0.902969,0.355518
arm_f_kl_cyc,mid,218,Normal,31.1202,0.885674,0.321377
arm_f_kl_cyc,mid,219,Normal,31.3214,0.905094,0.272918
arm_f_kl_cyc,mid,220,Normal,33.4808,0.912757,0.297967
arm_f_kl_cyc,mid,221,Normal,31.9102,0.915,0.238808
arm_f_kl_cyc,mid,222,Normal,31.272,0.905598,0.250706
arm_f_kl_cyc,mid,223,Normal,31.1734,0.900613,0.301771
arm_f_kl_cyc,mid,224,Normal,31.8068,0.912813,0.256912
arm_f_kl_cyc,mid,225,Normal,29.9441,0.859654,0.353169
arm_f_kl_cyc,mid,226,Normal,32.4821,0.914405,0.271304
arm_f_kl_cyc,mid,227,Normal,30.7091,0.904372,0.283496
arm_f_kl_cyc,mid,228,Normal,32.9199,0.914791,0.263016
arm_f_kl_cyc,mid,229,Normal,31.0394,0.909987,0.246043
arm_f_kl_cyc,mid,230,Normal,31.0862,0.903724,0.290792
arm_f_kl_cyc,mid,231,Normal,31.2598,0.889107,0.309572
arm_f_kl_cyc,mid,232,Normal,32.5258,0.914311,0.266935
arm_f_kl_cyc,mid,233,Normal,31.9768,0.907082,0.284146
arm_f_kl_cyc,mid,234,Bacterial,33.3326,0.913227,0.344556
arm_f_kl_cyc,mid,235,Bacterial,31.4204,0.898834,0.337089
arm_f_kl_cyc,mid,236,Bacterial,33.3524,0.913934,0.317291
arm_f_kl_cyc,mid,237,Bacterial,33.1361,0.909246,0.330838
arm_f_kl_cyc,mid,238,Bacterial,33.943,0.914272,0.350551
arm_f_kl_cyc,mid,239,Bacterial,32.8631,0.916255,0.313661
arm_f_kl_cyc,mid,240,Bacterial,33.1882,0.903921,0.344786
arm_f_kl_cyc,mid,241,Bacterial,32.1242,0.899096,0.364956
arm_f_kl_cyc,mid,242,Bacterial,33.271,0.906105,0.341872
arm_f_kl_cyc,mid,243,Bacterial,32.0554,0.892765,0.370958
arm_f_kl_cyc,mid,244,Bacterial,31.1642,0.888783,0.284003
arm_f_kl_cyc,mid,245,Bacterial,31.965,0.913552,0.275841
arm_f_kl_cyc,mid,246,Bacterial,32.4988,0.917723,0.314394
arm_f_kl_cyc,mid,247,Bacterial,32.0418,0.91,0.310367
arm_f_kl_cyc,mid,248,Bacterial,33.6397,0.916856,0.295383
arm_f_kl_cyc,mid,249,Bacterial,34.1553,0.919672,0.342454
arm_f_kl_cyc,mid,250,Bacterial,33.331,0.900746,0.345986
arm_f_kl_cyc,mid,251,Bacterial,31.4689,0.902381,0.260139
arm_f_kl_cyc,mid,252,Bacterial,33.6358,0.902086,0.364268
arm_f_kl_cyc,mid,253,Bacterial,32.6271,0.910858,0.346769
arm_f_kl_cyc,mid,254,Bacterial,31.748,0.895846,0.284602
arm_f_kl_cyc,mid,255,Bacterial,32.2731,0.906584,0.30185
arm_f_kl_cyc,mid,256,Bacterial,31.6619,0.89691,0.322181
arm_f_kl_cyc,mid,257,Bacterial,32.8985,0.912955,0.322481
arm_f_kl_cyc,mid,258,Bacterial,32.8483,0.895222,0.361218
arm_f_kl_cyc,mid,259,Bacterial,33.1204,0.911344,0.33649
arm_f_kl_cyc,mid,260,Bacterial,33.1625,0.920964,0.310098
arm_f_kl_cyc,mid,261,Bacterial,31.2307,0.902401,0.241878
arm_f_kl_cyc,mid,262,Bacterial,34.2867,0.915284,0.317784
arm_f_kl_cyc,mid,263,Bacterial,34.0002,0.922827,0.32155
arm_f_kl_cyc,mid,264,Bacterial,33.7262,0.91008,0.332458
arm_f_kl_cyc,mid,265,Bacterial,34.1084,0.922371,0.329985
arm_f_kl_cyc,mid,266,Bacterial,33.7282,0.913414,0.319006
arm_f_kl_cyc,mid,267,Bacterial,32.4743,0.897423,0.326543
arm_f_kl_cyc,mid,268,Bacterial,33.3176,0.906209,0.35469
arm_f_kl_cyc,mid,269,Bacterial,33.2387,0.920849,0.302599
arm_f_kl_cyc,mid,270,Bacterial,33.8708,0.929285,0.281242
arm_f_kl_cyc,mid,271,Bacterial,32.9643,0.915364,0.278163
arm_f_kl_cyc,mid,272,Bacterial,33.7126,0.920934,0.338288
arm_f_kl_cyc,mid,273,Bacterial,33.7156,0.918319,0.315915
arm_f_kl_cyc,mid,274,Bacterial,32.0266,0.895522,0.319068
arm_f_kl_cyc,mid,275,Bacterial,31.336,0.894356,0.342546
arm_f_kl_cyc,mid,276,Bacterial,30.8126,0.892377,0.254953
arm_f_kl_cyc,mid,277,Bacterial,32.451,0.894382,0.345313
arm_f_kl_cyc,mid,278,Bacterial,32.6431,0.900876,0.336315
arm_f_kl_cyc,mid,279,Bacterial,32.5894,0.906094,0.319292
arm_f_kl_cyc,mid,280,Bacterial,33.3839,0.905832,0.319574
arm_f_kl_cyc,mid,281,Bacterial,32.5126,0.886907,0.353849
arm_f_kl_cyc,mid,282,Bacterial,31.9534,0.897991,0.331611
arm_f_kl_cyc,mid,283,Bacterial,33.0652,0.905722,0.339961
arm_f_kl_cyc,mid,284,Bacterial,31.4134,0.899195,0.362759
arm_f_kl_cyc,mid,285,Bacterial,33.9124,0.911213,0.360522
arm_f_kl_cyc,mid,286,Bacterial,32.234,0.915239,0.314139
arm_f_kl_cyc,mid,287,Bacterial,32.2029,0.902716,0.31694
arm_f_kl_cyc,mid,288,Bacterial,33.578,0.914428,0.313028
arm_f_kl_cyc,mid,289,Bacterial,32.4323,0.896028,0.330724
arm_f_kl_cyc,mid,290,Bacterial,33.7128,0.917139,0.333904
arm_f_kl_cyc,mid,291,Bacterial,32.5387,0.903739,0.328289
arm_f_kl_cyc,mid,292,Bacterial,32.188,0.902954,0.267636
arm_f_kl_cyc,mid,293,Bacterial,33.6589,0.917909,0.300111
arm_f_kl_cyc,mid,294,Bacterial,32.9724,0.915728,0.312181
arm_f_kl_cyc,mid,295,Bacterial,31.9554,0.90797,0.2965
arm_f_kl_cyc,mid,296,Bacterial,33.3963,0.91743,0.308481
arm_f_kl_cyc,mid,297,Bacterial,32.5143,0.912486,0.299796
arm_f_kl_cyc,mid,298,Bacterial,30.641,0.880103,0.342554
arm_f_kl_cyc,mid,299,Bacterial,31.296,0.89535,0.341875
arm_f_kl_cyc,mid,300,Bacterial,31.1151,0.89921,0.316671
arm_f_kl_cyc,mid,301,Bacterial,30.9865,0.889965,0.276384
arm_f_kl_cyc,mid,302,Bacterial,31.9976,0.899664,0.30168
arm_f_kl_cyc,mid,303,Bacterial,31.7916,0.9119,0.332505
arm_f_kl_cyc,mid,304,Bacterial,32.874,0.908202,0.330457
arm_f_kl_cyc,mid,305,Bacterial,33.7078,0.913217,0.313178
arm_f_kl_cyc,mid,306,Bacterial,32.404,0.911333,0.322264
arm_f_kl_cyc,mid,307,Bacterial,32.3225,0.913633,0.314538
arm_f_kl_cyc,mid,308,Bacterial,32.1722,0.898646,0.290806
arm_f_kl_cyc,mid,309,Bacterial,32.2291,0.905327,0.311365
arm_f_kl_cyc,mid,310,Bacterial,30.8167,0.89217,0.276815
arm_f_kl_cyc,mid,311,Bacterial,32.4048,0.901836,0.31437
arm_f_kl_cyc,mid,312,Bacterial,31.1959,0.902798,0.305296
arm_f_kl_cyc,mid,313,Bacterial,33.1146,0.90453,0.363689
arm_f_kl_cyc,mid,314,Bacterial,32.0639,0.892498,0.28356
arm_f_kl_cyc,mid,315,Bacterial,34.3877,0.929869,0.326221
arm_f_kl_cyc,mid,316,Bacterial,33.7709,0.917501,0.34693
arm_f_kl_cyc,mid,317,Bacterial,33.7279,0.916382,0.366397
arm_f_kl_cyc,mid,318,Bacterial,33.015,0.908517,0.333943
arm_f_kl_cyc,mid,319,Bacterial,32.7546,0.894041,0.346813
arm_f_kl_cyc,mid,320,Bacterial,33.6659,0.903667,0.358535
arm_f_kl_cyc,mid,321,Bacterial,30.6978,0.906827,0.306101
arm_f_kl_cyc,mid,322,Bacterial,32.0482,0.908087,0.318736
arm_f_kl_cyc,mid,323,Bacterial,32.0179,0.911923,0.289879
arm_f_kl_cyc,mid,324,Bacterial,31.2439,0.909547,0.29341
arm_f_kl_cyc,mid,325,Bacterial,31.1217,0.907487,0.271611
arm_f_kl_cyc,mid,326,Bacterial,32.2882,0.909584,0.315687
arm_f_kl_cyc,mid,327,Bacterial,32.9769,0.914293,0.29462
arm_f_kl_cyc,mid,328,Bacterial,33.2506,0.919451,0.317865
arm_f_kl_cyc,mid,329,Bacterial,32.8202,0.920881,0.205608
arm_f_kl_cyc,mid,330,Bacterial,34.0596,0.909904,0.335898
arm_f_kl_cyc,mid,331,Bacterial,33.2762,0.921557,0.306707
arm_f_kl_cyc,mid,332,Bacterial,33.9408,0.922396,0.313779
arm_f_kl_cyc,mid,333,Bacterial,33.9169,0.925471,0.30638
arm_f_kl_cyc,mid,334,Bacterial,33.8752,0.926952,0.302248
arm_f_kl_cyc,mid,335,Bacterial,31.7978,0.89958,0.290832
arm_f_kl_cyc,mid,336,Bacterial,33.5221,0.918433,0.318701
arm_f_kl_cyc,mid,337,Bacterial,32.7323,0.902402,0.336622
arm_f_kl_cyc,mid,338,Bacterial,33.399,0.906453,0.34639
arm_f_kl_cyc,mid,339,Bacterial,31.8771,0.902557,0.255905
arm_f_kl_cyc,mid,340,Bacterial,33.7809,0.916281,0.30438
arm_f_kl_cyc,mid,341,Bacterial,32.6148,0.918726,0.31147
arm_f_kl_cyc,mid,342,Bacterial,32.509,0.913174,0.321526
arm_f_kl_cyc,mid,343,Bacterial,33.0565,0.913183,0.346917
arm_f_kl_cyc,mid,344,Bacterial,33.7299,0.921002,0.326935
arm_f_kl_cyc,mid,345,Bacterial,32.4225,0.909687,0.355119
arm_f_kl_cyc,mid,346,Bacterial,31.5877,0.899938,0.325203
arm_f_kl_cyc,mid,347,Bacterial,33.243,0.918184,0.328022
arm_f_kl_cyc,mid,348,Bacterial,32.8124,0.902731,0.338777
arm_f_kl_cyc,mid,349,Bacterial,34.0914,0.921301,0.323807
arm_f_kl_cyc,mid,350,Bacterial,34.5776,0.92465,0.344597
arm_f_kl_cyc,mid,351,Bacterial,31.493,0.904506,0.275251
arm_f_kl_cyc,mid,352,Bacterial,33.2589,0.912798,0.324654
arm_f_kl_cyc,mid,353,Bacterial,32.8799,0.917824,0.31224
arm_f_kl_cyc,mid,354,Bacterial,34.0255,0.907826,0.369232
arm_f_kl_cyc,mid,355,Bacterial,33.3065,0.907487,0.30379
arm_f_kl_cyc,mid,356,Bacterial,33.0208,0.908995,0.315016
arm_f_kl_cyc,mid,357,Bacterial,33.3484,0.906529,0.327691
arm_f_kl_cyc,mid,358,Bacterial,33.4126,0.907906,0.368839
arm_f_kl_cyc,mid,359,Bacterial,32.4875,0.909595,0.240426
arm_f_kl_cyc,mid,360,Bacterial,32.6978,0.914115,0.315904
arm_f_kl_cyc,mid,361,Bacterial,33.8057,0.919134,0.303217
arm_f_kl_cyc,mid,362,Bacterial,33.3499,0.918325,0.350091
arm_f_kl_cyc,mid,363,Bacterial,32.29,0.928038,0.268818
arm_f_kl_cyc,mid,364,Bacterial,33.9064,0.917779,0.293074
arm_f_kl_cyc,mid,365,Bacterial,30.8947,0.903149,0.287943
arm_f_kl_cyc,mid,366,Bacterial,33.3982,0.915609,0.339624
arm_f_kl_cyc,mid,367,Bacterial,32.1243,0.912584,0.233354
arm_f_kl_cyc,mid,368,Bacterial,32.8083,0.903257,0.315276
arm_f_kl_cyc,mid,369,Bacterial,31.8236,0.904456,0.249957
arm_f_kl_cyc,mid,370,Bacterial,30.4349,0.895717,0.265232
arm_f_kl_cyc,mid,371,Bacterial,33.0186,0.914727,0.305015
arm_f_kl_cyc,mid,372,Bacterial,32.177,0.889975,0.388133
arm_f_kl_cyc,mid,373,Bacterial,33.1989,0.911392,0.328249
arm_f_kl_cyc,mid,374,Bacterial,32.0706,0.902291,0.32192
arm_f_kl_cyc,mid,375,Bacterial,32.7496,0.910772,0.335138
arm_f_kl_cyc,mid,376,Bacterial,31.5816,0.909234,0.307275
arm_f_kl_cyc,mid,377,Bacterial,32.7473,0.912028,0.327935
arm_f_kl_cyc,mid,378,Bacterial,32.0794,0.901655,0.24509
arm_f_kl_cyc,mid,379,Bacterial,32.8636,0.915433,0.306166
arm_f_kl_cyc,mid,380,Bacterial,33.1041,0.924856,0.307291
arm_f_kl_cyc,mid,381,Bacterial,30.864,0.89726,0.26683
arm_f_kl_cyc,mid,382,Bacterial,32.3602,0.906643,0.31275
arm_f_kl_cyc,mid,383,Bacterial,31.3,0.890283,0.302898
arm_f_kl_cyc,mid,384,Bacterial,31.0058,0.898879,0.245
arm_f_kl_cyc,mid,385,Bacterial,30.8037,0.897932,0.279743
arm_f_kl_cyc,mid,386,Bacterial,33.436,0.921587,0.291368
arm_f_kl_cyc,mid,387,Bacterial,33.2209,0.921312,0.273947
arm_f_kl_cyc,mid,388,Bacterial,31.8179,0.916412,0.201852
arm_f_kl_cyc,mid,389,Bacterial,31.0787,0.898875,0.279713
arm_f_kl_cyc,mid,390,Bacterial,32.7223,0.907763,0.298204
arm_f_kl_cyc,mid,391,Bacterial,31.6046,0.901597,0.373604
arm_f_kl_cyc,mid,392,Bacterial,32.9146,0.909284,0.338051
arm_f_kl_cyc,mid,393,Bacterial,32.8724,0.903806,0.359092
arm_f_kl_cyc,mid,394,Bacterial,33.1861,0.918125,0.317855
arm_f_kl_cyc,mid,395,Bacterial,33.0144,0.912558,0.32068
arm_f_kl_cyc,mid,396,Bacterial,31.1457,0.87569,0.354746
arm_f_kl_cyc,mid,397,Bacterial,34.3823,0.907208,0.358262
arm_f_kl_cyc,mid,398,Bacterial,33.719,0.90801,0.369445
arm_f_kl_cyc,mid,399,Bacterial,31.8051,0.90479,0.326979
arm_f_kl_cyc,mid,400,Bacterial,32.1895,0.89932,0.310331
arm_f_kl_cyc,mid,401,Bacterial,31.1657,0.891238,0.278238
arm_f_kl_cyc,mid,402,Bacterial,33.5497,0.911645,0.331942
arm_f_kl_cyc,mid,403,Bacterial,32.4711,0.914698,0.30211
arm_f_kl_cyc,mid,404,Bacterial,32.5762,0.90087,0.324205
arm_f_kl_cyc,mid,405,Bacterial,32.6017,0.908262,0.300864
arm_f_kl_cyc,mid,406,Bacterial,34.3649,0.924154,0.309678
arm_f_kl_cyc,mid,407,Bacterial,32.2963,0.910921,0.323584
arm_f_kl_cyc,mid,408,Bacterial,32.5995,0.911949,0.294368
arm_f_kl_cyc,mid,409,Bacterial,31.751,0.898131,0.285563
arm_f_kl_cyc,mid,410,Bacterial,31.0149,0.893414,0.273928
arm_f_kl_cyc,mid,411,Bacterial,32.4239,0.896345,0.329232
arm_f_kl_cyc,mid,412,Bacterial,33.0393,0.902484,0.334261
arm_f_kl_cyc,mid,413,Bacterial,31.0776,0.885244,0.252711
arm_f_kl_cyc,mid,414,Bacterial,33.7304,0.91288,0.337461
arm_f_kl_cyc,mid,415,Bacterial,32.6421,0.903191,0.359429
arm_f_kl_cyc,mid,416,Bacterial,34.2499,0.919966,0.342844
arm_f_kl_cyc,mid,417,Bacterial,33.2438,0.903445,0.287727
arm_f_kl_cyc,mid,418,Bacterial,33.4265,0.913998,0.310091
arm_f_kl_cyc,mid,419,Bacterial,32.3826,0.912503,0.261423
arm_f_kl_cyc,mid,420,Bacterial,32.7996,0.917435,0.309919
arm_f_kl_cyc,mid,421,Bacterial,32.3445,0.910379,0.319913
arm_f_kl_cyc,mid,422,Bacterial,32.3606,0.900975,0.331356
arm_f_kl_cyc,mid,423,Bacterial,32.8693,0.912611,0.348661
arm_f_kl_cyc,mid,424,Bacterial,32.734,0.909483,0.356048
arm_f_kl_cyc,mid,425,Bacterial,33.5473,0.909829,0.333788
arm_f_kl_cyc,mid,426,Bacterial,35.0742,0.921273,0.346897
arm_f_kl_cyc,mid,427,Bacterial,34.6499,0.915848,0.383254
arm_f_kl_cyc,mid,428,Bacterial,34.0015,0.916376,0.391524
arm_f_kl_cyc,mid,429,Bacterial,31.5755,0.903602,0.282856
arm_f_kl_cyc,mid,430,Bacterial,33.7585,0.921256,0.29799
arm_f_kl_cyc,mid,431,Bacterial,34.1017,0.907201,0.363291
arm_f_kl_cyc,mid,432,Bacterial,33.5295,0.916523,0.307343
arm_f_kl_cyc,mid,433,Bacterial,32.1014,0.893216,0.352268
arm_f_kl_cyc,mid,434,Bacterial,32.9424,0.910089,0.306829
arm_f_kl_cyc,mid,435,Bacterial,32.3505,0.910529,0.289454
arm_f_kl_cyc,mid,436,Bacterial,31.7242,0.906807,0.215952
arm_f_kl_cyc,mid,437,Bacterial,33.9401,0.910833,0.307589
arm_f_kl_cyc,mid,438,Bacterial,31.4131,0.886541,0.350133
arm_f_kl_cyc,mid,439,Bacterial,32.5646,0.903944,0.33978
arm_f_kl_cyc,mid,440,Bacterial,31.7473,0.903542,0.306585
arm_f_kl_cyc,mid,441,Bacterial,31.5729,0.901423,0.285199
arm_f_kl_cyc,mid,442,Bacterial,33.3897,0.91306,0.326171
arm_f_kl_cyc,mid,443,Bacterial,33.5337,0.915377,0.334598
arm_f_kl_cyc,mid,444,Bacterial,32.8962,0.913289,0.294162
arm_f_kl_cyc,mid,445,Bacterial,32.8355,0.908986,0.346028
arm_f_kl_cyc,mid,446,Bacterial,32.7485,0.911625,0.345435
arm_f_kl_cyc,mid,447,Bacterial,33.6746,0.906187,0.347854
arm_f_kl_cyc,mid,448,Bacterial,33.597,0.917802,0.36434
arm_f_kl_cyc,mid,449,Bacterial,31.7941,0.893864,0.289136
arm_f_kl_cyc,mid,450,Bacterial,32.1039,0.905909,0.316186
arm_f_kl_cyc,mid,451,Bacterial,31.1073,0.894825,0.256017
arm_f_kl_cyc,mid,452,Bacterial,32.0482,0.908751,0.321575
arm_f_kl_cyc,mid,453,Bacterial,33.5692,0.914464,0.320205
arm_f_kl_cyc,mid,454,Bacterial,32.1261,0.914761,0.297883
arm_f_kl_cyc,mid,455,Bacterial,33.9276,0.919723,0.350643
arm_f_kl_cyc,mid,456,Bacterial,30.8375,0.892097,0.31103
arm_f_kl_cyc,mid,457,Bacterial,33.6324,0.914592,0.350621
arm_f_kl_cyc,mid,458,Bacterial,33.6175,0.92215,0.310332
arm_f_kl_cyc,mid,459,Bacterial,34.2295,0.917047,0.346077
arm_f_kl_cyc,mid,460,Bacterial,32.5215,0.905671,0.317285
arm_f_kl_cyc,mid,461,Bacterial,32.3313,0.909697,0.296858
arm_f_kl_cyc,mid,462,Bacterial,31.749,0.898818,0.286889
arm_f_kl_cyc,mid,463,Bacterial,33.5943,0.909904,0.333938
arm_f_kl_cyc,mid,464,Bacterial,32.2193,0.897515,0.339268
arm_f_kl_cyc,mid,465,Bacterial,33.5499,0.915298,0.318825
arm_f_kl_cyc,mid,466,Bacterial,32.6896,0.90613,0.314236
arm_f_kl_cyc,mid,467,Bacterial,32.8065,0.899769,0.376341
arm_f_kl_cyc,mid,468,Bacterial,32.8359,0.914005,0.320469
arm_f_kl_cyc,mid,469,Bacterial,33.6907,0.902361,0.344359
arm_f_kl_cyc,mid,470,Bacterial,32.695,0.903435,0.338681
arm_f_kl_cyc,mid,471,Bacterial,31.885,0.898852,0.263725
arm_f_kl_cyc,mid,472,Bacterial,32.2356,0.907199,0.244017
arm_f_kl_cyc,mid,473,Bacterial,30.1268,0.889815,0.350794
arm_f_kl_cyc,mid,474,Bacterial,31.6368,0.912599,0.303373
arm_f_kl_cyc,mid,475,Bacterial,30.8973,0.887339,0.28229
arm_f_kl_cyc,mid,476,Viral,31.9165,0.909657,0.322237
arm_f_kl_cyc,mid,477,Viral,32.0821,0.913083,0.300484
arm_f_kl_cyc,mid,478,Viral,32.2107,0.919689,0.296507
arm_f_kl_cyc,mid,479,Viral,32.8783,0.911137,0.296154
arm_f_kl_cyc,mid,480,Viral,33.8198,0.91217,0.35274
arm_f_kl_cyc,mid,481,Viral,32.2537,0.919685,0.315761
arm_f_kl_cyc,mid,482,Viral,31.4596,0.892057,0.278663
arm_f_kl_cyc,mid,483,Viral,32.9305,0.909531,0.336248
arm_f_kl_cyc,mid,484,Viral,32.6973,0.908086,0.357498
arm_f_kl_cyc,mid,485,Viral,32.1411,0.90843,0.334186
arm_f_kl_cyc,mid,486,Viral,33.218,0.900903,0.376958
arm_f_kl_cyc,mid,487,Viral,32.8035,0.902345,0.328183
arm_f_kl_cyc,mid,488,Viral,31.8628,0.911888,0.288537
arm_f_kl_cyc,mid,489,Viral,32.8119,0.91334,0.308281
arm_f_kl_cyc,mid,490,Viral,32.7183,0.910193,0.340181
arm_f_kl_cyc,mid,491,Viral,32.2312,0.912668,0.301334
arm_f_kl_cyc,mid,492,Viral,31.7524,0.90368,0.3481
arm_f_kl_cyc,mid,493,Viral,32.3746,0.909719,0.313342
arm_f_kl_cyc,mid,494,Viral,32.3724,0.908274,0.323689
arm_f_kl_cyc,mid,495,Viral,31.4849,0.904621,0.317941
arm_f_kl_cyc,mid,496,Viral,33.0696,0.910813,0.315232
arm_f_kl_cyc,mid,497,Viral,31.9092,0.915971,0.250589
arm_f_kl_cyc,mid,498,Viral,33.392,0.920846,0.308329
arm_f_kl_cyc,mid,499,Viral,33.0916,0.903027,0.299383
arm_f_kl_cyc,mid,500,Viral,31.7815,0.89285,0.366845
arm_f_kl_cyc,mid,501,Viral,31.1104,0.903379,0.27123
arm_f_kl_cyc,mid,502,Viral,32.2205,0.91301,0.30152
arm_f_kl_cyc,mid,503,Viral,31.3691,0.911367,0.298872
arm_f_kl_cyc,mid,504,Viral,31.686,0.901133,0.315796
arm_f_kl_cyc,mid,505,Viral,33.1149,0.918926,0.267754
arm_f_kl_cyc,mid,506,Viral,31.8022,0.890174,0.339156
arm_f_kl_cyc,mid,507,Viral,31.0438,0.890018,0.285665
arm_f_kl_cyc,mid,508,Viral,33.4016,0.913527,0.34729
arm_f_kl_cyc,mid,509,Viral,31.2477,0.896741,0.339745
arm_f_kl_cyc,mid,510,Viral,29.8457,0.899141,0.287227
arm_f_kl_cyc,mid,511,Viral,31.8771,0.912594,0.283369
arm_f_kl_cyc,mid,512,Viral,33.8011,0.919811,0.29705
arm_f_kl_cyc,mid,513,Viral,31.3252,0.909028,0.289413
arm_f_kl_cyc,mid,514,Viral,31.0664,0.908549,0.262161
arm_f_kl_cyc,mid,515,Viral,32.6838,0.909205,0.30351
arm_f_kl_cyc,mid,516,Viral,33.288,0.916702,0.277409
arm_f_kl_cyc,mid,517,Viral,31.0951,0.902193,0.336849
arm_f_kl_cyc,mid,518,Viral,31.4222,0.899071,0.243326
arm_f_kl_cyc,mid,519,Viral,33.1976,0.936319,0.226217
arm_f_kl_cyc,mid,520,Viral,32.8672,0.920394,0.285326
arm_f_kl_cyc,mid,521,Viral,31.9093,0.914518,0.273451
arm_f_kl_cyc,mid,522,Viral,33.1596,0.919747,0.278866
arm_f_kl_cyc,mid,523,Viral,33.383,0.923867,0.299336
arm_f_kl_cyc,mid,524,Viral,33.4167,0.921528,0.330203
arm_f_kl_cyc,mid,525,Viral,33.6207,0.92553,0.272848
arm_f_kl_cyc,mid,526,Viral,32.9797,0.913697,0.332531
arm_f_kl_cyc,mid,527,Viral,33.0241,0.905324,0.358206
arm_f_kl_cyc,mid,528,Viral,32.832,0.912646,0.310201
arm_f_kl_cyc,mid,529,Viral,30.9839,0.876655,0.334497
arm_f_kl_cyc,mid,530,Viral,32.438,0.905412,0.339925
arm_f_kl_cyc,mid,531,Viral,32.267,0.915733,0.284931
arm_f_kl_cyc,mid,532,Viral,32.1653,0.911364,0.323949
arm_f_kl_cyc,mid,533,Viral,31.6002,0.906706,0.289135
arm_f_kl_cyc,mid,534,Viral,30.8312,0.904795,0.322132
arm_f_kl_cyc,mid,535,Viral,31.6937,0.911569,0.290457
arm_f_kl_cyc,mid,536,Viral,33.5665,0.908755,0.323792
arm_f_kl_cyc,mid,537,Viral,32.2711,0.907632,0.336169
arm_f_kl_cyc,mid,538,Viral,33.5791,0.915096,0.350997
arm_f_kl_cyc,mid,539,Viral,32.1739,0.913215,0.266806
arm_f_kl_cyc,mid,540,Viral,32.6878,0.911014,0.309314
arm_f_kl_cyc,mid,541,Viral,31.6418,0.905886,0.32643
arm_f_kl_cyc,mid,542,Viral,33.454,0.923426,0.265566
arm_f_kl_cyc,mid,543,Viral,34.5116,0.923187,0.318682
arm_f_kl_cyc,mid,544,Viral,30.9315,0.902005,0.277386
arm_f_kl_cyc,mid,545,Viral,31.0059,0.909576,0.280649
arm_f_kl_cyc,mid,546,Viral,33.3554,0.91385,0.316514
arm_f_kl_cyc,mid,547,Viral,33.3175,0.916288,0.314485
arm_f_kl_cyc,mid,548,Viral,31.124,0.906039,0.299421
arm_f_kl_cyc,mid,549,Viral,34.7147,0.915575,0.3507
arm_f_kl_cyc,mid,550,Viral,34.7095,0.914007,0.349604
arm_f_kl_cyc,mid,551,Viral,32.2534,0.911343,0.297299
arm_f_kl_cyc,mid,552,Viral,33.2091,0.925885,0.280188
arm_f_kl_cyc,mid,553,Viral,33.6163,0.913597,0.290424
arm_f_kl_cyc,mid,554,Viral,32.3441,0.915618,0.301605
arm_f_kl_cyc,mid,555,Viral,31.062,0.911056,0.287786
arm_f_kl_cyc,mid,556,Viral,32.2889,0.902197,0.304867
arm_f_kl_cyc,mid,557,Viral,32.9742,0.90328,0.305422
arm_f_kl_cyc,mid,558,Viral,31.9652,0.908639,0.311094
arm_f_kl_cyc,mid,559,Viral,33.4705,0.910003,0.355767
arm_f_kl_cyc,mid,560,Viral,33.5628,0.926528,0.284106
arm_f_kl_cyc,mid,561,Viral,31.3889,0.901705,0.301783
arm_f_kl_cyc,mid,562,Viral,32.2455,0.911025,0.307174
arm_f_kl_cyc,mid,563,Viral,32.3192,0.906717,0.304357
arm_f_kl_cyc,mid,564,Viral,32.5457,0.915526,0.309569
arm_f_kl_cyc,mid,565,Viral,33.0576,0.915413,0.320837
arm_f_kl_cyc,mid,566,Viral,31.7976,0.911191,0.331838
arm_f_kl_cyc,mid,567,Viral,32.1445,0.919402,0.285463
arm_f_kl_cyc,mid,568,Viral,31.8297,0.90475,0.323279
arm_f_kl_cyc,mid,569,Viral,32.3166,0.910347,0.330362
arm_f_kl_cyc,mid,570,Viral,31.5741,0.910816,0.284975
arm_f_kl_cyc,mid,571,Viral,32.8622,0.910847,0.305266
arm_f_kl_cyc,mid,572,Viral,32.149,0.898965,0.353068
arm_f_kl_cyc,mid,573,Viral,32.3461,0.907553,0.302916
arm_f_kl_cyc,mid,574,Viral,34.056,0.935256,0.32381
arm_f_kl_cyc,mid,575,Viral,32.8152,0.912547,0.298377
arm_f_kl_cyc,mid,576,Viral,32.1806,0.908321,0.324776
arm_f_kl_cyc,mid,577,Viral,31.5538,0.912583,0.324723
arm_f_kl_cyc,mid,578,Viral,33.3883,0.926384,0.264408
arm_f_kl_cyc,mid,579,Viral,31.8489,0.914767,0.257089
arm_f_kl_cyc,mid,580,Viral,31.8607,0.912399,0.309871
arm_f_kl_cyc,mid,581,Viral,31.8313,0.911827,0.271947
arm_f_kl_cyc,mid,582,Viral,32.3657,0.90834,0.312205
arm_f_kl_cyc,mid,583,Viral,32.8051,0.906121,0.315382
arm_f_kl_cyc,mid,584,Viral,33.6644,0.914374,0.320385
arm_f_kl_cyc,mid,585,Viral,33.4768,0.923152,0.29583
arm_f_kl_cyc,mid,586,Viral,32.995,0.902323,0.322286
arm_f_kl_cyc,mid,587,Viral,33.2111,0.897664,0.333271
arm_f_kl_cyc,mid,588,Viral,31.9864,0.89978,0.33233
arm_f_kl_cyc,mid,589,Viral,29.8473,0.886379,0.249657
arm_f_kl_cyc,mid,590,Viral,31.4832,0.906821,0.301842
arm_f_kl_cyc,mid,591,Viral,31.2636,0.91039,0.279629
arm_f_kl_cyc,mid,592,Viral,31.3054,0.911016,0.269385
arm_f_kl_cyc,mid,593,Viral,33.4065,0.888001,0.328406
arm_f_kl_cyc,mid,594,Viral,33.4661,0.921611,0.312924
arm_f_kl_cyc,mid,595,Viral,33.3689,0.914275,0.287655
arm_f_kl_cyc,mid,596,Viral,32.9714,0.917839,0.32894
arm_f_kl_cyc,mid,597,Viral,32.8603,0.920276,0.284394
arm_f_kl_cyc,mid,598,Viral,31.3111,0.904991,0.333191
arm_f_kl_cyc,mid,599,Viral,31.2494,0.910142,0.273341
arm_f_kl_cyc,mid,600,Viral,32.5281,0.90326,0.338004
arm_f_kl_cyc,mid,601,Viral,33.0146,0.91856,0.318021
arm_f_kl_cyc,mid,602,Viral,31.7001,0.90734,0.318103
arm_f_kl_cyc,mid,603,Viral,31.6016,0.918931,0.278452
arm_f_kl_cyc,mid,604,Viral,32.1798,0.91759,0.284976
arm_f_kl_cyc,mid,605,Viral,33.519,0.918878,0.300272
arm_f_kl_cyc,mid,606,Viral,32.9913,0.916796,0.317319
arm_f_kl_cyc,mid,607,Viral,33.1473,0.91933,0.308449
arm_f_kl_cyc,mid,608,Viral,33.6759,0.920833,0.317279
arm_f_kl_cyc,mid,609,Viral,33.3927,0.923841,0.314524
arm_f_kl_cyc,mid,610,Viral,33.712,0.920895,0.310552
arm_f_kl_cyc,mid,611,Viral,31.4772,0.908375,0.304017
arm_f_kl_cyc,mid,612,Viral,30.8443,0.89884,0.340659
arm_f_kl_cyc,mid,613,Viral,32.087,0.913143,0.308293
arm_f_kl_cyc,mid,614,Viral,33.3158,0.923273,0.295457
arm_f_kl_cyc,mid,615,Viral,33.4504,0.908798,0.306518
arm_f_kl_cyc,mid,616,Viral,33.1484,0.915104,0.297245
arm_f_kl_cyc,mid,617,Viral,32.5085,0.907453,0.350033
arm_f_kl_cyc,mid,618,Viral,31.8206,0.907043,0.317058
arm_f_kl_cyc,mid,619,Viral,32.2831,0.912692,0.281739
arm_f_kl_cyc,mid,620,Viral,31.889,0.914214,0.291714
arm_f_kl_cyc,mid,621,Viral,34.7572,0.928676,0.347121
arm_f_kl_cyc,mid,622,Viral,32.5637,0.911197,0.313784
arm_f_kl_cyc,mid,623,Viral,33.0126,0.919261,0.277873
arm_g_kl_fb,mid,0,Normal,31.7085,0.90695,0.296248
arm_g_kl_fb,mid,1,Normal,30.445,0.88388,0.333898
arm_g_kl_fb,mid,2,Normal,31.096,0.898534,0.29192
arm_g_kl_fb,mid,3,Normal,31.7004,0.915767,0.2878
arm_g_kl_fb,mid,4,Normal,31.4024,0.882252,0.359912
arm_g_kl_fb,mid,5,Normal,32.1991,0.911317,0.30088
arm_g_kl_fb,mid,6,Normal,31.6803,0.903052,0.295868
arm_g_kl_fb,mid,7,Normal,31.8933,0.91024,0.318892
arm_g_kl_fb,mid,8,Normal,30.1547,0.900413,0.300024
arm_g_kl_fb,mid,9,Normal,30.4562,0.892922,0.331001
arm_g_kl_fb,mid,10,Normal,31.0989,0.908725,0.27468
arm_g_kl_fb,mid,11,Normal,30.944,0.892395,0.338078
arm_g_kl_fb,mid,12,Normal,31.691,0.89274,0.314566
arm_g_kl_fb,mid,13,Normal,32.9374,0.915807,0.308057
arm_g_kl_fb,mid,14,Normal,33.0264,0.934246,0.222373
arm_g_kl_fb,mid,15,Normal,30.8654,0.888889,0.332313
arm_g_kl_fb,mid,16,Normal,31.9633,0.904735,0.342544
arm_g_kl_fb,mid,17,Normal,31.4543,0.886476,0.313316
arm_g_kl_fb,mid,18,Normal,31.1678,0.896493,0.287035
arm_g_kl_fb,mid,19,Normal,31.817,0.906627,0.308223
arm_g_kl_fb,mid,20,Normal,32.8388,0.918604,0.283014
arm_g_kl_fb,mid,21,Normal,31.5184,0.902851,0.292614
arm_g_kl_fb,mid,22,Normal,32.0887,0.906856,0.275769
arm_g_kl_fb,mid,23,Normal,30.7498,0.870436,0.412029
arm_g_kl_fb,mid,24,Normal,31.147,0.896728,0.302066
arm_g_kl_fb,mid,25,Normal,31.6568,0.904313,0.307246
arm_g_kl_fb,mid,26,Normal,30.1417,0.892406,0.294904
arm_g_kl_fb,mid,27,Normal,30.4766,0.887584,0.284995
arm_g_kl_fb,mid,28,Normal,32.1775,0.911959,0.295602
arm_g_kl_fb,mid,29,Normal,31.5221,0.900431,0.340442
arm_g_kl_fb,mid,30,Normal,30.7731,0.883616,0.351549
arm_g_kl_fb,mid,31,Normal,31.3079,0.90249,0.312091
arm_g_kl_fb,mid,32,Normal,30.447,0.895225,0.308183
arm_g_kl_fb,mid,33,Normal,30.2758,0.883503,0.327768
arm_g_kl_fb,mid,34,Normal,29.8526,0.888946,0.299296
arm_g_kl_fb,mid,35,Normal,31.4197,0.900312,0.302031
arm_g_kl_fb,mid,36,Normal,32.1239,0.915197,0.26887
arm_g_kl_fb,mid,37,Normal,32.6684,0.91716,0.331867
arm_g_kl_fb,mid,38,Normal,30.8021,0.902911,0.292947
arm_g_kl_fb,mid,39,Normal,29.9357,0.884564,0.310564
arm_g_kl_fb,mid,40,Normal,31.383,0.903525,0.303917
arm_g_kl_fb,mid,41,Normal,31.9143,0.897923,0.352429
arm_g_kl_fb,mid,42,Normal,29.816,0.887255,0.30373
arm_g_kl_fb,mid,43,Normal,31.3227,0.89505,0.260202
arm_g_kl_fb,mid,44,Normal,31.279,0.885671,0.302751
arm_g_kl_fb,mid,45,Normal,30.6316,0.898696,0.30678
arm_g_kl_fb,mid,46,Normal,33.4482,0.903118,0.340969
arm_g_kl_fb,mid,47,Normal,30.209,0.892944,0.268927
arm_g_kl_fb,mid,48,Normal,30.9413,0.903256,0.29173
arm_g_kl_fb,mid,49,Normal,31.1394,0.896946,0.275631
arm_g_kl_fb,mid,50,Normal,30.5879,0.892096,0.344552
arm_g_kl_fb,mid,51,Normal,31.8675,0.905451,0.298661
arm_g_kl_fb,mid,52,Normal,31.5025,0.88962,0.311465
arm_g_kl_fb,mid,53,Normal,31.1046,0.906431,0.257035
arm_g_kl_fb,mid,54,Normal,31.543,0.903069,0.323781
arm_g_kl_fb,mid,55,Normal,32.3042,0.904041,0.297959
arm_g_kl_fb,mid,56,Normal,32.8849,0.922534,0.318156
arm_g_kl_fb,mid,57,Normal,30.9974,0.886061,0.314779
arm_g_kl_fb,mid,58,Normal,30.8151,0.900204,0.316229
arm_g_kl_fb,mid,59,Normal,31.087,0.896753,0.332499
arm_g_kl_fb,mid,60,Normal,32.2517,0.910154,0.304292
arm_g_kl_fb,mid,61,Normal,31.9739,0.915476,0.271919
arm_g_kl_fb,mid,62,Normal,31.4491,0.899088,0.321216
arm_g_kl_fb,mid,63,Normal,30.7755,0.902438,0.302799
arm_g_kl_fb,mid,64,Normal,31.3618,0.893372,0.319101
arm_g_kl_fb,mid,65,Normal,29.5978,0.894651,0.315086
arm_g_kl_fb,mid,66,Normal,30.2499,0.887814,0.330281
arm_g_kl_fb,mid,67,Normal,30.2256,0.892047,0.313725
arm_g_kl_fb,mid,68,Normal,30.092,0.884889,0.314845
arm_g_kl_fb,mid,69,Normal,30.9758,0.889994,0.326417
arm_g_kl_fb,mid,70,Normal,32.7485,0.917856,0.304045
arm_g_kl_fb,mid,71,Normal,33.0698,0.90817,0.328284
arm_g_kl_fb,mid,72,Normal,31.8342,0.910319,0.30898
arm_g_kl_fb,mid,73,Normal,32.4088,0.909392,0.306961
arm_g_kl_fb,mid,74,Normal,32.0952,0.902151,0.356364
arm_g_kl_fb,mid,75,Normal,30.7076,0.893339,0.329533
arm_g_kl_fb,mid,76,Normal,30.7271,0.89024,0.315332
arm_g_kl_fb,mid,77,Normal,30.7112,0.900677,0.278214
arm_g_kl_fb,mid,78,Normal,32.1543,0.908078,0.306232
arm_g_kl_fb,mid,79,Normal,31.0554,0.906207,0.293214
arm_g_kl_fb,mid,80,Normal,32.7113,0.90608,0.334477
arm_g_kl_fb,mid,81,Normal,31.6139,0.904351,0.321351
arm_g_kl_fb,mid,82,Normal,30.4454,0.893839,0.315394
arm_g_kl_fb,mid,83,Normal,30.5249,0.892174,0.298798
arm_g_kl_fb,mid,84,Normal,31.0324,0.906646,0.295015
arm_g_kl_fb,mid,85,Normal,33.2756,0.916046,0.310133
arm_g_kl_fb,mid,86,Normal,31.285,0.90171,0.289782
arm_g_kl_fb,mid,87,Normal,31.5231,0.898052,0.304742
arm_g_kl_fb,mid,88,Normal,30.7821,0.910154,0.303106
arm_g_kl_fb,mid,89,Normal,31.6475,0.898623,0.319519
arm_g_kl_fb,mid,90,Normal,31.3169,0.908458,0.265218
arm_g_kl_fb,mid,91,Normal,30.6478,0.89559,0.268112
arm_g_kl_fb,mid,92,Normal,32.7312,0.924603,0.264292
arm_g_kl_fb,mid,93,Normal,30.703,0.893007,0.333977
arm_g_kl_fb,mid,94,Normal,31.5734,0.904028,0.302655
arm_g_kl_fb,mid,95,Normal,30.763,0.888601,0.31168
arm_g_kl_fb,mid,96,Normal,30.8911,0.893242,0.319168
arm_g_kl_fb,mid,97,Normal,30.0726,0.892348,0.315387
arm_g_kl_fb,mid,98,Normal,30.4979,0.899383,0.290789
arm_g_kl_fb,mid,99,Normal,31.4651,0.911497,0.322902
arm_g_kl_fb,mid,100,Normal,31.538,0.898118,0.339807
arm_g_kl_fb,mid,101,Normal,30.5011,0.895009,0.307442
arm_g_kl_fb,mid,102,Normal,31.4726,0.89011,0.285178
arm_g_kl_fb,mid,103,Normal,31.7958,0.900733,0.296995
arm_g_kl_fb,mid,104,Normal,30.5606,0.89707,0.291164
arm_g_kl_fb,mid,105,Normal,31.6641,0.913643,0.251349
arm_g_kl_fb,mid,106,Normal,31.4728,0.901898,0.303312
arm_g_kl_fb,mid,107,Normal,31.1058,0.900459,0.309014
arm_g_kl_fb,mid,108,Normal,30.4832,0.874915,0.347054
arm_g_kl_fb,mid,109,Normal,31.1514,0.894601,0.322547
arm_g_kl_fb,mid,110,Normal,31.652,0.90151,0.295885
arm_g_kl_fb,mid,111,Normal,32.0702,0.884671,0.312665
arm_g_kl_fb,mid,112,Normal,29.9777,0.890646,0.30631
arm_g_kl_fb,mid,113,Normal,30.4192,0.876038,0.35309
arm_g_kl_fb,mid,114,Normal,30.9277,0.880943,0.337987
arm_g_kl_fb,mid,115,Normal,30.9055,0.902213,0.286238
arm_g_kl_fb,mid,116,Normal,30.2046,0.893098,0.280147
arm_g_kl_fb,mid,117,Normal,31.4487,0.914849,0.284499
arm_g_kl_fb,mid,118,Normal,30.951,0.892009,0.315852
arm_g_kl_fb,mid,119,Normal,32.7298,0.920727,0.295217
arm_g_kl_fb,mid,120,Normal,31.652,0.921424,0.234584
arm_g_kl_fb,mid,121,Normal,31.7988,0.907697,0.286868
arm_g_kl_fb,mid,122,Normal,31.8258,0.91517,0.286849
arm_g_kl_fb,mid,123,Normal,31.6668,0.902418,0.304024
arm_g_kl_fb,mid,124,Normal,31.3027,0.894957,0.300569
arm_g_kl_fb,mid,125,Normal,30.4695,0.890905,0.309008
arm_g_kl_fb,mid,126,Normal,32.1477,0.907427,0.312098
arm_g_kl_fb,mid,127,Normal,30.4563,0.872887,0.366265
arm_g_kl_fb,mid,128,Normal,30.4846,0.894039,0.288457
arm_g_kl_fb,mid,129,Normal,31.3363,0.907384,0.282473
arm_g_kl_fb,mid,130,Normal,31.0751,0.904489,0.274745
arm_g_kl_fb,mid,131,Normal,30.6747,0.900379,0.317683
arm_g_kl_fb,mid,132,Normal,30.473,0.897949,0.323599
arm_g_kl_fb,mid,133,Normal,31.0802,0.904434,0.30438
arm_g_kl_fb,mid,134,Normal,32.1964,0.907921,0.32303
arm_g_kl_fb,mid,135,Normal,31.5714,0.896395,0.293111
arm_g_kl_fb,mid,136,Normal,30.6636,0.904952,0.298493
arm_g_kl_fb,mid,137,Normal,30.4366,0.896958,0.293419
arm_g_kl_fb,mid,138,Normal,31.5926,0.907885,0.290266
arm_g_kl_fb,mid,139,Normal,29.9603,0.885642,0.304764
arm_g_kl_fb,mid,140,Normal,30.6325,0.888887,0.316741
arm_g_kl_fb,mid,141,Normal,31.7561,0.907186,0.327233
arm_g_kl_fb,mid,142,Normal,30.3632,0.885691,0.326897
arm_g_kl_fb,mid,143,Normal,32.3087,0.914656,0.28902
arm_g_kl_fb,mid,144,Normal,30.8381,0.904997,0.313733
arm_g_kl_fb,mid,145,Normal,30.4641,0.900999,0.263348
arm_g_kl_fb,mid,146,Normal,30.3259,0.891183,0.309642
arm_g_kl_fb,mid,147,Normal,30.7685,0.884912,0.34891
arm_g_kl_fb,mid,148,Normal,31.7997,0.908056,0.302546
arm_g_kl_fb,mid,149,Normal,30.8379,0.906978,0.271133
arm_g_kl_fb,mid,150,Normal,31.3822,0.891904,0.343867
arm_g_kl_fb,mid,151,Normal,30.6993,0.880022,0.361364
arm_g_kl_fb,mid,152,Normal,30.2044,0.871914,0.341967
arm_g_kl_fb,mid,153,Normal,31.6259,0.909401,0.29382
arm_g_kl_fb,mid,154,Normal,32.4846,0.909531,0.333911
arm_g_kl_fb,mid,155,Normal,30.5594,0.88136,0.30172
arm_g_kl_fb,mid,156,Normal,30.8779,0.890711,0.306805
arm_g_kl_fb,mid,157,Normal,31.6164,0.906849,0.261158
arm_g_kl_fb,mid,158,Normal,30.6517,0.901347,0.30924
arm_g_kl_fb,mid,159,Normal,32.2522,0.912174,0.310096
arm_g_kl_fb,mid,160,Normal,32.6982,0.912399,0.336575
arm_g_kl_fb,mid,161,Normal,31.7621,0.900054,0.308411
arm_g_kl_fb,mid,162,Normal,31.6051,0.901475,0.290999
arm_g_kl_fb,mid,163,Normal,31.899,0.895558,0.323183
arm_g_kl_fb,mid,164,Normal,33.1753,0.922508,0.343201
arm_g_kl_fb,mid,165,Normal,32.8265,0.898613,0.398705
arm_g_kl_fb,mid,166,Normal,32.5667,0.906511,0.299713
arm_g_kl_fb,mid,167,Normal,30.9413,0.880161,0.379567
arm_g_kl_fb,mid,168,Normal,30.7009,0.902321,0.294955
arm_g_kl_fb,mid,169,Normal,28.7852,0.879666,0.295066
arm_g_kl_fb,mid,170,Normal,30.8647,0.885104,0.323377
arm_g_kl_fb,mid,171,Normal,31.1194,0.898177,0.329138
arm_g_kl_fb,mid,172,Normal,31.1742,0.886668,0.314854
arm_g_kl_fb,mid,173,Normal,31.0535,0.885429,0.34945
arm_g_kl_fb,mid,174,Normal,32.2552,0.909963,0.303502
arm_g_kl_fb,mid,175,Normal,31.4148,0.900785,0.306069
arm_g_kl_fb,mid,176,Normal,31.6052,0.912073,0.29701
arm_g_kl_fb,mid,177,Normal,30.4673,0.879567,0.33411
arm_g_kl_fb,mid,178,Normal,30.7517,0.885426,0.390177
arm_g_kl_fb,mid,179,Normal,30.4389,0.865537,0.376812
arm_g_kl_fb,mid,180,Normal,29.6049,0.880749,0.315045
arm_g_kl_fb,mid,181,Normal,31.8719,0.907043,0.309045
arm_g_kl_fb,mid,182,Normal,32.3228,0.898912,0.317067
arm_g_kl_fb,mid,183,Normal,31.329,0.903636,0.292166
arm_g_kl_fb,mid,184,Normal,31.0121,0.898466,0.316409
arm_g_kl_fb,mid,185,Normal,31.7434,0.899157,0.302388
arm_g_kl_fb,mid,186,Normal,30.5928,0.890219,0.322493
arm_g_kl_fb,mid,187,Normal,32.155,0.914939,0.289178
arm_g_kl_fb,mid,188,Normal,32.337,0.899015,0.310492
arm_g_kl_fb,mid,189,Normal,31.6451,0.890153,0.309262
arm_g_kl_fb,mid,190,Normal,30.2404,0.884663,0.317086
arm_g_kl_fb,mid,191,Normal,31.7885,0.90396,0.295247
arm_g_kl_fb,mid,192,Normal,32.9697,0.911469,0.362718
arm_g_kl_fb,mid,193,Normal,30.6058,0.900602,0.274928
arm_g_kl_fb,mid,194,Normal,30.4348,0.888027,0.341631
arm_g_kl_fb,mid,195,Normal,30.8493,0.895063,0.324471
arm_g_kl_fb,mid,196,Normal,31.3031,0.888351,0.308131
arm_g_kl_fb,mid,197,Normal,31.2318,0.8964,0.315372
arm_g_kl_fb,mid,198,Normal,32.3373,0.911318,0.313812
arm_g_kl_fb,mid,199,Normal,30.1648,0.883043,0.31655
arm_g_kl_fb,mid,200,Normal,31.129,0.90131,0.314004
arm_g_kl_fb,mid,201,Normal,31.6645,0.905324,0.299271
arm_g_kl_fb,mid,202,Normal,31.2977,0.901301,0.337398
arm_g_kl_fb,mid,203,Normal,31.2218,0.904755,0.30038
arm_g_kl_fb,mid,204,Normal,30.3388,0.895293,0.324758
arm_g_kl_fb,mid,205,Normal,32.2685,0.900362,0.31791
arm_g_kl_fb,mid,206,Normal,32.8752,0.916075,0.281193
arm_g_kl_fb,mid,207,Normal,32.0208,0.890755,0.306895
arm_g_kl_fb,mid,208,Normal,30.8976,0.899693,0.317313
arm_g_kl_fb,mid,209,Normal,30.517,0.903912,0.299765
arm_g_kl_fb,mid,210,Normal,31.0023,0.885133,0.342706
arm_g_kl_fb,mid,211,Normal,31.3301,0.904003,0.286192
arm_g_kl_fb,mid,212,Normal,31.9222,0.907525,0.300289
arm_g_kl_fb,mid,213,Normal,31.5557,0.90184,0.332016
arm_g_kl_fb,mid,214,Normal,31.1283,0.892657,0.298123
arm_g_kl_fb,mid,215,Normal,31.2477,0.87619,0.374809
arm_g_kl_fb,mid,216,Normal,30.7202,0.898922,0.318875
arm_g_kl_fb,mid,217,Normal,32.0645,0.894989,0.408615
arm_g_kl_fb,mid,218,Normal,31.1122,0.884472,0.336152
arm_g_kl_fb,mid,219,Normal,30.8295,0.896515,0.322714
arm_g_kl_fb,mid,220,Normal,33.0407,0.904633,0.33921
arm_g_kl_fb,mid,221,Normal,31.6015,0.908189,0.269046
arm_g_kl_fb,mid,222,Normal,30.9631,0.899199,0.281545
arm_g_kl_fb,mid,223,Normal,30.9507,0.896866,0.329015
arm_g_kl_fb,mid,224,Normal,31.6784,0.90821,0.285168
arm_g_kl_fb,mid,225,Normal,29.8476,0.853645,0.386361
arm_g_kl_fb,mid,226,Normal,32.2594,0.909953,0.298668
arm_g_kl_fb,mid,227,Normal,30.3531,0.898615,0.322059
arm_g_kl_fb,mid,228,Normal,32.6355,0.90438,0.304332
arm_g_kl_fb,mid,229,Normal,30.782,0.902613,0.284445
arm_g_kl_fb,mid,230,Normal,30.7953,0.897411,0.3222
arm_g_kl_fb,mid,231,Normal,31.1194,0.886112,0.335917
arm_g_kl_fb,mid,232,Normal,32.1152,0.907408,0.313038
arm_g_kl_fb,mid,233,Normal,31.6753,0.898766,0.328731
arm_g_kl_fb,mid,234,Bacterial,32.8548,0.905601,0.409296
arm_g_kl_fb,mid,235,Bacterial,31.1883,0.894742,0.376302
arm_g_kl_fb,mid,236,Bacterial,32.976,0.903484,0.377531
arm_g_kl_fb,mid,237,Bacterial,32.7013,0.903137,0.377733
arm_g_kl_fb,mid,238,Bacterial,33.7637,0.905181,0.388999
arm_g_kl_fb,mid,239,Bacterial,32.7441,0.907539,0.35975
arm_g_kl_fb,mid,240,Bacterial,33.01,0.89973,0.373427
arm_g_kl_fb,mid,241,Bacterial,32.0355,0.893339,0.384045
arm_g_kl_fb,mid,242,Bacterial,33.0879,0.902261,0.376026
arm_g_kl_fb,mid,243,Bacterial,32.0,0.888397,0.40527
arm_g_kl_fb,mid,244,Bacterial,31.0404,0.88416,0.302518
arm_g_kl_fb,mid,245,Bacterial,31.7501,0.907147,0.311042
arm_g_kl_fb,mid,246,Bacterial,32.1556,0.911199,0.349322
arm_g_kl_fb,mid,247,Bacterial,31.5519,0.901624,0.360117
arm_g_kl_fb,mid,248,Bacterial,33.478,0.910889,0.33038
arm_g_kl_fb,mid,249,Bacterial,33.9737,0.912052,0.380085
arm_g_kl_fb,mid,250,Bacterial,33.0744,0.892551,0.390453
arm_g_kl_fb,mid,251,Bacterial,31.2741,0.897572,0.285518
arm_g_kl_fb,mid,252,Bacterial,33.4095,0.895956,0.385966
arm_g_kl_fb,mid,253,Bacterial,32.4815,0.902884,0.381053
arm_g_kl_fb,mid,254,Bacterial,31.3544,0.884292,0.312233
arm_g_kl_fb,mid,255,Bacterial,32.288,0.903589,0.336666
arm_g_kl_fb,mid,256,Bacterial,31.5333,0.890324,0.356283
arm_g_kl_fb,mid,257,Bacterial,32.6699,0.908048,0.354929
arm_g_kl_fb,mid,258,Bacterial,32.6509,0.888406,0.404852
arm_g_kl_fb,mid,259,Bacterial,32.9532,0.908036,0.369675
arm_g_kl_fb,mid,260,Bacterial,32.9482,0.916569,0.339501
arm_g_kl_fb,mid,261,Bacterial,31.0058,0.893765,0.250191
arm_g_kl_fb,mid,262,Bacterial,34.1121,0.909273,0.351287
arm_g_kl_fb,mid,263,Bacterial,33.8229,0.915032,0.353341
arm_g_kl_fb,mid,264,Bacterial,33.7392,0.903262,0.364537
arm_g_kl_fb,mid,265,Bacterial,33.8112,0.917044,0.356829
arm_g_kl_fb,mid,266,Bacterial,33.5242,0.908419,0.354589
arm_g_kl_fb,mid,267,Bacterial,32.4747,0.892439,0.356252
arm_g_kl_fb,mid,268,Bacterial,33.303,0.901865,0.377268
arm_g_kl_fb,mid,269,Bacterial,33.0105,0.913358,0.341137
arm_g_kl_fb,mid,270,Bacterial,33.581,0.923318,0.332124
arm_g_kl_fb,mid,271,Bacterial,32.9183,0.910724,0.30621
arm_g_kl_fb,mid,272,Bacterial,33.5631,0.917389,0.363591
arm_g_kl_fb,mid,273,Bacterial,33.3805,0.910897,0.365186
arm_g_kl_fb,mid,274,Bacterial,32.0658,0.894023,0.341665
arm_g_kl_fb,mid,275,Bacterial,31.1402,0.888788,0.391026
arm_g_kl_fb,mid,276,Bacterial,30.8355,0.891381,0.26804
arm_g_kl_fb,mid,277,Bacterial,32.1887,0.888853,0.394169
arm_g_kl_fb,mid,278,Bacterial,32.6767,0.895569,0.370558
arm_g_kl_fb,mid,279,Bacterial,32.461,0.900127,0.357087
arm_g_kl_fb,mid,280,Bacterial,33.2705,0.899253,0.352925
arm_g_kl_fb,mid,281,Bacterial,32.4825,0.882537,0.389092
arm_g_kl_fb,mid,282,Bacterial,31.7249,0.8908,0.369527
arm_g_kl_fb,mid,283,Bacterial,32.9111,0.898388,0.365539
arm_g_kl_fb,mid,284,Bacterial,31.2758,0.892233,0.393096
arm_g_kl_fb,mid,285,Bacterial,33.842,0.905925,0.39056
arm_g_kl_fb,mid,286,Bacterial,31.9825,0.907743,0.352573
arm_g_kl_fb,mid,287,Bacterial,31.9695,0.896088,0.345507
arm_g_kl_fb,mid,288,Bacterial,33.3616,0.905747,0.352263
arm_g_kl_fb,mid,289,Bacterial,32.2039,0.888511,0.371225
arm_g_kl_fb,mid,290,Bacterial,33.5886,0.914143,0.353424
arm_g_kl_fb,mid,291,Bacterial,32.5067,0.897335,0.362972
arm_g_kl_fb,mid,292,Bacterial,32.0192,0.896791,0.27783
arm_g_kl_fb,mid,293,Bacterial,33.5273,0.909245,0.34901
arm_g_kl_fb,mid,294,Bacterial,32.979,0.911668,0.348181
arm_g_kl_fb,mid,295,Bacterial,31.7926,0.904132,0.325149
arm_g_kl_fb,mid,296,Bacterial,33.1776,0.912907,0.335965
arm_g_kl_fb,mid,297,Bacterial,32.5082,0.910204,0.317969
arm_g_kl_fb,mid,298,Bacterial,30.589,0.877783,0.368488
arm_g_kl_fb,mid,299,Bacterial,31.1999,0.891562,0.374641
arm_g_kl_fb,mid,300,Bacterial,30.9808,0.894461,0.346597
arm_g_kl_fb,mid,301,Bacterial,30.8057,0.884323,0.306415
arm_g_kl_fb,mid,302,Bacterial,32.0714,0.895221,0.329897
arm_g_kl_fb,mid,303,Bacterial,31.6503,0.907077,0.356063
arm_g_kl_fb,mid,304,Bacterial,32.6993,0.903741,0.365286
arm_g_kl_fb,mid,305,Bacterial,33.495,0.909421,0.347109
arm_g_kl_fb,mid,306,Bacterial,32.3056,0.907278,0.34617
arm_g_kl_fb,mid,307,Bacterial,32.2361,0.908943,0.342289
arm_g_kl_fb,mid,308,Bacterial,31.8789,0.891514,0.327442
arm_g_kl_fb,mid,309,Bacterial,32.041,0.899003,0.357398
arm_g_kl_fb,mid,310,Bacterial,30.5647,0.888938,0.301873
arm_g_kl_fb,mid,311,Bacterial,32.1717,0.897743,0.356439
arm_g_kl_fb,mid,312,Bacterial,31.1568,0.901069,0.321929
arm_g_kl_fb,mid,313,Bacterial,32.8757,0.900142,0.389266
arm_g_kl_fb,mid,314,Bacterial,31.8197,0.885617,0.31884
arm_g_kl_fb,mid,315,Bacterial,34.0573,0.924493,0.380104
arm_g_kl_fb,mid,316,Bacterial,33.5407,0.909762,0.381724
arm_g_kl_fb,mid,317,Bacterial,33.4547,0.909282,0.401997
arm_g_kl_fb,mid,318,Bacterial,32.6491,0.903807,0.375948
arm_g_kl_fb,mid,319,Bacterial,32.5613,0.886217,0.395993
arm_g_kl_fb,mid,320,Bacterial,33.246,0.897332,0.412933
arm_g_kl_fb,mid,321,Bacterial,30.6898,0.905997,0.321568
arm_g_kl_fb,mid,322,Bacterial,31.9494,0.902012,0.347882
arm_g_kl_fb,mid,323,Bacterial,31.9065,0.908296,0.302613
arm_g_kl_fb,mid,324,Bacterial,31.1786,0.906909,0.303853
arm_g_kl_fb,mid,325,Bacterial,31.0107,0.903941,0.280423
arm_g_kl_fb,mid,326,Bacterial,32.0911,0.906606,0.34598
arm_g_kl_fb,mid,327,Bacterial,32.838,0.910146,0.331034
arm_g_kl_fb,mid,328,Bacterial,33.0289,0.916067,0.351176
arm_g_kl_fb,mid,329,Bacterial,32.5862,0.912134,0.240218
arm_g_kl_fb,mid,330,Bacterial,33.7547,0.901152,0.379688
arm_g_kl_fb,mid,331,Bacterial,32.9235,0.913069,0.35082
arm_g_kl_fb,mid,332,Bacterial,33.8934,0.913892,0.356618
arm_g_kl_fb,mid,333,Bacterial,33.8423,0.919651,0.338463
arm_g_kl_fb,mid,334,Bacterial,33.7457,0.919564,0.34384
arm_g_kl_fb,mid,335,Bacterial,31.5041,0.892295,0.312597
arm_g_kl_fb,mid,336,Bacterial,33.2399,0.913408,0.348124
arm_g_kl_fb,mid,337,Bacterial,32.4683,0.896716,0.370772
arm_g_kl_fb,mid,338,Bacterial,33.1708,0.900521,0.375183
arm_g_kl_fb,mid,339,Bacterial,31.595,0.89635,0.292976
arm_g_kl_fb,mid,340,Bacterial,33.3934,0.904459,0.350724
arm_g_kl_fb,mid,341,Bacterial,32.4535,0.909901,0.35989
arm_g_kl_fb,mid,342,Bacterial,32.4208,0.903287,0.36427
arm_g_kl_fb,mid,343,Bacterial,32.8903,0.904829,0.396418
arm_g_kl_fb,mid,344,Bacterial,33.6399,0.914621,0.352069
arm_g_kl_fb,mid,345,Bacterial,32.3082,0.905253,0.384742
arm_g_kl_fb,mid,346,Bacterial,31.4616,0.89398,0.357648
arm_g_kl_fb,mid,347,Bacterial,33.051,0.911322,0.353132
arm_g_kl_fb,mid,348,Bacterial,32.6123,0.897859,0.381989
arm_g_kl_fb,mid,349,Bacterial,33.8082,0.912394,0.373932
arm_g_kl_fb,mid,350,Bacterial,34.2133,0.917062,0.378035
arm_g_kl_fb,mid,351,Bacterial,31.3159,0.899881,0.301492
arm_g_kl_fb,mid,352,Bacterial,33.0845,0.906197,0.367196
arm_g_kl_fb,mid,353,Bacterial,32.5396,0.913379,0.340222
arm_g_kl_fb,mid,354,Bacterial,33.7836,0.898432,0.41782
arm_g_kl_fb,mid,355,Bacterial,33.1635,0.90128,0.335002
arm_g_kl_fb,mid,356,Bacterial,32.7067,0.901658,0.350261
arm_g_kl_fb,mid,357,Bacterial,33.2051,0.896156,0.376437
arm_g_kl_fb,mid,358,Bacterial,33.1693,0.902543,0.403502
arm_g_kl_fb,mid,359,Bacterial,32.2185,0.90327,0.26435
arm_g_kl_fb,mid,360,Bacterial,32.3797,0.908402,0.34517
arm_g_kl_fb,mid,361,Bacterial,33.546,0.910527,0.335312
arm_g_kl_fb,mid,362,Bacterial,33.1655,0.912647,0.371485
arm_g_kl_fb,mid,363,Bacterial,31.9639,0.922438,0.297078
arm_g_kl_fb,mid,364,Bacterial,33.5894,0.908933,0.347781
arm_g_kl_fb,mid,365,Bacterial,30.7635,0.897064,0.324705
arm_g_kl_fb,mid,366,Bacterial,33.2506,0.908531,0.375788
arm_g_kl_fb,mid,367,Bacterial,32.0241,0.90857,0.252393
arm_g_kl_fb,mid,368,Bacterial,32.7143,0.897352,0.340333
arm_g_kl_fb,mid,369,Bacterial,31.5306,0.897347,0.282545
arm_g_kl_fb,mid,370,Bacterial,30.2289,0.888958,0.302343
arm_g_kl_fb,mid,371,Bacterial,32.731,0.909004,0.331759
arm_g_kl_fb,mid,372,Bacterial,32.0728,0.886935,0.417625
arm_g_kl_fb,mid,373,Bacterial,32.9394,0.905559,0.3608
arm_g_kl_fb,mid,374,Bacterial,31.778,0.895841,0.363258
arm_g_kl_fb,mid,375,Bacterial,32.5341,0.905766,0.370481
arm_g_kl_fb,mid,376,Bacterial,31.3615,0.90499,0.345958
arm_g_kl_fb,mid,377,Bacterial,32.4663,0.905927,0.372028
arm_g_kl_fb,mid,378,Bacterial,31.9041,0.893857,0.280851
arm_g_kl_fb,mid,379,Bacterial,32.5891,0.907653,0.341786
arm_g_kl_fb,mid,380,Bacterial,33.0518,0.915289,0.345344
arm_g_kl_fb,mid,381,Bacterial,30.7393,0.893089,0.278809
arm_g_kl_fb,mid,382,Bacterial,32.1838,0.901592,0.351045
arm_g_kl_fb,mid,383,Bacterial,31.2471,0.885861,0.341012
arm_g_kl_fb,mid,384,Bacterial,30.8953,0.895419,0.258382
arm_g_kl_fb,mid,385,Bacterial,30.6584,0.895666,0.304659
arm_g_kl_fb,mid,386,Bacterial,32.9956,0.910668,0.340951
arm_g_kl_fb,mid,387,Bacterial,32.8444,0.911544,0.320951
arm_g_kl_fb,mid,388,Bacterial,31.5023,0.912825,0.22281
arm_g_kl_fb,mid,389,Bacterial,30.9557,0.895416,0.297127
arm_g_kl_fb,mid,390,Bacterial,32.7391,0.900525,0.330455
arm_g_kl_fb,mid,391,Bacterial,31.4149,0.897638,0.386559
arm_g_kl_fb,mid,392,Bacterial,32.7564,0.903618,0.377929
arm_g_kl_fb,mid,393,Bacterial,32.7156,0.896228,0.408077
arm_g_kl_fb,mid,394,Bacterial,32.9525,0.909058,0.367599
arm_g_kl_fb,mid,395,Bacterial,32.8262,0.904535,0.356032
arm_g_kl_fb,mid,396,Bacterial,31.05,0.87102,0.383133
arm_g_kl_fb,mid,397,Bacterial,34.2709,0.900726,0.379575
arm_g_kl_fb,mid,398,Bacterial,33.5477,0.903782,0.396317
arm_g_kl_fb,mid,399,Bacterial,31.6468,0.899199,0.372324
arm_g_kl_fb,mid,400,Bacterial,31.7196,0.891253,0.370633
arm_g_kl_fb,mid,401,Bacterial,30.9972,0.887659,0.287878
arm_g_kl_fb,mid,402,Bacterial,33.3309,0.905336,0.373998
arm_g_kl_fb,mid,403,Bacterial,32.2816,0.909559,0.337805
arm_g_kl_fb,mid,404,Bacterial,32.3211,0.895684,0.358564
arm_g_kl_fb,mid,405,Bacterial,32.4803,0.904079,0.318235
arm_g_kl_fb,mid,406,Bacterial,34.265,0.916182,0.347684
arm_g_kl_fb,mid,407,Bacterial,32.0404,0.906812,0.365996
arm_g_kl_fb,mid,408,Bacterial,32.5653,0.906174,0.345052
arm_g_kl_fb,mid,409,Bacterial,31.7053,0.892869,0.313749
arm_g_kl_fb,mid,410,Bacterial,30.7401,0.8878,0.289966
arm_g_kl_fb,mid,411,Bacterial,32.2965,0.888334,0.352363
arm_g_kl_fb,mid,412,Bacterial,32.9479,0.895127,0.36399
arm_g_kl_fb,mid,413,Bacterial,30.9643,0.879111,0.280948
arm_g_kl_fb,mid,414,Bacterial,33.6486,0.907632,0.3657
arm_g_kl_fb,mid,415,Bacterial,32.566,0.898968,0.386514
arm_g_kl_fb,mid,416,Bacterial,34.1111,0.913114,0.358579
arm_g_kl_fb,mid,417,Bacterial,33.0867,0.89964,0.308482
arm_g_kl_fb,mid,418,Bacterial,33.2112,0.909833,0.339134
arm_g_kl_fb,mid,419,Bacterial,32.1527,0.907982,0.28763
arm_g_kl_fb,mid,420,Bacterial,32.4382,0.909902,0.35147
arm_g_kl_fb,mid,421,Bacterial,31.8606,0.903233,0.370063
arm_g_kl_fb,mid,422,Bacterial,32.2229,0.895342,0.379467
arm_g_kl_fb,mid,423,Bacterial,32.5715,0.906966,0.38722
arm_g_kl_fb,mid,424,Bacterial,32.4806,0.905278,0.394458
arm_g_kl_fb,mid,425,Bacterial,33.3754,0.902994,0.367981
arm_g_kl_fb,mid,426,Bacterial,34.6805,0.912942,0.373403
arm_g_kl_fb,mid,427,Bacterial,34.4196,0.909214,0.415324
arm_g_kl_fb,mid,428,Bacterial,33.6783,0.907844,0.413341
arm_g_kl_fb,mid,429,Bacterial,31.4573,0.900672,0.323566
arm_g_kl_fb,mid,430,Bacterial,33.6587,0.915018,0.331656
arm_g_kl_fb,mid,431,Bacterial,33.8716,0.900833,0.381141
arm_g_kl_fb,mid,432,Bacterial,33.3731,0.9073,0.358672
arm_g_kl_fb,mid,433,Bacterial,31.9084,0.889034,0.375329
arm_g_kl_fb,mid,434,Bacterial,32.728,0.904841,0.344215
arm_g_kl_fb,mid,435,Bacterial,32.134,0.906219,0.318195
arm_g_kl_fb,mid,436,Bacterial,31.6013,0.901834,0.246445
arm_g_kl_fb,mid,437,Bacterial,33.73,0.897101,0.356975
arm_g_kl_fb,mid,438,Bacterial,31.2716,0.882293,0.369961
arm_g_kl_fb,mid,439,Bacterial,32.4162,0.897147,0.371885
arm_g_kl_fb,mid,440,Bacterial,31.6246,0.896996,0.351047
arm_g_kl_fb,mid,441,Bacterial,31.3361,0.893356,0.318962
arm_g_kl_fb,mid,442,Bacterial,32.9699,0.906761,0.364838
arm_g_kl_fb,mid,443,Bacterial,33.4282,0.908218,0.352119
arm_g_kl_fb,mid,444,Bacterial,32.7676,0.907851,0.320354
arm_g_kl_fb,mid,445,Bacterial,32.7434,0.903337,0.375836
arm_g_kl_fb,mid,446,Bacterial,32.7707,0.906867,0.362813
arm_g_kl_fb,mid,447,Bacterial,33.4963,0.903476,0.376861
arm_g_kl_fb,mid,448,Bacterial,33.4822,0.913705,0.381827
arm_g_kl_fb,mid,449,Bacterial,31.571,0.888991,0.322453
arm_g_kl_fb,mid,450,Bacterial,32.1927,0.900258,0.347977
arm_g_kl_fb,mid,451,Bacterial,31.0025,0.888137,0.277637
arm_g_kl_fb,mid,452,Bacterial,32.0288,0.902169,0.348985
arm_g_kl_fb,mid,453,Bacterial,33.2557,0.907645,0.365847
arm_g_kl_fb,mid,454,Bacterial,31.9729,0.90985,0.335154
arm_g_kl_fb,mid,455,Bacterial,33.6498,0.913716,0.385349
arm_g_kl_fb,mid,456,Bacterial,30.6787,0.888705,0.336877
arm_g_kl_fb,mid,457,Bacterial,33.4102,0.908857,0.372399
arm_g_kl_fb,mid,458,Bacterial,33.6695,0.915821,0.333137
arm_g_kl_fb,mid,459,Bacterial,33.9803,0.907761,0.37609
arm_g_kl_fb,mid,460,Bacterial,32.4302,0.901043,0.340417
arm_g_kl_fb,mid,461,Bacterial,32.0326,0.903491,0.330918
arm_g_kl_fb,mid,462,Bacterial,31.4834,0.893565,0.314684
arm_g_kl_fb,mid,463,Bacterial,33.5702,0.90618,0.366933
arm_g_kl_fb,mid,464,Bacterial,32.0508,0.893188,0.362866
arm_g_kl_fb,mid,465,Bacterial,33.3826,0.909516,0.354707
arm_g_kl_fb,mid,466,Bacterial,32.6505,0.900751,0.349419
arm_g_kl_fb,mid,467,Bacterial,32.6718,0.897196,0.401647
arm_g_kl_fb,mid,468,Bacterial,32.503,0.909087,0.351705
arm_g_kl_fb,mid,469,Bacterial,33.5632,0.896271,0.374245
arm_g_kl_fb,mid,470,Bacterial,32.6045,0.898314,0.376149
arm_g_kl_fb,mid,471,Bacterial,31.685,0.892822,0.299505
arm_g_kl_fb,mid,472,Bacterial,32.1205,0.901683,0.271297
arm_g_kl_fb,mid,473,Bacterial,30.0494,0.88483,0.367567
arm_g_kl_fb,mid,474,Bacterial,31.5463,0.90861,0.321117
arm_g_kl_fb,mid,475,Bacterial,30.7677,0.884832,0.299004
arm_g_kl_fb,mid,476,Viral,31.7337,0.906958,0.356537
arm_g_kl_fb,mid,477,Viral,31.7167,0.902773,0.347085
arm_g_kl_fb,mid,478,Viral,32.0077,0.91399,0.325779
arm_g_kl_fb,mid,479,Viral,32.7305,0.907332,0.331328
arm_g_kl_fb,mid,480,Viral,33.7584,0.907806,0.372466
arm_g_kl_fb,mid,481,Viral,32.2677,0.914115,0.343687
arm_g_kl_fb,mid,482,Viral,31.3206,0.888008,0.293463
arm_g_kl_fb,mid,483,Viral,32.9647,0.903126,0.362267
arm_g_kl_fb,mid,484,Viral,32.4231,0.905847,0.385949
arm_g_kl_fb,mid,485,Viral,32.2333,0.904591,0.365803
arm_g_kl_fb,mid,486,Viral,33.1845,0.895983,0.413547
arm_g_kl_fb,mid,487,Viral,32.5628,0.89887,0.355481
arm_g_kl_fb,mid,488,Viral,31.6062,0.905118,0.321312
arm_g_kl_fb,mid,489,Viral,32.4151,0.905475,0.343202
arm_g_kl_fb,mid,490,Viral,32.8053,0.907907,0.343295
arm_g_kl_fb,mid,491,Viral,32.0037,0.905958,0.334725
arm_g_kl_fb,mid,492,Viral,31.4155,0.898268,0.377891
arm_g_kl_fb,mid,493,Viral,32.2046,0.90598,0.336708
arm_g_kl_fb,mid,494,Viral,32.0813,0.90372,0.349931
arm_g_kl_fb,mid,495,Viral,31.1065,0.89638,0.349657
arm_g_kl_fb,mid,496,Viral,33.1147,0.906934,0.332773
arm_g_kl_fb,mid,497,Viral,31.6615,0.908668,0.283541
arm_g_kl_fb,mid,498,Viral,33.2024,0.915929,0.341569
arm_g_kl_fb,mid,499,Viral,33.108,0.899827,0.333765
arm_g_kl_fb,mid,500,Viral,31.6,0.889684,0.393049
arm_g_kl_fb,mid,501,Viral,31.0275,0.900778,0.291097
arm_g_kl_fb,mid,502,Viral,31.9479,0.907126,0.343205
arm_g_kl_fb,mid,503,Viral,31.2295,0.907515,0.327287
arm_g_kl_fb,mid,504,Viral,31.4175,0.89552,0.341276
arm_g_kl_fb,mid,505,Viral,33.0867,0.916148,0.289484
arm_g_kl_fb,mid,506,Viral,31.6677,0.885944,0.366542
arm_g_kl_fb,mid,507,Viral,30.9985,0.887716,0.305664
arm_g_kl_fb,mid,508,Viral,33.282,0.910526,0.357631
arm_g_kl_fb,mid,509,Viral,31.0657,0.891938,0.367118
arm_g_kl_fb,mid,510,Viral,29.8527,0.893459,0.301855
arm_g_kl_fb,mid,511,Viral,31.4895,0.904409,0.332489
arm_g_kl_fb,mid,512,Viral,33.4555,0.911714,0.331744
arm_g_kl_fb,mid,513,Viral,31.0734,0.902694,0.317586
arm_g_kl_fb,mid,514,Viral,30.9374,0.903684,0.287816
arm_g_kl_fb,mid,515,Viral,32.5517,0.905804,0.322759
arm_g_kl_fb,mid,516,Viral,33.0764,0.910393,0.323658
arm_g_kl_fb,mid,517,Viral,31.0033,0.897662,0.372418
arm_g_kl_fb,mid,518,Viral,31.2711,0.895208,0.265736
arm_g_kl_fb,mid,519,Viral,32.9492,0.930849,0.252465
arm_g_kl_fb,mid,520,Viral,32.5626,0.912599,0.324965
arm_g_kl_fb,mid,521,Viral,31.7487,0.908763,0.304255
arm_g_kl_fb,mid,522,Viral,32.8941,0.913939,0.311408
arm_g_kl_fb,mid,523,Viral,33.1133,0.917908,0.329398
arm_g_kl_fb,mid,524,Viral,33.414,0.917236,0.345931
arm_g_kl_fb,mid,525,Viral,33.2832,0.917895,0.30066
arm_g_kl_fb,mid,526,Viral,32.813,0.909273,0.353326
arm_g_kl_fb,mid,527,Viral,32.9358,0.903885,0.369192
arm_g_kl_fb,mid,528,Viral,32.6346,0.908695,0.329789
arm_g_kl_fb,mid,529,Viral,31.0154,0.875194,0.364006
arm_g_kl_fb,mid,530,Viral,32.2672,0.901899,0.364888
arm_g_kl_fb,mid,531,Viral,32.0081,0.913004,0.308077
arm_g_kl_fb,mid,532,Viral,31.8716,0.904953,0.345145
arm_g_kl_fb,mid,533,Viral,31.5567,0.901873,0.311929
arm_g_kl_fb,mid,534,Viral,30.5721,0.90018,0.345136
arm_g_kl_fb,mid,535,Viral,31.5863,0.907996,0.303015
arm_g_kl_fb,mid,536,Viral,33.3511,0.901953,0.352453
arm_g_kl_fb,mid,537,Viral,32.0884,0.904598,0.359953
arm_g_kl_fb,mid,538,Viral,33.2799,0.909272,0.381958
arm_g_kl_fb,mid,539,Viral,31.9913,0.908589,0.291555
arm_g_kl_fb,mid,540,Viral,32.137,0.903111,0.344996
arm_g_kl_fb,mid,541,Viral,31.1746,0.898001,0.366009
arm_g_kl_fb,mid,542,Viral,33.2565,0.917066,0.298162
arm_g_kl_fb,mid,543,Viral,34.297,0.917053,0.332526
arm_g_kl_fb,mid,544,Viral,30.8375,0.895424,0.314758
arm_g_kl_fb,mid,545,Viral,30.9662,0.90363,0.314293
arm_g_kl_fb,mid,546,Viral,33.215,0.909007,0.340997
arm_g_kl_fb,mid,547,Viral,33.0591,0.911393,0.343511
arm_g_kl_fb,mid,548,Viral,31.0151,0.897451,0.332469
arm_g_kl_fb,mid,549,Viral,34.5619,0.902806,0.378786
arm_g_kl_fb,mid,550,Viral,34.5191,0.903367,0.383338
arm_g_kl_fb,mid,551,Viral,32.1502,0.904528,0.317756
arm_g_kl_fb,mid,552,Viral,32.9389,0.920904,0.323154
arm_g_kl_fb,mid,553,Viral,33.4339,0.909322,0.315971
arm_g_kl_fb,mid,554,Viral,31.9847,0.909562,0.333815
arm_g_kl_fb,mid,555,Viral,30.927,0.90551,0.322139
arm_g_kl_fb,mid,556,Viral,32.155,0.899108,0.341548
arm_g_kl_fb,mid,557,Viral,32.7064,0.897141,0.333202
arm_g_kl_fb,mid,558,Viral,31.7908,0.903165,0.331044
arm_g_kl_fb,mid,559,Viral,33.348,0.908892,0.366019
arm_g_kl_fb,mid,560,Viral,33.5563,0.92433,0.291414
arm_g_kl_fb,mid,561,Viral,31.3302,0.8963,0.340322
arm_g_kl_fb,mid,562,Viral,31.9751,0.904294,0.335208
arm_g_kl_fb,mid,563,Viral,32.0806,0.902226,0.344553
arm_g_kl_fb,mid,564,Viral,32.313,0.907828,0.337355
arm_g_kl_fb,mid,565,Viral,32.9524,0.912561,0.348105
arm_g_kl_fb,mid,566,Viral,31.4231,0.904832,0.37164
arm_g_kl_fb,mid,567,Viral,31.9186,0.912063,0.329935
arm_g_kl_fb,mid,568,Viral,31.4844,0.897902,0.368263
arm_g_kl_fb,mid,569,Viral,32.3275,0.90716,0.3576
arm_g_kl_fb,mid,570,Viral,31.2931,0.903628,0.328536
arm_g_kl_fb,mid,571,Viral,32.6252,0.90723,0.344907
arm_g_kl_fb,mid,572,Viral,31.7404,0.892845,0.393329
arm_g_kl_fb,mid,573,Viral,32.1534,0.89933,0.339985
arm_g_kl_fb,mid,574,Viral,33.9581,0.929929,0.33648
arm_g_kl_fb,mid,575,Viral,32.5433,0.906329,0.355603
arm_g_kl_fb,mid,576,Viral,31.9012,0.903656,0.358215
arm_g_kl_fb,mid,577,Viral,31.497,0.908017,0.345502
arm_g_kl_fb,mid,578,Viral,33.1518,0.921091,0.292486
arm_g_kl_fb,mid,579,Viral,31.7047,0.91006,0.27548
arm_g_kl_fb,mid,580,Viral,31.555,0.902759,0.359002
arm_g_kl_fb,mid,581,Viral,31.5136,0.904703,0.305432
arm_g_kl_fb,mid,582,Viral,32.264,0.905227,0.330392
arm_g_kl_fb,mid,583,Viral,32.6468,0.90268,0.342931
arm_g_kl_fb,mid,584,Viral,33.6351,0.908935,0.333822
arm_g_kl_fb,mid,585,Viral,33.1996,0.918943,0.318036
arm_g_kl_fb,mid,586,Viral,32.9525,0.901699,0.336905
arm_g_kl_fb,mid,587,Viral,33.0383,0.893505,0.365592
arm_g_kl_fb,mid,588,Viral,31.7881,0.895485,0.356512
arm_g_kl_fb,mid,589,Viral,29.6782,0.8835,0.279409
arm_g_kl_fb,mid,590,Viral,31.4997,0.901522,0.332385
arm_g_kl_fb,mid,591,Viral,31.0429,0.90431,0.315943
arm_g_kl_fb,mid,592,Viral,31.1511,0.905783,0.299475
arm_g_kl_fb,mid,593,Viral,33.3146,0.87944,0.37245
arm_g_kl_fb,mid,594,Viral,33.1792,0.915995,0.35215
arm_g_kl_fb,mid,595,Viral,33.1513,0.909337,0.31555
arm_g_kl_fb,mid,596,Viral,32.8021,0.914279,0.354192
arm_g_kl_fb,mid,597,Viral,32.5765,0.913024,0.29915
arm_g_kl_fb,mid,598,Viral,31.1026,0.899527,0.363949
arm_g_kl_fb,mid,599,Viral,31.1125,0.905023,0.29648
arm_g_kl_fb,mid,600,Viral,32.2509,0.897706,0.390546
arm_g_kl_fb,mid,601,Viral,32.7293,0.913576,0.341596
arm_g_kl_fb,mid,602,Viral,31.44,0.902815,0.34621
arm_g_kl_fb,mid,603,Viral,31.6286,0.915864,0.284715
arm_g_kl_fb,mid,604,Viral,31.8866,0.909863,0.322681
arm_g_kl_fb,mid,605,Viral,33.3327,0.914142,0.326175
arm_g_kl_fb,mid,606,Viral,32.79,0.913213,0.335764
arm_g_kl_fb,mid,607,Viral,32.6589,0.910464,0.35409
arm_g_kl_fb,mid,608,Viral,33.4591,0.920395,0.326422
arm_g_kl_fb,mid,609,Viral,33.1558,0.918435,0.355153
arm_g_kl_fb,mid,610,Viral,33.4093,0.915232,0.330673
arm_g_kl_fb,mid,611,Viral,31.2483,0.904459,0.341294
arm_g_kl_fb,mid,612,Viral,30.6972,0.891682,0.368674
arm_g_kl_fb,mid,613,Viral,31.7973,0.905818,0.356494
arm_g_kl_fb,mid,614,Viral,33.1882,0.918328,0.310168
arm_g_kl_fb,mid,615,Viral,33.0608,0.901273,0.348878
arm_g_kl_fb,mid,616,Viral,32.8374,0.907427,0.328943
arm_g_kl_fb,mid,617,Viral,32.409,0.903618,0.37968
arm_g_kl_fb,mid,618,Viral,31.6474,0.900369,0.351209
arm_g_kl_fb,mid,619,Viral,32.0858,0.910355,0.307197
arm_g_kl_fb,mid,620,Viral,31.6246,0.908978,0.312094
arm_g_kl_fb,mid,621,Viral,34.6523,0.924916,0.361681
arm_g_kl_fb,mid,622,Viral,32.3282,0.904818,0.345354
arm_g_kl_fb,mid,623,Viral,33.0438,0.918093,0.288301
arm_h_kl_cyc_fb,mid,0,Normal,31.8707,0.909232,0.285841
arm_h_kl_cyc_fb,mid,1,Normal,30.7097,0.887622,0.312672
arm_h_kl_cyc_fb,mid,2,Normal,31.3202,0.901631,0.273361
arm_h_kl_cyc_fb,mid,3,Normal,31.9274,0.919574,0.266025
arm_h_kl_cyc_fb,mid,4,Normal,31.5534,0.884656,0.333933
arm_h_kl_cyc_fb,mid,5,Normal,32.4506,0.914602,0.272776
arm_h_kl_cyc_fb,mid,6,Normal,32.0304,0.908891,0.269954
arm_h_kl_cyc_fb,mid,7,Normal,32.2725,0.916323,0.305471
arm_h_kl_cyc_fb,mid,8,Normal,30.4607,0.90599,0.275135
arm_h_kl_cyc_fb,mid,9,Normal,30.6549,0.89816,0.307384
arm_h_kl_cyc_fb,mid,10,Normal,31.3276,0.913952,0.250129
arm_h_kl_cyc_fb,mid,11,Normal,31.156,0.895988,0.310767
arm_h_kl_cyc_fb,mid,12,Normal,31.9375,0.892582,0.298815
arm_h_kl_cyc_fb,mid,13,Normal,33.2477,0.919664,0.285288
arm_h_kl_cyc_fb,mid,14,Normal,32.6537,0.937422,0.20875
arm_h_kl_cyc_fb,mid,15,Normal,31.1082,0.890974,0.31243
arm_h_kl_cyc_fb,mid,16,Normal,32.2689,0.910976,0.317432
arm_h_kl_cyc_fb,mid,17,Normal,31.7106,0.891727,0.287876
arm_h_kl_cyc_fb,mid,18,Normal,31.5026,0.901759,0.25902
arm_h_kl_cyc_fb,mid,19,Normal,32.135,0.910282,0.27467
arm_h_kl_cyc_fb,mid,20,Normal,33.1457,0.922762,0.258344
arm_h_kl_cyc_fb,mid,21,Normal,31.7717,0.907071,0.268074
arm_h_kl_cyc_fb,mid,22,Normal,32.5032,0.912594,0.250445
arm_h_kl_cyc_fb,mid,23,Normal,30.8705,0.871451,0.387616
arm_h_kl_cyc_fb,mid,24,Normal,31.4703,0.899906,0.276234
arm_h_kl_cyc_fb,mid,25,Normal,31.8766,0.910193,0.274684
arm_h_kl_cyc_fb,mid,26,Normal,30.2946,0.895147,0.274502
arm_h_kl_cyc_fb,mid,27,Normal,30.7531,0.892264,0.26323
arm_h_kl_cyc_fb,mid,28,Normal,32.248,0.914375,0.281596
arm_h_kl_cyc_fb,mid,29,Normal,31.7268,0.903307,0.319848
arm_h_kl_cyc_fb,mid,30,Normal,30.959,0.886422,0.318716
arm_h_kl_cyc_fb,mid,31,Normal,31.5716,0.906761,0.280721
arm_h_kl_cyc_fb,mid,32,Normal,30.6404,0.899145,0.29226
arm_h_kl_cyc_fb,mid,33,Normal,30.386,0.88337,0.30182
arm_h_kl_cyc_fb,mid,34,Normal,29.9656,0.891963,0.282617
arm_h_kl_cyc_fb,mid,35,Normal,31.6101,0.903815,0.277327
arm_h_kl_cyc_fb,mid,36,Normal,32.2309,0.920732,0.245991
arm_h_kl_cyc_fb,mid,37,Normal,32.8161,0.922207,0.314522
arm_h_kl_cyc_fb,mid,38,Normal,31.0503,0.907398,0.268478
arm_h_kl_cyc_fb,mid,39,Normal,30.0267,0.886259,0.292385
arm_h_kl_cyc_fb,mid,40,Normal,31.4831,0.905174,0.285609
arm_h_kl_cyc_fb,mid,41,Normal,32.0764,0.902466,0.324862
arm_h_kl_cyc_fb,mid,42,Normal,29.9026,0.888379,0.295923
arm_h_kl_cyc_fb,mid,43,Normal,31.5676,0.899562,0.242665
arm_h_kl_cyc_fb,mid,44,Normal,31.5496,0.892537,0.265156
arm_h_kl_cyc_fb,mid,45,Normal,30.9027,0.901264,0.288472
arm_h_kl_cyc_fb,mid,46,Normal,33.6591,0.906151,0.315698
arm_h_kl_cyc_fb,mid,47,Normal,30.3494,0.893929,0.247285
arm_h_kl_cyc_fb,mid,48,Normal,31.0451,0.905483,0.269827
arm_h_kl_cyc_fb,mid,49,Normal,31.2148,0.900016,0.264174
arm_h_kl_cyc_fb,mid,50,Normal,30.9206,0.896382,0.311311
arm_h_kl_cyc_fb,mid,51,Normal,32.0949,0.909738,0.273629
arm_h_kl_cyc_fb,mid,52,Normal,31.6984,0.896396,0.283571
arm_h_kl_cyc_fb,mid,53,Normal,31.3636,0.909927,0.241628
arm_h_kl_cyc_fb,mid,54,Normal,31.7856,0.90585,0.309437
arm_h_kl_cyc_fb,mid,55,Normal,32.5216,0.908575,0.271289
arm_h_kl_cyc_fb,mid,56,Normal,33.1195,0.925972,0.295573
arm_h_kl_cyc_fb,mid,57,Normal,31.1566,0.888409,0.29789
arm_h_kl_cyc_fb,mid,58,Normal,30.9861,0.90443,0.288926
arm_h_kl_cyc_fb,mid,59,Normal,31.417,0.903422,0.29333
arm_h_kl_cyc_fb,mid,60,Normal,32.5107,0.914662,0.285191
arm_h_kl_cyc_fb,mid,61,Normal,32.0863,0.918439,0.245543
arm_h_kl_cyc_fb,mid,62,Normal,31.7055,0.901686,0.300277
arm_h_kl_cyc_fb,mid,63,Normal,30.9736,0.905,0.276694
arm_h_kl_cyc_fb,mid,64,Normal,31.6893,0.898576,0.290847
arm_h_kl_cyc_fb,mid,65,Normal,29.8882,0.899833,0.284075
arm_h_kl_cyc_fb,mid,66,Normal,30.3939,0.889493,0.310114
arm_h_kl_cyc_fb,mid,67,Normal,30.3311,0.89353,0.297273
arm_h_kl_cyc_fb,mid,68,Normal,30.2518,0.88694,0.294186
arm_h_kl_cyc_fb,mid,69,Normal,31.1716,0.892586,0.304405
arm_h_kl_cyc_fb,mid,70,Normal,32.9513,0.921748,0.275412
arm_h_kl_cyc_fb,mid,71,Normal,33.2714,0.912415,0.298382
arm_h_kl_cyc_fb,mid,72,Normal,32.2129,0.915202,0.286958
arm_h_kl_cyc_fb,mid,73,Normal,32.7738,0.913493,0.279018
arm_h_kl_cyc_fb,mid,74,Normal,32.211,0.904554,0.351519
arm_h_kl_cyc_fb,mid,75,Normal,30.9634,0.89553,0.309547
arm_h_kl_cyc_fb,mid,76,Normal,30.8049,0.889882,0.303689
arm_h_kl_cyc_fb,mid,77,Normal,31.0,0.905143,0.248892
arm_h_kl_cyc_fb,mid,78,Normal,32.4496,0.912965,0.29068
arm_h_kl_cyc_fb,mid,79,Normal,31.3047,0.910774,0.268303
arm_h_kl_cyc_fb,mid,80,Normal,33.0516,0.909192,0.317259
arm_h_kl_cyc_fb,mid,81,Normal,31.953,0.908258,0.282939
arm_h_kl_cyc_fb,mid,82,Normal,30.5959,0.897364,0.293687
arm_h_kl_cyc_fb,mid,83,Normal,30.8101,0.895431,0.274856
arm_h_kl_cyc_fb,mid,84,Normal,31.2209,0.910041,0.274926
arm_h_kl_cyc_fb,mid,85,Normal,33.6222,0.921171,0.291982
arm_h_kl_cyc_fb,mid,86,Normal,31.514,0.905811,0.260855
arm_h_kl_cyc_fb,mid,87,Normal,31.8256,0.902913,0.26773
arm_h_kl_cyc_fb,mid,88,Normal,31.0096,0.913285,0.274169
arm_h_kl_cyc_fb,mid,89,Normal,31.8978,0.901579,0.29464
arm_h_kl_cyc_fb,mid,90,Normal,31.516,0.911683,0.252709
arm_h_kl_cyc_fb,mid,91,Normal,30.8817,0.89866,0.250226
arm_h_kl_cyc_fb,mid,92,Normal,32.958,0.929124,0.246611
arm_h_kl_cyc_fb,mid,93,Normal,30.9651,0.897239,0.306648
arm_h_kl_cyc_fb,mid,94,Normal,31.8507,0.90968,0.280581
arm_h_kl_cyc_fb,mid,95,Normal,30.814,0.887694,0.295797
arm_h_kl_cyc_fb,mid,96,Normal,31.1291,0.897626,0.286443
arm_h_kl_cyc_fb,mid,97,Normal,30.3387,0.894541,0.288728
arm_h_kl_cyc_fb,mid,98,Normal,30.7602,0.900741,0.266457
arm_h_kl_cyc_fb,mid,99,Normal,31.7595,0.916077,0.282357
arm_h_kl_cyc_fb,mid,100,Normal,31.8339,0.90344,0.293906
arm_h_kl_cyc_fb,mid,101,Normal,30.6727,0.898478,0.293493
arm_h_kl_cyc_fb,mid,102,Normal,31.8059,0.896421,0.25082
arm_h_kl_cyc_fb,mid,103,Normal,32.1107,0.903561,0.269545
arm_h_kl_cyc_fb,mid,104,Normal,30.8045,0.900905,0.265939
arm_h_kl_cyc_fb,mid,105,Normal,31.5353,0.916035,0.243789
arm_h_kl_cyc_fb,mid,106,Normal,31.7457,0.906269,0.274847
arm_h_kl_cyc_fb,mid,107,Normal,31.3675,0.904242,0.279145
arm_h_kl_cyc_fb,mid,108,Normal,30.6385,0.876215,0.323683
arm_h_kl_cyc_fb,mid,109,Normal,31.2659,0.895737,0.304381
arm_h_kl_cyc_fb,mid,110,Normal,31.8654,0.905507,0.27275
arm_h_kl_cyc_fb,mid,111,Normal,32.394,0.889509,0.2774
arm_h_kl_cyc_fb,mid,112,Normal,30.0284,0.893995,0.289647
arm_h_kl_cyc_fb,mid,113,Normal,30.6226,0.880409,0.315465
arm_h_kl_cyc_fb,mid,114,Normal,31.2504,0.882399,0.312156
arm_h_kl_cyc_fb,mid,115,Normal,31.1781,0.906558,0.26468
arm_h_kl_cyc_fb,mid,116,Normal,30.41,0.896043,0.255511
arm_h_kl_cyc_fb,mid,117,Normal,31.6645,0.916327,0.253564
arm_h_kl_cyc_fb,mid,118,Normal,31.2481,0.898122,0.279947
arm_h_kl_cyc_fb,mid,119,Normal,33.0343,0.926268,0.275672
arm_h_kl_cyc_fb,mid,120,Normal,31.5985,0.923174,0.222531
arm_h_kl_cyc_fb,mid,121,Normal,31.9789,0.909439,0.268463
arm_h_kl_cyc_fb,mid,122,Normal,32.1223,0.919728,0.259915
arm_h_kl_cyc_fb,mid,123,Normal,31.9991,0.90606,0.280693
arm_h_kl_cyc_fb,mid,124,Normal,31.6611,0.899499,0.284691
arm_h_kl_cyc_fb,mid,125,Normal,30.7345,0.893435,0.294412
arm_h_kl_cyc_fb,mid,126,Normal,32.318,0.91177,0.290822
arm_h_kl_cyc_fb,mid,127,Normal,30.6874,0.875049,0.343909
arm_h_kl_cyc_fb,mid,128,Normal,30.7025,0.897883,0.266051
arm_h_kl_cyc_fb,mid,129,Normal,31.6366,0.911195,0.257651
arm_h_kl_cyc_fb,mid,130,Normal,31.2689,0.908396,0.255843
arm_h_kl_cyc_fb,mid,131,Normal,30.9413,0.90393,0.288937
arm_h_kl_cyc_fb,mid,132,Normal,30.7001,0.901802,0.288398
arm_h_kl_cyc_fb,mid,133,Normal,31.2531,0.90669,0.280811
arm_h_kl_cyc_fb,mid,134,Normal,32.4885,0.912356,0.301727
arm_h_kl_cyc_fb,mid,135,Normal,32.0107,0.905624,0.25446
arm_h_kl_cyc_fb,mid,136,Normal,30.9702,0.908661,0.276824
arm_h_kl_cyc_fb,mid,137,Normal,30.6763,0.90131,0.266445
arm_h_kl_cyc_fb,mid,138,Normal,31.8807,0.912513,0.269354
arm_h_kl_cyc_fb,mid,139,Normal,30.1801,0.889441,0.286043
arm_h_kl_cyc_fb,mid,140,Normal,30.8905,0.891402,0.296984
arm_h_kl_cyc_fb,mid,141,Normal,31.9693,0.91104,0.305933
arm_h_kl_cyc_fb,mid,142,Normal,30.4746,0.887772,0.305482
arm_h_kl_cyc_fb,mid,143,Normal,32.5505,0.918669,0.265445
arm_h_kl_cyc_fb,mid,144,Normal,31.1557,0.910804,0.289656
arm_h_kl_cyc_fb,mid,145,Normal,30.5738,0.903764,0.250776
arm_h_kl_cyc_fb,mid,146,Normal,30.5325,0.89245,0.292875
arm_h_kl_cyc_fb,mid,147,Normal,30.8875,0.886333,0.324345
arm_h_kl_cyc_fb,mid,148,Normal,32.0005,0.911586,0.286621
arm_h_kl_cyc_fb,mid,149,Normal,30.9691,0.9085,0.253931
arm_h_kl_cyc_fb,mid,150,Normal,31.518,0.894283,0.32898
arm_h_kl_cyc_fb,mid,151,Normal,30.8265,0.883223,0.339732
arm_h_kl_cyc_fb,mid,152,Normal,30.2897,0.874972,0.323565
arm_h_kl_cyc_fb,mid,153,Normal,31.7764,0.913146,0.274295
arm_h_kl_cyc_fb,mid,154,Normal,32.7673,0.913699,0.305084
arm_h_kl_cyc_fb,mid,155,Normal,30.7854,0.887959,0.270416
arm_h_kl_cyc_fb,mid,156,Normal,30.9265,0.890312,0.294178
arm_h_kl_cyc_fb,mid,157,Normal,31.9647,0.912127,0.233694
arm_h_kl_cyc_fb,mid,158,Normal,30.9604,0.906677,0.278389
arm_h_kl_cyc_fb,mid,159,Normal,32.45,0.915785,0.297689
arm_h_kl_cyc_fb,mid,160,Normal,32.9471,0.917695,0.299733
arm_h_kl_cyc_fb,mid,161,Normal,32.0269,0.904065,0.28886
arm_h_kl_cyc_fb,mid,162,Normal,31.8424,0.905786,0.258812
arm_h_kl_cyc_fb,mid,163,Normal,32.1747,0.900452,0.299899
arm_h_kl_cyc_fb,mid,164,Normal,33.3762,0.926533,0.311733
arm_h_kl_cyc_fb,mid,165,Normal,33.0952,0.900783,0.376828
arm_h_kl_cyc_fb,mid,166,Normal,32.8586,0.911532,0.264209
arm_h_kl_cyc_fb,mid,167,Normal,31.189,0.881918,0.357323
arm_h_kl_cyc_fb,mid,168,Normal,30.9648,0.906239,0.266388
arm_h_kl_cyc_fb,mid,169,Normal,28.9707,0.882289,0.276457
arm_h_kl_cyc_fb,mid,170,Normal,31.0358,0.885945,0.313932
arm_h_kl_cyc_fb,mid,171,Normal,31.4086,0.901567,0.308327
arm_h_kl_cyc_fb,mid,172,Normal,31.4566,0.893895,0.288231
arm_h_kl_cyc_fb,mid,173,Normal,31.3337,0.887245,0.323272
arm_h_kl_cyc_fb,mid,174,Normal,32.4643,0.913397,0.279753
arm_h_kl_cyc_fb,mid,175,Normal,31.6904,0.903447,0.297495
arm_h_kl_cyc_fb,mid,176,Normal,31.8704,0.915233,0.278689
arm_h_kl_cyc_fb,mid,177,Normal,30.676,0.881785,0.314189
arm_h_kl_cyc_fb,mid,178,Normal,31.0639,0.886632,0.354037
arm_h_kl_cyc_fb,mid,179,Normal,30.6417,0.869678,0.344681
arm_h_kl_cyc_fb,mid,180,Normal,29.8027,0.885066,0.294906
arm_h_kl_cyc_fb,mid,181,Normal,32.1882,0.910621,0.291361
arm_h_kl_cyc_fb,mid,182,Normal,32.6057,0.90397,0.2751
arm_h_kl_cyc_fb,mid,183,Normal,31.5285,0.906846,0.275222
arm_h_kl_cyc_fb,mid,184,Normal,31.3261,0.902292,0.288625
arm_h_kl_cyc_fb,mid,185,Normal,32.0323,0.903899,0.268489
arm_h_kl_cyc_fb,mid,186,Normal,30.7589,0.894467,0.303976
arm_h_kl_cyc_fb,mid,187,Normal,32.3922,0.918807,0.284146
arm_h_kl_cyc_fb,mid,188,Normal,32.4721,0.902608,0.28885
arm_h_kl_cyc_fb,mid,189,Normal,32.0318,0.895825,0.285341
arm_h_kl_cyc_fb,mid,190,Normal,30.3593,0.886484,0.302918
arm_h_kl_cyc_fb,mid,191,Normal,31.9731,0.905491,0.283517
arm_h_kl_cyc_fb,mid,192,Normal,33.3866,0.915502,0.332959
arm_h_kl_cyc_fb,mid,193,Normal,30.7776,0.904631,0.252632
arm_h_kl_cyc_fb,mid,194,Normal,30.7179,0.893363,0.296373
arm_h_kl_cyc_fb,mid,195,Normal,31.1417,0.898866,0.289459
arm_h_kl_cyc_fb,mid,196,Normal,31.5501,0.89347,0.278574
arm_h_kl_cyc_fb,mid,197,Normal,31.4938,0.901364,0.292011
arm_h_kl_cyc_fb,mid,198,Normal,32.4234,0.914508,0.301852
arm_h_kl_cyc_fb,mid,199,Normal,30.3313,0.885607,0.295563
arm_h_kl_cyc_fb,mid,200,Normal,31.4344,0.905347,0.278234
arm_h_kl_cyc_fb,mid,201,Normal,31.8498,0.908984,0.280301
arm_h_kl_cyc_fb,mid,202,Normal,31.4904,0.905711,0.312833
arm_h_kl_cyc_fb,mid,203,Normal,31.4307,0.908904,0.271236
arm_h_kl_cyc_fb,mid,204,Normal,30.5947,0.900199,0.284015
arm_h_kl_cyc_fb,mid,205,Normal,32.5996,0.905451,0.303005
arm_h_kl_cyc_fb,mid,206,Normal,33.1284,0.920994,0.259975
arm_h_kl_cyc_fb,mid,207,Normal,32.3329,0.899683,0.272037
arm_h_kl_cyc_fb,mid,208,Normal,31.1333,0.902371,0.29843
arm_h_kl_cyc_fb,mid,209,Normal,30.7796,0.90747,0.273856
arm_h_kl_cyc_fb,mid,210,Normal,31.1134,0.885924,0.327526
arm_h_kl_cyc_fb,mid,211,Normal,31.6157,0.907872,0.263157
arm_h_kl_cyc_fb,mid,212,Normal,32.1416,0.910814,0.283875
arm_h_kl_cyc_fb,mid,213,Normal,31.7728,0.90743,0.304921
arm_h_kl_cyc_fb,mid,214,Normal,31.3862,0.898893,0.278033
arm_h_kl_cyc_fb,mid,215,Normal,31.4604,0.878664,0.344498
arm_h_kl_cyc_fb,mid,216,Normal,30.8671,0.901808,0.292718
arm_h_kl_cyc_fb,mid,217,Normal,32.4919,0.901576,0.368998
arm_h_kl_cyc_fb,mid,218,Normal,31.2371,0.887264,0.318755
arm_h_kl_cyc_fb,mid,219,Normal,31.1229,0.900444,0.290368
arm_h_kl_cyc_fb,mid,220,Normal,33.5033,0.911791,0.302946
arm_h_kl_cyc_fb,mid,221,Normal,31.8221,0.912259,0.244572
arm_h_kl_cyc_fb,mid,222,Normal,31.2935,0.903895,0.262095
arm_h_kl_cyc_fb,mid,223,Normal,31.1932,0.900979,0.300037
arm_h_kl_cyc_fb,mid,224,Normal,31.8969,0.911897,0.265254
arm_h_kl_cyc_fb,mid,225,Normal,30.0209,0.858373,0.356625
arm_h_kl_cyc_fb,mid,226,Normal,32.5347,0.913418,0.27486
arm_h_kl_cyc_fb,mid,227,Normal,30.5684,0.901386,0.293107
arm_h_kl_cyc_fb,mid,228,Normal,32.9255,0.91102,0.276017
arm_h_kl_cyc_fb,mid,229,Normal,31.042,0.90781,0.254813
arm_h_kl_cyc_fb,mid,230,Normal,31.0235,0.901307,0.295413
arm_h_kl_cyc_fb,mid,231,Normal,31.3154,0.889629,0.312423
arm_h_kl_cyc_fb,mid,232,Normal,32.4568,0.913447,0.275733
arm_h_kl_cyc_fb,mid,233,Normal,32.006,0.904504,0.295568
arm_h_kl_cyc_fb,mid,234,Bacterial,33.2882,0.91035,0.364219
arm_h_kl_cyc_fb,mid,235,Bacterial,31.4378,0.897607,0.349251
arm_h_kl_cyc_fb,mid,236,Bacterial,33.3397,0.910846,0.333739
arm_h_kl_cyc_fb,mid,237,Bacterial,33.0604,0.905133,0.351028
arm_h_kl_cyc_fb,mid,238,Bacterial,34.0908,0.909811,0.359704
arm_h_kl_cyc_fb,mid,239,Bacterial,33.0046,0.914446,0.314162
arm_h_kl_cyc_fb,mid,240,Bacterial,33.2914,0.904023,0.349651
arm_h_kl_cyc_fb,mid,241,Bacterial,32.1672,0.898439,0.36733
arm_h_kl_cyc_fb,mid,242,Bacterial,33.3082,0.904327,0.350194
arm_h_kl_cyc_fb,mid,243,Bacterial,32.2488,0.892938,0.379568
arm_h_kl_cyc_fb,mid,244,Bacterial,31.2802,0.889835,0.277129
arm_h_kl_cyc_fb,mid,245,Bacterial,31.9688,0.910876,0.292639
arm_h_kl_cyc_fb,mid,246,Bacterial,32.3811,0.916143,0.316831
arm_h_kl_cyc_fb,mid,247,Bacterial,31.9793,0.907979,0.321471
arm_h_kl_cyc_fb,mid,248,Bacterial,33.8152,0.914136,0.304618
arm_h_kl_cyc_fb,mid,249,Bacterial,34.3201,0.91678,0.353027
arm_h_kl_cyc_fb,mid,250,Bacterial,33.4307,0.89981,0.345414
arm_h_kl_cyc_fb,mid,251,Bacterial,31.6137,0.902304,0.261462
arm_h_kl_cyc_fb,mid,252,Bacterial,33.7125,0.898705,0.379902
arm_h_kl_cyc_fb,mid,253,Bacterial,32.7945,0.908754,0.358624
arm_h_kl_cyc_fb,mid,254,Bacterial,31.6608,0.891381,0.292731
arm_h_kl_cyc_fb,mid,255,Bacterial,32.4081,0.906146,0.308227
arm_h_kl_cyc_fb,mid,256,Bacterial,31.7633,0.895412,0.326904
arm_h_kl_cyc_fb,mid,257,Bacterial,32.9891,0.91137,0.32648
arm_h_kl_cyc_fb,mid,258,Bacterial,32.8399,0.889777,0.370389
arm_h_kl_cyc_fb,mid,259,Bacterial,33.1867,0.910551,0.335545
arm_h_kl_cyc_fb,mid,260,Bacterial,33.2481,0.918993,0.315698
arm_h_kl_cyc_fb,mid,261,Bacterial,31.2861,0.901628,0.241361
arm_h_kl_cyc_fb,mid,262,Bacterial,34.3884,0.911759,0.327087
arm_h_kl_cyc_fb,mid,263,Bacterial,34.25,0.920697,0.332134
arm_h_kl_cyc_fb,mid,264,Bacterial,34.0273,0.907522,0.338477
arm_h_kl_cyc_fb,mid,265,Bacterial,34.1137,0.920051,0.334947
arm_h_kl_cyc_fb,mid,266,Bacterial,33.8467,0.911134,0.335114
arm_h_kl_cyc_fb,mid,267,Bacterial,32.6407,0.896781,0.327311
arm_h_kl_cyc_fb,mid,268,Bacterial,33.5139,0.904147,0.35677
arm_h_kl_cyc_fb,mid,269,Bacterial,33.2848,0.91848,0.311613
arm_h_kl_cyc_fb,mid,270,Bacterial,33.9525,0.928598,0.295351
arm_h_kl_cyc_fb,mid,271,Bacterial,33.2471,0.914828,0.286381
arm_h_kl_cyc_fb,mid,272,Bacterial,33.7999,0.918812,0.340144
arm_h_kl_cyc_fb,mid,273,Bacterial,33.7719,0.915666,0.325742
arm_h_kl_cyc_fb,mid,274,Bacterial,32.2011,0.895794,0.320119
arm_h_kl_cyc_fb,mid,275,Bacterial,31.3824,0.892857,0.353082
arm_h_kl_cyc_fb,mid,276,Bacterial,30.9281,0.89449,0.253976
arm_h_kl_cyc_fb,mid,277,Bacterial,32.4457,0.893305,0.357231
arm_h_kl_cyc_fb,mid,278,Bacterial,32.9065,0.900478,0.341734
arm_h_kl_cyc_fb,mid,279,Bacterial,32.7088,0.904128,0.331136
arm_h_kl_cyc_fb,mid,280,Bacterial,33.5205,0.903437,0.329816
arm_h_kl_cyc_fb,mid,281,Bacterial,32.7618,0.884692,0.36698
arm_h_kl_cyc_fb,mid,282,Bacterial,31.9987,0.894924,0.339474
arm_h_kl_cyc_fb,mid,283,Bacterial,33.1908,0.902476,0.342316
arm_h_kl_cyc_fb,mid,284,Bacterial,31.5476,0.898949,0.367735
arm_h_kl_cyc_fb,mid,285,Bacterial,34.0365,0.906454,0.371313
arm_h_kl_cyc_fb,mid,286,Bacterial,32.2613,0.913102,0.31939
arm_h_kl_cyc_fb,mid,287,Bacterial,32.2746,0.900986,0.322398
arm_h_kl_cyc_fb,mid,288,Bacterial,33.6923,0.911093,0.3124
arm_h_kl_cyc_fb,mid,289,Bacterial,32.54,0.893184,0.334345
arm_h_kl_cyc_fb,mid,290,Bacterial,33.8511,0.915842,0.340896
arm_h_kl_cyc_fb,mid,291,Bacterial,32.6999,0.901955,0.337107
arm_h_kl_cyc_fb,mid,292,Bacterial,32.2193,0.901801,0.267412
arm_h_kl_cyc_fb,mid,293,Bacterial,33.9615,0.914709,0.315341
arm_h_kl_cyc_fb,mid,294,Bacterial,33.1587,0.915815,0.32434
arm_h_kl_cyc_fb,mid,295,Bacterial,31.9564,0.907252,0.307282
arm_h_kl_cyc_fb,mid,296,Bacterial,33.4834,0.9169,0.311747
arm_h_kl_cyc_fb,mid,297,Bacterial,32.71,0.912426,0.307423
arm_h_kl_cyc_fb,mid,298,Bacterial,30.7014,0.881171,0.346584
arm_h_kl_cyc_fb,mid,299,Bacterial,31.3517,0.894002,0.3496
arm_h_kl_cyc_fb,mid,300,Bacterial,31.1662,0.898788,0.319386
arm_h_kl_cyc_fb,mid,301,Bacterial,31.0125,0.888431,0.278982
arm_h_kl_cyc_fb,mid,302,Bacterial,32.1946,0.899485,0.308206
arm_h_kl_cyc_fb,mid,303,Bacterial,31.8048,0.911136,0.337868
arm_h_kl_cyc_fb,mid,304,Bacterial,32.9937,0.905632,0.341762
arm_h_kl_cyc_fb,mid,305,Bacterial,33.8054,0.911096,0.323835
arm_h_kl_cyc_fb,mid,306,Bacterial,32.4936,0.910847,0.33574
arm_h_kl_cyc_fb,mid,307,Bacterial,32.4719,0.913156,0.322419
arm_h_kl_cyc_fb,mid,308,Bacterial,32.2066,0.899768,0.296657
arm_h_kl_cyc_fb,mid,309,Bacterial,32.272,0.903651,0.31793
arm_h_kl_cyc_fb,mid,310,Bacterial,30.7613,0.890658,0.284561
arm_h_kl_cyc_fb,mid,311,Bacterial,32.2495,0.900837,0.32004
arm_h_kl_cyc_fb,mid,312,Bacterial,31.3757,0.905153,0.301076
arm_h_kl_cyc_fb,mid,313,Bacterial,33.1765,0.902399,0.37532
arm_h_kl_cyc_fb,mid,314,Bacterial,32.0449,0.891268,0.295027
arm_h_kl_cyc_fb,mid,315,Bacterial,34.4328,0.927555,0.342787
arm_h_kl_cyc_fb,mid,316,Bacterial,33.8334,0.914116,0.357013
arm_h_kl_cyc_fb,mid,317,Bacterial,33.7414,0.913279,0.371302
arm_h_kl_cyc_fb,mid,318,Bacterial,32.963,0.905752,0.344083
arm_h_kl_cyc_fb,mid,319,Bacterial,32.9378,0.894557,0.346258
arm_h_kl_cyc_fb,mid,320,Bacterial,33.6078,0.900292,0.377127
arm_h_kl_cyc_fb,mid,321,Bacterial,30.7702,0.905743,0.309514
arm_h_kl_cyc_fb,mid,322,Bacterial,32.1689,0.90624,0.32209
arm_h_kl_cyc_fb,mid,323,Bacterial,32.1047,0.911884,0.289014
arm_h_kl_cyc_fb,mid,324,Bacterial,31.3327,0.910213,0.289959
arm_h_kl_cyc_fb,mid,325,Bacterial,31.1099,0.908733,0.266082
arm_h_kl_cyc_fb,mid,326,Bacterial,32.3927,0.910152,0.321577
arm_h_kl_cyc_fb,mid,327,Bacterial,33.0555,0.912059,0.311316
arm_h_kl_cyc_fb,mid,328,Bacterial,33.3263,0.918239,0.329166
arm_h_kl_cyc_fb,mid,329,Bacterial,32.9278,0.918975,0.211878
arm_h_kl_cyc_fb,mid,330,Bacterial,34.1075,0.905956,0.352905
arm_h_kl_cyc_fb,mid,331,Bacterial,33.2498,0.920491,0.315159
arm_h_kl_cyc_fb,mid,332,Bacterial,34.2179,0.92,0.321617
arm_h_kl_cyc_fb,mid,333,Bacterial,34.2135,0.924207,0.306504
arm_h_kl_cyc_fb,mid,334,Bacterial,34.1299,0.924333,0.308271
arm_h_kl_cyc_fb,mid,335,Bacterial,31.8042,0.897696,0.297897
arm_h_kl_cyc_fb,mid,336,Bacterial,33.5372,0.915855,0.325954
arm_h_kl_cyc_fb,mid,337,Bacterial,32.7566,0.900439,0.341069
arm_h_kl_cyc_fb,mid,338,Bacterial,33.386,0.902684,0.357486
arm_h_kl_cyc_fb,mid,339,Bacterial,31.8348,0.900708,0.264497
arm_h_kl_cyc_fb,mid,340,Bacterial,33.7799,0.913241,0.314995
arm_h_kl_cyc_fb,mid,341,Bacterial,32.7459,0.916543,0.317381
arm_h_kl_cyc_fb,mid,342,Bacterial,32.8242,0.910909,0.318882
arm_h_kl_cyc_fb,mid,343,Bacterial,33.3624,0.910253,0.348704
arm_h_kl_cyc_fb,mid,344,Bacterial,34.008,0.919504,0.335243
arm_h_kl_cyc_fb,mid,345,Bacterial,32.4535,0.908519,0.362133
arm_h_kl_cyc_fb,mid,346,Bacterial,31.5876,0.899151,0.328486
arm_h_kl_cyc_fb,mid,347,Bacterial,33.2645,0.915048,0.337509
arm_h_kl_cyc_fb,mid,348,Bacterial,32.8047,0.898193,0.353249
arm_h_kl_cyc_fb,mid,349,Bacterial,34.1524,0.917366,0.334265
arm_h_kl_cyc_fb,mid,350,Bacterial,34.4879,0.920785,0.356901
arm_h_kl_cyc_fb,mid,351,Bacterial,31.5589,0.90359,0.278891
arm_h_kl_cyc_fb,mid,352,Bacterial,33.4127,0.909782,0.339675
arm_h_kl_cyc_fb,mid,353,Bacterial,32.9362,0.916466,0.320087
arm_h_kl_cyc_fb,mid,354,Bacterial,34.1338,0.903847,0.380049
arm_h_kl_cyc_fb,mid,355,Bacterial,33.4963,0.90744,0.307844
arm_h_kl_cyc_fb,mid,356,Bacterial,33.145,0.907094,0.319649
arm_h_kl_cyc_fb,mid,357,Bacterial,33.5873,0.90395,0.338213
arm_h_kl_cyc_fb,mid,358,Bacterial,33.4025,0.905756,0.379995
arm_h_kl_cyc_fb,mid,359,Bacterial,32.3993,0.908406,0.242809
arm_h_kl_cyc_fb,mid,360,Bacterial,32.6083,0.91014,0.324742
arm_h_kl_cyc_fb,mid,361,Bacterial,33.9475,0.915137,0.316383
arm_h_kl_cyc_fb,mid,362,Bacterial,33.4565,0.918668,0.347732
arm_h_kl_cyc_fb,mid,363,Bacterial,32.3793,0.927186,0.271233
arm_h_kl_cyc_fb,mid,364,Bacterial,34.0289,0.913856,0.307344
arm_h_kl_cyc_fb,mid,365,Bacterial,31.0965,0.903202,0.2898
arm_h_kl_cyc_fb,mid,366,Bacterial,33.5461,0.912846,0.348053
arm_h_kl_cyc_fb,mid,367,Bacterial,32.27,0.912812,0.22932
arm_h_kl_cyc_fb,mid,368,Bacterial,32.9011,0.901126,0.318691
arm_h_kl_cyc_fb,mid,369,Bacterial,31.7863,0.900603,0.258994
arm_h_kl_cyc_fb,mid,370,Bacterial,30.4153,0.893847,0.271837
arm_h_kl_cyc_fb,mid,371,Bacterial,33.025,0.912673,0.310663
arm_h_kl_cyc_fb,mid,372,Bacterial,32.2094,0.888225,0.394813
arm_h_kl_cyc_fb,mid,373,Bacterial,33.1549,0.90969,0.334673
arm_h_kl_cyc_fb,mid,374,Bacterial,32.0691,0.900082,0.33748
arm_h_kl_cyc_fb,mid,375,Bacterial,32.7833,0.91004,0.342199
arm_h_kl_cyc_fb,mid,376,Bacterial,31.5824,0.909014,0.312812
arm_h_kl_cyc_fb,mid,377,Bacterial,32.885,0.911088,0.339124
arm_h_kl_cyc_fb,mid,378,Bacterial,32.152,0.899023,0.252571
arm_h_kl_cyc_fb,mid,379,Bacterial,32.8822,0.913316,0.309225
arm_h_kl_cyc_fb,mid,380,Bacterial,33.279,0.9218,0.314414
arm_h_kl_cyc_fb,mid,381,Bacterial,30.9041,0.896813,0.262017
arm_h_kl_cyc_fb,mid,382,Bacterial,32.4649,0.905407,0.312357
arm_h_kl_cyc_fb,mid,383,Bacterial,31.345,0.887763,0.313354
arm_h_kl_cyc_fb,mid,384,Bacterial,31.0814,0.899604,0.245469
arm_h_kl_cyc_fb,mid,385,Bacterial,30.8319,0.897127,0.284391
arm_h_kl_cyc_fb,mid,386,Bacterial,33.421,0.919059,0.292022
arm_h_kl_cyc_fb,mid,387,Bacterial,33.2733,0.918613,0.279566
arm_h_kl_cyc_fb,mid,388,Bacterial,31.8544,0.916613,0.198528
arm_h_kl_cyc_fb,mid,389,Bacterial,31.0731,0.898062,0.282403
arm_h_kl_cyc_fb,mid,390,Bacterial,32.9516,0.90607,0.298486
arm_h_kl_cyc_fb,mid,391,Bacterial,31.7241,0.9029,0.370159
arm_h_kl_cyc_fb,mid,392,Bacterial,32.9737,0.906592,0.347696
arm_h_kl_cyc_fb,mid,393,Bacterial,33.0215,0.900479,0.371978
arm_h_kl_cyc_fb,mid,394,Bacterial,33.3328,0.916245,0.32872
arm_h_kl_cyc_fb,mid,395,Bacterial,33.0793,0.910214,0.323841
arm_h_kl_cyc_fb,mid,396,Bacterial,31.3035,0.876781,0.351654
arm_h_kl_cyc_fb,mid,397,Bacterial,34.633,0.905882,0.361784
arm_h_kl_cyc_fb,mid,398,Bacterial,33.7732,0.905703,0.376835
arm_h_kl_cyc_fb,mid,399,Bacterial,31.8586,0.904734,0.337734
arm_h_kl_cyc_fb,mid,400,Bacterial,32.1002,0.895619,0.332288
arm_h_kl_cyc_fb,mid,401,Bacterial,31.1958,0.890877,0.279274
arm_h_kl_cyc_fb,mid,402,Bacterial,33.6567,0.909488,0.347574
arm_h_kl_cyc_fb,mid,403,Bacterial,32.4931,0.913032,0.311693
arm_h_kl_cyc_fb,mid,404,Bacterial,32.6614,0.899622,0.32612
arm_h_kl_cyc_fb,mid,405,Bacterial,32.7215,0.908929,0.300844
arm_h_kl_cyc_fb,mid,406,Bacterial,34.5821,0.919909,0.319919
arm_h_kl_cyc_fb,mid,407,Bacterial,32.3143,0.910011,0.326898
arm_h_kl_cyc_fb,mid,408,Bacterial,32.7609,0.911331,0.298241
arm_h_kl_cyc_fb,mid,409,Bacterial,31.9113,0.898284,0.288111
arm_h_kl_cyc_fb,mid,410,Bacterial,30.976,0.892349,0.277244
arm_h_kl_cyc_fb,mid,411,Bacterial,32.5088,0.892708,0.3348
arm_h_kl_cyc_fb,mid,412,Bacterial,33.189,0.898665,0.336493
arm_h_kl_cyc_fb,mid,413,Bacterial,31.1135,0.884782,0.25902
arm_h_kl_cyc_fb,mid,414,Bacterial,33.8749,0.910667,0.346308
arm_h_kl_cyc_fb,mid,415,Bacterial,32.8033,0.903004,0.36504
arm_h_kl_cyc_fb,mid,416,Bacterial,34.442,0.918341,0.342831
arm_h_kl_cyc_fb,mid,417,Bacterial,33.291,0.902578,0.287421
arm_h_kl_cyc_fb,mid,418,Bacterial,33.5138,0.911915,0.3249
arm_h_kl_cyc_fb,mid,419,Bacterial,32.4041,0.911314,0.269027
arm_h_kl_cyc_fb,mid,420,Bacterial,32.763,0.914548,0.324402
arm_h_kl_cyc_fb,mid,421,Bacterial,32.3078,0.908583,0.341585
arm_h_kl_cyc_fb,mid,422,Bacterial,32.4128,0.898403,0.33968
arm_h_kl_cyc_fb,mid,423,Bacterial,32.8466,0.910184,0.363875
arm_h_kl_cyc_fb,mid,424,Bacterial,32.763,0.908513,0.361934
arm_h_kl_cyc_fb,mid,425,Bacterial,33.695,0.907695,0.340049
arm_h_kl_cyc_fb,mid,426,Bacterial,35.0504,0.918149,0.357431
arm_h_kl_cyc_fb,mid,427,Bacterial,34.642,0.912584,0.396306
arm_h_kl_cyc_fb,mid,428,Bacterial,34.0075,0.913015,0.387069
arm_h_kl_cyc_fb,mid,429,Bacterial,31.6359,0.903341,0.289365
arm_h_kl_cyc_fb,mid,430,Bacterial,33.9021,0.918555,0.306975
arm_h_kl_cyc_fb,mid,431,Bacterial,34.0423,0.900642,0.373622
arm_h_kl_cyc_fb,mid,432,Bacterial,33.7345,0.914037,0.320048
arm_h_kl_cyc_fb,mid,433,Bacterial,32.1478,0.890031,0.359877
arm_h_kl_cyc_fb,mid,434,Bacterial,32.9222,0.906255,0.322386
arm_h_kl_cyc_fb,mid,435,Bacterial,32.3549,0.909101,0.292764
arm_h_kl_cyc_fb,mid,436,Bacterial,31.8053,0.905514,0.222414
arm_h_kl_cyc_fb,mid,437,Bacterial,34.0561,0.906002,0.313216
arm_h_kl_cyc_fb,mid,438,Bacterial,31.4076,0.885121,0.356316
arm_h_kl_cyc_fb,mid,439,Bacterial,32.7595,0.903075,0.343052
arm_h_kl_cyc_fb,mid,440,Bacterial,31.8494,0.902327,0.318001
arm_h_kl_cyc_fb,mid,441,Bacterial,31.6207,0.89938,0.298143
arm_h_kl_cyc_fb,mid,442,Bacterial,33.2433,0.908529,0.340644
arm_h_kl_cyc_fb,mid,443,Bacterial,33.7673,0.914162,0.337536
arm_h_kl_cyc_fb,mid,444,Bacterial,32.9697,0.910415,0.300046
arm_h_kl_cyc_fb,mid,445,Bacterial,32.9775,0.907801,0.352158
arm_h_kl_cyc_fb,mid,446,Bacterial,33.0246,0.910725,0.349809
arm_h_kl_cyc_fb,mid,447,Bacterial,33.7849,0.903131,0.359968
arm_h_kl_cyc_fb,mid,448,Bacterial,33.6476,0.917459,0.365573
arm_h_kl_cyc_fb,mid,449,Bacterial,31.8083,0.892582,0.29924
arm_h_kl_cyc_fb,mid,450,Bacterial,32.3485,0.905451,0.322253
arm_h_kl_cyc_fb,mid,451,Bacterial,31.1029,0.893267,0.261472
arm_h_kl_cyc_fb,mid,452,Bacterial,32.2225,0.908406,0.322919
arm_h_kl_cyc_fb,mid,453,Bacterial,33.5037,0.912646,0.327948
arm_h_kl_cyc_fb,mid,454,Bacterial,32.2069,0.913425,0.305054
arm_h_kl_cyc_fb,mid,455,Bacterial,33.8951,0.916999,0.357363
arm_h_kl_cyc_fb,mid,456,Bacterial,30.8578,0.891698,0.311611
arm_h_kl_cyc_fb,mid,457,Bacterial,33.7391,0.912916,0.353591
arm_h_kl_cyc_fb,mid,458,Bacterial,33.8492,0.919836,0.313161
arm_h_kl_cyc_fb,mid,459,Bacterial,34.3615,0.913584,0.354866
arm_h_kl_cyc_fb,mid,460,Bacterial,32.5442,0.903202,0.322617
arm_h_kl_cyc_fb,mid,461,Bacterial,32.2751,0.906258,0.313544
arm_h_kl_cyc_fb,mid,462,Bacterial,31.7697,0.897846,0.288914
arm_h_kl_cyc_fb,mid,463,Bacterial,33.7575,0.907919,0.349253
arm_h_kl_cyc_fb,mid,464,Bacterial,32.2032,0.895943,0.347522
arm_h_kl_cyc_fb,mid,465,Bacterial,33.6598,0.9139,0.325429
arm_h_kl_cyc_fb,mid,466,Bacterial,32.7345,0.904477,0.318139
arm_h_kl_cyc_fb,mid,467,Bacterial,32.9727,0.898469,0.378309
arm_h_kl_cyc_fb,mid,468,Bacterial,32.802,0.912075,0.329276
arm_h_kl_cyc_fb,mid,469,Bacterial,33.7727,0.898486,0.348544
arm_h_kl_cyc_fb,mid,470,Bacterial,32.772,0.90312,0.35188
arm_h_kl_cyc_fb,mid,471,Bacterial,31.9053,0.897751,0.265763
arm_h_kl_cyc_fb,mid,472,Bacterial,32.3497,0.905624,0.241681
arm_h_kl_cyc_fb,mid,473,Bacterial,30.1604,0.890596,0.355997
arm_h_kl_cyc_fb,mid,474,Bacterial,31.7143,0.911584,0.302532
arm_h_kl_cyc_fb,mid,475,Bacterial,30.8668,0.888864,0.283861
arm_h_kl_cyc_fb,mid,476,Viral,31.857,0.910008,0.331111
arm_h_kl_cyc_fb,mid,477,Viral,32.0285,0.909985,0.316751
arm_h_kl_cyc_fb,mid,478,Viral,32.2421,0.917827,0.304395
arm_h_kl_cyc_fb,mid,479,Viral,33.0036,0.90981,0.313248
arm_h_kl_cyc_fb,mid,480,Viral,34.0737,0.912238,0.353683
arm_h_kl_cyc_fb,mid,481,Viral,32.4218,0.918299,0.316899
arm_h_kl_cyc_fb,mid,482,Viral,31.5122,0.891005,0.274778
arm_h_kl_cyc_fb,mid,483,Viral,33.0541,0.907859,0.344138
arm_h_kl_cyc_fb,mid,484,Viral,32.6984,0.908515,0.359299
arm_h_kl_cyc_fb,mid,485,Viral,32.4707,0.908244,0.336969
arm_h_kl_cyc_fb,mid,486,Viral,33.3864,0.899802,0.380275
arm_h_kl_cyc_fb,mid,487,Viral,32.8416,0.900485,0.336196
arm_h_kl_cyc_fb,mid,488,Viral,31.7546,0.90963,0.30424
arm_h_kl_cyc_fb,mid,489,Viral,32.7304,0.908512,0.323715
arm_h_kl_cyc_fb,mid,490,Viral,32.8336,0.909143,0.346015
arm_h_kl_cyc_fb,mid,491,Viral,32.3066,0.910649,0.308913
arm_h_kl_cyc_fb,mid,492,Viral,31.6819,0.899947,0.367102
arm_h_kl_cyc_fb,mid,493,Viral,32.4233,0.908154,0.325444
arm_h_kl_cyc_fb,mid,494,Viral,32.301,0.904768,0.33324
arm_h_kl_cyc_fb,mid,495,Viral,31.3503,0.900387,0.324681
arm_h_kl_cyc_fb,mid,496,Viral,33.1405,0.909374,0.319276
arm_h_kl_cyc_fb,mid,497,Viral,31.9077,0.915062,0.256041
arm_h_kl_cyc_fb,mid,498,Viral,33.4386,0.919377,0.310974
arm_h_kl_cyc_fb,mid,499,Viral,33.3953,0.904355,0.303788
arm_h_kl_cyc_fb,mid,500,Viral,31.7121,0.889598,0.381129
arm_h_kl_cyc_fb,mid,501,Viral,31.0923,0.903711,0.275152
arm_h_kl_cyc_fb,mid,502,Viral,32.1445,0.912159,0.315794
arm_h_kl_cyc_fb,mid,503,Viral,31.3929,0.911248,0.302373
arm_h_kl_cyc_fb,mid,504,Viral,31.6609,0.89782,0.329554
arm_h_kl_cyc_fb,mid,505,Viral,33.2773,0.918002,0.270831
arm_h_kl_cyc_fb,mid,506,Viral,31.9265,0.889405,0.349037
arm_h_kl_cyc_fb,mid,507,Viral,31.1955,0.89024,0.288012
arm_h_kl_cyc_fb,mid,508,Viral,33.4171,0.911151,0.350778
arm_h_kl_cyc_fb,mid,509,Viral,31.2613,0.894833,0.352911
arm_h_kl_cyc_fb,mid,510,Viral,29.9013,0.896931,0.289216
arm_h_kl_cyc_fb,mid,511,Viral,31.7746,0.910668,0.302281
arm_h_kl_cyc_fb,mid,512,Viral,33.8693,0.91753,0.308247
arm_h_kl_cyc_fb,mid,513,Viral,31.2262,0.90812,0.298307
arm_h_kl_cyc_fb,mid,514,Viral,31.1371,0.907569,0.263827
arm_h_kl_cyc_fb,mid,515,Viral,32.7496,0.908581,0.308225
arm_h_kl_cyc_fb,mid,516,Viral,33.4441,0.914796,0.286475
arm_h_kl_cyc_fb,mid,517,Viral,31.0819,0.900557,0.355449
arm_h_kl_cyc_fb,mid,518,Viral,31.4621,0.897731,0.259108
arm_h_kl_cyc_fb,mid,519,Viral,33.0188,0.9343,0.235201
arm_h_kl_cyc_fb,mid,520,Viral,32.9537,0.918618,0.29967
arm_h_kl_cyc_fb,mid,521,Viral,31.9435,0.912573,0.279539
arm_h_kl_cyc_fb,mid,522,Viral,33.1797,0.918074,0.28639
arm_h_kl_cyc_fb,mid,523,Viral,33.3864,0.922207,0.300808
arm_h_kl_cyc_fb,mid,524,Viral,33.5363,0.920319,0.333426
arm_h_kl_cyc_fb,mid,525,Viral,33.6588,0.9232,0.278473
arm_h_kl_cyc_fb,mid,526,Viral,33.0776,0.911761,0.333119
arm_h_kl_cyc_fb,mid,527,Viral,33.0682,0.906393,0.35987
arm_h_kl_cyc_fb,mid,528,Viral,32.7933,0.912006,0.313189
arm_h_kl_cyc_fb,mid,529,Viral,31.0822,0.87892,0.336567
arm_h_kl_cyc_fb,mid,530,Viral,32.4448,0.904044,0.345564
arm_h_kl_cyc_fb,mid,531,Viral,32.2027,0.915738,0.288667
arm_h_kl_cyc_fb,mid,532,Viral,32.0092,0.910463,0.323971
arm_h_kl_cyc_fb,mid,533,Viral,31.6531,0.906222,0.285009
arm_h_kl_cyc_fb,mid,534,Viral,30.7848,0.903142,0.333089
arm_h_kl_cyc_fb,mid,535,Viral,31.7277,0.911703,0.285533
arm_h_kl_cyc_fb,mid,536,Viral,33.5671,0.906175,0.334341
arm_h_kl_cyc_fb,mid,537,Viral,32.3117,0.907485,0.336427
arm_h_kl_cyc_fb,mid,538,Viral,33.6344,0.913024,0.362839
arm_h_kl_cyc_fb,mid,539,Viral,32.093,0.91204,0.273754
arm_h_kl_cyc_fb,mid,540,Viral,32.4692,0.907116,0.329797
arm_h_kl_cyc_fb,mid,541,Viral,31.5013,0.902291,0.338454
arm_h_kl_cyc_fb,mid,542,Viral,33.6336,0.921185,0.275327
arm_h_kl_cyc_fb,mid,543,Viral,34.5613,0.921387,0.324201
arm_h_kl_cyc_fb,mid,544,Viral,30.9707,0.900363,0.28208
arm_h_kl_cyc_fb,mid,545,Viral,31.0039,0.907534,0.289351
arm_h_kl_cyc_fb,mid,546,Viral,33.4469,0.913634,0.317123
arm_h_kl_cyc_fb,mid,547,Viral,33.3076,0.912938,0.324355
arm_h_kl_cyc_fb,mid,548,Viral,31.2284,0.902939,0.308193
arm_h_kl_cyc_fb,mid,549,Viral,34.8946,0.908511,0.360547
arm_h_kl_cyc_fb,mid,550,Viral,34.9184,0.910914,0.357183
arm_h_kl_cyc_fb,mid,551,Viral,32.4399,0.909911,0.295723
arm_h_kl_cyc_fb,mid,552,Viral,33.2975,0.925517,0.295713
arm_h_kl_cyc_fb,mid,553,Viral,33.7095,0.911744,0.300235
arm_h_kl_cyc_fb,mid,554,Viral,32.2042,0.913033,0.318461
arm_h_kl_cyc_fb,mid,555,Viral,31.0692,0.90903,0.296714
arm_h_kl_cyc_fb,mid,556,Viral,32.2519,0.900383,0.316643
arm_h_kl_cyc_fb,mid,557,Viral,32.9873,0.900865,0.311261
arm_h_kl_cyc_fb,mid,558,Viral,31.9562,0.906998,0.315954
arm_h_kl_cyc_fb,mid,559,Viral,33.5248,0.9108,0.353799
arm_h_kl_cyc_fb,mid,560,Viral,33.6286,0.92556,0.28448
arm_h_kl_cyc_fb,mid,561,Viral,31.5269,0.900404,0.313733
arm_h_kl_cyc_fb,mid,562,Viral,32.2474,0.908081,0.322223
arm_h_kl_cyc_fb,mid,563,Viral,32.299,0.905643,0.311043
arm_h_kl_cyc_fb,mid,564,Viral,32.5815,0.913963,0.32084
arm_h_kl_cyc_fb,mid,565,Viral,33.1658,0.914365,0.328038
arm_h_kl_cyc_fb,mid,566,Viral,31.6439,0.908023,0.343855
arm_h_kl_cyc_fb,mid,567,Viral,32.1503,0.917082,0.298586
arm_h_kl_cyc_fb,mid,568,Viral,31.8778,0.903062,0.330701
arm_h_kl_cyc_fb,mid,569,Viral,32.469,0.909733,0.331643
arm_h_kl_cyc_fb,mid,570,Viral,31.5453,0.908286,0.300979
arm_h_kl_cyc_fb,mid,571,Viral,32.8581,0.910945,0.313956
arm_h_kl_cyc_fb,mid,572,Viral,32.0304,0.897582,0.36245
arm_h_kl_cyc_fb,mid,573,Viral,32.4085,0.905295,0.311259
arm_h_kl_cyc_fb,mid,574,Viral,34.2188,0.932155,0.319028
arm_h_kl_cyc_fb,mid,575,Viral,32.8738,0.910397,0.318476
arm_h_kl_cyc_fb,mid,576,Viral,32.1562,0.908763,0.337934
arm_h_kl_cyc_fb,mid,577,Viral,31.5766,0.912352,0.322803
arm_h_kl_cyc_fb,mid,578,Viral,33.5119,0.924282,0.268192
arm_h_kl_cyc_fb,mid,579,Viral,31.8924,0.914115,0.259479
arm_h_kl_cyc_fb,mid,580,Viral,31.7875,0.908708,0.320888
arm_h_kl_cyc_fb,mid,581,Viral,31.8059,0.909388,0.28225
arm_h_kl_cyc_fb,mid,582,Viral,32.4355,0.908634,0.311455
arm_h_kl_cyc_fb,mid,583,Viral,32.9452,0.906151,0.320506
arm_h_kl_cyc_fb,mid,584,Viral,33.69,0.913424,0.319721
arm_h_kl_cyc_fb,mid,585,Viral,33.5133,0.92206,0.301813
arm_h_kl_cyc_fb,mid,586,Viral,33.0553,0.901056,0.323518
arm_h_kl_cyc_fb,mid,587,Viral,33.3074,0.896583,0.341031
arm_h_kl_cyc_fb,mid,588,Viral,31.9579,0.896891,0.344555
arm_h_kl_cyc_fb,mid,589,Viral,29.8166,0.885988,0.260208
arm_h_kl_cyc_fb,mid,590,Viral,31.5799,0.906341,0.311274
arm_h_kl_cyc_fb,mid,591,Viral,31.2014,0.908459,0.289419
arm_h_kl_cyc_fb,mid,592,Viral,31.2893,0.909187,0.281318
arm_h_kl_cyc_fb,mid,593,Viral,33.5514,0.887018,0.336446
arm_h_kl_cyc_fb,mid,594,Viral,33.5241,0.918315,0.329529
arm_h_kl_cyc_fb,mid,595,Viral,33.5285,0.913295,0.292831
arm_h_kl_cyc_fb,mid,596,Viral,33.0199,0.915165,0.339137
arm_h_kl_cyc_fb,mid,597,Viral,32.9556,0.918474,0.285051
arm_h_kl_cyc_fb,mid,598,Viral,31.3358,0.90394,0.335287
arm_h_kl_cyc_fb,mid,599,Viral,31.2663,0.908879,0.285733
arm_h_kl_cyc_fb,mid,600,Viral,32.5773,0.901931,0.352457
arm_h_kl_cyc_fb,mid,601,Viral,33.083,0.916949,0.324644
arm_h_kl_cyc_fb,mid,602,Viral,31.677,0.906835,0.322735
arm_h_kl_cyc_fb,mid,603,Viral,31.6287,0.91813,0.279973
arm_h_kl_cyc_fb,mid,604,Viral,32.1841,0.91575,0.297902
arm_h_kl_cyc_fb,mid,605,Viral,33.5863,0.916905,0.311039
arm_h_kl_cyc_fb,mid,606,Viral,32.9768,0.914786,0.320992
arm_h_kl_cyc_fb,mid,607,Viral,33.0071,0.915144,0.326048
arm_h_kl_cyc_fb,mid,608,Viral,33.6596,0.920361,0.319356
arm_h_kl_cyc_fb,mid,609,Viral,33.4569,0.923151,0.327398
arm_h_kl_cyc_fb,mid,610,Viral,33.7607,0.919936,0.310153
arm_h_kl_cyc_fb,mid,611,Viral,31.4399,0.907607,0.315337
arm_h_kl_cyc_fb,mid,612,Viral,30.8665,0.897581,0.34396
arm_h_kl_cyc_fb,mid,613,Viral,32.0489,0.910574,0.327251
arm_h_kl_cyc_fb,mid,614,Viral,33.3433,0.921793,0.297468
arm_h_kl_cyc_fb,mid,615,Viral,33.4519,0.90506,0.31781
arm_h_kl_cyc_fb,mid,616,Viral,33.0977,0.911838,0.305326
arm_h_kl_cyc_fb,mid,617,Viral,32.5431,0.90498,0.357017
arm_h_kl_cyc_fb,mid,618,Viral,31.7962,0.904986,0.330896
arm_h_kl_cyc_fb,mid,619,Viral,32.3453,0.910833,0.294744
arm_h_kl_cyc_fb,mid,620,Viral,31.7306,0.912489,0.301364
arm_h_kl_cyc_fb,mid,621,Viral,34.8412,0.926398,0.350582
arm_h_kl_cyc_fb,mid,622,Viral,32.6038,0.90725,0.327014
arm_h_kl_cyc_fb,mid,623,Viral,33.1332,0.919339,0.278872
arm_i_l1,mid,0,Normal,33.3719,0.930972,0.186721
arm_i_l1,mid,1,Normal,32.1604,0.912309,0.2271
arm_i_l1,mid,2,Normal,33.0953,0.928865,0.193338
arm_i_l1,mid,3,Normal,34.0857,0.94448,0.163187
arm_i_l1,mid,4,Normal,32.8757,0.911707,0.241991
arm_i_l1,mid,5,Normal,34.469,0.942398,0.189706
arm_i_l1,mid,6,Normal,33.7947,0.933345,0.231577
arm_i_l1,mid,7,Normal,34.1956,0.94008,0.202474
arm_i_l1,mid,8,Normal,32.5689,0.935973,0.178808
arm_i_l1,mid,9,Normal,32.6412,0.929249,0.21287
arm_i_l1,mid,10,Normal,33.5794,0.941212,0.154252
arm_i_l1,mid,11,Normal,33.3413,0.929537,0.219708
arm_i_l1,mid,12,Normal,33.5711,0.922161,0.233154
arm_i_l1,mid,13,Normal,34.6018,0.934033,0.195061
arm_i_l1,mid,14,Normal,33.5463,0.938959,0.168129
arm_i_l1,mid,15,Normal,32.7845,0.917399,0.253804
arm_i_l1,mid,16,Normal,34.2553,0.937354,0.213329
arm_i_l1,mid,17,Normal,33.751,0.927741,0.19855
arm_i_l1,mid,18,Normal,33.2762,0.929323,0.174543
arm_i_l1,mid,19,Normal,34.2572,0.940284,0.190928
arm_i_l1,mid,20,Normal,35.3411,0.9496,0.152494
arm_i_l1,mid,21,Normal,33.9855,0.938889,0.182621
arm_i_l1,mid,22,Normal,34.2269,0.932122,0.21657
arm_i_l1,mid,23,Normal,31.8566,0.893394,0.30831
arm_i_l1,mid,24,Normal,33.1768,0.92915,0.213116
arm_i_l1,mid,25,Normal,33.9504,0.93801,0.167132
arm_i_l1,mid,26,Normal,32.0806,0.921774,0.193548
arm_i_l1,mid,27,Normal,32.1153,0.917788,0.223285
arm_i_l1,mid,28,Normal,34.0841,0.937742,0.197467
arm_i_l1,mid,29,Normal,33.2681,0.927945,0.23825
arm_i_l1,mid,30,Normal,32.2135,0.909792,0.229847
arm_i_l1,mid,31,Normal,33.3088,0.932799,0.184884
arm_i_l1,mid,32,Normal,32.2946,0.92189,0.212853
arm_i_l1,mid,33,Normal,31.6202,0.907234,0.244375
arm_i_l1,mid,34,Normal,32.0211,0.922446,0.18531
arm_i_l1,mid,35,Normal,33.7382,0.935307,0.180493
arm_i_l1,mid,36,Normal,34.7069,0.947315,0.148894
arm_i_l1,mid,37,Normal,34.6851,0.940976,0.23433
arm_i_l1,mid,38,Normal,33.0298,0.934381,0.175754
arm_i_l1,mid,39,Normal,31.601,0.911763,0.20417
arm_i_l1,mid,40,Normal,33.4415,0.932065,0.189158
arm_i_l1,mid,41,Normal,34.113,0.933804,0.20507
arm_i_l1,mid,42,Normal,31.4601,0.912547,0.220856
arm_i_l1,mid,43,Normal,33.2029,0.925486,0.191363
arm_i_l1,mid,44,Normal,33.042,0.922764,0.198332
arm_i_l1,mid,45,Normal,32.7521,0.928089,0.214088
arm_i_l1,mid,46,Normal,34.879,0.923263,0.235462
arm_i_l1,mid,47,Normal,32.0858,0.923424,0.182338
arm_i_l1,mid,48,Normal,32.7572,0.924785,0.207327
arm_i_l1,mid,49,Normal,32.9808,0.927168,0.190833
arm_i_l1,mid,50,Normal,32.9157,0.932085,0.222857
arm_i_l1,mid,51,Normal,33.7184,0.931421,0.20655
arm_i_l1,mid,52,Normal,33.1924,0.921173,0.224952
arm_i_l1,mid,53,Normal,33.1755,0.934804,0.163828
arm_i_l1,mid,54,Normal,33.5249,0.933006,0.20434
arm_i_l1,mid,55,Normal,34.2049,0.934151,0.196069
arm_i_l1,mid,56,Normal,34.9231,0.947552,0.193598
arm_i_l1,mid,57,Normal,32.709,0.913143,0.238304
arm_i_l1,mid,58,Normal,32.9065,0.932071,0.200773
arm_i_l1,mid,59,Normal,33.4661,0.934005,0.194141
arm_i_l1,mid,60,Normal,33.9203,0.934487,0.201161
arm_i_l1,mid,61,Normal,34.1159,0.942904,0.159887
arm_i_l1,mid,62,Normal,33.0786,0.923758,0.244062
arm_i_l1,mid,63,Normal,32.9659,0.934935,0.177575
arm_i_l1,mid,64,Normal,33.9463,0.932034,0.194941
arm_i_l1,mid,65,Normal,31.8115,0.930056,0.185882
arm_i_l1,mid,66,Normal,31.6249,0.909544,0.239764
arm_i_l1,mid,67,Normal,31.6995,0.913647,0.232749
arm_i_l1,mid,68,Normal,31.3237,0.907799,0.242995
arm_i_l1,mid,69,Normal,32.8527,0.918536,0.229222
arm_i_l1,mid,70,Normal,34.9615,0.943846,0.196044
arm_i_l1,mid,71,Normal,34.3323,0.929565,0.229974
arm_i_l1,mid,72,Normal,34.2339,0.941321,0.199284
arm_i_l1,mid,73,Normal,34.5521,0.941593,0.171157
arm_i_l1,mid,74,Normal,33.7065,0.923813,0.273435
arm_i_l1,mid,75,Normal,32.4498,0.924442,0.205826
arm_i_l1,mid,76,Normal,32.1533,0.909595,0.234646
arm_i_l1,mid,77,Normal,33.184,0.935466,0.157863
arm_i_l1,mid,78,Normal,34.3079,0.9374,0.243868
arm_i_l1,mid,79,Normal,33.1883,0.937071,0.179527
arm_i_l1,mid,80,Normal,34.0942,0.927157,0.239233
arm_i_l1,mid,81,Normal,34.0037,0.939618,0.192955
arm_i_l1,mid,82,Normal,32.2481,0.918617,0.208366
arm_i_l1,mid,83,Normal,32.7473,0.929645,0.20345
arm_i_l1,mid,84,Normal,32.9976,0.936176,0.191829
arm_i_l1,mid,85,Normal,35.2277,0.941311,0.210066
arm_i_l1,mid,86,Normal,33.6769,0.935441,0.1789
arm_i_l1,mid,87,Normal,34.0052,0.935666,0.182705
arm_i_l1,mid,88,Normal,32.4001,0.93171,0.18316
arm_i_l1,mid,89,Normal,33.8994,0.931926,0.22056
arm_i_l1,mid,90,Normal,33.2319,0.933668,0.169389
arm_i_l1,mid,91,Normal,32.3629,0.920938,0.205701
arm_i_l1,mid,92,Normal,34.6021,0.944491,0.183759
arm_i_l1,mid,93,Normal,32.7425,0.925131,0.217821
arm_i_l1,mid,94,Normal,34.0504,0.937687,0.183348
arm_i_l1,mid,95,Normal,32.0462,0.912737,0.224423
arm_i_l1,mid,96,Normal,33.6205,0.934506,0.188391
arm_i_l1,mid,97,Normal,31.915,0.923269,0.224535
arm_i_l1,mid,98,Normal,32.9227,0.934261,0.179039
arm_i_l1,mid,99,Normal,33.6601,0.942859,0.198163
arm_i_l1,mid,100,Normal,34.1164,0.93659,0.197314
arm_i_l1,mid,101,Normal,32.1731,0.926084,0.221777
arm_i_l1,mid,102,Normal,33.7877,0.928529,0.166853
arm_i_l1,mid,103,Normal,33.9737,0.932702,0.201776
arm_i_l1,mid,104,Normal,32.8277,0.928764,0.178286
arm_i_l1,mid,105,Normal,33.2213,0.935948,0.181975
arm_i_l1,mid,106,Normal,34.0439,0.937203,0.165156
arm_i_l1,mid,107,Normal,33.1834,0.930164,0.18617
arm_i_l1,mid,108,Normal,31.8833,0.900953,0.254723
arm_i_l1,mid,109,Normal,32.5122,0.91616,0.222008
arm_i_l1,mid,110,Normal,33.2327,0.92666,0.213082
arm_i_l1,mid,111,Normal,34.2037,0.925958,0.199853
arm_i_l1,mid,112,Normal,31.8912,0.919834,0.206454
arm_i_l1,mid,113,Normal,32.3264,0.911133,0.214091
arm_i_l1,mid,114,Normal,33.167,0.918918,0.222078
arm_i_l1,mid,115,Normal,33.148,0.934237,0.198935
arm_i_l1,mid,116,Normal,32.1245,0.923198,0.18179
arm_i_l1,mid,117,Normal,33.4882,0.932106,0.189485
arm_i_l1,mid,118,Normal,33.4291,0.929834,0.19053
arm_i_l1,mid,119,Normal,35.2106,0.951167,0.164177
arm_i_l1,mid,120,Normal,34.0002,0.948011,0.146395
arm_i_l1,mid,121,Normal,33.863,0.935787,0.16907
arm_i_l1,mid,122,Normal,34.1385,0.94364,0.170133
arm_i_l1,mid,123,Normal,34.3942,0.940398,0.163144
arm_i_l1,mid,124,Normal,33.4168,0.927788,0.207655
arm_i_l1,mid,125,Normal,32.5094,0.923081,0.221548
arm_i_l1,mid,126,Normal,33.4602,0.928416,0.242925
arm_i_l1,mid,127,Normal,32.0496,0.904746,0.258467
arm_i_l1,mid,128,Normal,32.5882,0.926278,0.201333
arm_i_l1,mid,129,Normal,33.567,0.935795,0.172153
arm_i_l1,mid,130,Normal,33.0755,0.933768,0.180079
arm_i_l1,mid,131,Normal,33.1055,0.93408,0.194201
arm_i_l1,mid,132,Normal,32.58,0.930637,0.198157
arm_i_l1,mid,133,Normal,33.1614,0.934264,0.183626
arm_i_l1,mid,134,Normal,34.5276,0.939548,0.180119
arm_i_l1,mid,135,Normal,33.7934,0.931923,0.177886
arm_i_l1,mid,136,Normal,32.963,0.936727,0.174826
arm_i_l1,mid,137,Normal,32.9117,0.93336,0.170745
arm_i_l1,mid,138,Normal,33.8234,0.938104,0.178035
arm_i_l1,mid,139,Normal,32.1228,0.921776,0.209076
arm_i_l1,mid,140,Normal,32.4488,0.91787,0.203282
arm_i_l1,mid,141,Normal,33.4336,0.928556,0.211023
arm_i_l1,mid,142,Normal,31.5421,0.909145,0.235903
arm_i_l1,mid,143,Normal,34.52,0.943644,0.167867
arm_i_l1,mid,144,Normal,33.4447,0.939391,0.174687
arm_i_l1,mid,145,Normal,32.5403,0.93328,0.158161
arm_i_l1,mid,146,Normal,32.0206,0.921084,0.228641
arm_i_l1,mid,147,Normal,32.1983,0.91142,0.242804
arm_i_l1,mid,148,Normal,33.7771,0.933916,0.190725
arm_i_l1,mid,149,Normal,32.7465,0.933395,0.190167
arm_i_l1,mid,150,Normal,32.9611,0.916973,0.236505
arm_i_l1,mid,151,Normal,32.109,0.908394,0.237607
arm_i_l1,mid,152,Normal,31.7034,0.903082,0.225925
arm_i_l1,mid,153,Normal,33.7021,0.935472,0.198304
arm_i_l1,mid,154,Normal,34.9065,0.940182,0.209658
arm_i_l1,mid,155,Normal,32.5265,0.918711,0.211466
arm_i_l1,mid,156,Normal,32.3173,0.913983,0.228035
arm_i_l1,mid,157,Normal,33.8858,0.938215,0.157866
arm_i_l1,mid,158,Normal,33.3865,0.937561,0.160035
arm_i_l1,mid,159,Normal,33.7735,0.932655,0.227277
arm_i_l1,mid,160,Normal,34.3468,0.934947,0.244709
arm_i_l1,mid,161,Normal,33.9407,0.934608,0.181672
arm_i_l1,mid,162,Normal,33.8161,0.936077,0.167724
arm_i_l1,mid,163,Normal,33.812,0.926457,0.189953
arm_i_l1,mid,164,Normal,35.0181,0.944887,0.244651
arm_i_l1,mid,165,Normal,35.0965,0.931287,0.265972
arm_i_l1,mid,166,Normal,35.0565,0.940471,0.166236
arm_i_l1,mid,167,Normal,32.9821,0.915771,0.268137
arm_i_l1,mid,168,Normal,33.0568,0.93852,0.172244
arm_i_l1,mid,169,Normal,30.6348,0.913577,0.203584
arm_i_l1,mid,170,Normal,32.8967,0.918558,0.241033
arm_i_l1,mid,171,Normal,32.8014,0.922319,0.225224
arm_i_l1,mid,172,Normal,33.342,0.924657,0.224515
arm_i_l1,mid,173,Normal,32.5836,0.911582,0.242972
arm_i_l1,mid,174,Normal,34.3427,0.934727,0.206808
arm_i_l1,mid,175,Normal,34.0455,0.935014,0.190763
arm_i_l1,mid,176,Normal,33.8537,0.941935,0.15976
arm_i_l1,mid,177,Normal,32.2029,0.910386,0.221797
arm_i_l1,mid,178,Normal,33.197,0.928633,0.208652
arm_i_l1,mid,179,Normal,31.7777,0.894943,0.273213
arm_i_l1,mid,180,Normal,31.6671,0.914527,0.200623
arm_i_l1,mid,181,Normal,33.8068,0.933955,0.197119
arm_i_l1,mid,182,Normal,34.4281,0.933393,0.213521
arm_i_l1,mid,183,Normal,33.1505,0.929368,0.207772
arm_i_l1,mid,184,Normal,33.5573,0.935328,0.198611
arm_i_l1,mid,185,Normal,33.9939,0.933095,0.192791
arm_i_l1,mid,186,Normal,32.3085,0.919716,0.226833
arm_i_l1,mid,187,Normal,34.2324,0.941903,0.190759
arm_i_l1,mid,188,Normal,34.0429,0.925761,0.232641
arm_i_l1,mid,189,Normal,33.6129,0.922667,0.233725
arm_i_l1,mid,190,Normal,31.7898,0.911703,0.229492
arm_i_l1,mid,191,Normal,34.3433,0.940359,0.168593
arm_i_l1,mid,192,Normal,35.6837,0.944351,0.201746
arm_i_l1,mid,193,Normal,32.5136,0.931031,0.195007
arm_i_l1,mid,194,Normal,32.8359,0.925999,0.208704
arm_i_l1,mid,195,Normal,33.0481,0.92832,0.194992
arm_i_l1,mid,196,Normal,33.4579,0.927193,0.216439
arm_i_l1,mid,197,Normal,33.7209,0.933467,0.18765
arm_i_l1,mid,198,Normal,34.138,0.934449,0.22922
arm_i_l1,mid,199,Normal,32.5372,0.922385,0.190501
arm_i_l1,mid,200,Normal,33.2239,0.933029,0.196669
arm_i_l1,mid,201,Normal,33.0188,0.928925,0.199465
arm_i_l1,mid,202,Normal,32.7295,0.924508,0.224257
arm_i_l1,mid,203,Normal,33.6214,0.938748,0.177078
arm_i_l1,mid,204,Normal,32.8589,0.93545,0.178137
arm_i_l1,mid,205,Normal,34.5437,0.934664,0.19319
arm_i_l1,mid,206,Normal,34.4346,0.933922,0.198402
arm_i_l1,mid,207,Normal,33.778,0.921546,0.204366
arm_i_l1,mid,208,Normal,33.1653,0.933011,0.182926
arm_i_l1,mid,209,Normal,32.4278,0.933784,0.196429
arm_i_l1,mid,210,Normal,32.3188,0.907257,0.262542
arm_i_l1,mid,211,Normal,33.5871,0.938252,0.152217
arm_i_l1,mid,212,Normal,34.3596,0.94092,0.18713
arm_i_l1,mid,213,Normal,34.3692,0.939497,0.188551
arm_i_l1,mid,214,Normal,33.1241,0.927609,0.202171
arm_i_l1,mid,215,Normal,32.5541,0.900528,0.270315
arm_i_l1,mid,216,Normal,32.5528,0.928765,0.197681
arm_i_l1,mid,217,Normal,34.6833,0.935161,0.22265
arm_i_l1,mid,218,Normal,32.6267,0.913306,0.22252
arm_i_l1,mid,219,Normal,33.4882,0.937139,0.170872
arm_i_l1,mid,220,Normal,35.0707,0.934829,0.246827
arm_i_l1,mid,221,Normal,33.7493,0.938469,0.167449
arm_i_l1,mid,222,Normal,33.1803,0.9291,0.180155
arm_i_l1,mid,223,Normal,32.49,0.922182,0.243092
arm_i_l1,mid,224,Normal,34.1651,0.94323,0.148137
arm_i_l1,mid,225,Normal,31.8489,0.898136,0.26301
arm_i_l1,mid,226,Normal,34.1943,0.939596,0.183533
arm_i_l1,mid,227,Normal,32.9084,0.932888,0.181122
arm_i_l1,mid,228,Normal,34.6365,0.935953,0.179435
arm_i_l1,mid,229,Normal,33.4039,0.937615,0.177447
arm_i_l1,mid,230,Normal,33.0417,0.931346,0.201502
arm_i_l1,mid,231,Normal,32.815,0.919521,0.222017
arm_i_l1,mid,232,Normal,34.637,0.940527,0.188678
arm_i_l1,mid,233,Normal,34.0456,0.934837,0.204161
arm_i_l1,mid,234,Bacterial,34.919,0.93155,0.255293
arm_i_l1,mid,235,Bacterial,32.98,0.920089,0.258076
arm_i_l1,mid,236,Bacterial,34.9591,0.934855,0.239508
arm_i_l1,mid,237,Bacterial,34.6419,0.931213,0.243308
arm_i_l1,mid,238,Bacterial,35.0649,0.924537,0.303417
arm_i_l1,mid,239,Bacterial,34.4926,0.937214,0.228359
arm_i_l1,mid,240,Bacterial,34.7856,0.928475,0.253446
arm_i_l1,mid,241,Bacterial,33.8107,0.923163,0.286347
arm_i_l1,mid,242,Bacterial,34.9426,0.931189,0.254718
arm_i_l1,mid,243,Bacterial,33.7895,0.919718,0.268543
arm_i_l1,mid,244,Bacterial,32.5961,0.91608,0.213796
arm_i_l1,mid,245,Bacterial,33.6789,0.936367,0.199067
arm_i_l1,mid,246,Bacterial,34.3068,0.941919,0.224041
arm_i_l1,mid,247,Bacterial,33.8931,0.937027,0.216627
arm_i_l1,mid,248,Bacterial,35.366,0.936031,0.231595
arm_i_l1,mid,249,Bacterial,35.487,0.937423,0.263397
arm_i_l1,mid,250,Bacterial,35.2274,0.923914,0.26093
arm_i_l1,mid,251,Bacterial,32.921,0.92297,0.217152
arm_i_l1,mid,252,Bacterial,35.6213,0.930736,0.257363
arm_i_l1,mid,253,Bacterial,34.5333,0.933978,0.259847
arm_i_l1,mid,254,Bacterial,33.3971,0.921082,0.219961
arm_i_l1,mid,255,Bacterial,33.7556,0.925962,0.250996
arm_i_l1,mid,256,Bacterial,32.8796,0.915246,0.254186
arm_i_l1,mid,257,Bacterial,34.117,0.928773,0.268348
arm_i_l1,mid,258,Bacterial,34.199,0.913785,0.31155
arm_i_l1,mid,259,Bacterial,34.2841,0.923859,0.293124
arm_i_l1,mid,260,Bacterial,34.6539,0.934602,0.249754
arm_i_l1,mid,261,Bacterial,32.6507,0.922538,0.205523
arm_i_l1,mid,262,Bacterial,36.2282,0.938016,0.251603
arm_i_l1,mid,263,Bacterial,35.819,0.939429,0.266614
arm_i_l1,mid,264,Bacterial,35.4736,0.92883,0.259181
arm_i_l1,mid,265,Bacterial,35.5881,0.936678,0.275158
arm_i_l1,mid,266,Bacterial,35.2874,0.929817,0.252787
arm_i_l1,mid,267,Bacterial,33.6877,0.916411,0.28056
arm_i_l1,mid,268,Bacterial,34.6615,0.921611,0.290181
arm_i_l1,mid,269,Bacterial,34.7311,0.933994,0.244689
arm_i_l1,mid,270,Bacterial,35.8122,0.948864,0.219248
arm_i_l1,mid,271,Bacterial,34.8544,0.935535,0.208119
arm_i_l1,mid,272,Bacterial,35.7342,0.936929,0.260922
arm_i_l1,mid,273,Bacterial,35.6376,0.939543,0.235879
arm_i_l1,mid,274,Bacterial,33.7273,0.923577,0.237969
arm_i_l1,mid,275,Bacterial,32.9789,0.918802,0.26374
arm_i_l1,mid,276,Bacterial,32.2805,0.918409,0.190432
arm_i_l1,mid,277,Bacterial,33.7887,0.917619,0.271521
arm_i_l1,mid,278,Bacterial,34.1009,0.921499,0.272
arm_i_l1,mid,279,Bacterial,34.2482,0.928775,0.241912
arm_i_l1,mid,280,Bacterial,35.128,0.925076,0.257272
arm_i_l1,mid,281,Bacterial,34.2437,0.914416,0.29367
arm_i_l1,mid,282,Bacterial,33.1383,0.916583,0.265909
arm_i_l1,mid,283,Bacterial,34.5225,0.926364,0.258126
arm_i_l1,mid,284,Bacterial,32.4049,0.910703,0.320096
arm_i_l1,mid,285,Bacterial,35.4208,0.926634,0.286703
arm_i_l1,mid,286,Bacterial,33.6391,0.931462,0.243145
arm_i_l1,mid,287,Bacterial,33.4791,0.919981,0.284553
arm_i_l1,mid,288,Bacterial,35.0431,0.931231,0.2374
arm_i_l1,mid,289,Bacterial,33.9113,0.919489,0.240655
arm_i_l1,mid,290,Bacterial,35.4034,0.934196,0.275373
arm_i_l1,mid,291,Bacterial,33.8489,0.922926,0.270852
arm_i_l1,mid,292,Bacterial,33.4601,0.921228,0.225406
arm_i_l1,mid,293,Bacterial,35.52,0.93588,0.256043
arm_i_l1,mid,294,Bacterial,34.4766,0.933533,0.250769
arm_i_l1,mid,295,Bacterial,33.5262,0.928658,0.2422
arm_i_l1,mid,296,Bacterial,34.941,0.935808,0.247002
arm_i_l1,mid,297,Bacterial,34.3397,0.933965,0.259474
arm_i_l1,mid,298,Bacterial,32.0313,0.905933,0.270152
arm_i_l1,mid,299,Bacterial,32.4975,0.913876,0.272775
arm_i_l1,mid,300,Bacterial,32.3769,0.916366,0.244953
arm_i_l1,mid,301,Bacterial,32.2275,0.916088,0.216976
arm_i_l1,mid,302,Bacterial,33.9039,0.924843,0.219931
arm_i_l1,mid,303,Bacterial,33.2463,0.932674,0.273325
arm_i_l1,mid,304,Bacterial,34.5122,0.925329,0.273772
arm_i_l1,mid,305,Bacterial,35.3109,0.931532,0.244792
arm_i_l1,mid,306,Bacterial,33.801,0.928109,0.267163
arm_i_l1,mid,307,Bacterial,33.5501,0.928472,0.26224
arm_i_l1,mid,308,Bacterial,33.6012,0.923192,0.252174
arm_i_l1,mid,309,Bacterial,33.9709,0.931857,0.222271
arm_i_l1,mid,310,Bacterial,32.4367,0.922834,0.20008
arm_i_l1,mid,311,Bacterial,33.5962,0.918032,0.253236
arm_i_l1,mid,312,Bacterial,32.7442,0.926958,0.228025
arm_i_l1,mid,313,Bacterial,34.5756,0.921938,0.306474
arm_i_l1,mid,314,Bacterial,33.6559,0.917239,0.242299
arm_i_l1,mid,315,Bacterial,35.7565,0.942755,0.267148
arm_i_l1,mid,316,Bacterial,35.2848,0.933665,0.270102
arm_i_l1,mid,317,Bacterial,35.1902,0.933356,0.285565
arm_i_l1,mid,318,Bacterial,34.9023,0.935625,0.219942
arm_i_l1,mid,319,Bacterial,35.1105,0.932852,0.223184
arm_i_l1,mid,320,Bacterial,35.4672,0.929899,0.246277
arm_i_l1,mid,321,Bacterial,32.2213,0.924643,0.258888
arm_i_l1,mid,322,Bacterial,33.4315,0.924628,0.265713
arm_i_l1,mid,323,Bacterial,33.5592,0.932062,0.229049
arm_i_l1,mid,324,Bacterial,32.7936,0.928152,0.236117
arm_i_l1,mid,325,Bacterial,32.155,0.923476,0.225551
arm_i_l1,mid,326,Bacterial,33.5345,0.926534,0.254994
arm_i_l1,mid,327,Bacterial,34.6939,0.936259,0.236454
arm_i_l1,mid,328,Bacterial,34.9074,0.935598,0.263004
arm_i_l1,mid,329,Bacterial,34.1913,0.935562,0.172337
arm_i_l1,mid,330,Bacterial,36.0345,0.932473,0.239201
arm_i_l1,mid,331,Bacterial,35.2234,0.941483,0.22275
arm_i_l1,mid,332,Bacterial,35.8751,0.94,0.251416
arm_i_l1,mid,333,Bacterial,35.6189,0.943006,0.245733
arm_i_l1,mid,334,Bacterial,35.8042,0.943579,0.243598
arm_i_l1,mid,335,Bacterial,33.1654,0.920462,0.261229
arm_i_l1,mid,336,Bacterial,35.4702,0.937933,0.228375
arm_i_l1,mid,337,Bacterial,34.1954,0.924248,0.243729
arm_i_l1,mid,338,Bacterial,35.2588,0.929209,0.26425
arm_i_l1,mid,339,Bacterial,33.5388,0.927159,0.190042
arm_i_l1,mid,340,Bacterial,35.0763,0.930298,0.248244
arm_i_l1,mid,341,Bacterial,34.5347,0.934196,0.24662
arm_i_l1,mid,342,Bacterial,34.301,0.930493,0.240927
arm_i_l1,mid,343,Bacterial,34.8652,0.929893,0.26146
arm_i_l1,mid,344,Bacterial,35.3395,0.939208,0.261523
arm_i_l1,mid,345,Bacterial,34.1249,0.926606,0.280159
arm_i_l1,mid,346,Bacterial,33.1894,0.9226,0.249012
arm_i_l1,mid,347,Bacterial,34.9099,0.937346,0.25789
arm_i_l1,mid,348,Bacterial,34.2825,0.921936,0.258683
arm_i_l1,mid,349,Bacterial,35.827,0.939743,0.243988
arm_i_l1,mid,350,Bacterial,36.081,0.940745,0.27774
arm_i_l1,mid,351,Bacterial,32.887,0.925769,0.227543
arm_i_l1,mid,352,Bacterial,35.4656,0.939908,0.228428
arm_i_l1,mid,353,Bacterial,34.3614,0.935553,0.226773
arm_i_l1,mid,354,Bacterial,36.0944,0.937684,0.279055
arm_i_l1,mid,355,Bacterial,35.0866,0.932731,0.243218
arm_i_l1,mid,356,Bacterial,34.7373,0.931017,0.233336
arm_i_l1,mid,357,Bacterial,35.137,0.929194,0.264639
arm_i_l1,mid,358,Bacterial,34.9637,0.925342,0.323969
arm_i_l1,mid,359,Bacterial,33.8898,0.929555,0.200468
arm_i_l1,mid,360,Bacterial,34.6045,0.931041,0.253037
arm_i_l1,mid,361,Bacterial,35.3424,0.936043,0.240638
arm_i_l1,mid,362,Bacterial,34.9957,0.937554,0.286554
arm_i_l1,mid,363,Bacterial,33.7669,0.943711,0.225864
arm_i_l1,mid,364,Bacterial,35.8079,0.938771,0.227408
arm_i_l1,mid,365,Bacterial,32.3042,0.925242,0.222454
arm_i_l1,mid,366,Bacterial,35.044,0.936727,0.273036
arm_i_l1,mid,367,Bacterial,33.6166,0.929862,0.207022
arm_i_l1,mid,368,Bacterial,34.1466,0.92187,0.248084
arm_i_l1,mid,369,Bacterial,33.3273,0.925966,0.209386
arm_i_l1,mid,370,Bacterial,32.3943,0.925472,0.195866
arm_i_l1,mid,371,Bacterial,34.8763,0.935356,0.223534
arm_i_l1,mid,372,Bacterial,33.9229,0.91949,0.315581
arm_i_l1,mid,373,Bacterial,34.8718,0.932163,0.24394
arm_i_l1,mid,374,Bacterial,33.7453,0.925588,0.235023
arm_i_l1,mid,375,Bacterial,34.4321,0.930682,0.251102
arm_i_l1,mid,376,Bacterial,32.8245,0.924743,0.265775
arm_i_l1,mid,377,Bacterial,34.2725,0.928941,0.252112
arm_i_l1,mid,378,Bacterial,33.4221,0.923607,0.193043
arm_i_l1,mid,379,Bacterial,34.1674,0.931411,0.254562
arm_i_l1,mid,380,Bacterial,34.9926,0.939494,0.243247
arm_i_l1,mid,381,Bacterial,32.289,0.921827,0.208067
arm_i_l1,mid,382,Bacterial,33.9033,0.924583,0.245277
arm_i_l1,mid,383,Bacterial,32.6781,0.913677,0.233617
arm_i_l1,mid,384,Bacterial,32.1975,0.918779,0.196277
arm_i_l1,mid,385,Bacterial,32.1078,0.919775,0.228396
arm_i_l1,mid,386,Bacterial,34.7403,0.939855,0.224402
arm_i_l1,mid,387,Bacterial,35.1605,0.944694,0.201008
arm_i_l1,mid,388,Bacterial,33.4335,0.936835,0.164907
arm_i_l1,mid,389,Bacterial,32.285,0.918543,0.242333
arm_i_l1,mid,390,Bacterial,34.3451,0.930002,0.227259
arm_i_l1,mid,391,Bacterial,32.5824,0.914355,0.320915
arm_i_l1,mid,392,Bacterial,34.6322,0.931629,0.252893
arm_i_l1,mid,393,Bacterial,34.6796,0.928287,0.279349
arm_i_l1,mid,394,Bacterial,34.8423,0.938147,0.242774
arm_i_l1,mid,395,Bacterial,34.1853,0.929496,0.241329
arm_i_l1,mid,396,Bacterial,32.6953,0.907425,0.255309
arm_i_l1,mid,397,Bacterial,36.1303,0.928293,0.282417
arm_i_l1,mid,398,Bacterial,35.0006,0.923147,0.311487
arm_i_l1,mid,399,Bacterial,33.1379,0.926146,0.259023
arm_i_l1,mid,400,Bacterial,33.9906,0.925683,0.207569
arm_i_l1,mid,401,Bacterial,32.3586,0.912933,0.24578
arm_i_l1,mid,402,Bacterial,35.1725,0.931415,0.263402
arm_i_l1,mid,403,Bacterial,34.2968,0.934191,0.237009
arm_i_l1,mid,404,Bacterial,34.1213,0.919564,0.256083
arm_i_l1,mid,405,Bacterial,33.3828,0.922343,0.270387
arm_i_l1,mid,406,Bacterial,36.1474,0.943477,0.221537
arm_i_l1,mid,407,Bacterial,33.7251,0.929829,0.248527
arm_i_l1,mid,408,Bacterial,34.1119,0.930853,0.231658
arm_i_l1,mid,409,Bacterial,33.1986,0.919172,0.232282
arm_i_l1,mid,410,Bacterial,32.2572,0.916581,0.231658
arm_i_l1,mid,411,Bacterial,33.6739,0.917955,0.262351
arm_i_l1,mid,412,Bacterial,34.7415,0.926963,0.251789
arm_i_l1,mid,413,Bacterial,32.2119,0.909065,0.221593
arm_i_l1,mid,414,Bacterial,35.4991,0.930113,0.263502
arm_i_l1,mid,415,Bacterial,34.3623,0.929338,0.269742
arm_i_l1,mid,416,Bacterial,36.2821,0.941473,0.248772
arm_i_l1,mid,417,Bacterial,34.6431,0.923222,0.241444
arm_i_l1,mid,418,Bacterial,35.6111,0.94159,0.215724
arm_i_l1,mid,419,Bacterial,34.4014,0.937445,0.177772
arm_i_l1,mid,420,Bacterial,34.899,0.942255,0.205766
arm_i_l1,mid,421,Bacterial,34.5266,0.937775,0.204303
arm_i_l1,mid,422,Bacterial,33.6157,0.922656,0.247798
arm_i_l1,mid,423,Bacterial,34.4064,0.937562,0.235872
arm_i_l1,mid,424,Bacterial,34.5871,0.936809,0.237169
arm_i_l1,mid,425,Bacterial,35.2673,0.933645,0.261048
arm_i_l1,mid,426,Bacterial,37.0523,0.940844,0.258686
arm_i_l1,mid,427,Bacterial,36.0762,0.929038,0.313646
arm_i_l1,mid,428,Bacterial,35.3012,0.931401,0.294786
arm_i_l1,mid,429,Bacterial,33.003,0.925921,0.225918
arm_i_l1,mid,430,Bacterial,35.6726,0.939717,0.236729
arm_i_l1,mid,431,Bacterial,35.6618,0.925656,0.279608
arm_i_l1,mid,432,Bacterial,35.2664,0.936613,0.238693
arm_i_l1,mid,433,Bacterial,33.82,0.91933,0.272408
arm_i_l1,mid,434,Bacterial,34.526,0.929418,0.237157
arm_i_l1,mid,435,Bacterial,33.669,0.929229,0.244267
arm_i_l1,mid,436,Bacterial,33.2059,0.928595,0.174629
arm_i_l1,mid,437,Bacterial,35.8874,0.934525,0.214713
arm_i_l1,mid,438,Bacterial,32.8138,0.913137,0.26613
arm_i_l1,mid,439,Bacterial,34.3122,0.923801,0.262016
arm_i_l1,mid,440,Bacterial,33.2628,0.924841,0.244123
arm_i_l1,mid,441,Bacterial,33.0258,0.923231,0.23214
arm_i_l1,mid,442,Bacterial,35.3682,0.935893,0.232913
arm_i_l1,mid,443,Bacterial,35.0491,0.935058,0.248606
arm_i_l1,mid,444,Bacterial,34.4179,0.933092,0.246554
arm_i_l1,mid,445,Bacterial,34.8055,0.928382,0.274333
arm_i_l1,mid,446,Bacterial,34.2566,0.926012,0.279317
arm_i_l1,mid,447,Bacterial,35.6302,0.924391,0.290555
arm_i_l1,mid,448,Bacterial,35.3121,0.936668,0.313282
arm_i_l1,mid,449,Bacterial,33.5186,0.920894,0.240271
arm_i_l1,mid,450,Bacterial,33.5462,0.929127,0.251509
arm_i_l1,mid,451,Bacterial,32.4165,0.916177,0.209939
arm_i_l1,mid,452,Bacterial,33.3349,0.924964,0.262575
arm_i_l1,mid,453,Bacterial,35.3356,0.935992,0.239587
arm_i_l1,mid,454,Bacterial,33.5632,0.932038,0.243427
arm_i_l1,mid,455,Bacterial,35.6227,0.936419,0.263679
arm_i_l1,mid,456,Bacterial,32.1225,0.912803,0.2767
arm_i_l1,mid,457,Bacterial,35.0664,0.930546,0.280554
arm_i_l1,mid,458,Bacterial,35.3009,0.939505,0.247224
arm_i_l1,mid,459,Bacterial,36.0577,0.938296,0.252564
arm_i_l1,mid,460,Bacterial,34.4036,0.933025,0.217565
arm_i_l1,mid,461,Bacterial,34.2817,0.934379,0.203514
arm_i_l1,mid,462,Bacterial,33.3449,0.926605,0.204939
arm_i_l1,mid,463,Bacterial,35.226,0.929461,0.272079
arm_i_l1,mid,464,Bacterial,34.0488,0.927769,0.228072
arm_i_l1,mid,465,Bacterial,35.1477,0.933935,0.257303
arm_i_l1,mid,466,Bacterial,34.2227,0.926109,0.265232
arm_i_l1,mid,467,Bacterial,34.3317,0.919778,0.317943
arm_i_l1,mid,468,Bacterial,34.9633,0.939221,0.19887
arm_i_l1,mid,469,Bacterial,35.5762,0.926521,0.254809
arm_i_l1,mid,470,Bacterial,34.244,0.924907,0.269229
arm_i_l1,mid,471,Bacterial,33.2822,0.920346,0.215981
arm_i_l1,mid,472,Bacterial,33.6947,0.927061,0.199483
arm_i_l1,mid,473,Bacterial,31.5978,0.913603,0.28658
arm_i_l1,mid,474,Bacterial,33.2177,0.931674,0.244507
arm_i_l1,mid,475,Bacterial,32.1345,0.911955,0.233267
arm_i_l1,mid,476,Viral,33.5425,0.93437,0.249302
arm_i_l1,mid,477,Viral,34.0508,0.940501,0.212502
arm_i_l1,mid,478,Viral,34.1014,0.941229,0.219975
arm_i_l1,mid,479,Viral,34.4654,0.928505,0.228624
arm_i_l1,mid,480,Viral,35.5095,0.925897,0.309421
arm_i_l1,mid,481,Viral,33.7772,0.934796,0.262109
arm_i_l1,mid,482,Viral,32.6931,0.911003,0.240751
arm_i_l1,mid,483,Viral,34.3148,0.926339,0.261785
arm_i_l1,mid,484,Viral,33.8903,0.922169,0.298046
arm_i_l1,mid,485,Viral,34.0612,0.928967,0.259282
arm_i_l1,mid,486,Viral,34.6895,0.919499,0.303669
arm_i_l1,mid,487,Viral,34.8924,0.933505,0.23549
arm_i_l1,mid,488,Viral,33.8083,0.937423,0.202521
arm_i_l1,mid,489,Viral,34.606,0.936023,0.234621
arm_i_l1,mid,490,Viral,33.8913,0.923389,0.284053
arm_i_l1,mid,491,Viral,33.8343,0.931481,0.254325
arm_i_l1,mid,492,Viral,33.7767,0.932042,0.241778
arm_i_l1,mid,493,Viral,34.0088,0.933616,0.233485
arm_i_l1,mid,494,Viral,33.9578,0.932453,0.237397
arm_i_l1,mid,495,Viral,33.2559,0.93008,0.221264
arm_i_l1,mid,496,Viral,34.2834,0.925535,0.288942
arm_i_l1,mid,497,Viral,33.7463,0.938313,0.187895
arm_i_l1,mid,498,Viral,34.8618,0.936905,0.244697
arm_i_l1,mid,499,Viral,34.8629,0.925724,0.233823
arm_i_l1,mid,500,Viral,33.5152,0.921594,0.271968
arm_i_l1,mid,501,Viral,32.9128,0.926955,0.201571
arm_i_l1,mid,502,Viral,34.1642,0.936062,0.210167
arm_i_l1,mid,503,Viral,33.3877,0.935566,0.220345
arm_i_l1,mid,504,Viral,33.6712,0.93101,0.243582
arm_i_l1,mid,505,Viral,34.6042,0.935124,0.213172
arm_i_l1,mid,506,Viral,33.7312,0.924238,0.249398
arm_i_l1,mid,507,Viral,32.6294,0.916297,0.244538
arm_i_l1,mid,508,Viral,35.16,0.931457,0.281342
arm_i_l1,mid,509,Viral,33.3982,0.92468,0.22174
arm_i_l1,mid,510,Viral,31.5737,0.919682,0.232451
arm_i_l1,mid,511,Viral,33.7028,0.936103,0.202883
arm_i_l1,mid,512,Viral,35.7149,0.939415,0.235762
arm_i_l1,mid,513,Viral,32.9654,0.928966,0.252858
arm_i_l1,mid,514,Viral,32.721,0.928224,0.204336
arm_i_l1,mid,515,Viral,34.3727,0.93029,0.246315
arm_i_l1,mid,516,Viral,34.7121,0.932643,0.236405
arm_i_l1,mid,517,Viral,33.3007,0.928558,0.238923
arm_i_l1,mid,518,Viral,32.8801,0.922936,0.197589
arm_i_l1,mid,519,Viral,35.1094,0.95169,0.184085
arm_i_l1,mid,520,Viral,34.5942,0.938873,0.242445
arm_i_l1,mid,521,Viral,34.1116,0.937261,0.199237
arm_i_l1,mid,522,Viral,34.8602,0.937638,0.218113
arm_i_l1,mid,523,Viral,35.2082,0.940419,0.257217
arm_i_l1,mid,524,Viral,35.0802,0.937447,0.276076
arm_i_l1,mid,525,Viral,35.1814,0.940421,0.228313
arm_i_l1,mid,526,Viral,34.529,0.927906,0.282697
arm_i_l1,mid,527,Viral,34.1744,0.918968,0.304096
arm_i_l1,mid,528,Viral,34.1673,0.930024,0.241863
arm_i_l1,mid,529,Viral,32.3402,0.902902,0.272672
arm_i_l1,mid,530,Viral,34.4711,0.937172,0.239414
arm_i_l1,mid,531,Viral,34.0619,0.936326,0.211649
arm_i_l1,mid,532,Viral,33.9451,0.93045,0.246669
arm_i_l1,mid,533,Viral,33.5275,0.930432,0.221317
arm_i_l1,mid,534,Viral,32.3494,0.92656,0.247639
arm_i_l1,mid,535,Viral,33.3665,0.930348,0.226823
arm_i_l1,mid,536,Viral,34.813,0.921549,0.290159
arm_i_l1,mid,537,Viral,33.5961,0.923929,0.313335
arm_i_l1,mid,538,Viral,35.1907,0.931216,0.306734
arm_i_l1,mid,539,Viral,34.0329,0.937886,0.187615
arm_i_l1,mid,540,Viral,34.5539,0.936095,0.216282
arm_i_l1,mid,541,Viral,33.6186,0.933702,0.213703
arm_i_l1,mid,542,Viral,35.1493,0.940646,0.216209
arm_i_l1,mid,543,Viral,35.8034,0.932493,0.280704
arm_i_l1,mid,544,Viral,32.9539,0.92698,0.223898
arm_i_l1,mid,545,Viral,33.1886,0.928894,0.226215
arm_i_l1,mid,546,Viral,34.8524,0.929931,0.271694
arm_i_l1,mid,547,Viral,34.6629,0.928765,0.273851
arm_i_l1,mid,548,Viral,33.1347,0.9259,0.239602
arm_i_l1,mid,549,Viral,36.1362,0.928906,0.294203
arm_i_l1,mid,550,Viral,36.1888,0.928711,0.292154
arm_i_l1,mid,551,Viral,33.7291,0.927931,0.25291
arm_i_l1,mid,552,Viral,34.8819,0.93986,0.25256
arm_i_l1,mid,553,Viral,35.1079,0.935459,0.226945
arm_i_l1,mid,554,Viral,33.7308,0.930169,0.252979
arm_i_l1,mid,555,Viral,33.3308,0.935598,0.214516
arm_i_l1,mid,556,Viral,34.1249,0.931988,0.219749
arm_i_l1,mid,557,Viral,34.8011,0.925598,0.240401
arm_i_l1,mid,558,Viral,34.0544,0.934935,0.219556
arm_i_l1,mid,559,Viral,34.9096,0.925949,0.301366
arm_i_l1,mid,560,Viral,35.1108,0.937867,0.237148
arm_i_l1,mid,561,Viral,33.9626,0.93242,0.209295
arm_i_l1,mid,562,Viral,34.3553,0.937042,0.216681
arm_i_l1,mid,563,Viral,34.2275,0.934235,0.213262
arm_i_l1,mid,564,Viral,34.3677,0.938293,0.230232
arm_i_l1,mid,565,Viral,34.9167,0.932408,0.259714
arm_i_l1,mid,566,Viral,33.6075,0.935446,0.228133
arm_i_l1,mid,567,Viral,33.9503,0.940048,0.212842
arm_i_l1,mid,568,Viral,33.8155,0.932046,0.223552
arm_i_l1,mid,569,Viral,33.7585,0.925757,0.291727
arm_i_l1,mid,570,Viral,33.3737,0.933236,0.210599
arm_i_l1,mid,571,Viral,34.5817,0.93501,0.214573
arm_i_l1,mid,572,Viral,33.5012,0.923637,0.257592
arm_i_l1,mid,573,Viral,34.1783,0.934517,0.201217
arm_i_l1,mid,574,Viral,35.4137,0.942785,0.278259
arm_i_l1,mid,575,Viral,34.7884,0.940641,0.206433
arm_i_l1,mid,576,Viral,34.0644,0.932409,0.235611
arm_i_l1,mid,577,Viral,33.193,0.931982,0.253955
arm_i_l1,mid,578,Viral,35.3047,0.943636,0.209824
arm_i_l1,mid,579,Viral,33.4886,0.933821,0.197487
arm_i_l1,mid,580,Viral,33.812,0.939878,0.215165
arm_i_l1,mid,581,Viral,33.764,0.937927,0.196582
arm_i_l1,mid,582,Viral,33.8573,0.926964,0.243509
arm_i_l1,mid,583,Viral,34.3187,0.927494,0.238678
arm_i_l1,mid,584,Viral,35.132,0.928586,0.284
arm_i_l1,mid,585,Viral,35.217,0.941829,0.231643
arm_i_l1,mid,586,Viral,34.2904,0.919831,0.270896
arm_i_l1,mid,587,Viral,35.0999,0.924358,0.243511
arm_i_l1,mid,588,Viral,33.537,0.92276,0.257226
arm_i_l1,mid,589,Viral,31.2337,0.913228,0.202817
arm_i_l1,mid,590,Viral,33.6501,0.929025,0.24128
arm_i_l1,mid,591,Viral,33.0972,0.934592,0.214445
arm_i_l1,mid,592,Viral,33.7549,0.93675,0.180682
arm_i_l1,mid,593,Viral,35.4732,0.9244,0.207985
arm_i_l1,mid,594,Viral,35.3165,0.941425,0.230119
arm_i_l1,mid,595,Viral,34.9865,0.933076,0.234952
arm_i_l1,mid,596,Viral,34.4309,0.932134,0.302205
arm_i_l1,mid,597,Viral,34.2297,0.935988,0.254304
arm_i_l1,mid,598,Viral,32.7831,0.926931,0.263163
arm_i_l1,mid,599,Viral,33.1834,0.931365,0.200671
arm_i_l1,mid,600,Viral,34.1449,0.928664,0.235694
arm_i_l1,mid,601,Viral,34.8747,0.939561,0.233309
arm_i_l1,mid,602,Viral,33.4702,0.930951,0.235054
arm_i_l1,mid,603,Viral,33.6001,0.935172,0.228868
arm_i_l1,mid,604,Viral,34.0932,0.938594,0.207262
arm_i_l1,mid,605,Viral,34.7856,0.933777,0.244771
arm_i_l1,mid,606,Viral,34.6314,0.936121,0.255179
arm_i_l1,mid,607,Viral,34.7746,0.940038,0.225866
arm_i_l1,mid,608,Viral,35.116,0.933425,0.263089
arm_i_l1,mid,609,Viral,35.0509,0.938968,0.247839
arm_i_l1,mid,610,Viral,35.403,0.938933,0.242081
arm_i_l1,mid,611,Viral,33.1547,0.931645,0.224946
arm_i_l1,mid,612,Viral,33.1014,0.929909,0.216404
arm_i_l1,mid,613,Viral,34.0393,0.936092,0.226618
arm_i_l1,mid,614,Viral,34.7034,0.935215,0.268981
arm_i_l1,mid,615,Viral,35.0795,0.931177,0.245944
arm_i_l1,mid,616,Viral,35.0544,0.936763,0.226617
arm_i_l1,mid,617,Viral,34.2048,0.931327,0.254129
arm_i_l1,mid,618,Viral,33.5796,0.929119,0.23414
arm_i_l1,mid,619,Viral,33.8925,0.931846,0.232047
arm_i_l1,mid,620,Viral,33.7636,0.936742,0.211592
arm_i_l1,mid,621,Viral,36.2304,0.94039,0.293475
arm_i_l1,mid,622,Viral,34.2941,0.934572,0.232913
arm_i_l1,mid,623,Viral,34.3629,0.933182,0.234762
arm_j_l1_ssim_ffl,mid,0,Normal,33.2766,0.932759,0.185486
arm_j_l1_ssim_ffl,mid,1,Normal,32.0729,0.914717,0.224025
arm_j_l1_ssim_ffl,mid,2,Normal,32.9649,0.928723,0.192058
arm_j_l1_ssim_ffl,mid,3,Normal,33.7935,0.943654,0.16465
arm_j_l1_ssim_ffl,mid,4,Normal,32.7819,0.913814,0.243396
arm_j_l1_ssim_ffl,mid,5,Normal,34.2531,0.942792,0.188278
arm_j_l1_ssim_ffl,mid,6,Normal,33.7063,0.934525,0.232118
arm_j_l1_ssim_ffl,mid,7,Normal,34.1288,0.941732,0.196525
arm_j_l1_ssim_ffl,mid,8,Normal,32.4415,0.937252,0.179032
arm_j_l1_ssim_ffl,mid,9,Normal,32.5689,0.930041,0.209304
arm_j_l1_ssim_ffl,mid,10,Normal,33.2987,0.940188,0.158605
arm_j_l1_ssim_ffl,mid,11,Normal,33.192,0.93087,0.219809
arm_j_l1_ssim_ffl,mid,12,Normal,33.4208,0.9227,0.234597
arm_j_l1_ssim_ffl,mid,13,Normal,34.5009,0.935204,0.200278
arm_j_l1_ssim_ffl,mid,14,Normal,33.2966,0.945111,0.160413
arm_j_l1_ssim_ffl,mid,15,Normal,32.6581,0.918429,0.25306
arm_j_l1_ssim_ffl,mid,16,Normal,34.0052,0.937357,0.202629
arm_j_l1_ssim_ffl,mid,17,Normal,33.5586,0.927824,0.204862
arm_j_l1_ssim_ffl,mid,18,Normal,33.1858,0.930271,0.172746
arm_j_l1_ssim_ffl,mid,19,Normal,34.0929,0.940429,0.191411
arm_j_l1_ssim_ffl,mid,20,Normal,35.1086,0.948304,0.154692
arm_j_l1_ssim_ffl,mid,21,Normal,33.9166,0.940413,0.184325
arm_j_l1_ssim_ffl,mid,22,Normal,34.0377,0.932756,0.214054
arm_j_l1_ssim_ffl,mid,23,Normal,31.9102,0.898052,0.312906
arm_j_l1_ssim_ffl,mid,24,Normal,33.0382,0.929074,0.209417
arm_j_l1_ssim_ffl,mid,25,Normal,33.6825,0.937375,0.171918
arm_j_l1_ssim_ffl,mid,26,Normal,31.9696,0.922844,0.191867
arm_j_l1_ssim_ffl,mid,27,Normal,32.1032,0.918852,0.223313
arm_j_l1_ssim_ffl,mid,28,Normal,33.9653,0.938539,0.196441
arm_j_l1_ssim_ffl,mid,29,Normal,33.2267,0.931195,0.234741
arm_j_l1_ssim_ffl,mid,30,Normal,32.1842,0.912123,0.22637
arm_j_l1_ssim_ffl,mid,31,Normal,33.1879,0.932635,0.186013
arm_j_l1_ssim_ffl,mid,32,Normal,32.2244,0.923614,0.209788
arm_j_l1_ssim_ffl,mid,33,Normal,31.5552,0.908011,0.239657
arm_j_l1_ssim_ffl,mid,34,Normal,31.8754,0.922462,0.188156
arm_j_l1_ssim_ffl,mid,35,Normal,33.6314,0.937069,0.181458
arm_j_l1_ssim_ffl,mid,36,Normal,34.3429,0.947118,0.142848
arm_j_l1_ssim_ffl,mid,37,Normal,34.5921,0.943514,0.22772
arm_j_l1_ssim_ffl,mid,38,Normal,32.8689,0.934549,0.17636
arm_j_l1_ssim_ffl,mid,39,Normal,31.4179,0.914422,0.203944
arm_j_l1_ssim_ffl,mid,40,Normal,33.2459,0.932399,0.18925
arm_j_l1_ssim_ffl,mid,41,Normal,33.9942,0.933962,0.20798
arm_j_l1_ssim_ffl,mid,42,Normal,31.1705,0.913505,0.216671
arm_j_l1_ssim_ffl,mid,43,Normal,33.0212,0.923909,0.194515
arm_j_l1_ssim_ffl,mid,44,Normal,32.905,0.924037,0.198225
arm_j_l1_ssim_ffl,mid,45,Normal,32.6621,0.92961,0.211663
arm_j_l1_ssim_ffl,mid,46,Normal,34.8356,0.925186,0.235215
arm_j_l1_ssim_ffl,mid,47,Normal,31.9727,0.923178,0.182902
arm_j_l1_ssim_ffl,mid,48,Normal,32.39,0.926549,0.205721
arm_j_l1_ssim_ffl,mid,49,Normal,32.8234,0.926596,0.192846
arm_j_l1_ssim_ffl,mid,50,Normal,32.8048,0.932861,0.219414
arm_j_l1_ssim_ffl,mid,51,Normal,33.6472,0.931788,0.210528
arm_j_l1_ssim_ffl,mid,52,Normal,33.1714,0.922647,0.22085
arm_j_l1_ssim_ffl,mid,53,Normal,33.0043,0.934946,0.163458
arm_j_l1_ssim_ffl,mid,54,Normal,33.3832,0.934808,0.206529
arm_j_l1_ssim_ffl,mid,55,Normal,34.0961,0.935778,0.194186
arm_j_l1_ssim_ffl,mid,56,Normal,34.6986,0.946467,0.19589
arm_j_l1_ssim_ffl,mid,57,Normal,32.5462,0.914019,0.232243
arm_j_l1_ssim_ffl,mid,58,Normal,32.8088,0.933438,0.200134
arm_j_l1_ssim_ffl,mid,59,Normal,33.3965,0.934962,0.193659
arm_j_l1_ssim_ffl,mid,60,Normal,33.7004,0.935051,0.204315
arm_j_l1_ssim_ffl,mid,61,Normal,33.9787,0.943204,0.157786
arm_j_l1_ssim_ffl,mid,62,Normal,33.0184,0.925991,0.240352
arm_j_l1_ssim_ffl,mid,63,Normal,32.9016,0.936308,0.177225
arm_j_l1_ssim_ffl,mid,64,Normal,33.7058,0.931814,0.194292
arm_j_l1_ssim_ffl,mid,65,Normal,31.7162,0.929522,0.188081
arm_j_l1_ssim_ffl,mid,66,Normal,31.5741,0.911926,0.234766
arm_j_l1_ssim_ffl,mid,67,Normal,31.5319,0.917544,0.225905
arm_j_l1_ssim_ffl,mid,68,Normal,31.2192,0.909735,0.238972
arm_j_l1_ssim_ffl,mid,69,Normal,32.7638,0.920981,0.230867
arm_j_l1_ssim_ffl,mid,70,Normal,34.7552,0.94406,0.193453
arm_j_l1_ssim_ffl,mid,71,Normal,34.1566,0.929704,0.230348
arm_j_l1_ssim_ffl,mid,72,Normal,34.0993,0.942509,0.19634
arm_j_l1_ssim_ffl,mid,73,Normal,34.4094,0.94127,0.17697
arm_j_l1_ssim_ffl,mid,74,Normal,33.5919,0.924712,0.267236
arm_j_l1_ssim_ffl,mid,75,Normal,32.4598,0.927843,0.203854
arm_j_l1_ssim_ffl,mid,76,Normal,32.0453,0.912728,0.227906
arm_j_l1_ssim_ffl,mid,77,Normal,33.0282,0.935465,0.159897
arm_j_l1_ssim_ffl,mid,78,Normal,34.1874,0.938199,0.240607
arm_j_l1_ssim_ffl,mid,79,Normal,33.0352,0.937648,0.177598
arm_j_l1_ssim_ffl,mid,80,Normal,33.9077,0.927836,0.240776
arm_j_l1_ssim_ffl,mid,81,Normal,33.8962,0.94034,0.191737
arm_j_l1_ssim_ffl,mid,82,Normal,31.9772,0.92023,0.206036
arm_j_l1_ssim_ffl,mid,83,Normal,32.5577,0.929308,0.20194
arm_j_l1_ssim_ffl,mid,84,Normal,32.8132,0.936619,0.187794
arm_j_l1_ssim_ffl,mid,85,Normal,35.195,0.942331,0.208621
arm_j_l1_ssim_ffl,mid,86,Normal,33.4246,0.935586,0.17911
arm_j_l1_ssim_ffl,mid,87,Normal,33.8851,0.937077,0.184387
arm_j_l1_ssim_ffl,mid,88,Normal,32.093,0.931655,0.191353
arm_j_l1_ssim_ffl,mid,89,Normal,33.7218,0.933058,0.217141
arm_j_l1_ssim_ffl,mid,90,Normal,33.1237,0.934986,0.170538
arm_j_l1_ssim_ffl,mid,91,Normal,32.301,0.923301,0.203887
arm_j_l1_ssim_ffl,mid,92,Normal,34.5004,0.945968,0.17916
arm_j_l1_ssim_ffl,mid,93,Normal,32.5503,0.925634,0.219349
arm_j_l1_ssim_ffl,mid,94,Normal,33.9468,0.937625,0.179714
arm_j_l1_ssim_ffl,mid,95,Normal,31.9254,0.913817,0.223443
arm_j_l1_ssim_ffl,mid,96,Normal,33.484,0.934053,0.188366
arm_j_l1_ssim_ffl,mid,97,Normal,31.8532,0.925223,0.221574
arm_j_l1_ssim_ffl,mid,98,Normal,32.7664,0.933958,0.177288
arm_j_l1_ssim_ffl,mid,99,Normal,33.5283,0.943483,0.198982
arm_j_l1_ssim_ffl,mid,100,Normal,33.9735,0.936281,0.197684
arm_j_l1_ssim_ffl,mid,101,Normal,32.0625,0.92672,0.218879
arm_j_l1_ssim_ffl,mid,102,Normal,33.7084,0.929907,0.165395
arm_j_l1_ssim_ffl,mid,103,Normal,33.8415,0.93376,0.20122
arm_j_l1_ssim_ffl,mid,104,Normal,32.7214,0.929794,0.176711
arm_j_l1_ssim_ffl,mid,105,Normal,32.8315,0.9355,0.188157
arm_j_l1_ssim_ffl,mid,106,Normal,33.9436,0.938134,0.166325
arm_j_l1_ssim_ffl,mid,107,Normal,33.1039,0.932366,0.181936
arm_j_l1_ssim_ffl,mid,108,Normal,31.7992,0.905269,0.252064
arm_j_l1_ssim_ffl,mid,109,Normal,32.4556,0.918896,0.223284
arm_j_l1_ssim_ffl,mid,110,Normal,33.1223,0.928698,0.203628
arm_j_l1_ssim_ffl,mid,111,Normal,34.1317,0.925835,0.197813
arm_j_l1_ssim_ffl,mid,112,Normal,31.2975,0.919095,0.211762
arm_j_l1_ssim_ffl,mid,113,Normal,32.1674,0.91217,0.215531
arm_j_l1_ssim_ffl,mid,114,Normal,33.0793,0.92166,0.219289
arm_j_l1_ssim_ffl,mid,115,Normal,32.9401,0.934563,0.19942
arm_j_l1_ssim_ffl,mid,116,Normal,32.1631,0.925383,0.177931
arm_j_l1_ssim_ffl,mid,117,Normal,33.1029,0.933002,0.189284
arm_j_l1_ssim_ffl,mid,118,Normal,33.3043,0.930659,0.189473
arm_j_l1_ssim_ffl,mid,119,Normal,35.048,0.951492,0.164006
arm_j_l1_ssim_ffl,mid,120,Normal,33.542,0.9477,0.142496
arm_j_l1_ssim_ffl,mid,121,Normal,33.7639,0.936383,0.169892
arm_j_l1_ssim_ffl,mid,122,Normal,34.0433,0.944719,0.174038
arm_j_l1_ssim_ffl,mid,123,Normal,34.2268,0.940205,0.163745
arm_j_l1_ssim_ffl,mid,124,Normal,33.3555,0.930301,0.206796
arm_j_l1_ssim_ffl,mid,125,Normal,32.4085,0.923692,0.218565
arm_j_l1_ssim_ffl,mid,126,Normal,33.4779,0.931786,0.240445
arm_j_l1_ssim_ffl,mid,127,Normal,31.9032,0.907603,0.248257
arm_j_l1_ssim_ffl,mid,128,Normal,32.3887,0.925353,0.20189
arm_j_l1_ssim_ffl,mid,129,Normal,33.4053,0.936333,0.17424
arm_j_l1_ssim_ffl,mid,130,Normal,32.9471,0.933909,0.186759
arm_j_l1_ssim_ffl,mid,131,Normal,32.8779,0.933273,0.192581
arm_j_l1_ssim_ffl,mid,132,Normal,32.4423,0.930845,0.19715
arm_j_l1_ssim_ffl,mid,133,Normal,33.0007,0.934139,0.18608
arm_j_l1_ssim_ffl,mid,134,Normal,34.3262,0.938847,0.184853
arm_j_l1_ssim_ffl,mid,135,Normal,33.7377,0.933527,0.179952
arm_j_l1_ssim_ffl,mid,136,Normal,32.8826,0.937255,0.17357
arm_j_l1_ssim_ffl,mid,137,Normal,32.7821,0.933021,0.169405
arm_j_l1_ssim_ffl,mid,138,Normal,33.5153,0.936687,0.180982
arm_j_l1_ssim_ffl,mid,139,Normal,32.0411,0.922564,0.207251
arm_j_l1_ssim_ffl,mid,140,Normal,32.4047,0.919768,0.199714
arm_j_l1_ssim_ffl,mid,141,Normal,33.3166,0.930648,0.216075
arm_j_l1_ssim_ffl,mid,142,Normal,31.5417,0.912152,0.228244
arm_j_l1_ssim_ffl,mid,143,Normal,34.4107,0.944191,0.168081
arm_j_l1_ssim_ffl,mid,144,Normal,33.3367,0.94057,0.179468
arm_j_l1_ssim_ffl,mid,145,Normal,32.1944,0.93324,0.159498
arm_j_l1_ssim_ffl,mid,146,Normal,31.8824,0.921111,0.230255
arm_j_l1_ssim_ffl,mid,147,Normal,32.1156,0.914596,0.240336
arm_j_l1_ssim_ffl,mid,148,Normal,33.357,0.933432,0.193868
arm_j_l1_ssim_ffl,mid,149,Normal,32.6264,0.933831,0.191091
arm_j_l1_ssim_ffl,mid,150,Normal,32.74,0.917697,0.235915
arm_j_l1_ssim_ffl,mid,151,Normal,31.9505,0.910153,0.235475
arm_j_l1_ssim_ffl,mid,152,Normal,31.6371,0.905755,0.224949
arm_j_l1_ssim_ffl,mid,153,Normal,33.4392,0.935215,0.193215
arm_j_l1_ssim_ffl,mid,154,Normal,34.7398,0.941438,0.207189
arm_j_l1_ssim_ffl,mid,155,Normal,32.507,0.921956,0.204896
arm_j_l1_ssim_ffl,mid,156,Normal,32.1565,0.915336,0.226686
arm_j_l1_ssim_ffl,mid,157,Normal,33.7307,0.93774,0.158704
arm_j_l1_ssim_ffl,mid,158,Normal,33.2513,0.938134,0.16694
arm_j_l1_ssim_ffl,mid,159,Normal,33.5939,0.932039,0.222679
arm_j_l1_ssim_ffl,mid,160,Normal,34.2483,0.937022,0.239821
arm_j_l1_ssim_ffl,mid,161,Normal,33.7968,0.934731,0.182944
arm_j_l1_ssim_ffl,mid,162,Normal,33.5107,0.936602,0.172136
arm_j_l1_ssim_ffl,mid,163,Normal,33.6538,0.926489,0.192547
arm_j_l1_ssim_ffl,mid,164,Normal,35.1559,0.946914,0.241954
arm_j_l1_ssim_ffl,mid,165,Normal,34.9965,0.934161,0.255407
arm_j_l1_ssim_ffl,mid,166,Normal,34.9375,0.940038,0.169226
arm_j_l1_ssim_ffl,mid,167,Normal,32.9029,0.919247,0.266073
arm_j_l1_ssim_ffl,mid,168,Normal,32.8172,0.938042,0.172207
arm_j_l1_ssim_ffl,mid,169,Normal,30.6294,0.915511,0.200511
arm_j_l1_ssim_ffl,mid,170,Normal,32.6414,0.919114,0.2427
arm_j_l1_ssim_ffl,mid,171,Normal,32.6444,0.924374,0.229341
arm_j_l1_ssim_ffl,mid,172,Normal,33.2624,0.926483,0.224681
arm_j_l1_ssim_ffl,mid,173,Normal,32.5154,0.913639,0.240489
arm_j_l1_ssim_ffl,mid,174,Normal,34.222,0.937054,0.207242
arm_j_l1_ssim_ffl,mid,175,Normal,33.8241,0.933037,0.187813
arm_j_l1_ssim_ffl,mid,176,Normal,33.677,0.941754,0.160444
arm_j_l1_ssim_ffl,mid,177,Normal,32.1185,0.913724,0.215613
arm_j_l1_ssim_ffl,mid,178,Normal,33.0223,0.927443,0.210964
arm_j_l1_ssim_ffl,mid,179,Normal,31.8121,0.899614,0.259609
arm_j_l1_ssim_ffl,mid,180,Normal,31.1715,0.915649,0.20051
arm_j_l1_ssim_ffl,mid,181,Normal,33.5215,0.934209,0.197165
arm_j_l1_ssim_ffl,mid,182,Normal,34.2791,0.934348,0.212491
arm_j_l1_ssim_ffl,mid,183,Normal,32.9864,0.930661,0.208064
arm_j_l1_ssim_ffl,mid,184,Normal,33.4235,0.936308,0.198292
arm_j_l1_ssim_ffl,mid,185,Normal,33.7881,0.932766,0.192275
arm_j_l1_ssim_ffl,mid,186,Normal,32.0468,0.919599,0.229588
arm_j_l1_ssim_ffl,mid,187,Normal,33.968,0.940555,0.199579
arm_j_l1_ssim_ffl,mid,188,Normal,33.8859,0.926749,0.235012
arm_j_l1_ssim_ffl,mid,189,Normal,33.4797,0.923121,0.234065
arm_j_l1_ssim_ffl,mid,190,Normal,31.7248,0.913078,0.225142
arm_j_l1_ssim_ffl,mid,191,Normal,34.2114,0.940177,0.170898
arm_j_l1_ssim_ffl,mid,192,Normal,35.3227,0.942909,0.203406
arm_j_l1_ssim_ffl,mid,193,Normal,32.4197,0.931036,0.195715
arm_j_l1_ssim_ffl,mid,194,Normal,32.736,0.927719,0.205623
arm_j_l1_ssim_ffl,mid,195,Normal,32.8872,0.929029,0.192794
arm_j_l1_ssim_ffl,mid,196,Normal,33.2949,0.928029,0.21694
arm_j_l1_ssim_ffl,mid,197,Normal,33.5043,0.933769,0.187406
arm_j_l1_ssim_ffl,mid,198,Normal,34.0338,0.935467,0.221944
arm_j_l1_ssim_ffl,mid,199,Normal,32.3563,0.922786,0.190264
arm_j_l1_ssim_ffl,mid,200,Normal,33.0744,0.93304,0.198233
arm_j_l1_ssim_ffl,mid,201,Normal,32.9283,0.930234,0.195982
arm_j_l1_ssim_ffl,mid,202,Normal,32.5482,0.92559,0.222135
arm_j_l1_ssim_ffl,mid,203,Normal,33.4036,0.938441,0.178451
arm_j_l1_ssim_ffl,mid,204,Normal,32.7093,0.936015,0.177307
arm_j_l1_ssim_ffl,mid,205,Normal,34.2782,0.934856,0.1939
arm_j_l1_ssim_ffl,mid,206,Normal,33.8615,0.934994,0.196411
arm_j_l1_ssim_ffl,mid,207,Normal,33.7255,0.924291,0.203729
arm_j_l1_ssim_ffl,mid,208,Normal,33.0495,0.933703,0.185395
arm_j_l1_ssim_ffl,mid,209,Normal,32.3022,0.934204,0.193603
arm_j_l1_ssim_ffl,mid,210,Normal,32.1888,0.90919,0.265097
arm_j_l1_ssim_ffl,mid,211,Normal,33.3765,0.93673,0.156085
arm_j_l1_ssim_ffl,mid,212,Normal,34.2266,0.941307,0.175027
arm_j_l1_ssim_ffl,mid,213,Normal,34.1967,0.939682,0.186885
arm_j_l1_ssim_ffl,mid,214,Normal,33.0573,0.927905,0.20734
arm_j_l1_ssim_ffl,mid,215,Normal,32.5374,0.904021,0.261322
arm_j_l1_ssim_ffl,mid,216,Normal,32.4564,0.929146,0.197015
arm_j_l1_ssim_ffl,mid,217,Normal,34.4861,0.934269,0.227927
arm_j_l1_ssim_ffl,mid,218,Normal,32.4792,0.914519,0.222289
arm_j_l1_ssim_ffl,mid,219,Normal,33.3637,0.93819,0.171127
arm_j_l1_ssim_ffl,mid,220,Normal,34.9933,0.935425,0.248778
arm_j_l1_ssim_ffl,mid,221,Normal,33.5757,0.938129,0.168774
arm_j_l1_ssim_ffl,mid,222,Normal,33.1122,0.931562,0.177704
arm_j_l1_ssim_ffl,mid,223,Normal,32.4128,0.92431,0.235501
arm_j_l1_ssim_ffl,mid,224,Normal,34.0062,0.942966,0.15289
arm_j_l1_ssim_ffl,mid,225,Normal,31.7899,0.901221,0.261632
arm_j_l1_ssim_ffl,mid,226,Normal,34.098,0.939891,0.183622
arm_j_l1_ssim_ffl,mid,227,Normal,32.6531,0.93234,0.185998
arm_j_l1_ssim_ffl,mid,228,Normal,34.474,0.935908,0.181288
arm_j_l1_ssim_ffl,mid,229,Normal,33.2773,0.938135,0.176933
arm_j_l1_ssim_ffl,mid,230,Normal,32.8755,0.932818,0.196445
arm_j_l1_ssim_ffl,mid,231,Normal,32.7349,0.921919,0.216683
arm_j_l1_ssim_ffl,mid,232,Normal,34.449,0.940886,0.189553
arm_j_l1_ssim_ffl,mid,233,Normal,33.757,0.933992,0.210583
arm_j_l1_ssim_ffl,mid,234,Bacterial,34.7161,0.934076,0.244325
arm_j_l1_ssim_ffl,mid,235,Bacterial,32.8506,0.922448,0.260543
arm_j_l1_ssim_ffl,mid,236,Bacterial,34.9136,0.936049,0.239148
arm_j_l1_ssim_ffl,mid,237,Bacterial,34.5125,0.931441,0.239414
arm_j_l1_ssim_ffl,mid,238,Bacterial,34.941,0.92526,0.294362
arm_j_l1_ssim_ffl,mid,239,Bacterial,34.4383,0.938395,0.221814
arm_j_l1_ssim_ffl,mid,240,Bacterial,34.6221,0.930494,0.246533
arm_j_l1_ssim_ffl,mid,241,Bacterial,33.6363,0.925274,0.28318
arm_j_l1_ssim_ffl,mid,242,Bacterial,34.8533,0.931879,0.251406
arm_j_l1_ssim_ffl,mid,243,Bacterial,33.7284,0.920873,0.273425
arm_j_l1_ssim_ffl,mid,244,Bacterial,32.5252,0.917654,0.213564
arm_j_l1_ssim_ffl,mid,245,Bacterial,33.507,0.936549,0.200123
arm_j_l1_ssim_ffl,mid,246,Bacterial,34.1634,0.941355,0.228005
arm_j_l1_ssim_ffl,mid,247,Bacterial,33.8881,0.938787,0.221486
arm_j_l1_ssim_ffl,mid,248,Bacterial,35.228,0.937939,0.230283
arm_j_l1_ssim_ffl,mid,249,Bacterial,35.3635,0.938932,0.257797
arm_j_l1_ssim_ffl,mid,250,Bacterial,35.082,0.926076,0.259699
arm_j_l1_ssim_ffl,mid,251,Bacterial,32.8623,0.926179,0.213407
arm_j_l1_ssim_ffl,mid,252,Bacterial,35.4459,0.931003,0.26207
arm_j_l1_ssim_ffl,mid,253,Bacterial,34.4039,0.934495,0.261714
arm_j_l1_ssim_ffl,mid,254,Bacterial,33.328,0.923022,0.22123
arm_j_l1_ssim_ffl,mid,255,Bacterial,33.5361,0.927258,0.250547
arm_j_l1_ssim_ffl,mid,256,Bacterial,32.7488,0.915998,0.254373
arm_j_l1_ssim_ffl,mid,257,Bacterial,34.0874,0.930209,0.2583
arm_j_l1_ssim_ffl,mid,258,Bacterial,34.0632,0.916287,0.307966
arm_j_l1_ssim_ffl,mid,259,Bacterial,34.2057,0.925612,0.289838
arm_j_l1_ssim_ffl,mid,260,Bacterial,34.5904,0.93596,0.244547
arm_j_l1_ssim_ffl,mid,261,Bacterial,32.5957,0.923986,0.203935
arm_j_l1_ssim_ffl,mid,262,Bacterial,36.2125,0.940984,0.241972
arm_j_l1_ssim_ffl,mid,263,Bacterial,35.7283,0.940593,0.264988
arm_j_l1_ssim_ffl,mid,264,Bacterial,35.3821,0.930552,0.25886
arm_j_l1_ssim_ffl,mid,265,Bacterial,35.5452,0.938656,0.268874
arm_j_l1_ssim_ffl,mid,266,Bacterial,35.2062,0.930704,0.251512
arm_j_l1_ssim_ffl,mid,267,Bacterial,33.5411,0.916222,0.276132
arm_j_l1_ssim_ffl,mid,268,Bacterial,34.6149,0.922147,0.285263
arm_j_l1_ssim_ffl,mid,269,Bacterial,34.4901,0.933443,0.245842
arm_j_l1_ssim_ffl,mid,270,Bacterial,35.6847,0.949593,0.218184
arm_j_l1_ssim_ffl,mid,271,Bacterial,34.9321,0.936922,0.207449
arm_j_l1_ssim_ffl,mid,272,Bacterial,35.6102,0.939266,0.271152
arm_j_l1_ssim_ffl,mid,273,Bacterial,35.4507,0.940743,0.23787
arm_j_l1_ssim_ffl,mid,274,Bacterial,33.6137,0.924258,0.241921
arm_j_l1_ssim_ffl,mid,275,Bacterial,32.798,0.920274,0.257739
arm_j_l1_ssim_ffl,mid,276,Bacterial,32.2362,0.920335,0.18807
arm_j_l1_ssim_ffl,mid,277,Bacterial,33.6312,0.91999,0.264146
arm_j_l1_ssim_ffl,mid,278,Bacterial,34.0226,0.922407,0.271757
arm_j_l1_ssim_ffl,mid,279,Bacterial,34.2557,0.929802,0.238552
arm_j_l1_ssim_ffl,mid,280,Bacterial,35.0744,0.926558,0.257425
arm_j_l1_ssim_ffl,mid,281,Bacterial,34.1489,0.914333,0.292377
arm_j_l1_ssim_ffl,mid,282,Bacterial,33.0463,0.918184,0.268079
arm_j_l1_ssim_ffl,mid,283,Bacterial,34.4025,0.927035,0.265432
arm_j_l1_ssim_ffl,mid,284,Bacterial,32.3999,0.915412,0.305597
arm_j_l1_ssim_ffl,mid,285,Bacterial,35.4388,0.929524,0.275343
arm_j_l1_ssim_ffl,mid,286,Bacterial,33.4559,0.931665,0.243329
arm_j_l1_ssim_ffl,mid,287,Bacterial,33.309,0.921188,0.280305
arm_j_l1_ssim_ffl,mid,288,Bacterial,34.9694,0.933179,0.235868
arm_j_l1_ssim_ffl,mid,289,Bacterial,33.7914,0.920047,0.240595
arm_j_l1_ssim_ffl,mid,290,Bacterial,35.3413,0.934941,0.26519
arm_j_l1_ssim_ffl,mid,291,Bacterial,33.7713,0.922955,0.261305
arm_j_l1_ssim_ffl,mid,292,Bacterial,33.3464,0.924226,0.221778
arm_j_l1_ssim_ffl,mid,293,Bacterial,35.4628,0.938131,0.251426
arm_j_l1_ssim_ffl,mid,294,Bacterial,34.4529,0.934904,0.242005
arm_j_l1_ssim_ffl,mid,295,Bacterial,33.4592,0.930753,0.239909
arm_j_l1_ssim_ffl,mid,296,Bacterial,34.8434,0.936493,0.241492
arm_j_l1_ssim_ffl,mid,297,Bacterial,34.2217,0.934135,0.256071
arm_j_l1_ssim_ffl,mid,298,Bacterial,31.9493,0.907947,0.260439
arm_j_l1_ssim_ffl,mid,299,Bacterial,32.3494,0.91352,0.270635
arm_j_l1_ssim_ffl,mid,300,Bacterial,32.2866,0.919023,0.236842
arm_j_l1_ssim_ffl,mid,301,Bacterial,32.1278,0.916375,0.214863
arm_j_l1_ssim_ffl,mid,302,Bacterial,33.7567,0.923513,0.224557
arm_j_l1_ssim_ffl,mid,303,Bacterial,33.0841,0.931735,0.263752
arm_j_l1_ssim_ffl,mid,304,Bacterial,34.3406,0.925943,0.269574
arm_j_l1_ssim_ffl,mid,305,Bacterial,35.1753,0.932303,0.239808
arm_j_l1_ssim_ffl,mid,306,Bacterial,33.6871,0.927905,0.263879
arm_j_l1_ssim_ffl,mid,307,Bacterial,33.5189,0.929249,0.256351
arm_j_l1_ssim_ffl,mid,308,Bacterial,33.5841,0.927207,0.247423
arm_j_l1_ssim_ffl,mid,309,Bacterial,33.7553,0.932009,0.224688
arm_j_l1_ssim_ffl,mid,310,Bacterial,32.325,0.923888,0.198206
arm_j_l1_ssim_ffl,mid,311,Bacterial,33.6147,0.921511,0.249209
arm_j_l1_ssim_ffl,mid,312,Bacterial,32.5821,0.926493,0.232599
arm_j_l1_ssim_ffl,mid,313,Bacterial,34.4808,0.923596,0.303204
arm_j_l1_ssim_ffl,mid,314,Bacterial,33.5448,0.920501,0.236388
arm_j_l1_ssim_ffl,mid,315,Bacterial,35.5022,0.942631,0.261386
arm_j_l1_ssim_ffl,mid,316,Bacterial,35.1671,0.934163,0.26708
arm_j_l1_ssim_ffl,mid,317,Bacterial,34.9765,0.934108,0.271954
arm_j_l1_ssim_ffl,mid,318,Bacterial,34.6888,0.935844,0.218257
arm_j_l1_ssim_ffl,mid,319,Bacterial,34.8273,0.931325,0.226352
arm_j_l1_ssim_ffl,mid,320,Bacterial,35.1887,0.930346,0.246657
arm_j_l1_ssim_ffl,mid,321,Bacterial,32.0975,0.925948,0.255649
arm_j_l1_ssim_ffl,mid,322,Bacterial,33.3808,0.925924,0.260051
arm_j_l1_ssim_ffl,mid,323,Bacterial,33.4241,0.932346,0.224015
arm_j_l1_ssim_ffl,mid,324,Bacterial,32.5668,0.928217,0.229103
arm_j_l1_ssim_ffl,mid,325,Bacterial,32.1679,0.924191,0.224664
arm_j_l1_ssim_ffl,mid,326,Bacterial,33.3286,0.926312,0.254643
arm_j_l1_ssim_ffl,mid,327,Bacterial,34.6714,0.936314,0.234937
arm_j_l1_ssim_ffl,mid,328,Bacterial,34.7609,0.935775,0.258141
arm_j_l1_ssim_ffl,mid,329,Bacterial,34.1194,0.937266,0.168691
arm_j_l1_ssim_ffl,mid,330,Bacterial,36.0014,0.93503,0.232945
arm_j_l1_ssim_ffl,mid,331,Bacterial,35.0071,0.941344,0.219938
arm_j_l1_ssim_ffl,mid,332,Bacterial,35.8371,0.941235,0.251006
arm_j_l1_ssim_ffl,mid,333,Bacterial,35.5426,0.943182,0.238522
arm_j_l1_ssim_ffl,mid,334,Bacterial,35.6401,0.944475,0.23612
arm_j_l1_ssim_ffl,mid,335,Bacterial,33.0671,0.922748,0.255085
arm_j_l1_ssim_ffl,mid,336,Bacterial,35.2624,0.937202,0.227178
arm_j_l1_ssim_ffl,mid,337,Bacterial,34.0358,0.925564,0.245931
arm_j_l1_ssim_ffl,mid,338,Bacterial,35.0948,0.930042,0.261782
arm_j_l1_ssim_ffl,mid,339,Bacterial,33.4213,0.927645,0.194672
arm_j_l1_ssim_ffl,mid,340,Bacterial,34.9725,0.931835,0.24325
arm_j_l1_ssim_ffl,mid,341,Bacterial,34.3381,0.93453,0.243402
arm_j_l1_ssim_ffl,mid,342,Bacterial,34.2959,0.930829,0.242207
arm_j_l1_ssim_ffl,mid,343,Bacterial,34.7025,0.930166,0.255569
arm_j_l1_ssim_ffl,mid,344,Bacterial,35.2827,0.938653,0.262049
arm_j_l1_ssim_ffl,mid,345,Bacterial,33.9947,0.928762,0.269385
arm_j_l1_ssim_ffl,mid,346,Bacterial,33.0005,0.925132,0.240755
arm_j_l1_ssim_ffl,mid,347,Bacterial,34.823,0.938991,0.252749
arm_j_l1_ssim_ffl,mid,348,Bacterial,34.2015,0.923474,0.259209
arm_j_l1_ssim_ffl,mid,349,Bacterial,35.604,0.939495,0.242563
arm_j_l1_ssim_ffl,mid,350,Bacterial,35.8259,0.941079,0.274605
arm_j_l1_ssim_ffl,mid,351,Bacterial,32.6574,0.926241,0.222856
arm_j_l1_ssim_ffl,mid,352,Bacterial,35.3515,0.939677,0.2299
arm_j_l1_ssim_ffl,mid,353,Bacterial,34.2706,0.936413,0.228605
arm_j_l1_ssim_ffl,mid,354,Bacterial,35.9668,0.9382,0.279503
arm_j_l1_ssim_ffl,mid,355,Bacterial,34.9806,0.933855,0.243784
arm_j_l1_ssim_ffl,mid,356,Bacterial,34.671,0.932256,0.232171
arm_j_l1_ssim_ffl,mid,357,Bacterial,35.1039,0.931019,0.262449
arm_j_l1_ssim_ffl,mid,358,Bacterial,34.9656,0.930356,0.316498
arm_j_l1_ssim_ffl,mid,359,Bacterial,33.7317,0.930717,0.202094
arm_j_l1_ssim_ffl,mid,360,Bacterial,34.4527,0.932154,0.255935
arm_j_l1_ssim_ffl,mid,361,Bacterial,35.2848,0.937435,0.239936
arm_j_l1_ssim_ffl,mid,362,Bacterial,35.0663,0.940057,0.279864
arm_j_l1_ssim_ffl,mid,363,Bacterial,33.7055,0.944291,0.224973
arm_j_l1_ssim_ffl,mid,364,Bacterial,35.6616,0.939095,0.231975
arm_j_l1_ssim_ffl,mid,365,Bacterial,32.2112,0.924048,0.233918
arm_j_l1_ssim_ffl,mid,366,Bacterial,35.0857,0.938059,0.277014
arm_j_l1_ssim_ffl,mid,367,Bacterial,33.5836,0.930191,0.208661
arm_j_l1_ssim_ffl,mid,368,Bacterial,34.1069,0.923577,0.249653
arm_j_l1_ssim_ffl,mid,369,Bacterial,33.209,0.927539,0.205973
arm_j_l1_ssim_ffl,mid,370,Bacterial,32.2386,0.924597,0.19595
arm_j_l1_ssim_ffl,mid,371,Bacterial,34.7616,0.937562,0.229898
arm_j_l1_ssim_ffl,mid,372,Bacterial,33.7177,0.919319,0.315708
arm_j_l1_ssim_ffl,mid,373,Bacterial,34.6969,0.932972,0.232964
arm_j_l1_ssim_ffl,mid,374,Bacterial,33.6699,0.927867,0.226981
arm_j_l1_ssim_ffl,mid,375,Bacterial,34.2176,0.931443,0.254156
arm_j_l1_ssim_ffl,mid,376,Bacterial,32.7682,0.925561,0.260831
arm_j_l1_ssim_ffl,mid,377,Bacterial,34.0747,0.93117,0.249216
arm_j_l1_ssim_ffl,mid,378,Bacterial,33.3537,0.924957,0.192642
arm_j_l1_ssim_ffl,mid,379,Bacterial,34.0966,0.931916,0.254571
arm_j_l1_ssim_ffl,mid,380,Bacterial,34.7791,0.940547,0.241638
arm_j_l1_ssim_ffl,mid,381,Bacterial,32.2204,0.923072,0.203935
arm_j_l1_ssim_ffl,mid,382,Bacterial,33.6836,0.926693,0.237865
arm_j_l1_ssim_ffl,mid,383,Bacterial,32.5878,0.91399,0.233216
arm_j_l1_ssim_ffl,mid,384,Bacterial,32.1497,0.92074,0.192111
arm_j_l1_ssim_ffl,mid,385,Bacterial,32.0493,0.921068,0.224199
arm_j_l1_ssim_ffl,mid,386,Bacterial,34.6983,0.940585,0.223843
arm_j_l1_ssim_ffl,mid,387,Bacterial,35.0368,0.943777,0.204979
arm_j_l1_ssim_ffl,mid,388,Bacterial,33.2872,0.936919,0.165003
arm_j_l1_ssim_ffl,mid,389,Bacterial,32.1416,0.918847,0.237635
arm_j_l1_ssim_ffl,mid,390,Bacterial,34.1548,0.929247,0.227672
arm_j_l1_ssim_ffl,mid,391,Bacterial,32.5269,0.917583,0.307206
arm_j_l1_ssim_ffl,mid,392,Bacterial,34.4521,0.93334,0.249148
arm_j_l1_ssim_ffl,mid,393,Bacterial,34.5078,0.929279,0.275408
arm_j_l1_ssim_ffl,mid,394,Bacterial,34.7265,0.938614,0.240094
arm_j_l1_ssim_ffl,mid,395,Bacterial,34.1185,0.932388,0.23596
arm_j_l1_ssim_ffl,mid,396,Bacterial,32.6247,0.909646,0.251409
arm_j_l1_ssim_ffl,mid,397,Bacterial,36.0249,0.931173,0.283688
arm_j_l1_ssim_ffl,mid,398,Bacterial,34.9258,0.924111,0.308079
arm_j_l1_ssim_ffl,mid,399,Bacterial,33.0505,0.925741,0.255138
arm_j_l1_ssim_ffl,mid,400,Bacterial,33.7684,0.927189,0.20694
arm_j_l1_ssim_ffl,mid,401,Bacterial,32.266,0.913329,0.245272
arm_j_l1_ssim_ffl,mid,402,Bacterial,35.0926,0.933293,0.254483
arm_j_l1_ssim_ffl,mid,403,Bacterial,34.2052,0.934896,0.231806
arm_j_l1_ssim_ffl,mid,404,Bacterial,34.0011,0.921845,0.250746
arm_j_l1_ssim_ffl,mid,405,Bacterial,33.3555,0.922714,0.268394
arm_j_l1_ssim_ffl,mid,406,Bacterial,36.0612,0.944297,0.219909
arm_j_l1_ssim_ffl,mid,407,Bacterial,33.5192,0.930623,0.243488
arm_j_l1_ssim_ffl,mid,408,Bacterial,34.001,0.931701,0.232125
arm_j_l1_ssim_ffl,mid,409,Bacterial,33.2335,0.922224,0.222055
arm_j_l1_ssim_ffl,mid,410,Bacterial,32.2057,0.919588,0.22696
arm_j_l1_ssim_ffl,mid,411,Bacterial,33.638,0.920296,0.264311
arm_j_l1_ssim_ffl,mid,412,Bacterial,34.7596,0.928965,0.254776
arm_j_l1_ssim_ffl,mid,413,Bacterial,32.1322,0.910677,0.217166
arm_j_l1_ssim_ffl,mid,414,Bacterial,35.2941,0.932718,0.257015
arm_j_l1_ssim_ffl,mid,415,Bacterial,34.2905,0.93009,0.267621
arm_j_l1_ssim_ffl,mid,416,Bacterial,36.0971,0.941944,0.24493
arm_j_l1_ssim_ffl,mid,417,Bacterial,34.5686,0.924931,0.238943
arm_j_l1_ssim_ffl,mid,418,Bacterial,35.4399,0.940948,0.211842
arm_j_l1_ssim_ffl,mid,419,Bacterial,34.254,0.93826,0.176815
arm_j_l1_ssim_ffl,mid,420,Bacterial,34.663,0.942098,0.210507
arm_j_l1_ssim_ffl,mid,421,Bacterial,34.4306,0.938924,0.204554
arm_j_l1_ssim_ffl,mid,422,Bacterial,33.4914,0.923207,0.247416
arm_j_l1_ssim_ffl,mid,423,Bacterial,34.2066,0.937052,0.238699
arm_j_l1_ssim_ffl,mid,424,Bacterial,34.3763,0.936631,0.240885
arm_j_l1_ssim_ffl,mid,425,Bacterial,35.1487,0.933999,0.26164
arm_j_l1_ssim_ffl,mid,426,Bacterial,36.7838,0.940215,0.252141
arm_j_l1_ssim_ffl,mid,427,Bacterial,35.9635,0.929958,0.304243
arm_j_l1_ssim_ffl,mid,428,Bacterial,35.1022,0.931092,0.292555
arm_j_l1_ssim_ffl,mid,429,Bacterial,32.9162,0.927274,0.223131
arm_j_l1_ssim_ffl,mid,430,Bacterial,35.5975,0.940655,0.234093
arm_j_l1_ssim_ffl,mid,431,Bacterial,35.538,0.926936,0.276895
arm_j_l1_ssim_ffl,mid,432,Bacterial,35.1701,0.936564,0.238433
arm_j_l1_ssim_ffl,mid,433,Bacterial,33.6768,0.920539,0.272034
arm_j_l1_ssim_ffl,mid,434,Bacterial,34.3666,0.930409,0.232576
arm_j_l1_ssim_ffl,mid,435,Bacterial,33.5478,0.929056,0.241546
arm_j_l1_ssim_ffl,mid,436,Bacterial,33.0435,0.929516,0.176954
arm_j_l1_ssim_ffl,mid,437,Bacterial,35.7782,0.934481,0.217846
arm_j_l1_ssim_ffl,mid,438,Bacterial,32.6985,0.915135,0.264861
arm_j_l1_ssim_ffl,mid,439,Bacterial,34.2101,0.926144,0.256984
arm_j_l1_ssim_ffl,mid,440,Bacterial,33.1118,0.925253,0.24049
arm_j_l1_ssim_ffl,mid,441,Bacterial,32.9659,0.924789,0.231394
arm_j_l1_ssim_ffl,mid,442,Bacterial,35.1762,0.936835,0.230989
arm_j_l1_ssim_ffl,mid,443,Bacterial,35.0437,0.937375,0.246379
arm_j_l1_ssim_ffl,mid,444,Bacterial,34.388,0.933257,0.245051
arm_j_l1_ssim_ffl,mid,445,Bacterial,34.6411,0.929503,0.269103
arm_j_l1_ssim_ffl,mid,446,Bacterial,34.1392,0.927045,0.274778
arm_j_l1_ssim_ffl,mid,447,Bacterial,35.4431,0.927652,0.281823
arm_j_l1_ssim_ffl,mid,448,Bacterial,35.2243,0.93741,0.30861
arm_j_l1_ssim_ffl,mid,449,Bacterial,33.4329,0.92395,0.23493
arm_j_l1_ssim_ffl,mid,450,Bacterial,33.5485,0.930084,0.25431
arm_j_l1_ssim_ffl,mid,451,Bacterial,32.3284,0.91683,0.209673
arm_j_l1_ssim_ffl,mid,452,Bacterial,33.2457,0.926706,0.255551
arm_j_l1_ssim_ffl,mid,453,Bacterial,35.1987,0.937364,0.238668
arm_j_l1_ssim_ffl,mid,454,Bacterial,33.4102,0.933513,0.236394
arm_j_l1_ssim_ffl,mid,455,Bacterial,35.3281,0.937469,0.259334
arm_j_l1_ssim_ffl,mid,456,Bacterial,32.0115,0.916029,0.272054
arm_j_l1_ssim_ffl,mid,457,Bacterial,34.9512,0.932242,0.269826
arm_j_l1_ssim_ffl,mid,458,Bacterial,35.1932,0.941208,0.249167
arm_j_l1_ssim_ffl,mid,459,Bacterial,35.9999,0.939799,0.249378
arm_j_l1_ssim_ffl,mid,460,Bacterial,34.263,0.931682,0.219186
arm_j_l1_ssim_ffl,mid,461,Bacterial,34.165,0.934746,0.199915
arm_j_l1_ssim_ffl,mid,462,Bacterial,33.2533,0.927761,0.205155
arm_j_l1_ssim_ffl,mid,463,Bacterial,35.0536,0.93044,0.273097
arm_j_l1_ssim_ffl,mid,464,Bacterial,33.824,0.926437,0.234451
arm_j_l1_ssim_ffl,mid,465,Bacterial,34.9393,0.933667,0.255751
arm_j_l1_ssim_ffl,mid,466,Bacterial,34.0381,0.92648,0.263588
arm_j_l1_ssim_ffl,mid,467,Bacterial,34.2469,0.921885,0.313814
arm_j_l1_ssim_ffl,mid,468,Bacterial,34.6346,0.940582,0.198908
arm_j_l1_ssim_ffl,mid,469,Bacterial,35.3829,0.927992,0.252495
arm_j_l1_ssim_ffl,mid,470,Bacterial,34.0787,0.925529,0.264279
arm_j_l1_ssim_ffl,mid,471,Bacterial,33.2128,0.922434,0.212247
arm_j_l1_ssim_ffl,mid,472,Bacterial,33.6043,0.928565,0.198354
arm_j_l1_ssim_ffl,mid,473,Bacterial,31.4119,0.914963,0.282516
arm_j_l1_ssim_ffl,mid,474,Bacterial,33.0957,0.932623,0.238923
arm_j_l1_ssim_ffl,mid,475,Bacterial,32.0593,0.914115,0.230439
arm_j_l1_ssim_ffl,mid,476,Viral,33.3708,0.93479,0.243484
arm_j_l1_ssim_ffl,mid,477,Viral,33.9038,0.94174,0.209832
arm_j_l1_ssim_ffl,mid,478,Viral,33.8683,0.940645,0.218889
arm_j_l1_ssim_ffl,mid,479,Viral,34.4921,0.930564,0.229531
arm_j_l1_ssim_ffl,mid,480,Viral,35.3977,0.928587,0.301538
arm_j_l1_ssim_ffl,mid,481,Viral,33.5448,0.935048,0.258613
arm_j_l1_ssim_ffl,mid,482,Viral,32.6988,0.912336,0.239058
arm_j_l1_ssim_ffl,mid,483,Viral,34.2448,0.9283,0.261809
arm_j_l1_ssim_ffl,mid,484,Viral,33.6901,0.924938,0.289752
arm_j_l1_ssim_ffl,mid,485,Viral,34.0077,0.93077,0.259419
arm_j_l1_ssim_ffl,mid,486,Viral,34.5431,0.922244,0.303196
arm_j_l1_ssim_ffl,mid,487,Viral,34.7246,0.932882,0.231055
arm_j_l1_ssim_ffl,mid,488,Viral,33.5898,0.937368,0.199477
arm_j_l1_ssim_ffl,mid,489,Viral,34.4402,0.936637,0.227484
arm_j_l1_ssim_ffl,mid,490,Viral,34.0317,0.927086,0.273805
arm_j_l1_ssim_ffl,mid,491,Viral,33.6711,0.931287,0.248414
arm_j_l1_ssim_ffl,mid,492,Viral,33.6781,0.934019,0.23665
arm_j_l1_ssim_ffl,mid,493,Viral,33.9469,0.934222,0.228326
arm_j_l1_ssim_ffl,mid,494,Viral,33.8101,0.933659,0.235282
arm_j_l1_ssim_ffl,mid,495,Viral,33.0876,0.930399,0.220284
arm_j_l1_ssim_ffl,mid,496,Viral,34.2744,0.927674,0.282789
arm_j_l1_ssim_ffl,mid,497,Viral,33.6037,0.938704,0.186181
arm_j_l1_ssim_ffl,mid,498,Viral,34.7246,0.938916,0.239819
arm_j_l1_ssim_ffl,mid,499,Viral,34.8232,0.928219,0.234251
arm_j_l1_ssim_ffl,mid,500,Viral,33.4085,0.922922,0.274885
arm_j_l1_ssim_ffl,mid,501,Viral,32.7332,0.927688,0.203949
arm_j_l1_ssim_ffl,mid,502,Viral,33.9846,0.936638,0.207952
arm_j_l1_ssim_ffl,mid,503,Viral,33.2034,0.936809,0.22105
arm_j_l1_ssim_ffl,mid,504,Viral,33.621,0.93221,0.242206
arm_j_l1_ssim_ffl,mid,505,Viral,34.5238,0.936339,0.209493
arm_j_l1_ssim_ffl,mid,506,Viral,33.5987,0.924413,0.244025
arm_j_l1_ssim_ffl,mid,507,Viral,32.5224,0.917361,0.240893
arm_j_l1_ssim_ffl,mid,508,Viral,35.1185,0.933787,0.267991
arm_j_l1_ssim_ffl,mid,509,Viral,33.2695,0.925714,0.216932
arm_j_l1_ssim_ffl,mid,510,Viral,31.3823,0.920664,0.232133
arm_j_l1_ssim_ffl,mid,511,Viral,33.4878,0.936057,0.201151
arm_j_l1_ssim_ffl,mid,512,Viral,35.4495,0.938322,0.23922
arm_j_l1_ssim_ffl,mid,513,Viral,32.813,0.929895,0.233994
arm_j_l1_ssim_ffl,mid,514,Viral,32.4932,0.927726,0.200562
arm_j_l1_ssim_ffl,mid,515,Viral,34.2429,0.931066,0.247005
arm_j_l1_ssim_ffl,mid,516,Viral,34.6348,0.93409,0.233524
arm_j_l1_ssim_ffl,mid,517,Viral,33.0938,0.929113,0.236704
arm_j_l1_ssim_ffl,mid,518,Viral,32.7081,0.922871,0.196714
arm_j_l1_ssim_ffl,mid,519,Viral,34.8358,0.951343,0.174196
arm_j_l1_ssim_ffl,mid,520,Viral,34.4813,0.939854,0.236375
arm_j_l1_ssim_ffl,mid,521,Viral,33.9459,0.937698,0.195782
arm_j_l1_ssim_ffl,mid,522,Viral,34.7217,0.938463,0.220172
arm_j_l1_ssim_ffl,mid,523,Viral,35.0856,0.942284,0.256034
arm_j_l1_ssim_ffl,mid,524,Viral,35.0213,0.938932,0.272549
arm_j_l1_ssim_ffl,mid,525,Viral,35.0486,0.942177,0.219478
arm_j_l1_ssim_ffl,mid,526,Viral,34.5092,0.9307,0.279081
arm_j_l1_ssim_ffl,mid,527,Viral,34.097,0.922612,0.299243
arm_j_l1_ssim_ffl,mid,528,Viral,33.9359,0.93056,0.239405
arm_j_l1_ssim_ffl,mid,529,Viral,32.1695,0.904889,0.273734
arm_j_l1_ssim_ffl,mid,530,Viral,34.4365,0.93828,0.23796
arm_j_l1_ssim_ffl,mid,531,Viral,33.8631,0.936694,0.209447
arm_j_l1_ssim_ffl,mid,532,Viral,33.7201,0.930382,0.238482
arm_j_l1_ssim_ffl,mid,533,Viral,33.3958,0.931552,0.21526
arm_j_l1_ssim_ffl,mid,534,Viral,32.2103,0.927388,0.248362
arm_j_l1_ssim_ffl,mid,535,Viral,33.2579,0.93311,0.220484
arm_j_l1_ssim_ffl,mid,536,Viral,34.8828,0.925388,0.286826
arm_j_l1_ssim_ffl,mid,537,Viral,33.4488,0.925227,0.304702
arm_j_l1_ssim_ffl,mid,538,Viral,35.0878,0.932749,0.294533
arm_j_l1_ssim_ffl,mid,539,Viral,33.9151,0.939139,0.181039
arm_j_l1_ssim_ffl,mid,540,Viral,34.4215,0.936786,0.215289
arm_j_l1_ssim_ffl,mid,541,Viral,33.4858,0.934265,0.215313
arm_j_l1_ssim_ffl,mid,542,Viral,35.0822,0.941355,0.216675
arm_j_l1_ssim_ffl,mid,543,Viral,35.7434,0.933945,0.276165
arm_j_l1_ssim_ffl,mid,544,Viral,32.7359,0.926561,0.216081
arm_j_l1_ssim_ffl,mid,545,Viral,32.9216,0.929434,0.219432
arm_j_l1_ssim_ffl,mid,546,Viral,34.826,0.931679,0.263211
arm_j_l1_ssim_ffl,mid,547,Viral,34.6432,0.930848,0.270052
arm_j_l1_ssim_ffl,mid,548,Viral,32.9743,0.927034,0.236062
arm_j_l1_ssim_ffl,mid,549,Viral,36.1138,0.931156,0.296435
arm_j_l1_ssim_ffl,mid,550,Viral,36.1113,0.931201,0.289545
arm_j_l1_ssim_ffl,mid,551,Viral,33.7418,0.929945,0.248069
arm_j_l1_ssim_ffl,mid,552,Viral,34.7603,0.939943,0.254278
arm_j_l1_ssim_ffl,mid,553,Viral,34.9748,0.936688,0.223253
arm_j_l1_ssim_ffl,mid,554,Viral,33.554,0.931992,0.24655
arm_j_l1_ssim_ffl,mid,555,Viral,33.1345,0.936331,0.20918
arm_j_l1_ssim_ffl,mid,556,Viral,33.9458,0.932091,0.215189
arm_j_l1_ssim_ffl,mid,557,Viral,34.65,0.926443,0.239299
arm_j_l1_ssim_ffl,mid,558,Viral,33.805,0.933301,0.221844
arm_j_l1_ssim_ffl,mid,559,Viral,34.7498,0.92761,0.296346
arm_j_l1_ssim_ffl,mid,560,Viral,34.8975,0.93892,0.233418
arm_j_l1_ssim_ffl,mid,561,Viral,33.7835,0.933672,0.199546
arm_j_l1_ssim_ffl,mid,562,Viral,34.2234,0.937497,0.216131
arm_j_l1_ssim_ffl,mid,563,Viral,34.0934,0.935672,0.209955
arm_j_l1_ssim_ffl,mid,564,Viral,34.0456,0.938465,0.220714
arm_j_l1_ssim_ffl,mid,565,Viral,34.8766,0.9338,0.258771
arm_j_l1_ssim_ffl,mid,566,Viral,33.4666,0.935544,0.225507
arm_j_l1_ssim_ffl,mid,567,Viral,33.8534,0.940701,0.202058
arm_j_l1_ssim_ffl,mid,568,Viral,33.603,0.931919,0.221069
arm_j_l1_ssim_ffl,mid,569,Viral,33.6331,0.926252,0.291169
arm_j_l1_ssim_ffl,mid,570,Viral,33.2748,0.935359,0.201624
arm_j_l1_ssim_ffl,mid,571,Viral,34.5089,0.935972,0.21207
arm_j_l1_ssim_ffl,mid,572,Viral,33.4684,0.926183,0.247995
arm_j_l1_ssim_ffl,mid,573,Viral,34.0775,0.936141,0.195865
arm_j_l1_ssim_ffl,mid,574,Viral,35.4225,0.946283,0.271719
arm_j_l1_ssim_ffl,mid,575,Viral,34.6735,0.940838,0.203914
arm_j_l1_ssim_ffl,mid,576,Viral,33.9384,0.935281,0.218239
arm_j_l1_ssim_ffl,mid,577,Viral,33.154,0.933581,0.244736
arm_j_l1_ssim_ffl,mid,578,Viral,35.2704,0.94499,0.207368
arm_j_l1_ssim_ffl,mid,579,Viral,33.3555,0.933975,0.19409
arm_j_l1_ssim_ffl,mid,580,Viral,33.6594,0.940842,0.209518
arm_j_l1_ssim_ffl,mid,581,Viral,33.6687,0.939448,0.190507
arm_j_l1_ssim_ffl,mid,582,Viral,33.7754,0.926357,0.2435
arm_j_l1_ssim_ffl,mid,583,Viral,34.2623,0.929422,0.231405
arm_j_l1_ssim_ffl,mid,584,Viral,34.9587,0.929474,0.279274
arm_j_l1_ssim_ffl,mid,585,Viral,35.0582,0.942639,0.227505
arm_j_l1_ssim_ffl,mid,586,Viral,34.2397,0.921601,0.267808
arm_j_l1_ssim_ffl,mid,587,Viral,34.9121,0.926263,0.235409
arm_j_l1_ssim_ffl,mid,588,Viral,33.4046,0.92285,0.25409
arm_j_l1_ssim_ffl,mid,589,Viral,31.1384,0.914586,0.199356
arm_j_l1_ssim_ffl,mid,590,Viral,33.3835,0.928971,0.234813
arm_j_l1_ssim_ffl,mid,591,Viral,33.0752,0.935768,0.205834
arm_j_l1_ssim_ffl,mid,592,Viral,33.5552,0.936874,0.185695
arm_j_l1_ssim_ffl,mid,593,Viral,35.3803,0.921249,0.217862
arm_j_l1_ssim_ffl,mid,594,Viral,35.2672,0.944252,0.223896
arm_j_l1_ssim_ffl,mid,595,Viral,34.8106,0.93388,0.230062
arm_j_l1_ssim_ffl,mid,596,Viral,34.3556,0.932535,0.296917
arm_j_l1_ssim_ffl,mid,597,Viral,34.1225,0.936763,0.248341
arm_j_l1_ssim_ffl,mid,598,Viral,32.7264,0.929125,0.255998
arm_j_l1_ssim_ffl,mid,599,Viral,33.0388,0.932805,0.197703
arm_j_l1_ssim_ffl,mid,600,Viral,34.0055,0.93033,0.234901
arm_j_l1_ssim_ffl,mid,601,Viral,34.7675,0.941527,0.230476
arm_j_l1_ssim_ffl,mid,602,Viral,33.3085,0.932613,0.221705
arm_j_l1_ssim_ffl,mid,603,Viral,33.4512,0.936143,0.226687
arm_j_l1_ssim_ffl,mid,604,Viral,34.0064,0.939985,0.201651
arm_j_l1_ssim_ffl,mid,605,Viral,34.6748,0.934862,0.239132
arm_j_l1_ssim_ffl,mid,606,Viral,34.4988,0.936933,0.247784
arm_j_l1_ssim_ffl,mid,607,Viral,34.7194,0.940883,0.222073
arm_j_l1_ssim_ffl,mid,608,Viral,35.0535,0.935493,0.262252
arm_j_l1_ssim_ffl,mid,609,Viral,34.893,0.938575,0.245374
arm_j_l1_ssim_ffl,mid,610,Viral,35.4058,0.940751,0.231775
arm_j_l1_ssim_ffl,mid,611,Viral,33.1261,0.933865,0.214269
arm_j_l1_ssim_ffl,mid,612,Viral,32.9683,0.929466,0.214073
arm_j_l1_ssim_ffl,mid,613,Viral,33.8881,0.937527,0.224457
arm_j_l1_ssim_ffl,mid,614,Viral,34.7074,0.93676,0.260793
arm_j_l1_ssim_ffl,mid,615,Viral,34.9748,0.931983,0.245206
arm_j_l1_ssim_ffl,mid,616,Viral,34.8355,0.937691,0.222313
arm_j_l1_ssim_ffl,mid,617,Viral,34.1755,0.933643,0.239539
arm_j_l1_ssim_ffl,mid,618,Viral,33.4282,0.930748,0.222192
arm_j_l1_ssim_ffl,mid,619,Viral,33.6678,0.932668,0.225699
arm_j_l1_ssim_ffl,mid,620,Viral,33.693,0.937677,0.203597
arm_j_l1_ssim_ffl,mid,621,Viral,36.239,0.941557,0.276412
arm_j_l1_ssim_ffl,mid,622,Viral,34.169,0.93543,0.225122
arm_j_l1_ssim_ffl,mid,623,Viral,34.3632,0.936629,0.231177
arm_k_nll_l1,mid,0,Normal,32.4917,0.91753,0.231679
arm_k_nll_l1,mid,1,Normal,31.2057,0.894909,0.271048
arm_k_nll_l1,mid,2,Normal,31.9851,0.912366,0.236983
arm_k_nll_l1,mid,3,Normal,32.6319,0.927917,0.224647
arm_k_nll_l1,mid,4,Normal,31.9018,0.892549,0.303134
arm_k_nll_l1,mid,5,Normal,32.9977,0.922469,0.245577
arm_k_nll_l1,mid,6,Normal,32.471,0.916069,0.261532
arm_k_nll_l1,mid,7,Normal,33.0031,0.925277,0.268941
arm_k_nll_l1,mid,8,Normal,31.1376,0.916011,0.237008
arm_k_nll_l1,mid,9,Normal,31.33,0.908634,0.269094
arm_k_nll_l1,mid,10,Normal,32.0055,0.92342,0.211145
arm_k_nll_l1,mid,11,Normal,31.8947,0.909837,0.268604
arm_k_nll_l1,mid,12,Normal,32.4375,0.903286,0.268674
arm_k_nll_l1,mid,13,Normal,33.7155,0.923182,0.248429
arm_k_nll_l1,mid,14,Normal,33.2598,0.942492,0.177416
arm_k_nll_l1,mid,15,Normal,31.4817,0.898971,0.296359
arm_k_nll_l1,mid,16,Normal,32.8971,0.916951,0.293301
arm_k_nll_l1,mid,17,Normal,32.398,0.90636,0.253426
arm_k_nll_l1,mid,18,Normal,32.2581,0.912741,0.220597
arm_k_nll_l1,mid,19,Normal,32.7323,0.92101,0.245978
arm_k_nll_l1,mid,20,Normal,33.8605,0.932671,0.216363
arm_k_nll_l1,mid,21,Normal,32.5161,0.918889,0.234442
arm_k_nll_l1,mid,22,Normal,33.0154,0.91948,0.239573
arm_k_nll_l1,mid,23,Normal,31.2799,0.881616,0.354223
arm_k_nll_l1,mid,24,Normal,31.9658,0.909991,0.255664
arm_k_nll_l1,mid,25,Normal,32.5945,0.920526,0.227733
arm_k_nll_l1,mid,26,Normal,30.8625,0.904737,0.239291
arm_k_nll_l1,mid,27,Normal,31.087,0.89966,0.254221
arm_k_nll_l1,mid,28,Normal,32.9266,0.92241,0.258615
arm_k_nll_l1,mid,29,Normal,32.2564,0.908514,0.299396
arm_k_nll_l1,mid,30,Normal,31.4002,0.895784,0.278423
arm_k_nll_l1,mid,31,Normal,32.1687,0.916285,0.240817
arm_k_nll_l1,mid,32,Normal,31.2453,0.907122,0.259467
arm_k_nll_l1,mid,33,Normal,30.7686,0.891048,0.279869
arm_k_nll_l1,mid,34,Normal,30.6397,0.904142,0.241421
arm_k_nll_l1,mid,35,Normal,32.2158,0.91504,0.243806
arm_k_nll_l1,mid,36,Normal,33.0792,0.931171,0.208577
arm_k_nll_l1,mid,37,Normal,33.247,0.923043,0.30824
arm_k_nll_l1,mid,38,Normal,31.6857,0.915584,0.230053
arm_k_nll_l1,mid,39,Normal,30.5097,0.896845,0.251513
arm_k_nll_l1,mid,40,Normal,32.1079,0.912839,0.260159
arm_k_nll_l1,mid,41,Normal,32.632,0.911456,0.283414
arm_k_nll_l1,mid,42,Normal,30.4311,0.898044,0.264029
arm_k_nll_l1,mid,43,Normal,32.0245,0.907122,0.225087
arm_k_nll_l1,mid,44,Normal,32.0803,0.903443,0.238589
arm_k_nll_l1,mid,45,Normal,31.5313,0.911066,0.255273
arm_k_nll_l1,mid,46,Normal,34.0214,0.910033,0.285213
arm_k_nll_l1,mid,47,Normal,31.0562,0.90555,0.21417
arm_k_nll_l1,mid,48,Normal,31.5789,0.911913,0.242816
arm_k_nll_l1,mid,49,Normal,31.8042,0.908267,0.23622
arm_k_nll_l1,mid,50,Normal,31.5482,0.91078,0.273221
arm_k_nll_l1,mid,51,Normal,32.5676,0.915067,0.252764
arm_k_nll_l1,mid,52,Normal,32.2165,0.904623,0.267771
arm_k_nll_l1,mid,53,Normal,31.9319,0.91753,0.209941
arm_k_nll_l1,mid,54,Normal,32.3166,0.916139,0.259378
arm_k_nll_l1,mid,55,Normal,33.1687,0.917939,0.232329
arm_k_nll_l1,mid,56,Normal,33.6986,0.930348,0.271144
arm_k_nll_l1,mid,57,Normal,31.6825,0.895077,0.273974
arm_k_nll_l1,mid,58,Normal,31.6048,0.915843,0.250094
arm_k_nll_l1,mid,59,Normal,32.189,0.915843,0.256068
arm_k_nll_l1,mid,60,Normal,32.8858,0.920089,0.25853
arm_k_nll_l1,mid,61,Normal,32.7542,0.925322,0.21381
arm_k_nll_l1,mid,62,Normal,32.1319,0.906774,0.286028
arm_k_nll_l1,mid,63,Normal,31.7039,0.91641,0.238461
arm_k_nll_l1,mid,64,Normal,32.4031,0.909315,0.250304
arm_k_nll_l1,mid,65,Normal,30.4849,0.909685,0.237961
arm_k_nll_l1,mid,66,Normal,30.8263,0.897713,0.272415
arm_k_nll_l1,mid,67,Normal,30.7475,0.899435,0.266991
arm_k_nll_l1,mid,68,Normal,30.5721,0.894546,0.274388
arm_k_nll_l1,mid,69,Normal,31.6804,0.899998,0.28186
arm_k_nll_l1,mid,70,Normal,33.4653,0.926731,0.254579
arm_k_nll_l1,mid,71,Normal,33.6264,0.916029,0.267888
arm_k_nll_l1,mid,72,Normal,32.9238,0.923811,0.260213
arm_k_nll_l1,mid,73,Normal,33.4549,0.924866,0.242296
arm_k_nll_l1,mid,74,Normal,32.7606,0.906188,0.335697
arm_k_nll_l1,mid,75,Normal,31.3459,0.905408,0.274077
arm_k_nll_l1,mid,76,Normal,31.3037,0.897608,0.266135
arm_k_nll_l1,mid,77,Normal,31.8022,0.917176,0.205991
arm_k_nll_l1,mid,78,Normal,32.9867,0.920377,0.27341
arm_k_nll_l1,mid,79,Normal,31.9595,0.920896,0.228135
arm_k_nll_l1,mid,80,Normal,33.3372,0.914022,0.280351
arm_k_nll_l1,mid,81,Normal,32.5161,0.91858,0.24649
arm_k_nll_l1,mid,82,Normal,31.0407,0.904421,0.25723
arm_k_nll_l1,mid,83,Normal,31.483,0.909729,0.239909
arm_k_nll_l1,mid,84,Normal,31.7987,0.91883,0.241049
arm_k_nll_l1,mid,85,Normal,34.1705,0.926941,0.268843
arm_k_nll_l1,mid,86,Normal,32.363,0.917119,0.224956
arm_k_nll_l1,mid,87,Normal,32.6605,0.917138,0.232571
arm_k_nll_l1,mid,88,Normal,31.4641,0.919406,0.236952
arm_k_nll_l1,mid,89,Normal,32.5212,0.911433,0.269706
arm_k_nll_l1,mid,90,Normal,32.0394,0.918892,0.225485
arm_k_nll_l1,mid,91,Normal,31.363,0.905804,0.234613
arm_k_nll_l1,mid,92,Normal,33.4403,0.932568,0.231659
arm_k_nll_l1,mid,93,Normal,31.4233,0.905822,0.281347
arm_k_nll_l1,mid,94,Normal,32.6535,0.918934,0.251833
arm_k_nll_l1,mid,95,Normal,31.2621,0.89831,0.261972
arm_k_nll_l1,mid,96,Normal,31.9557,0.913413,0.244009
arm_k_nll_l1,mid,97,Normal,30.8682,0.905136,0.26223
arm_k_nll_l1,mid,98,Normal,31.5471,0.914611,0.226555
arm_k_nll_l1,mid,99,Normal,32.3531,0.924521,0.251931
arm_k_nll_l1,mid,100,Normal,32.7174,0.915886,0.259053
arm_k_nll_l1,mid,101,Normal,31.1546,0.908566,0.257569
arm_k_nll_l1,mid,102,Normal,32.4954,0.908301,0.206659
arm_k_nll_l1,mid,103,Normal,32.6187,0.911519,0.250102
arm_k_nll_l1,mid,104,Normal,31.4992,0.911455,0.223379
arm_k_nll_l1,mid,105,Normal,32.0181,0.924473,0.217479
arm_k_nll_l1,mid,106,Normal,32.5953,0.917854,0.23385
arm_k_nll_l1,mid,107,Normal,31.9947,0.911974,0.246575
arm_k_nll_l1,mid,108,Normal,31.1005,0.884202,0.29402
arm_k_nll_l1,mid,109,Normal,31.6478,0.902435,0.269712
arm_k_nll_l1,mid,110,Normal,32.2359,0.909848,0.251312
arm_k_nll_l1,mid,111,Normal,33.0398,0.903334,0.247203
arm_k_nll_l1,mid,112,Normal,30.6418,0.902303,0.254395
arm_k_nll_l1,mid,113,Normal,31.1461,0.891628,0.275606
arm_k_nll_l1,mid,114,Normal,31.8911,0.895755,0.2779
arm_k_nll_l1,mid,115,Normal,31.8268,0.916895,0.23417
arm_k_nll_l1,mid,116,Normal,31.0532,0.906576,0.218805
arm_k_nll_l1,mid,117,Normal,31.9268,0.920235,0.224546
arm_k_nll_l1,mid,118,Normal,32.0739,0.910925,0.237939
arm_k_nll_l1,mid,119,Normal,33.7348,0.932567,0.245427
arm_k_nll_l1,mid,120,Normal,32.4126,0.931624,0.18868
arm_k_nll_l1,mid,121,Normal,32.6114,0.919303,0.224051
arm_k_nll_l1,mid,122,Normal,32.799,0.929671,0.222274
arm_k_nll_l1,mid,123,Normal,32.723,0.917605,0.230685
arm_k_nll_l1,mid,124,Normal,32.2031,0.909615,0.254808
arm_k_nll_l1,mid,125,Normal,31.3059,0.90524,0.258905
arm_k_nll_l1,mid,126,Normal,32.732,0.916771,0.275924
arm_k_nll_l1,mid,127,Normal,31.1343,0.8873,0.30406
arm_k_nll_l1,mid,128,Normal,31.295,0.907825,0.244349
arm_k_nll_l1,mid,129,Normal,32.3111,0.920795,0.217549
arm_k_nll_l1,mid,130,Normal,31.8088,0.916277,0.228181
arm_k_nll_l1,mid,131,Normal,31.7234,0.915355,0.240214
arm_k_nll_l1,mid,132,Normal,31.499,0.914641,0.250669
arm_k_nll_l1,mid,133,Normal,31.8247,0.914478,0.248989
arm_k_nll_l1,mid,134,Normal,33.1228,0.920954,0.267153
arm_k_nll_l1,mid,135,Normal,32.6456,0.915763,0.222771
arm_k_nll_l1,mid,136,Normal,31.6554,0.917953,0.228077
arm_k_nll_l1,mid,137,Normal,31.5171,0.913633,0.221572
arm_k_nll_l1,mid,138,Normal,32.5649,0.921304,0.229777
arm_k_nll_l1,mid,139,Normal,30.9156,0.902207,0.253608
arm_k_nll_l1,mid,140,Normal,31.4461,0.900746,0.253747
arm_k_nll_l1,mid,141,Normal,32.4463,0.91371,0.28087
arm_k_nll_l1,mid,142,Normal,30.9084,0.89491,0.273847
arm_k_nll_l1,mid,143,Normal,33.1062,0.924396,0.234514
arm_k_nll_l1,mid,144,Normal,31.8379,0.920519,0.246643
arm_k_nll_l1,mid,145,Normal,31.1568,0.916439,0.209019
arm_k_nll_l1,mid,146,Normal,31.083,0.902608,0.258121
arm_k_nll_l1,mid,147,Normal,31.4215,0.898769,0.284515
arm_k_nll_l1,mid,148,Normal,32.5854,0.920602,0.239875
arm_k_nll_l1,mid,149,Normal,31.6153,0.917202,0.229528
arm_k_nll_l1,mid,150,Normal,31.9345,0.900281,0.294364
arm_k_nll_l1,mid,151,Normal,31.1918,0.890608,0.307412
arm_k_nll_l1,mid,152,Normal,30.725,0.881165,0.281902
arm_k_nll_l1,mid,153,Normal,32.457,0.919232,0.258366
arm_k_nll_l1,mid,154,Normal,33.302,0.918984,0.293724
arm_k_nll_l1,mid,155,Normal,31.3689,0.899002,0.242787
arm_k_nll_l1,mid,156,Normal,31.4433,0.899108,0.264757
arm_k_nll_l1,mid,157,Normal,32.5427,0.920392,0.206298
arm_k_nll_l1,mid,158,Normal,31.7877,0.917812,0.237826
arm_k_nll_l1,mid,159,Normal,33.0234,0.923793,0.259944
arm_k_nll_l1,mid,160,Normal,33.3961,0.920811,0.29296
arm_k_nll_l1,mid,161,Normal,32.682,0.914387,0.249877
arm_k_nll_l1,mid,162,Normal,32.4698,0.915932,0.217359
arm_k_nll_l1,mid,163,Normal,32.8104,0.911065,0.250092
arm_k_nll_l1,mid,164,Normal,33.8667,0.931587,0.302391
arm_k_nll_l1,mid,165,Normal,33.6696,0.908254,0.359603
arm_k_nll_l1,mid,166,Normal,33.4662,0.918448,0.228306
arm_k_nll_l1,mid,167,Normal,31.6937,0.892358,0.330745
arm_k_nll_l1,mid,168,Normal,31.7167,0.9195,0.223663
arm_k_nll_l1,mid,169,Normal,29.5198,0.891963,0.249135
arm_k_nll_l1,mid,170,Normal,31.6205,0.89733,0.293145
arm_k_nll_l1,mid,171,Normal,31.9167,0.909453,0.2688
arm_k_nll_l1,mid,172,Normal,32.1019,0.905277,0.260072
arm_k_nll_l1,mid,173,Normal,31.5194,0.891306,0.29896
arm_k_nll_l1,mid,174,Normal,33.09,0.918659,0.258569
arm_k_nll_l1,mid,175,Normal,32.538,0.914023,0.255284
arm_k_nll_l1,mid,176,Normal,32.5113,0.925153,0.236134
arm_k_nll_l1,mid,177,Normal,31.1713,0.892284,0.276791
arm_k_nll_l1,mid,178,Normal,31.7042,0.902697,0.29919
arm_k_nll_l1,mid,179,Normal,31.0105,0.879764,0.317279
arm_k_nll_l1,mid,180,Normal,30.3518,0.896,0.262804
arm_k_nll_l1,mid,181,Normal,32.7852,0.919186,0.250198
arm_k_nll_l1,mid,182,Normal,33.1733,0.911953,0.257202
arm_k_nll_l1,mid,183,Normal,32.0887,0.914269,0.24832
arm_k_nll_l1,mid,184,Normal,32.0753,0.915433,0.248238
arm_k_nll_l1,mid,185,Normal,32.6678,0.914391,0.234106
arm_k_nll_l1,mid,186,Normal,31.2632,0.901758,0.270948
arm_k_nll_l1,mid,187,Normal,32.9223,0.922841,0.259824
arm_k_nll_l1,mid,188,Normal,32.9502,0.909582,0.264665
arm_k_nll_l1,mid,189,Normal,32.4737,0.904676,0.267002
arm_k_nll_l1,mid,190,Normal,30.8915,0.896009,0.263805
arm_k_nll_l1,mid,191,Normal,32.8164,0.920397,0.230375
arm_k_nll_l1,mid,192,Normal,33.8858,0.919987,0.302744
arm_k_nll_l1,mid,193,Normal,31.4011,0.91359,0.229965
arm_k_nll_l1,mid,194,Normal,31.5089,0.905098,0.259271
arm_k_nll_l1,mid,195,Normal,31.7519,0.911126,0.243593
arm_k_nll_l1,mid,196,Normal,32.2289,0.905695,0.254402
arm_k_nll_l1,mid,197,Normal,32.2879,0.913731,0.242472
arm_k_nll_l1,mid,198,Normal,33.085,0.920496,0.278819
arm_k_nll_l1,mid,199,Normal,31.1683,0.901313,0.247167
arm_k_nll_l1,mid,200,Normal,31.9409,0.912474,0.248485
arm_k_nll_l1,mid,201,Normal,32.2887,0.915935,0.248786
arm_k_nll_l1,mid,202,Normal,31.9423,0.912712,0.277467
arm_k_nll_l1,mid,203,Normal,32.0023,0.917526,0.236924
arm_k_nll_l1,mid,204,Normal,31.3865,0.913026,0.23312
arm_k_nll_l1,mid,205,Normal,33.0202,0.914104,0.262951
arm_k_nll_l1,mid,206,Normal,33.3991,0.925413,0.232068
arm_k_nll_l1,mid,207,Normal,32.8552,0.908922,0.23969
arm_k_nll_l1,mid,208,Normal,31.7112,0.912644,0.251683
arm_k_nll_l1,mid,209,Normal,31.2613,0.915409,0.245222
arm_k_nll_l1,mid,210,Normal,31.4796,0.893364,0.310635
arm_k_nll_l1,mid,211,Normal,32.3525,0.919543,0.222483
arm_k_nll_l1,mid,212,Normal,32.8677,0.922669,0.251754
arm_k_nll_l1,mid,213,Normal,32.7961,0.918822,0.268117
arm_k_nll_l1,mid,214,Normal,31.9493,0.90805,0.24709
arm_k_nll_l1,mid,215,Normal,31.8206,0.887755,0.313612
arm_k_nll_l1,mid,216,Normal,31.4461,0.912158,0.247839
arm_k_nll_l1,mid,217,Normal,33.0764,0.908706,0.33099
arm_k_nll_l1,mid,218,Normal,31.5654,0.894379,0.282178
arm_k_nll_l1,mid,219,Normal,31.9851,0.914227,0.245923
arm_k_nll_l1,mid,220,Normal,33.8525,0.919041,0.286803
arm_k_nll_l1,mid,221,Normal,32.6104,0.923422,0.208329
arm_k_nll_l1,mid,222,Normal,31.8585,0.910583,0.226257
arm_k_nll_l1,mid,223,Normal,31.5642,0.905922,0.286128
arm_k_nll_l1,mid,224,Normal,32.7562,0.924463,0.207872
arm_k_nll_l1,mid,225,Normal,30.7558,0.876063,0.314878
arm_k_nll_l1,mid,226,Normal,33.0423,0.920623,0.246196
arm_k_nll_l1,mid,227,Normal,31.3348,0.913732,0.251099
arm_k_nll_l1,mid,228,Normal,33.6182,0.920694,0.22793
arm_k_nll_l1,mid,229,Normal,31.8891,0.917461,0.228826
arm_k_nll_l1,mid,230,Normal,31.6742,0.913099,0.262416
arm_k_nll_l1,mid,231,Normal,31.757,0.900489,0.275174
arm_k_nll_l1,mid,232,Normal,33.1044,0.921688,0.242872
arm_k_nll_l1,mid,233,Normal,32.4613,0.913621,0.264017
arm_k_nll_l1,mid,234,Bacterial,33.7508,0.914502,0.342014
arm_k_nll_l1,mid,235,Bacterial,31.9578,0.9043,0.321024
arm_k_nll_l1,mid,236,Bacterial,33.9247,0.918569,0.306084
arm_k_nll_l1,mid,237,Bacterial,33.6393,0.913223,0.318111
arm_k_nll_l1,mid,238,Bacterial,34.4081,0.913958,0.356548
arm_k_nll_l1,mid,239,Bacterial,33.4324,0.920731,0.299406
arm_k_nll_l1,mid,240,Bacterial,33.7955,0.911967,0.32179
arm_k_nll_l1,mid,241,Bacterial,32.6218,0.904754,0.34856
arm_k_nll_l1,mid,242,Bacterial,33.9356,0.914486,0.314017
arm_k_nll_l1,mid,243,Bacterial,32.7292,0.901326,0.347805
arm_k_nll_l1,mid,244,Bacterial,31.5798,0.896399,0.253674
arm_k_nll_l1,mid,245,Bacterial,32.6266,0.920034,0.25132
arm_k_nll_l1,mid,246,Bacterial,33.0452,0.924041,0.29158
arm_k_nll_l1,mid,247,Bacterial,32.6972,0.917475,0.297485
arm_k_nll_l1,mid,248,Bacterial,34.3153,0.919603,0.278993
arm_k_nll_l1,mid,249,Bacterial,34.6525,0.921289,0.330625
arm_k_nll_l1,mid,250,Bacterial,33.9223,0.902935,0.335044
arm_k_nll_l1,mid,251,Bacterial,31.9515,0.908751,0.241763
arm_k_nll_l1,mid,252,Bacterial,34.2351,0.90723,0.340906
arm_k_nll_l1,mid,253,Bacterial,33.2176,0.915504,0.334873
arm_k_nll_l1,mid,254,Bacterial,32.2609,0.903527,0.263129
arm_k_nll_l1,mid,255,Bacterial,32.7725,0.91142,0.28659
arm_k_nll_l1,mid,256,Bacterial,32.1375,0.901571,0.300955
arm_k_nll_l1,mid,257,Bacterial,33.2928,0.916279,0.314016
arm_k_nll_l1,mid,258,Bacterial,33.3429,0.898954,0.352665
arm_k_nll_l1,mid,259,Bacterial,33.5402,0.916163,0.325729
arm_k_nll_l1,mid,260,Bacterial,33.6037,0.923292,0.302832
arm_k_nll_l1,mid,261,Bacterial,31.6485,0.906447,0.228758
arm_k_nll_l1,mid,262,Bacterial,34.774,0.919069,0.311506
arm_k_nll_l1,mid,263,Bacterial,34.4622,0.922805,0.315678
arm_k_nll_l1,mid,264,Bacterial,34.4079,0.913469,0.30772
arm_k_nll_l1,mid,265,Bacterial,34.4696,0.92197,0.329139
arm_k_nll_l1,mid,266,Bacterial,34.15,0.913906,0.318504
arm_k_nll_l1,mid,267,Bacterial,32.8292,0.901916,0.310983
arm_k_nll_l1,mid,268,Bacterial,33.9242,0.907559,0.346831
arm_k_nll_l1,mid,269,Bacterial,33.7713,0.921587,0.303988
arm_k_nll_l1,mid,270,Bacterial,34.388,0.93273,0.275092
arm_k_nll_l1,mid,271,Bacterial,33.8546,0.923555,0.251462
arm_k_nll_l1,mid,272,Bacterial,34.2547,0.926849,0.320488
arm_k_nll_l1,mid,273,Bacterial,34.1613,0.919104,0.315505
arm_k_nll_l1,mid,274,Bacterial,32.6566,0.906591,0.287789
arm_k_nll_l1,mid,275,Bacterial,31.9051,0.900914,0.329142
arm_k_nll_l1,mid,276,Bacterial,31.3365,0.901428,0.235374
arm_k_nll_l1,mid,277,Bacterial,32.9165,0.899977,0.339878
arm_k_nll_l1,mid,278,Bacterial,33.2341,0.906302,0.328126
arm_k_nll_l1,mid,279,Bacterial,33.1417,0.912251,0.294996
arm_k_nll_l1,mid,280,Bacterial,34.0631,0.912207,0.295904
arm_k_nll_l1,mid,281,Bacterial,33.1272,0.892677,0.337301
arm_k_nll_l1,mid,282,Bacterial,32.3722,0.900554,0.323989
arm_k_nll_l1,mid,283,Bacterial,33.5475,0.906032,0.324306
arm_k_nll_l1,mid,284,Bacterial,31.7461,0.899083,0.367209
arm_k_nll_l1,mid,285,Bacterial,34.3885,0.911495,0.3556
arm_k_nll_l1,mid,286,Bacterial,32.6536,0.916438,0.313137
arm_k_nll_l1,mid,287,Bacterial,32.584,0.907894,0.310291
arm_k_nll_l1,mid,288,Bacterial,34.1724,0.918655,0.301977
arm_k_nll_l1,mid,289,Bacterial,32.9332,0.900776,0.311163
arm_k_nll_l1,mid,290,Bacterial,34.3086,0.919276,0.31709
arm_k_nll_l1,mid,291,Bacterial,33.0629,0.907658,0.324921
arm_k_nll_l1,mid,292,Bacterial,32.6283,0.908449,0.258774
arm_k_nll_l1,mid,293,Bacterial,34.388,0.920736,0.29669
arm_k_nll_l1,mid,294,Bacterial,33.5818,0.918138,0.297794
arm_k_nll_l1,mid,295,Bacterial,32.4887,0.913141,0.284133
arm_k_nll_l1,mid,296,Bacterial,33.8674,0.92033,0.298679
arm_k_nll_l1,mid,297,Bacterial,33.1614,0.918359,0.290923
arm_k_nll_l1,mid,298,Bacterial,31.2879,0.890282,0.323769
arm_k_nll_l1,mid,299,Bacterial,31.8049,0.901252,0.331245
arm_k_nll_l1,mid,300,Bacterial,31.5305,0.904118,0.297452
arm_k_nll_l1,mid,301,Bacterial,31.3851,0.897301,0.255105
arm_k_nll_l1,mid,302,Bacterial,32.7586,0.908131,0.272796
arm_k_nll_l1,mid,303,Bacterial,32.2774,0.916619,0.328019
arm_k_nll_l1,mid,304,Bacterial,33.4114,0.912829,0.324481
arm_k_nll_l1,mid,305,Bacterial,34.261,0.917415,0.305795
arm_k_nll_l1,mid,306,Bacterial,32.9522,0.915239,0.317037
arm_k_nll_l1,mid,307,Bacterial,32.7974,0.91558,0.316442
arm_k_nll_l1,mid,308,Bacterial,32.5934,0.908176,0.280595
arm_k_nll_l1,mid,309,Bacterial,32.9349,0.913313,0.28233
arm_k_nll_l1,mid,310,Bacterial,31.3973,0.903463,0.245657
arm_k_nll_l1,mid,311,Bacterial,32.8482,0.908468,0.304751
arm_k_nll_l1,mid,312,Bacterial,31.8267,0.911838,0.274798
arm_k_nll_l1,mid,313,Bacterial,33.5443,0.906329,0.351162
arm_k_nll_l1,mid,314,Bacterial,32.5152,0.901494,0.266532
arm_k_nll_l1,mid,315,Bacterial,34.66,0.929015,0.333105
arm_k_nll_l1,mid,316,Bacterial,34.1887,0.919356,0.339174
arm_k_nll_l1,mid,317,Bacterial,34.0658,0.913852,0.366242
arm_k_nll_l1,mid,318,Bacterial,33.6046,0.914589,0.315119
arm_k_nll_l1,mid,319,Bacterial,33.5115,0.903398,0.318434
arm_k_nll_l1,mid,320,Bacterial,34.0253,0.906431,0.350574
arm_k_nll_l1,mid,321,Bacterial,31.3902,0.910692,0.29039
arm_k_nll_l1,mid,322,Bacterial,32.5485,0.910388,0.309241
arm_k_nll_l1,mid,323,Bacterial,32.4953,0.918066,0.261777
arm_k_nll_l1,mid,324,Bacterial,31.7471,0.914622,0.269641
arm_k_nll_l1,mid,325,Bacterial,31.5071,0.912149,0.254708
arm_k_nll_l1,mid,326,Bacterial,32.7903,0.916443,0.299421
arm_k_nll_l1,mid,327,Bacterial,33.6087,0.921273,0.285638
arm_k_nll_l1,mid,328,Bacterial,33.8219,0.923472,0.306158
arm_k_nll_l1,mid,329,Bacterial,33.224,0.924068,0.197618
arm_k_nll_l1,mid,330,Bacterial,34.5536,0.910844,0.330008
arm_k_nll_l1,mid,331,Bacterial,33.7391,0.924466,0.285871
arm_k_nll_l1,mid,332,Bacterial,34.5587,0.922156,0.311547
arm_k_nll_l1,mid,333,Bacterial,34.3965,0.925168,0.304357
arm_k_nll_l1,mid,334,Bacterial,34.6198,0.928313,0.296782
arm_k_nll_l1,mid,335,Bacterial,32.2117,0.906402,0.281289
arm_k_nll_l1,mid,336,Bacterial,34.2229,0.921463,0.294266
arm_k_nll_l1,mid,337,Bacterial,33.2602,0.908737,0.312683
arm_k_nll_l1,mid,338,Bacterial,33.9892,0.912036,0.327548
arm_k_nll_l1,mid,339,Bacterial,32.3657,0.908926,0.24174
arm_k_nll_l1,mid,340,Bacterial,34.1288,0.916547,0.300534
arm_k_nll_l1,mid,341,Bacterial,33.2116,0.919776,0.301965
arm_k_nll_l1,mid,342,Bacterial,33.176,0.915147,0.306383
arm_k_nll_l1,mid,343,Bacterial,33.6617,0.913213,0.338504
arm_k_nll_l1,mid,344,Bacterial,34.3443,0.923806,0.317278
arm_k_nll_l1,mid,345,Bacterial,32.9043,0.912494,0.345149
arm_k_nll_l1,mid,346,Bacterial,32.0678,0.9033,0.318215
arm_k_nll_l1,mid,347,Bacterial,33.8158,0.920376,0.319517
arm_k_nll_l1,mid,348,Bacterial,33.3543,0.906535,0.329391
arm_k_nll_l1,mid,349,Bacterial,34.5961,0.923978,0.314329
arm_k_nll_l1,mid,350,Bacterial,34.9043,0.923469,0.343496
arm_k_nll_l1,mid,351,Bacterial,32.007,0.911844,0.260771
arm_k_nll_l1,mid,352,Bacterial,34.0155,0.919727,0.302654
arm_k_nll_l1,mid,353,Bacterial,33.4796,0.922908,0.287302
arm_k_nll_l1,mid,354,Bacterial,34.5865,0.912154,0.355629
arm_k_nll_l1,mid,355,Bacterial,33.9262,0.91423,0.288488
arm_k_nll_l1,mid,356,Bacterial,33.6119,0.912771,0.294838
arm_k_nll_l1,mid,357,Bacterial,34.0126,0.911446,0.30605
arm_k_nll_l1,mid,358,Bacterial,33.7892,0.910108,0.363184
arm_k_nll_l1,mid,359,Bacterial,32.7926,0.914382,0.227993
arm_k_nll_l1,mid,360,Bacterial,33.1739,0.918158,0.301139
arm_k_nll_l1,mid,361,Bacterial,34.2375,0.920439,0.29725
arm_k_nll_l1,mid,362,Bacterial,33.7713,0.922035,0.33303
arm_k_nll_l1,mid,363,Bacterial,32.8798,0.931917,0.253227
arm_k_nll_l1,mid,364,Bacterial,34.491,0.921754,0.285809
arm_k_nll_l1,mid,365,Bacterial,31.4083,0.909713,0.277278
arm_k_nll_l1,mid,366,Bacterial,34.0746,0.920988,0.32317
arm_k_nll_l1,mid,367,Bacterial,32.7127,0.918185,0.221383
arm_k_nll_l1,mid,368,Bacterial,33.2546,0.907362,0.299641
arm_k_nll_l1,mid,369,Bacterial,32.208,0.907592,0.241453
arm_k_nll_l1,mid,370,Bacterial,31.0107,0.905202,0.23756
arm_k_nll_l1,mid,371,Bacterial,33.6285,0.919523,0.282168
arm_k_nll_l1,mid,372,Bacterial,32.7483,0.897775,0.372929
arm_k_nll_l1,mid,373,Bacterial,33.6349,0.91561,0.309856
arm_k_nll_l1,mid,374,Bacterial,32.6369,0.909818,0.299599
arm_k_nll_l1,mid,375,Bacterial,33.2643,0.916252,0.316015
arm_k_nll_l1,mid,376,Bacterial,32.0553,0.914657,0.309211
arm_k_nll_l1,mid,377,Bacterial,33.2889,0.915269,0.323674
arm_k_nll_l1,mid,378,Bacterial,32.5815,0.909219,0.232158
arm_k_nll_l1,mid,379,Bacterial,33.2002,0.918128,0.293468
arm_k_nll_l1,mid,380,Bacterial,33.7092,0.927609,0.295034
arm_k_nll_l1,mid,381,Bacterial,31.3361,0.906097,0.24454
arm_k_nll_l1,mid,382,Bacterial,32.9166,0.910144,0.301108
arm_k_nll_l1,mid,383,Bacterial,31.8167,0.897892,0.281356
arm_k_nll_l1,mid,384,Bacterial,31.4266,0.904471,0.228055
arm_k_nll_l1,mid,385,Bacterial,31.1585,0.904666,0.264487
arm_k_nll_l1,mid,386,Bacterial,33.7594,0.922772,0.272694
arm_k_nll_l1,mid,387,Bacterial,33.7352,0.925051,0.259123
arm_k_nll_l1,mid,388,Bacterial,32.3359,0.923661,0.185782
arm_k_nll_l1,mid,389,Bacterial,31.3769,0.90509,0.266735
arm_k_nll_l1,mid,390,Bacterial,33.4703,0.913889,0.268798
arm_k_nll_l1,mid,391,Bacterial,31.9924,0.904794,0.364808
arm_k_nll_l1,mid,392,Bacterial,33.4754,0.914393,0.326529
arm_k_nll_l1,mid,393,Bacterial,33.545,0.910626,0.337778
arm_k_nll_l1,mid,394,Bacterial,33.7531,0.920904,0.309682
arm_k_nll_l1,mid,395,Bacterial,33.448,0.914067,0.301443
arm_k_nll_l1,mid,396,Bacterial,31.6483,0.885647,0.324284
arm_k_nll_l1,mid,397,Bacterial,34.9635,0.910456,0.345569
arm_k_nll_l1,mid,398,Bacterial,34.1834,0.910106,0.355127
arm_k_nll_l1,mid,399,Bacterial,32.2811,0.911205,0.319946
arm_k_nll_l1,mid,400,Bacterial,32.7779,0.907694,0.298543
arm_k_nll_l1,mid,401,Bacterial,31.6035,0.899836,0.257661
arm_k_nll_l1,mid,402,Bacterial,34.0201,0.912078,0.335871
arm_k_nll_l1,mid,403,Bacterial,32.91,0.918978,0.292376
arm_k_nll_l1,mid,404,Bacterial,32.958,0.903299,0.307015
arm_k_nll_l1,mid,405,Bacterial,32.8825,0.912575,0.29359
arm_k_nll_l1,mid,406,Bacterial,35.1611,0.927588,0.292544
arm_k_nll_l1,mid,407,Bacterial,32.8317,0.91537,0.308639
arm_k_nll_l1,mid,408,Bacterial,33.2014,0.917294,0.277614
arm_k_nll_l1,mid,409,Bacterial,32.466,0.907111,0.266035
arm_k_nll_l1,mid,410,Bacterial,31.3519,0.900302,0.260507
arm_k_nll_l1,mid,411,Bacterial,32.8183,0.899712,0.308252
arm_k_nll_l1,mid,412,Bacterial,33.579,0.90662,0.323025
arm_k_nll_l1,mid,413,Bacterial,31.4818,0.892403,0.245775
arm_k_nll_l1,mid,414,Bacterial,34.3696,0.91472,0.320471
arm_k_nll_l1,mid,415,Bacterial,33.2446,0.907833,0.352352
arm_k_nll_l1,mid,416,Bacterial,34.8953,0.92223,0.322576
arm_k_nll_l1,mid,417,Bacterial,33.5934,0.907532,0.275609
arm_k_nll_l1,mid,418,Bacterial,34.2407,0.922156,0.27953
arm_k_nll_l1,mid,419,Bacterial,33.0581,0.920616,0.229669
arm_k_nll_l1,mid,420,Bacterial,33.4551,0.923802,0.288584
arm_k_nll_l1,mid,421,Bacterial,33.016,0.91704,0.296297
arm_k_nll_l1,mid,422,Bacterial,32.8211,0.906157,0.319016
arm_k_nll_l1,mid,423,Bacterial,33.3674,0.918816,0.330269
arm_k_nll_l1,mid,424,Bacterial,33.2512,0.916857,0.33906
arm_k_nll_l1,mid,425,Bacterial,34.1504,0.913678,0.31901
arm_k_nll_l1,mid,426,Bacterial,35.4963,0.920252,0.343791
arm_k_nll_l1,mid,427,Bacterial,35.0579,0.914968,0.382196
arm_k_nll_l1,mid,428,Bacterial,34.3789,0.918477,0.371303
arm_k_nll_l1,mid,429,Bacterial,32.0782,0.910422,0.266585
arm_k_nll_l1,mid,430,Bacterial,34.5263,0.924579,0.290523
arm_k_nll_l1,mid,431,Bacterial,34.4871,0.907142,0.359093
arm_k_nll_l1,mid,432,Bacterial,34.229,0.920749,0.296911
arm_k_nll_l1,mid,433,Bacterial,32.646,0.899966,0.328644
arm_k_nll_l1,mid,434,Bacterial,33.5473,0.915381,0.287154
arm_k_nll_l1,mid,435,Bacterial,32.8556,0.914996,0.281821
arm_k_nll_l1,mid,436,Bacterial,32.2023,0.91324,0.203932
arm_k_nll_l1,mid,437,Bacterial,34.5761,0.914861,0.281258
arm_k_nll_l1,mid,438,Bacterial,31.9819,0.894576,0.329863
arm_k_nll_l1,mid,439,Bacterial,33.2185,0.908897,0.322218
arm_k_nll_l1,mid,440,Bacterial,32.3446,0.910263,0.296162
arm_k_nll_l1,mid,441,Bacterial,31.9638,0.906869,0.274607
arm_k_nll_l1,mid,442,Bacterial,34.0172,0.920926,0.300908
arm_k_nll_l1,mid,443,Bacterial,34.1412,0.918426,0.314559
arm_k_nll_l1,mid,444,Bacterial,33.4492,0.916943,0.271404
arm_k_nll_l1,mid,445,Bacterial,33.5283,0.912062,0.341925
arm_k_nll_l1,mid,446,Bacterial,33.2991,0.913096,0.330935
arm_k_nll_l1,mid,447,Bacterial,34.3034,0.90949,0.340835
arm_k_nll_l1,mid,448,Bacterial,34.2893,0.922432,0.357696
arm_k_nll_l1,mid,449,Bacterial,32.2804,0.902532,0.28024
arm_k_nll_l1,mid,450,Bacterial,32.8631,0.912899,0.305157
arm_k_nll_l1,mid,451,Bacterial,31.5615,0.901756,0.237419
arm_k_nll_l1,mid,452,Bacterial,32.5899,0.912708,0.30931
arm_k_nll_l1,mid,453,Bacterial,34.0716,0.919491,0.306971
arm_k_nll_l1,mid,454,Bacterial,32.678,0.919781,0.296019
arm_k_nll_l1,mid,455,Bacterial,34.3993,0.922762,0.335247
arm_k_nll_l1,mid,456,Bacterial,31.2239,0.899936,0.297357
arm_k_nll_l1,mid,457,Bacterial,34.0433,0.917456,0.336203
arm_k_nll_l1,mid,458,Bacterial,34.3292,0.924631,0.294281
arm_k_nll_l1,mid,459,Bacterial,34.752,0.917623,0.340254
arm_k_nll_l1,mid,460,Bacterial,33.2385,0.915629,0.290698
arm_k_nll_l1,mid,461,Bacterial,33.013,0.9167,0.266112
arm_k_nll_l1,mid,462,Bacterial,32.3463,0.907884,0.255814
arm_k_nll_l1,mid,463,Bacterial,34.2489,0.915548,0.320414
arm_k_nll_l1,mid,464,Bacterial,32.8126,0.907477,0.302681
arm_k_nll_l1,mid,465,Bacterial,34.1381,0.921282,0.30638
arm_k_nll_l1,mid,466,Bacterial,33.2011,0.910363,0.30854
arm_k_nll_l1,mid,467,Bacterial,33.4194,0.903958,0.364461
arm_k_nll_l1,mid,468,Bacterial,33.575,0.920385,0.291923
arm_k_nll_l1,mid,469,Bacterial,34.3331,0.907637,0.32158
arm_k_nll_l1,mid,470,Bacterial,33.1932,0.908705,0.326486
arm_k_nll_l1,mid,471,Bacterial,32.3023,0.905012,0.250593
arm_k_nll_l1,mid,472,Bacterial,32.8777,0.914454,0.224933
arm_k_nll_l1,mid,473,Bacterial,30.6493,0.897131,0.330088
arm_k_nll_l1,mid,474,Bacterial,32.1778,0.915484,0.287213
arm_k_nll_l1,mid,475,Bacterial,31.3033,0.896818,0.263823
arm_k_nll_l1,mid,476,Viral,32.4625,0.917311,0.309439
arm_k_nll_l1,mid,477,Viral,32.7759,0.921032,0.288814
arm_k_nll_l1,mid,478,Viral,32.8317,0.925117,0.277586
arm_k_nll_l1,mid,479,Viral,33.4541,0.914316,0.283514
arm_k_nll_l1,mid,480,Viral,34.3232,0.912265,0.352949
arm_k_nll_l1,mid,481,Viral,32.8062,0.92097,0.316463
arm_k_nll_l1,mid,482,Viral,31.8288,0.897879,0.263391
arm_k_nll_l1,mid,483,Viral,33.4181,0.909012,0.327476
arm_k_nll_l1,mid,484,Viral,33.0954,0.910958,0.34533
arm_k_nll_l1,mid,485,Viral,33.0216,0.914383,0.322269
arm_k_nll_l1,mid,486,Viral,33.6797,0.903742,0.366603
arm_k_nll_l1,mid,487,Viral,33.4828,0.913018,0.29667
arm_k_nll_l1,mid,488,Viral,32.5967,0.920017,0.259596
arm_k_nll_l1,mid,489,Viral,33.4212,0.919874,0.286916
arm_k_nll_l1,mid,490,Viral,33.0789,0.911289,0.33726
arm_k_nll_l1,mid,491,Viral,32.6761,0.914031,0.30667
arm_k_nll_l1,mid,492,Viral,32.3681,0.913074,0.321414
arm_k_nll_l1,mid,493,Viral,33.0204,0.916088,0.294623
arm_k_nll_l1,mid,494,Viral,32.9316,0.915335,0.301804
arm_k_nll_l1,mid,495,Viral,32.0501,0.911691,0.297048
arm_k_nll_l1,mid,496,Viral,33.4637,0.912414,0.316937
arm_k_nll_l1,mid,497,Viral,32.5167,0.921809,0.238067
arm_k_nll_l1,mid,498,Viral,33.9674,0.926422,0.296345
arm_k_nll_l1,mid,499,Viral,33.859,0.910681,0.279331
arm_k_nll_l1,mid,500,Viral,32.39,0.903708,0.343102
arm_k_nll_l1,mid,501,Viral,31.8221,0.91115,0.252843
arm_k_nll_l1,mid,502,Viral,32.7093,0.916998,0.29368
arm_k_nll_l1,mid,503,Viral,32.0946,0.918358,0.274879
arm_k_nll_l1,mid,504,Viral,32.386,0.911143,0.289897
arm_k_nll_l1,mid,505,Viral,33.6086,0.923696,0.250098
arm_k_nll_l1,mid,506,Viral,32.46,0.901953,0.310512
arm_k_nll_l1,mid,507,Viral,31.6315,0.899472,0.262071
arm_k_nll_l1,mid,508,Viral,33.7341,0.914779,0.342961
arm_k_nll_l1,mid,509,Viral,31.9521,0.904562,0.30871
arm_k_nll_l1,mid,510,Viral,30.4692,0.905485,0.269833
arm_k_nll_l1,mid,511,Viral,32.4818,0.918773,0.269036
arm_k_nll_l1,mid,512,Viral,34.2844,0.922951,0.290193
arm_k_nll_l1,mid,513,Viral,31.8555,0.916034,0.288101
arm_k_nll_l1,mid,514,Viral,31.779,0.914996,0.23952
arm_k_nll_l1,mid,515,Viral,33.2833,0.915433,0.287047
arm_k_nll_l1,mid,516,Viral,33.7342,0.919697,0.280506
arm_k_nll_l1,mid,517,Viral,31.8024,0.911462,0.313762
arm_k_nll_l1,mid,518,Viral,31.9934,0.908373,0.220907
arm_k_nll_l1,mid,519,Viral,33.7554,0.940529,0.220112
arm_k_nll_l1,mid,520,Viral,33.3028,0.92308,0.28761
arm_k_nll_l1,mid,521,Viral,32.7073,0.919333,0.256594
arm_k_nll_l1,mid,522,Viral,33.6993,0.922949,0.26933
arm_k_nll_l1,mid,523,Viral,33.8295,0.926999,0.297636
arm_k_nll_l1,mid,524,Viral,34.0556,0.924773,0.324277
arm_k_nll_l1,mid,525,Viral,34.0048,0.926874,0.275055
arm_k_nll_l1,mid,526,Viral,33.4614,0.91447,0.330672
arm_k_nll_l1,mid,527,Viral,33.3026,0.907271,0.349438
arm_k_nll_l1,mid,528,Viral,33.1737,0.91616,0.298304
arm_k_nll_l1,mid,529,Viral,31.5174,0.885375,0.317333
arm_k_nll_l1,mid,530,Viral,33.0786,0.913825,0.318482
arm_k_nll_l1,mid,531,Viral,32.8278,0.91965,0.268564
arm_k_nll_l1,mid,532,Viral,32.766,0.916327,0.311641
arm_k_nll_l1,mid,533,Viral,32.3767,0.913842,0.266601
arm_k_nll_l1,mid,534,Viral,31.167,0.909374,0.312836
arm_k_nll_l1,mid,535,Viral,32.2442,0.916232,0.2729
arm_k_nll_l1,mid,536,Viral,33.9214,0.907933,0.329419
arm_k_nll_l1,mid,537,Viral,32.634,0.913763,0.331646
arm_k_nll_l1,mid,538,Viral,34.0816,0.915892,0.358677
arm_k_nll_l1,mid,539,Viral,32.765,0.920054,0.243365
arm_k_nll_l1,mid,540,Viral,33.1555,0.915798,0.28624
arm_k_nll_l1,mid,541,Viral,32.2561,0.914699,0.303501
arm_k_nll_l1,mid,542,Viral,34.1163,0.925902,0.261575
arm_k_nll_l1,mid,543,Viral,34.868,0.922997,0.316644
arm_k_nll_l1,mid,544,Viral,31.8145,0.910201,0.266986
arm_k_nll_l1,mid,545,Viral,31.8108,0.912736,0.275387
arm_k_nll_l1,mid,546,Viral,33.8655,0.915215,0.315062
arm_k_nll_l1,mid,547,Viral,33.6898,0.916588,0.319276
arm_k_nll_l1,mid,548,Viral,31.9244,0.90808,0.292997
arm_k_nll_l1,mid,549,Viral,35.3114,0.913886,0.343719
arm_k_nll_l1,mid,550,Viral,35.1046,0.913521,0.344116
arm_k_nll_l1,mid,551,Viral,32.7754,0.913688,0.292514
arm_k_nll_l1,mid,552,Viral,33.6587,0.927234,0.29744
arm_k_nll_l1,mid,553,Viral,34.1483,0.917429,0.280393
arm_k_nll_l1,mid,554,Viral,32.6485,0.91737,0.298708
arm_k_nll_l1,mid,555,Viral,31.9515,0.917922,0.261544
arm_k_nll_l1,mid,556,Viral,32.9321,0.911313,0.279731
arm_k_nll_l1,mid,557,Viral,33.4401,0.906987,0.296628
arm_k_nll_l1,mid,558,Viral,32.7097,0.914954,0.289979
arm_k_nll_l1,mid,559,Viral,33.8639,0.914883,0.346699
arm_k_nll_l1,mid,560,Viral,34.0462,0.927969,0.275254
arm_k_nll_l1,mid,561,Viral,32.4973,0.911262,0.273119
arm_k_nll_l1,mid,562,Viral,32.8363,0.916383,0.288696
arm_k_nll_l1,mid,563,Viral,32.9299,0.916606,0.272975
arm_k_nll_l1,mid,564,Viral,33.107,0.920653,0.296248
arm_k_nll_l1,mid,565,Viral,33.5652,0.918487,0.321626
arm_k_nll_l1,mid,566,Viral,32.2275,0.916844,0.309206
arm_k_nll_l1,mid,567,Viral,32.6894,0.922123,0.286295
arm_k_nll_l1,mid,568,Viral,32.579,0.913303,0.294138
arm_k_nll_l1,mid,569,Viral,32.8434,0.914541,0.315686
arm_k_nll_l1,mid,570,Viral,32.158,0.916235,0.271976
arm_k_nll_l1,mid,571,Viral,33.4249,0.920152,0.269562
arm_k_nll_l1,mid,572,Viral,32.5446,0.904331,0.334889
arm_k_nll_l1,mid,573,Viral,33.0179,0.915793,0.267357
arm_k_nll_l1,mid,574,Viral,34.608,0.934645,0.322589
arm_k_nll_l1,mid,575,Viral,33.4509,0.920788,0.281941
arm_k_nll_l1,mid,576,Viral,32.8473,0.918779,0.301979
arm_k_nll_l1,mid,577,Viral,32.1615,0.918385,0.303233
arm_k_nll_l1,mid,578,Viral,33.9579,0.929258,0.2511
arm_k_nll_l1,mid,579,Viral,32.4939,0.919671,0.238021
arm_k_nll_l1,mid,580,Viral,32.5055,0.919618,0.294758
arm_k_nll_l1,mid,581,Viral,32.4501,0.917088,0.262076
arm_k_nll_l1,mid,582,Viral,32.9108,0.914026,0.288443
arm_k_nll_l1,mid,583,Viral,33.3592,0.914235,0.293485
arm_k_nll_l1,mid,584,Viral,34.0634,0.916325,0.318551
arm_k_nll_l1,mid,585,Viral,34.04,0.929289,0.283085
arm_k_nll_l1,mid,586,Viral,33.4645,0.909293,0.309126
arm_k_nll_l1,mid,587,Viral,33.7906,0.903392,0.322432
arm_k_nll_l1,mid,588,Viral,32.5551,0.906337,0.314477
arm_k_nll_l1,mid,589,Viral,30.4466,0.899089,0.221122
arm_k_nll_l1,mid,590,Viral,32.2993,0.912668,0.288373
arm_k_nll_l1,mid,591,Viral,31.9428,0.918737,0.257276
arm_k_nll_l1,mid,592,Viral,32.2258,0.919848,0.241946
arm_k_nll_l1,mid,593,Viral,34.1516,0.898818,0.289114
arm_k_nll_l1,mid,594,Viral,34.0849,0.925609,0.306972
arm_k_nll_l1,mid,595,Viral,33.8442,0.917466,0.278227
arm_k_nll_l1,mid,596,Viral,33.334,0.919747,0.336121
arm_k_nll_l1,mid,597,Viral,33.2574,0.922505,0.27709
arm_k_nll_l1,mid,598,Viral,31.6199,0.908115,0.317628
arm_k_nll_l1,mid,599,Viral,32.0019,0.918302,0.242156
arm_k_nll_l1,mid,600,Viral,33.0242,0.910128,0.314157
arm_k_nll_l1,mid,601,Viral,33.5724,0.924083,0.301443
arm_k_nll_l1,mid,602,Viral,32.2763,0.913225,0.299035
arm_k_nll_l1,mid,603,Viral,32.4469,0.924225,0.264462
arm_k_nll_l1,mid,604,Viral,32.8062,0.922798,0.271031
arm_k_nll_l1,mid,605,Viral,34.0579,0.921337,0.295966
arm_k_nll_l1,mid,606,Viral,33.5117,0.919119,0.305569
arm_k_nll_l1,mid,607,Viral,33.6579,0.924025,0.292634
arm_k_nll_l1,mid,608,Viral,34.0362,0.926946,0.298126
arm_k_nll_l1,mid,609,Viral,33.8757,0.926592,0.307929
arm_k_nll_l1,mid,610,Viral,34.1426,0.923294,0.297561
arm_k_nll_l1,mid,611,Viral,32.0608,0.916304,0.288202
arm_k_nll_l1,mid,612,Viral,31.6709,0.908868,0.298524
arm_k_nll_l1,mid,613,Viral,32.7104,0.918247,0.305937
arm_k_nll_l1,mid,614,Viral,33.802,0.925662,0.293414
arm_k_nll_l1,mid,615,Viral,33.9522,0.914396,0.298075
arm_k_nll_l1,mid,616,Viral,33.5997,0.917617,0.291846
arm_k_nll_l1,mid,617,Viral,32.9998,0.9115,0.330815
arm_k_nll_l1,mid,618,Viral,32.2569,0.910553,0.310024
arm_k_nll_l1,mid,619,Viral,32.9272,0.917644,0.275651
arm_k_nll_l1,mid,620,Viral,32.4459,0.919039,0.275636
arm_k_nll_l1,mid,621,Viral,35.2951,0.929055,0.341087
arm_k_nll_l1,mid,622,Viral,33.1972,0.917661,0.289132
arm_k_nll_l1,mid,623,Viral,33.4635,0.92308,0.268869
arm_l_nll_edge_ffl,mid,0,Normal,32.373,0.91603,0.236727
arm_l_nll_edge_ffl,mid,1,Normal,31.071,0.894103,0.280884
arm_l_nll_edge_ffl,mid,2,Normal,31.84,0.910207,0.239222
arm_l_nll_edge_ffl,mid,3,Normal,32.567,0.926246,0.225946
arm_l_nll_edge_ffl,mid,4,Normal,31.8222,0.891904,0.311301
arm_l_nll_edge_ffl,mid,5,Normal,32.9191,0.92151,0.248511
arm_l_nll_edge_ffl,mid,6,Normal,32.346,0.914327,0.265957
arm_l_nll_edge_ffl,mid,7,Normal,32.7674,0.922386,0.273073
arm_l_nll_edge_ffl,mid,8,Normal,31.0169,0.913446,0.247521
arm_l_nll_edge_ffl,mid,9,Normal,31.0973,0.904895,0.277226
arm_l_nll_edge_ffl,mid,10,Normal,31.8339,0.92161,0.215211
arm_l_nll_edge_ffl,mid,11,Normal,31.7681,0.907523,0.276606
arm_l_nll_edge_ffl,mid,12,Normal,32.3517,0.902044,0.275483
arm_l_nll_edge_ffl,mid,13,Normal,33.5195,0.921105,0.262495
arm_l_nll_edge_ffl,mid,14,Normal,33.3971,0.943607,0.169422
arm_l_nll_edge_ffl,mid,15,Normal,31.3622,0.895926,0.306629
arm_l_nll_edge_ffl,mid,16,Normal,32.771,0.9152,0.298159
arm_l_nll_edge_ffl,mid,17,Normal,32.2383,0.904288,0.256376
arm_l_nll_edge_ffl,mid,18,Normal,32.0471,0.910288,0.225202
arm_l_nll_edge_ffl,mid,19,Normal,32.5911,0.918301,0.24961
arm_l_nll_edge_ffl,mid,20,Normal,33.6944,0.931473,0.220514
arm_l_nll_edge_ffl,mid,21,Normal,32.2968,0.916124,0.241118
arm_l_nll_edge_ffl,mid,22,Normal,32.8064,0.917258,0.241737
arm_l_nll_edge_ffl,mid,23,Normal,31.2784,0.880533,0.3648
arm_l_nll_edge_ffl,mid,24,Normal,31.8635,0.908561,0.259613
arm_l_nll_edge_ffl,mid,25,Normal,32.4092,0.917221,0.23664
arm_l_nll_edge_ffl,mid,26,Normal,30.8063,0.904075,0.242869
arm_l_nll_edge_ffl,mid,27,Normal,30.9801,0.897004,0.254613
arm_l_nll_edge_ffl,mid,28,Normal,32.8531,0.921634,0.264146
arm_l_nll_edge_ffl,mid,29,Normal,32.1784,0.909564,0.300522
arm_l_nll_edge_ffl,mid,30,Normal,31.2973,0.894942,0.284188
arm_l_nll_edge_ffl,mid,31,Normal,32.0752,0.91395,0.251665
arm_l_nll_edge_ffl,mid,32,Normal,31.1291,0.905537,0.255248
arm_l_nll_edge_ffl,mid,33,Normal,30.7197,0.89117,0.279673
arm_l_nll_edge_ffl,mid,34,Normal,30.4756,0.901946,0.245077
arm_l_nll_edge_ffl,mid,35,Normal,32.1367,0.914306,0.244677
arm_l_nll_edge_ffl,mid,36,Normal,33.0765,0.930756,0.210804
arm_l_nll_edge_ffl,mid,37,Normal,33.101,0.922368,0.314079
arm_l_nll_edge_ffl,mid,38,Normal,31.5885,0.914528,0.233737
arm_l_nll_edge_ffl,mid,39,Normal,30.4508,0.894422,0.258566
arm_l_nll_edge_ffl,mid,40,Normal,31.9398,0.910752,0.267587
arm_l_nll_edge_ffl,mid,41,Normal,32.4691,0.909785,0.292747
arm_l_nll_edge_ffl,mid,42,Normal,30.3448,0.89612,0.265516
arm_l_nll_edge_ffl,mid,43,Normal,31.8553,0.90546,0.227955
arm_l_nll_edge_ffl,mid,44,Normal,31.9558,0.900109,0.241728
arm_l_nll_edge_ffl,mid,45,Normal,31.3973,0.909544,0.257394
arm_l_nll_edge_ffl,mid,46,Normal,33.9809,0.910451,0.292173
arm_l_nll_edge_ffl,mid,47,Normal,30.916,0.903989,0.216748
arm_l_nll_edge_ffl,mid,48,Normal,31.523,0.911927,0.245018
arm_l_nll_edge_ffl,mid,49,Normal,31.7178,0.907462,0.239201
arm_l_nll_edge_ffl,mid,50,Normal,31.3679,0.90831,0.281767
arm_l_nll_edge_ffl,mid,51,Normal,32.517,0.914819,0.254084
arm_l_nll_edge_ffl,mid,52,Normal,32.0082,0.902487,0.271118
arm_l_nll_edge_ffl,mid,53,Normal,31.7034,0.916725,0.215454
arm_l_nll_edge_ffl,mid,54,Normal,32.1699,0.913639,0.268104
arm_l_nll_edge_ffl,mid,55,Normal,33.0224,0.917146,0.242641
arm_l_nll_edge_ffl,mid,56,Normal,33.6003,0.929376,0.274882
arm_l_nll_edge_ffl,mid,57,Normal,31.5513,0.89504,0.270266
arm_l_nll_edge_ffl,mid,58,Normal,31.438,0.912841,0.258106
arm_l_nll_edge_ffl,mid,59,Normal,32.0215,0.913445,0.263467
arm_l_nll_edge_ffl,mid,60,Normal,32.8643,0.918656,0.265952
arm_l_nll_edge_ffl,mid,61,Normal,32.654,0.924706,0.220903
arm_l_nll_edge_ffl,mid,62,Normal,32.0412,0.906739,0.286222
arm_l_nll_edge_ffl,mid,63,Normal,31.5365,0.913453,0.24202
arm_l_nll_edge_ffl,mid,64,Normal,32.2878,0.906534,0.259955
arm_l_nll_edge_ffl,mid,65,Normal,30.3704,0.906771,0.247226
arm_l_nll_edge_ffl,mid,66,Normal,30.7821,0.898217,0.279783
arm_l_nll_edge_ffl,mid,67,Normal,30.7027,0.89872,0.27189
arm_l_nll_edge_ffl,mid,68,Normal,30.5078,0.893463,0.273534
arm_l_nll_edge_ffl,mid,69,Normal,31.6279,0.900718,0.284181
arm_l_nll_edge_ffl,mid,70,Normal,33.2589,0.925527,0.263322
arm_l_nll_edge_ffl,mid,71,Normal,33.6103,0.914092,0.282128
arm_l_nll_edge_ffl,mid,72,Normal,32.7689,0.921962,0.268954
arm_l_nll_edge_ffl,mid,73,Normal,33.2738,0.922368,0.250426
arm_l_nll_edge_ffl,mid,74,Normal,32.5946,0.905514,0.339704
arm_l_nll_edge_ffl,mid,75,Normal,31.3691,0.904299,0.287422
arm_l_nll_edge_ffl,mid,76,Normal,31.207,0.896349,0.269345
arm_l_nll_edge_ffl,mid,77,Normal,31.6728,0.916007,0.209453
arm_l_nll_edge_ffl,mid,78,Normal,32.8002,0.917458,0.278975
arm_l_nll_edge_ffl,mid,79,Normal,31.8061,0.919672,0.233537
arm_l_nll_edge_ffl,mid,80,Normal,33.3386,0.913131,0.286414
arm_l_nll_edge_ffl,mid,81,Normal,32.4245,0.917439,0.253602
arm_l_nll_edge_ffl,mid,82,Normal,30.9652,0.902738,0.265685
arm_l_nll_edge_ffl,mid,83,Normal,31.4001,0.907645,0.242407
arm_l_nll_edge_ffl,mid,84,Normal,31.6484,0.917866,0.249082
arm_l_nll_edge_ffl,mid,85,Normal,34.0852,0.925624,0.275323
arm_l_nll_edge_ffl,mid,86,Normal,32.2507,0.915136,0.229291
arm_l_nll_edge_ffl,mid,87,Normal,32.3674,0.91371,0.245988
arm_l_nll_edge_ffl,mid,88,Normal,31.3916,0.917429,0.250298
arm_l_nll_edge_ffl,mid,89,Normal,32.3789,0.909661,0.274207
arm_l_nll_edge_ffl,mid,90,Normal,31.8893,0.916616,0.230169
arm_l_nll_edge_ffl,mid,91,Normal,31.2479,0.90546,0.233621
arm_l_nll_edge_ffl,mid,92,Normal,33.4029,0.931964,0.235256
arm_l_nll_edge_ffl,mid,93,Normal,31.2969,0.902764,0.290637
arm_l_nll_edge_ffl,mid,94,Normal,32.4942,0.917086,0.257144
arm_l_nll_edge_ffl,mid,95,Normal,31.1613,0.896224,0.261328
arm_l_nll_edge_ffl,mid,96,Normal,31.741,0.909628,0.252928
arm_l_nll_edge_ffl,mid,97,Normal,30.7402,0.90298,0.26952
arm_l_nll_edge_ffl,mid,98,Normal,31.3535,0.91145,0.23134
arm_l_nll_edge_ffl,mid,99,Normal,32.2029,0.922533,0.263993
arm_l_nll_edge_ffl,mid,100,Normal,32.5011,0.913515,0.264178
arm_l_nll_edge_ffl,mid,101,Normal,31.0957,0.906716,0.262052
arm_l_nll_edge_ffl,mid,102,Normal,32.3304,0.905662,0.218026
arm_l_nll_edge_ffl,mid,103,Normal,32.5001,0.910713,0.252458
arm_l_nll_edge_ffl,mid,104,Normal,31.2705,0.90843,0.229364
arm_l_nll_edge_ffl,mid,105,Normal,32.0132,0.92379,0.223551
arm_l_nll_edge_ffl,mid,106,Normal,32.4086,0.916079,0.240956
arm_l_nll_edge_ffl,mid,107,Normal,31.8729,0.912214,0.253747
arm_l_nll_edge_ffl,mid,108,Normal,30.9793,0.884804,0.294883
arm_l_nll_edge_ffl,mid,109,Normal,31.6328,0.90242,0.273422
arm_l_nll_edge_ffl,mid,110,Normal,32.0324,0.906086,0.25895
arm_l_nll_edge_ffl,mid,111,Normal,32.9104,0.900394,0.25406
arm_l_nll_edge_ffl,mid,112,Normal,30.4403,0.899972,0.259038
arm_l_nll_edge_ffl,mid,113,Normal,31.0328,0.890651,0.278273
arm_l_nll_edge_ffl,mid,114,Normal,31.6987,0.892804,0.28674
arm_l_nll_edge_ffl,mid,115,Normal,31.6627,0.914859,0.236311
arm_l_nll_edge_ffl,mid,116,Normal,30.9486,0.905369,0.221183
arm_l_nll_edge_ffl,mid,117,Normal,31.9775,0.920527,0.229309
arm_l_nll_edge_ffl,mid,118,Normal,31.8742,0.907919,0.249139
arm_l_nll_edge_ffl,mid,119,Normal,33.62,0.931235,0.250513
arm_l_nll_edge_ffl,mid,120,Normal,32.2825,0.930415,0.195028
arm_l_nll_edge_ffl,mid,121,Normal,32.4254,0.918694,0.233071
arm_l_nll_edge_ffl,mid,122,Normal,32.7317,0.928571,0.227202
arm_l_nll_edge_ffl,mid,123,Normal,32.5987,0.916866,0.236527
arm_l_nll_edge_ffl,mid,124,Normal,32.0379,0.907097,0.255431
arm_l_nll_edge_ffl,mid,125,Normal,31.1629,0.902996,0.257379
arm_l_nll_edge_ffl,mid,126,Normal,32.6497,0.916381,0.279933
arm_l_nll_edge_ffl,mid,127,Normal,31.0325,0.886374,0.308536
arm_l_nll_edge_ffl,mid,128,Normal,31.2007,0.906771,0.245902
arm_l_nll_edge_ffl,mid,129,Normal,32.1723,0.918423,0.223705
arm_l_nll_edge_ffl,mid,130,Normal,31.6393,0.915279,0.233708
arm_l_nll_edge_ffl,mid,131,Normal,31.5207,0.912959,0.248057
arm_l_nll_edge_ffl,mid,132,Normal,31.3079,0.912639,0.255184
arm_l_nll_edge_ffl,mid,133,Normal,31.6459,0.91299,0.257336
arm_l_nll_edge_ffl,mid,134,Normal,32.9369,0.91825,0.270954
arm_l_nll_edge_ffl,mid,135,Normal,32.4457,0.912852,0.22668
arm_l_nll_edge_ffl,mid,136,Normal,31.5744,0.917122,0.234915
arm_l_nll_edge_ffl,mid,137,Normal,31.2664,0.911137,0.230093
arm_l_nll_edge_ffl,mid,138,Normal,32.3702,0.91975,0.239511
arm_l_nll_edge_ffl,mid,139,Normal,30.784,0.899385,0.255565
arm_l_nll_edge_ffl,mid,140,Normal,31.3004,0.898931,0.261952
arm_l_nll_edge_ffl,mid,141,Normal,32.3263,0.912879,0.288478
arm_l_nll_edge_ffl,mid,142,Normal,30.816,0.894421,0.279332
arm_l_nll_edge_ffl,mid,143,Normal,32.9182,0.92349,0.238149
arm_l_nll_edge_ffl,mid,144,Normal,31.7564,0.919633,0.249581
arm_l_nll_edge_ffl,mid,145,Normal,31.1412,0.914353,0.214586
arm_l_nll_edge_ffl,mid,146,Normal,30.9677,0.901197,0.262411
arm_l_nll_edge_ffl,mid,147,Normal,31.357,0.897568,0.290578
arm_l_nll_edge_ffl,mid,148,Normal,32.4917,0.9186,0.247129
arm_l_nll_edge_ffl,mid,149,Normal,31.438,0.915021,0.233112
arm_l_nll_edge_ffl,mid,150,Normal,31.8022,0.900099,0.30025
arm_l_nll_edge_ffl,mid,151,Normal,31.1459,0.889876,0.312371
arm_l_nll_edge_ffl,mid,152,Normal,30.6629,0.879394,0.286544
arm_l_nll_edge_ffl,mid,153,Normal,32.2922,0.917237,0.259266
arm_l_nll_edge_ffl,mid,154,Normal,33.1459,0.917894,0.290936
arm_l_nll_edge_ffl,mid,155,Normal,31.2507,0.897433,0.246004
arm_l_nll_edge_ffl,mid,156,Normal,31.3225,0.898534,0.266909
arm_l_nll_edge_ffl,mid,157,Normal,32.3908,0.919881,0.208344
arm_l_nll_edge_ffl,mid,158,Normal,31.6147,0.915505,0.2446
arm_l_nll_edge_ffl,mid,159,Normal,32.8508,0.919397,0.273446
arm_l_nll_edge_ffl,mid,160,Normal,33.2911,0.919851,0.295506
arm_l_nll_edge_ffl,mid,161,Normal,32.5578,0.912521,0.253839
arm_l_nll_edge_ffl,mid,162,Normal,32.3738,0.914125,0.225031
arm_l_nll_edge_ffl,mid,163,Normal,32.678,0.908146,0.260693
arm_l_nll_edge_ffl,mid,164,Normal,33.6661,0.929887,0.303166
arm_l_nll_edge_ffl,mid,165,Normal,33.513,0.906262,0.365129
arm_l_nll_edge_ffl,mid,166,Normal,33.3817,0.918377,0.229884
arm_l_nll_edge_ffl,mid,167,Normal,31.548,0.890099,0.340724
arm_l_nll_edge_ffl,mid,168,Normal,31.6214,0.916997,0.226366
arm_l_nll_edge_ffl,mid,169,Normal,29.417,0.89097,0.250446
arm_l_nll_edge_ffl,mid,170,Normal,31.4814,0.895952,0.293356
arm_l_nll_edge_ffl,mid,171,Normal,31.787,0.908634,0.270958
arm_l_nll_edge_ffl,mid,172,Normal,31.8826,0.901535,0.266113
arm_l_nll_edge_ffl,mid,173,Normal,31.5559,0.892756,0.301475
arm_l_nll_edge_ffl,mid,174,Normal,33.0157,0.919043,0.262182
arm_l_nll_edge_ffl,mid,175,Normal,32.3027,0.911536,0.261327
arm_l_nll_edge_ffl,mid,176,Normal,32.3461,0.92283,0.243544
arm_l_nll_edge_ffl,mid,177,Normal,31.0659,0.89154,0.279349
arm_l_nll_edge_ffl,mid,178,Normal,31.6081,0.900505,0.308876
arm_l_nll_edge_ffl,mid,179,Normal,30.9101,0.878969,0.323414
arm_l_nll_edge_ffl,mid,180,Normal,30.2232,0.893876,0.265128
arm_l_nll_edge_ffl,mid,181,Normal,32.6492,0.917184,0.258338
arm_l_nll_edge_ffl,mid,182,Normal,32.9518,0.908882,0.269116
arm_l_nll_edge_ffl,mid,183,Normal,31.9625,0.91417,0.24738
arm_l_nll_edge_ffl,mid,184,Normal,31.9103,0.913275,0.256977
arm_l_nll_edge_ffl,mid,185,Normal,32.5491,0.912123,0.243831
arm_l_nll_edge_ffl,mid,186,Normal,31.1888,0.900182,0.273375
arm_l_nll_edge_ffl,mid,187,Normal,32.7826,0.92143,0.261719
arm_l_nll_edge_ffl,mid,188,Normal,32.7976,0.908818,0.265385
arm_l_nll_edge_ffl,mid,189,Normal,32.355,0.903696,0.267408
arm_l_nll_edge_ffl,mid,190,Normal,30.8339,0.894334,0.267247
arm_l_nll_edge_ffl,mid,191,Normal,32.5998,0.917406,0.241826
arm_l_nll_edge_ffl,mid,192,Normal,33.7996,0.918586,0.314216
arm_l_nll_edge_ffl,mid,193,Normal,31.275,0.912165,0.22902
arm_l_nll_edge_ffl,mid,194,Normal,31.3515,0.903403,0.270727
arm_l_nll_edge_ffl,mid,195,Normal,31.5937,0.909387,0.25213
arm_l_nll_edge_ffl,mid,196,Normal,32.0837,0.903842,0.258113
arm_l_nll_edge_ffl,mid,197,Normal,32.1257,0.911745,0.249914
arm_l_nll_edge_ffl,mid,198,Normal,32.9639,0.919473,0.28
arm_l_nll_edge_ffl,mid,199,Normal,30.9704,0.897942,0.256665
arm_l_nll_edge_ffl,mid,200,Normal,31.777,0.911721,0.256034
arm_l_nll_edge_ffl,mid,201,Normal,32.2296,0.913536,0.256721
arm_l_nll_edge_ffl,mid,202,Normal,31.8283,0.910344,0.283447
arm_l_nll_edge_ffl,mid,203,Normal,31.864,0.916399,0.245442
arm_l_nll_edge_ffl,mid,204,Normal,31.1733,0.909292,0.245236
arm_l_nll_edge_ffl,mid,205,Normal,32.9137,0.912624,0.269004
arm_l_nll_edge_ffl,mid,206,Normal,33.3781,0.922879,0.243864
arm_l_nll_edge_ffl,mid,207,Normal,32.7464,0.906438,0.245442
arm_l_nll_edge_ffl,mid,208,Normal,31.6028,0.91079,0.25872
arm_l_nll_edge_ffl,mid,209,Normal,31.159,0.91452,0.248429
arm_l_nll_edge_ffl,mid,210,Normal,31.4114,0.892636,0.316538
arm_l_nll_edge_ffl,mid,211,Normal,32.2333,0.917681,0.227711
arm_l_nll_edge_ffl,mid,212,Normal,32.726,0.920367,0.257005
arm_l_nll_edge_ffl,mid,213,Normal,32.4004,0.914676,0.27664
arm_l_nll_edge_ffl,mid,214,Normal,31.8337,0.905863,0.253484
arm_l_nll_edge_ffl,mid,215,Normal,31.7507,0.889162,0.31703
arm_l_nll_edge_ffl,mid,216,Normal,31.341,0.910202,0.255663
arm_l_nll_edge_ffl,mid,217,Normal,32.8835,0.906716,0.347431
arm_l_nll_edge_ffl,mid,218,Normal,31.5048,0.892612,0.291933
arm_l_nll_edge_ffl,mid,219,Normal,31.7834,0.911166,0.25339
arm_l_nll_edge_ffl,mid,220,Normal,33.6988,0.916583,0.295689
arm_l_nll_edge_ffl,mid,221,Normal,32.3733,0.920928,0.211408
arm_l_nll_edge_ffl,mid,222,Normal,31.7658,0.910445,0.22904
arm_l_nll_edge_ffl,mid,223,Normal,31.4773,0.904842,0.285514
arm_l_nll_edge_ffl,mid,224,Normal,32.5475,0.92209,0.213562
arm_l_nll_edge_ffl,mid,225,Normal,30.58,0.872907,0.319707
arm_l_nll_edge_ffl,mid,226,Normal,32.8443,0.918492,0.250452
arm_l_nll_edge_ffl,mid,227,Normal,31.2089,0.91109,0.253766
arm_l_nll_edge_ffl,mid,228,Normal,33.3588,0.917303,0.23882
arm_l_nll_edge_ffl,mid,229,Normal,31.8317,0.91775,0.229158
arm_l_nll_edge_ffl,mid,230,Normal,31.5222,0.910154,0.269463
arm_l_nll_edge_ffl,mid,231,Normal,31.7181,0.898519,0.2808
arm_l_nll_edge_ffl,mid,232,Normal,32.942,0.919428,0.250598
arm_l_nll_edge_ffl,mid,233,Normal,32.3132,0.912582,0.268921
arm_l_nll_edge_ffl,mid,234,Bacterial,33.5892,0.913017,0.35604
arm_l_nll_edge_ffl,mid,235,Bacterial,31.7844,0.901869,0.333231
arm_l_nll_edge_ffl,mid,236,Bacterial,33.739,0.914924,0.318694
arm_l_nll_edge_ffl,mid,237,Bacterial,33.5315,0.911525,0.328301
arm_l_nll_edge_ffl,mid,238,Bacterial,34.2363,0.91181,0.363734
arm_l_nll_edge_ffl,mid,239,Bacterial,33.2656,0.918636,0.308246
arm_l_nll_edge_ffl,mid,240,Bacterial,33.5543,0.908258,0.330635
arm_l_nll_edge_ffl,mid,241,Bacterial,32.4993,0.90229,0.356498
arm_l_nll_edge_ffl,mid,242,Bacterial,33.7865,0.912478,0.321945
arm_l_nll_edge_ffl,mid,243,Bacterial,32.5502,0.897386,0.352449
arm_l_nll_edge_ffl,mid,244,Bacterial,31.5641,0.89607,0.254392
arm_l_nll_edge_ffl,mid,245,Bacterial,32.4443,0.918579,0.258005
arm_l_nll_edge_ffl,mid,246,Bacterial,32.9099,0.922464,0.299579
arm_l_nll_edge_ffl,mid,247,Bacterial,32.4325,0.914172,0.305113
arm_l_nll_edge_ffl,mid,248,Bacterial,34.1431,0.917814,0.290141
arm_l_nll_edge_ffl,mid,249,Bacterial,34.5027,0.918277,0.346768
arm_l_nll_edge_ffl,mid,250,Bacterial,33.687,0.900814,0.348453
arm_l_nll_edge_ffl,mid,251,Bacterial,31.8382,0.907865,0.243757
arm_l_nll_edge_ffl,mid,252,Bacterial,34.1581,0.906363,0.345654
arm_l_nll_edge_ffl,mid,253,Bacterial,33.0894,0.91506,0.339257
arm_l_nll_edge_ffl,mid,254,Bacterial,32.1491,0.90179,0.26439
arm_l_nll_edge_ffl,mid,255,Bacterial,32.7539,0.910593,0.291165
arm_l_nll_edge_ffl,mid,256,Bacterial,31.9382,0.899599,0.309077
arm_l_nll_edge_ffl,mid,257,Bacterial,33.1709,0.91358,0.31731
arm_l_nll_edge_ffl,mid,258,Bacterial,33.1445,0.896043,0.364071
arm_l_nll_edge_ffl,mid,259,Bacterial,33.4451,0.913931,0.331106
arm_l_nll_edge_ffl,mid,260,Bacterial,33.531,0.921705,0.311776
arm_l_nll_edge_ffl,mid,261,Bacterial,31.5373,0.905962,0.232723
arm_l_nll_edge_ffl,mid,262,Bacterial,34.6322,0.917448,0.316448
arm_l_nll_edge_ffl,mid,263,Bacterial,34.4224,0.923771,0.322688
arm_l_nll_edge_ffl,mid,264,Bacterial,34.2312,0.912615,0.314819
arm_l_nll_edge_ffl,mid,265,Bacterial,34.4047,0.921548,0.334174
arm_l_nll_edge_ffl,mid,266,Bacterial,33.9995,0.913614,0.324105
arm_l_nll_edge_ffl,mid,267,Bacterial,32.7469,0.90047,0.315324
arm_l_nll_edge_ffl,mid,268,Bacterial,33.7645,0.906974,0.345775
arm_l_nll_edge_ffl,mid,269,Bacterial,33.63,0.92098,0.309944
arm_l_nll_edge_ffl,mid,270,Bacterial,34.2372,0.93152,0.286166
arm_l_nll_edge_ffl,mid,271,Bacterial,33.6476,0.9221,0.256642
arm_l_nll_edge_ffl,mid,272,Bacterial,34.1397,0.925893,0.328227
arm_l_nll_edge_ffl,mid,273,Bacterial,33.9849,0.916268,0.326744
arm_l_nll_edge_ffl,mid,274,Bacterial,32.5526,0.904198,0.294694
arm_l_nll_edge_ffl,mid,275,Bacterial,31.7714,0.898644,0.337159
arm_l_nll_edge_ffl,mid,276,Bacterial,31.2694,0.900824,0.231233
arm_l_nll_edge_ffl,mid,277,Bacterial,32.7781,0.899362,0.342257
arm_l_nll_edge_ffl,mid,278,Bacterial,33.1821,0.905465,0.329869
arm_l_nll_edge_ffl,mid,279,Bacterial,33.0932,0.9118,0.301383
arm_l_nll_edge_ffl,mid,280,Bacterial,33.9002,0.910415,0.298273
arm_l_nll_edge_ffl,mid,281,Bacterial,33.0013,0.891568,0.348105
arm_l_nll_edge_ffl,mid,282,Bacterial,32.2573,0.900893,0.329327
arm_l_nll_edge_ffl,mid,283,Bacterial,33.3984,0.905598,0.331814
arm_l_nll_edge_ffl,mid,284,Bacterial,31.6236,0.897975,0.366419
arm_l_nll_edge_ffl,mid,285,Bacterial,34.2725,0.910304,0.362583
arm_l_nll_edge_ffl,mid,286,Bacterial,32.5394,0.915672,0.321774
arm_l_nll_edge_ffl,mid,287,Bacterial,32.4816,0.906885,0.309756
arm_l_nll_edge_ffl,mid,288,Bacterial,34.0199,0.915973,0.309391
arm_l_nll_edge_ffl,mid,289,Bacterial,32.8371,0.899058,0.315242
arm_l_nll_edge_ffl,mid,290,Bacterial,34.1558,0.917451,0.326957
arm_l_nll_edge_ffl,mid,291,Bacterial,32.9688,0.906363,0.329183
arm_l_nll_edge_ffl,mid,292,Bacterial,32.5106,0.906781,0.257888
arm_l_nll_edge_ffl,mid,293,Bacterial,34.249,0.919313,0.304415
arm_l_nll_edge_ffl,mid,294,Bacterial,33.3916,0.917717,0.305895
arm_l_nll_edge_ffl,mid,295,Bacterial,32.3511,0.913098,0.287014
arm_l_nll_edge_ffl,mid,296,Bacterial,33.7578,0.91985,0.300339
arm_l_nll_edge_ffl,mid,297,Bacterial,33.001,0.91751,0.294916
arm_l_nll_edge_ffl,mid,298,Bacterial,31.1453,0.887715,0.32479
arm_l_nll_edge_ffl,mid,299,Bacterial,31.7215,0.899594,0.342816
arm_l_nll_edge_ffl,mid,300,Bacterial,31.4605,0.902537,0.302755
arm_l_nll_edge_ffl,mid,301,Bacterial,31.2865,0.895826,0.260813
arm_l_nll_edge_ffl,mid,302,Bacterial,32.6401,0.906794,0.274604
arm_l_nll_edge_ffl,mid,303,Bacterial,32.2141,0.915671,0.328877
arm_l_nll_edge_ffl,mid,304,Bacterial,33.2637,0.910708,0.335624
arm_l_nll_edge_ffl,mid,305,Bacterial,34.122,0.916578,0.311534
arm_l_nll_edge_ffl,mid,306,Bacterial,32.8522,0.913716,0.320377
arm_l_nll_edge_ffl,mid,307,Bacterial,32.7452,0.916182,0.314797
arm_l_nll_edge_ffl,mid,308,Bacterial,32.497,0.906702,0.278854
arm_l_nll_edge_ffl,mid,309,Bacterial,32.7231,0.910454,0.291455
arm_l_nll_edge_ffl,mid,310,Bacterial,31.264,0.90052,0.248144
arm_l_nll_edge_ffl,mid,311,Bacterial,32.7528,0.907371,0.31187
arm_l_nll_edge_ffl,mid,312,Bacterial,31.7219,0.910806,0.282088
arm_l_nll_edge_ffl,mid,313,Bacterial,33.3916,0.905467,0.354487
arm_l_nll_edge_ffl,mid,314,Bacterial,32.3138,0.898061,0.273442
arm_l_nll_edge_ffl,mid,315,Bacterial,34.5678,0.928406,0.349693
arm_l_nll_edge_ffl,mid,316,Bacterial,34.0928,0.917715,0.349668
arm_l_nll_edge_ffl,mid,317,Bacterial,34.0392,0.912919,0.374886
arm_l_nll_edge_ffl,mid,318,Bacterial,33.4077,0.912317,0.332105
arm_l_nll_edge_ffl,mid,319,Bacterial,33.2884,0.898902,0.335904
arm_l_nll_edge_ffl,mid,320,Bacterial,33.9112,0.904683,0.36241
arm_l_nll_edge_ffl,mid,321,Bacterial,31.178,0.907042,0.298789
arm_l_nll_edge_ffl,mid,322,Bacterial,32.4604,0.908833,0.310469
arm_l_nll_edge_ffl,mid,323,Bacterial,32.392,0.917109,0.266204
arm_l_nll_edge_ffl,mid,324,Bacterial,31.6555,0.914109,0.272296
arm_l_nll_edge_ffl,mid,325,Bacterial,31.3953,0.910371,0.257469
arm_l_nll_edge_ffl,mid,326,Bacterial,32.6786,0.915006,0.304884
arm_l_nll_edge_ffl,mid,327,Bacterial,33.4659,0.919476,0.289996
arm_l_nll_edge_ffl,mid,328,Bacterial,33.679,0.922178,0.314859
arm_l_nll_edge_ffl,mid,329,Bacterial,33.0619,0.922674,0.200289
arm_l_nll_edge_ffl,mid,330,Bacterial,34.3948,0.910119,0.339355
arm_l_nll_edge_ffl,mid,331,Bacterial,33.5514,0.923367,0.293562
arm_l_nll_edge_ffl,mid,332,Bacterial,34.4467,0.9223,0.318571
arm_l_nll_edge_ffl,mid,333,Bacterial,34.2811,0.924517,0.306141
arm_l_nll_edge_ffl,mid,334,Bacterial,34.4074,0.925932,0.30535
arm_l_nll_edge_ffl,mid,335,Bacterial,32.1144,0.905205,0.281265
arm_l_nll_edge_ffl,mid,336,Bacterial,34.0373,0.919647,0.305973
arm_l_nll_edge_ffl,mid,337,Bacterial,33.1315,0.907213,0.319011
arm_l_nll_edge_ffl,mid,338,Bacterial,33.8847,0.910908,0.341223
arm_l_nll_edge_ffl,mid,339,Bacterial,32.2518,0.90786,0.24673
arm_l_nll_edge_ffl,mid,340,Bacterial,34.0162,0.914919,0.310977
arm_l_nll_edge_ffl,mid,341,Bacterial,33.0207,0.917941,0.308722
arm_l_nll_edge_ffl,mid,342,Bacterial,33.0379,0.914299,0.309091
arm_l_nll_edge_ffl,mid,343,Bacterial,33.6215,0.91211,0.345142
arm_l_nll_edge_ffl,mid,344,Bacterial,34.2041,0.922128,0.32096
arm_l_nll_edge_ffl,mid,345,Bacterial,32.8335,0.911389,0.35379
arm_l_nll_edge_ffl,mid,346,Bacterial,31.9457,0.90291,0.320754
arm_l_nll_edge_ffl,mid,347,Bacterial,33.6702,0.919817,0.324469
arm_l_nll_edge_ffl,mid,348,Bacterial,33.2152,0.904656,0.337135
arm_l_nll_edge_ffl,mid,349,Bacterial,34.4978,0.921422,0.3246
arm_l_nll_edge_ffl,mid,350,Bacterial,34.7863,0.921752,0.34956
arm_l_nll_edge_ffl,mid,351,Bacterial,31.8933,0.910101,0.260788
arm_l_nll_edge_ffl,mid,352,Bacterial,33.8847,0.918587,0.310748
arm_l_nll_edge_ffl,mid,353,Bacterial,33.3063,0.921378,0.291266
arm_l_nll_edge_ffl,mid,354,Bacterial,34.403,0.91051,0.361952
arm_l_nll_edge_ffl,mid,355,Bacterial,33.7971,0.912979,0.293538
arm_l_nll_edge_ffl,mid,356,Bacterial,33.5369,0.91244,0.297836
arm_l_nll_edge_ffl,mid,357,Bacterial,33.9254,0.910497,0.307584
arm_l_nll_edge_ffl,mid,358,Bacterial,33.6376,0.907981,0.372492
arm_l_nll_edge_ffl,mid,359,Bacterial,32.6726,0.913842,0.232016
arm_l_nll_edge_ffl,mid,360,Bacterial,33.0199,0.917412,0.306901
arm_l_nll_edge_ffl,mid,361,Bacterial,34.1841,0.918035,0.305254
arm_l_nll_edge_ffl,mid,362,Bacterial,33.7177,0.921285,0.33585
arm_l_nll_edge_ffl,mid,363,Bacterial,32.7327,0.931009,0.25881
arm_l_nll_edge_ffl,mid,364,Bacterial,34.3709,0.920866,0.290007
arm_l_nll_edge_ffl,mid,365,Bacterial,31.2975,0.908182,0.281148
arm_l_nll_edge_ffl,mid,366,Bacterial,33.847,0.918434,0.329363
arm_l_nll_edge_ffl,mid,367,Bacterial,32.4795,0.915705,0.224107
arm_l_nll_edge_ffl,mid,368,Bacterial,33.2229,0.907161,0.30663
arm_l_nll_edge_ffl,mid,369,Bacterial,32.0909,0.906479,0.245634
arm_l_nll_edge_ffl,mid,370,Bacterial,30.8631,0.902467,0.245457
arm_l_nll_edge_ffl,mid,371,Bacterial,33.4912,0.917369,0.288402
arm_l_nll_edge_ffl,mid,372,Bacterial,32.5874,0.89533,0.38228
arm_l_nll_edge_ffl,mid,373,Bacterial,33.5764,0.913973,0.315741
arm_l_nll_edge_ffl,mid,374,Bacterial,32.5247,0.908472,0.310105
arm_l_nll_edge_ffl,mid,375,Bacterial,33.1559,0.914723,0.325011
arm_l_nll_edge_ffl,mid,376,Bacterial,31.8755,0.912895,0.315931
arm_l_nll_edge_ffl,mid,377,Bacterial,33.16,0.915094,0.331138
arm_l_nll_edge_ffl,mid,378,Bacterial,32.4475,0.905743,0.237901
arm_l_nll_edge_ffl,mid,379,Bacterial,33.1828,0.917313,0.296584
arm_l_nll_edge_ffl,mid,380,Bacterial,33.5702,0.925712,0.306544
arm_l_nll_edge_ffl,mid,381,Bacterial,31.2656,0.904614,0.2473
arm_l_nll_edge_ffl,mid,382,Bacterial,32.7118,0.907702,0.312573
arm_l_nll_edge_ffl,mid,383,Bacterial,31.7044,0.896503,0.287178
arm_l_nll_edge_ffl,mid,384,Bacterial,31.3212,0.904325,0.229885
arm_l_nll_edge_ffl,mid,385,Bacterial,31.0856,0.904149,0.267035
arm_l_nll_edge_ffl,mid,386,Bacterial,33.6608,0.921903,0.27983
arm_l_nll_edge_ffl,mid,387,Bacterial,33.5921,0.923237,0.265494
arm_l_nll_edge_ffl,mid,388,Bacterial,32.1807,0.922581,0.190563
arm_l_nll_edge_ffl,mid,389,Bacterial,31.3012,0.903262,0.271924
arm_l_nll_edge_ffl,mid,390,Bacterial,33.3194,0.913374,0.272456
arm_l_nll_edge_ffl,mid,391,Bacterial,31.9356,0.905214,0.368036
arm_l_nll_edge_ffl,mid,392,Bacterial,33.2948,0.9126,0.340362
arm_l_nll_edge_ffl,mid,393,Bacterial,33.3688,0.908057,0.34451
arm_l_nll_edge_ffl,mid,394,Bacterial,33.5411,0.918845,0.320812
arm_l_nll_edge_ffl,mid,395,Bacterial,33.3006,0.912033,0.312069
arm_l_nll_edge_ffl,mid,396,Bacterial,31.5459,0.884153,0.335717
arm_l_nll_edge_ffl,mid,397,Bacterial,34.8311,0.909988,0.356169
arm_l_nll_edge_ffl,mid,398,Bacterial,34.1036,0.910255,0.358268
arm_l_nll_edge_ffl,mid,399,Bacterial,32.1852,0.910374,0.320226
arm_l_nll_edge_ffl,mid,400,Bacterial,32.6093,0.905681,0.309208
arm_l_nll_edge_ffl,mid,401,Bacterial,31.4774,0.899289,0.259362
arm_l_nll_edge_ffl,mid,402,Bacterial,33.8504,0.91095,0.341727
arm_l_nll_edge_ffl,mid,403,Bacterial,32.8893,0.917633,0.292908
arm_l_nll_edge_ffl,mid,404,Bacterial,32.878,0.902549,0.312553
arm_l_nll_edge_ffl,mid,405,Bacterial,32.7946,0.910678,0.289823
arm_l_nll_edge_ffl,mid,406,Bacterial,34.9548,0.924834,0.302563
arm_l_nll_edge_ffl,mid,407,Bacterial,32.6426,0.914186,0.318785
arm_l_nll_edge_ffl,mid,408,Bacterial,33.0686,0.91594,0.289488
arm_l_nll_edge_ffl,mid,409,Bacterial,32.3132,0.906341,0.271367
arm_l_nll_edge_ffl,mid,410,Bacterial,31.3035,0.899977,0.264153
arm_l_nll_edge_ffl,mid,411,Bacterial,32.7584,0.900444,0.315631
arm_l_nll_edge_ffl,mid,412,Bacterial,33.5184,0.903765,0.330319
arm_l_nll_edge_ffl,mid,413,Bacterial,31.358,0.89063,0.247601
arm_l_nll_edge_ffl,mid,414,Bacterial,34.2638,0.914713,0.32524
arm_l_nll_edge_ffl,mid,415,Bacterial,33.0504,0.906376,0.353554
arm_l_nll_edge_ffl,mid,416,Bacterial,34.7981,0.922445,0.320646
arm_l_nll_edge_ffl,mid,417,Bacterial,33.5442,0.906259,0.280773
arm_l_nll_edge_ffl,mid,418,Bacterial,34.0229,0.921064,0.284833
arm_l_nll_edge_ffl,mid,419,Bacterial,32.9773,0.920106,0.235031
arm_l_nll_edge_ffl,mid,420,Bacterial,33.2816,0.921467,0.292931
arm_l_nll_edge_ffl,mid,421,Bacterial,32.8197,0.915254,0.307364
arm_l_nll_edge_ffl,mid,422,Bacterial,32.7045,0.904067,0.331153
arm_l_nll_edge_ffl,mid,423,Bacterial,33.2815,0.91646,0.344819
arm_l_nll_edge_ffl,mid,424,Bacterial,33.1931,0.914346,0.355006
arm_l_nll_edge_ffl,mid,425,Bacterial,34.0206,0.913928,0.324941
arm_l_nll_edge_ffl,mid,426,Bacterial,35.2532,0.916877,0.34982
arm_l_nll_edge_ffl,mid,427,Bacterial,34.9251,0.913953,0.392796
arm_l_nll_edge_ffl,mid,428,Bacterial,34.2404,0.916565,0.38112
arm_l_nll_edge_ffl,mid,429,Bacterial,31.9477,0.908101,0.274867
arm_l_nll_edge_ffl,mid,430,Bacterial,34.3602,0.923692,0.291914
arm_l_nll_edge_ffl,mid,431,Bacterial,34.3968,0.906397,0.363482
arm_l_nll_edge_ffl,mid,432,Bacterial,34.063,0.918349,0.310487
arm_l_nll_edge_ffl,mid,433,Bacterial,32.5115,0.899022,0.334956
arm_l_nll_edge_ffl,mid,434,Bacterial,33.3857,0.913268,0.302204
arm_l_nll_edge_ffl,mid,435,Bacterial,32.7263,0.913612,0.281602
arm_l_nll_edge_ffl,mid,436,Bacterial,32.1051,0.913003,0.206808
arm_l_nll_edge_ffl,mid,437,Bacterial,34.368,0.911888,0.29184
arm_l_nll_edge_ffl,mid,438,Bacterial,31.8329,0.894312,0.326574
arm_l_nll_edge_ffl,mid,439,Bacterial,33.0897,0.908198,0.329071
arm_l_nll_edge_ffl,mid,440,Bacterial,32.2218,0.908004,0.30376
arm_l_nll_edge_ffl,mid,441,Bacterial,31.8228,0.904547,0.273486
arm_l_nll_edge_ffl,mid,442,Bacterial,33.8571,0.918396,0.311821
arm_l_nll_edge_ffl,mid,443,Bacterial,34.0765,0.918623,0.316767
arm_l_nll_edge_ffl,mid,444,Bacterial,33.2842,0.915032,0.275012
arm_l_nll_edge_ffl,mid,445,Bacterial,33.336,0.909863,0.349245
arm_l_nll_edge_ffl,mid,446,Bacterial,33.1708,0.912265,0.331935
arm_l_nll_edge_ffl,mid,447,Bacterial,34.1639,0.908121,0.347734
arm_l_nll_edge_ffl,mid,448,Bacterial,34.0366,0.920362,0.35689
arm_l_nll_edge_ffl,mid,449,Bacterial,32.1282,0.901108,0.279039
arm_l_nll_edge_ffl,mid,450,Bacterial,32.7256,0.911036,0.309723
arm_l_nll_edge_ffl,mid,451,Bacterial,31.4401,0.901156,0.240627
arm_l_nll_edge_ffl,mid,452,Bacterial,32.527,0.910922,0.312117
arm_l_nll_edge_ffl,mid,453,Bacterial,33.9617,0.917736,0.311131
arm_l_nll_edge_ffl,mid,454,Bacterial,32.5037,0.918582,0.300373
arm_l_nll_edge_ffl,mid,455,Bacterial,34.2851,0.921278,0.343435
arm_l_nll_edge_ffl,mid,456,Bacterial,31.0698,0.899491,0.300764
arm_l_nll_edge_ffl,mid,457,Bacterial,33.9545,0.915506,0.337654
arm_l_nll_edge_ffl,mid,458,Bacterial,34.1616,0.923364,0.297313
arm_l_nll_edge_ffl,mid,459,Bacterial,34.5987,0.916539,0.346066
arm_l_nll_edge_ffl,mid,460,Bacterial,33.124,0.913849,0.297923
arm_l_nll_edge_ffl,mid,461,Bacterial,32.8454,0.915669,0.272094
arm_l_nll_edge_ffl,mid,462,Bacterial,32.243,0.90764,0.260477
arm_l_nll_edge_ffl,mid,463,Bacterial,34.132,0.913923,0.326377
arm_l_nll_edge_ffl,mid,464,Bacterial,32.6571,0.905226,0.312428
arm_l_nll_edge_ffl,mid,465,Bacterial,33.9929,0.918725,0.315987
arm_l_nll_edge_ffl,mid,466,Bacterial,33.1402,0.909392,0.308844
arm_l_nll_edge_ffl,mid,467,Bacterial,33.253,0.902496,0.370008
arm_l_nll_edge_ffl,mid,468,Bacterial,33.2488,0.9174,0.305187
arm_l_nll_edge_ffl,mid,469,Bacterial,34.179,0.906097,0.328038
arm_l_nll_edge_ffl,mid,470,Bacterial,33.1389,0.906339,0.335235
arm_l_nll_edge_ffl,mid,471,Bacterial,32.2316,0.904917,0.253065
arm_l_nll_edge_ffl,mid,472,Bacterial,32.7111,0.912991,0.229814
arm_l_nll_edge_ffl,mid,473,Bacterial,30.4341,0.894333,0.337186
arm_l_nll_edge_ffl,mid,474,Bacterial,32.137,0.916593,0.291505
arm_l_nll_edge_ffl,mid,475,Bacterial,31.2086,0.894975,0.267939
arm_l_nll_edge_ffl,mid,476,Viral,32.2911,0.915134,0.315644
arm_l_nll_edge_ffl,mid,477,Viral,32.5298,0.91744,0.298995
arm_l_nll_edge_ffl,mid,478,Viral,32.7369,0.922943,0.278118
arm_l_nll_edge_ffl,mid,479,Viral,33.332,0.914056,0.294808
arm_l_nll_edge_ffl,mid,480,Viral,34.2031,0.911728,0.356959
arm_l_nll_edge_ffl,mid,481,Viral,32.6709,0.91997,0.312701
arm_l_nll_edge_ffl,mid,482,Viral,31.7774,0.898413,0.264195
arm_l_nll_edge_ffl,mid,483,Viral,33.3278,0.908445,0.328987
arm_l_nll_edge_ffl,mid,484,Viral,32.886,0.90835,0.356224
arm_l_nll_edge_ffl,mid,485,Viral,32.8394,0.912336,0.329978
arm_l_nll_edge_ffl,mid,486,Viral,33.6481,0.903419,0.374948
arm_l_nll_edge_ffl,mid,487,Viral,33.3355,0.910586,0.302364
arm_l_nll_edge_ffl,mid,488,Viral,32.2872,0.917655,0.268969
arm_l_nll_edge_ffl,mid,489,Viral,33.2466,0.917784,0.296178
arm_l_nll_edge_ffl,mid,490,Viral,33.0351,0.912649,0.331873
arm_l_nll_edge_ffl,mid,491,Viral,32.5041,0.913299,0.307787
arm_l_nll_edge_ffl,mid,492,Viral,32.1827,0.910629,0.324143
arm_l_nll_edge_ffl,mid,493,Viral,32.9131,0.916197,0.298209
arm_l_nll_edge_ffl,mid,494,Viral,32.8234,0.913661,0.30995
arm_l_nll_edge_ffl,mid,495,Viral,31.9101,0.908766,0.306367
arm_l_nll_edge_ffl,mid,496,Viral,33.4056,0.912315,0.313588
arm_l_nll_edge_ffl,mid,497,Viral,32.2425,0.919178,0.245316
arm_l_nll_edge_ffl,mid,498,Viral,33.7572,0.924586,0.298361
arm_l_nll_edge_ffl,mid,499,Viral,33.733,0.911036,0.285638
arm_l_nll_edge_ffl,mid,500,Viral,32.2739,0.900985,0.350663
arm_l_nll_edge_ffl,mid,501,Viral,31.5659,0.910447,0.254435
arm_l_nll_edge_ffl,mid,502,Viral,32.6076,0.91514,0.301649
arm_l_nll_edge_ffl,mid,503,Viral,31.8084,0.916974,0.28166
arm_l_nll_edge_ffl,mid,504,Viral,32.2068,0.908973,0.292277
arm_l_nll_edge_ffl,mid,505,Viral,33.5832,0.9229,0.254182
arm_l_nll_edge_ffl,mid,506,Viral,32.3564,0.899028,0.318219
arm_l_nll_edge_ffl,mid,507,Viral,31.5432,0.898586,0.261904
arm_l_nll_edge_ffl,mid,508,Viral,33.6093,0.914241,0.346087
arm_l_nll_edge_ffl,mid,509,Viral,31.8072,0.903112,0.31177
arm_l_nll_edge_ffl,mid,510,Viral,30.3537,0.904219,0.273798
arm_l_nll_edge_ffl,mid,511,Viral,32.3246,0.917354,0.275611
arm_l_nll_edge_ffl,mid,512,Viral,34.2034,0.921496,0.293263
arm_l_nll_edge_ffl,mid,513,Viral,31.6846,0.912523,0.286992
arm_l_nll_edge_ffl,mid,514,Viral,31.5698,0.913064,0.245872
arm_l_nll_edge_ffl,mid,515,Viral,33.1545,0.913463,0.287464
arm_l_nll_edge_ffl,mid,516,Viral,33.6695,0.919041,0.28147
arm_l_nll_edge_ffl,mid,517,Viral,31.6352,0.909395,0.318811
arm_l_nll_edge_ffl,mid,518,Viral,31.8704,0.906318,0.226172
arm_l_nll_edge_ffl,mid,519,Viral,33.4151,0.938083,0.228516
arm_l_nll_edge_ffl,mid,520,Viral,33.2111,0.921888,0.289835
arm_l_nll_edge_ffl,mid,521,Viral,32.3503,0.917655,0.265968
arm_l_nll_edge_ffl,mid,522,Viral,33.5929,0.922558,0.269205
arm_l_nll_edge_ffl,mid,523,Viral,33.7359,0.926778,0.296454
arm_l_nll_edge_ffl,mid,524,Viral,33.8101,0.922352,0.328306
arm_l_nll_edge_ffl,mid,525,Viral,33.8825,0.925424,0.272787
arm_l_nll_edge_ffl,mid,526,Viral,33.321,0.91455,0.330021
arm_l_nll_edge_ffl,mid,527,Viral,33.3047,0.907605,0.350763
arm_l_nll_edge_ffl,mid,528,Viral,33.1635,0.916349,0.300615
arm_l_nll_edge_ffl,mid,529,Viral,31.4751,0.88492,0.320407
arm_l_nll_edge_ffl,mid,530,Viral,32.9288,0.912671,0.317212
arm_l_nll_edge_ffl,mid,531,Viral,32.5668,0.917977,0.268829
arm_l_nll_edge_ffl,mid,532,Viral,32.5733,0.913207,0.311773
arm_l_nll_edge_ffl,mid,533,Viral,32.1075,0.912034,0.275175
arm_l_nll_edge_ffl,mid,534,Viral,31.1085,0.907441,0.316754
arm_l_nll_edge_ffl,mid,535,Viral,32.0679,0.914997,0.273205
arm_l_nll_edge_ffl,mid,536,Viral,33.825,0.908288,0.331025
arm_l_nll_edge_ffl,mid,537,Viral,32.5768,0.912455,0.338564
arm_l_nll_edge_ffl,mid,538,Viral,33.9691,0.915803,0.357624
arm_l_nll_edge_ffl,mid,539,Viral,32.5866,0.917806,0.251117
arm_l_nll_edge_ffl,mid,540,Viral,33.0414,0.914199,0.294259
arm_l_nll_edge_ffl,mid,541,Viral,32.0918,0.911166,0.314888
arm_l_nll_edge_ffl,mid,542,Viral,33.8965,0.924763,0.26081
arm_l_nll_edge_ffl,mid,543,Viral,34.7637,0.922019,0.321348
arm_l_nll_edge_ffl,mid,544,Viral,31.5364,0.908387,0.273698
arm_l_nll_edge_ffl,mid,545,Viral,31.4989,0.910989,0.276601
arm_l_nll_edge_ffl,mid,546,Viral,33.7616,0.915644,0.308814
arm_l_nll_edge_ffl,mid,547,Viral,33.6005,0.916868,0.317018
arm_l_nll_edge_ffl,mid,548,Viral,31.6666,0.90674,0.291306
arm_l_nll_edge_ffl,mid,549,Viral,35.1583,0.912267,0.345331
arm_l_nll_edge_ffl,mid,550,Viral,35.0407,0.911619,0.350048
arm_l_nll_edge_ffl,mid,551,Viral,32.6958,0.913451,0.295066
arm_l_nll_edge_ffl,mid,552,Viral,33.4931,0.925948,0.303944
arm_l_nll_edge_ffl,mid,553,Viral,34.0683,0.916939,0.274847
arm_l_nll_edge_ffl,mid,554,Viral,32.5623,0.917265,0.297754
arm_l_nll_edge_ffl,mid,555,Viral,31.6345,0.915767,0.268621
arm_l_nll_edge_ffl,mid,556,Viral,32.8556,0.908971,0.280078
arm_l_nll_edge_ffl,mid,557,Viral,33.3055,0.905776,0.300673
arm_l_nll_edge_ffl,mid,558,Viral,32.5448,0.91405,0.292624
arm_l_nll_edge_ffl,mid,559,Viral,33.8126,0.914367,0.345461
arm_l_nll_edge_ffl,mid,560,Viral,33.9796,0.927443,0.279225
arm_l_nll_edge_ffl,mid,561,Viral,32.1845,0.908695,0.280676
arm_l_nll_edge_ffl,mid,562,Viral,32.6213,0.913744,0.292278
arm_l_nll_edge_ffl,mid,563,Viral,32.8265,0.916693,0.27591
arm_l_nll_edge_ffl,mid,564,Viral,32.9331,0.919156,0.298641
arm_l_nll_edge_ffl,mid,565,Viral,33.399,0.918261,0.320361
arm_l_nll_edge_ffl,mid,566,Viral,32.0975,0.914474,0.318353
arm_l_nll_edge_ffl,mid,567,Viral,32.5367,0.921674,0.291651
arm_l_nll_edge_ffl,mid,568,Viral,32.3974,0.911462,0.304402
arm_l_nll_edge_ffl,mid,569,Viral,32.7804,0.91472,0.314942
arm_l_nll_edge_ffl,mid,570,Viral,32.0032,0.914198,0.281019
arm_l_nll_edge_ffl,mid,571,Viral,33.3067,0.918886,0.275091
arm_l_nll_edge_ffl,mid,572,Viral,32.4722,0.903858,0.339967
arm_l_nll_edge_ffl,mid,573,Viral,32.9775,0.915414,0.270842
arm_l_nll_edge_ffl,mid,574,Viral,34.5334,0.93413,0.323415
arm_l_nll_edge_ffl,mid,575,Viral,33.271,0.918328,0.289353
arm_l_nll_edge_ffl,mid,576,Viral,32.6842,0.916315,0.305183
arm_l_nll_edge_ffl,mid,577,Viral,32.033,0.916756,0.306551
arm_l_nll_edge_ffl,mid,578,Viral,33.7638,0.927629,0.257174
arm_l_nll_edge_ffl,mid,579,Viral,32.2728,0.918861,0.239335
arm_l_nll_edge_ffl,mid,580,Viral,32.3412,0.917856,0.298267
arm_l_nll_edge_ffl,mid,581,Viral,32.1885,0.915489,0.267703
arm_l_nll_edge_ffl,mid,582,Viral,32.8428,0.91356,0.289455
arm_l_nll_edge_ffl,mid,583,Viral,33.2456,0.912906,0.295671
arm_l_nll_edge_ffl,mid,584,Viral,34.0322,0.916333,0.322118
arm_l_nll_edge_ffl,mid,585,Viral,33.853,0.927367,0.287443
arm_l_nll_edge_ffl,mid,586,Viral,33.365,0.90735,0.309188
arm_l_nll_edge_ffl,mid,587,Viral,33.6344,0.901679,0.327305
arm_l_nll_edge_ffl,mid,588,Viral,32.4267,0.904608,0.323287
arm_l_nll_edge_ffl,mid,589,Viral,30.378,0.896933,0.225296
arm_l_nll_edge_ffl,mid,590,Viral,32.1082,0.910377,0.293951
arm_l_nll_edge_ffl,mid,591,Viral,31.6538,0.917145,0.263979
arm_l_nll_edge_ffl,mid,592,Viral,31.9434,0.918073,0.254645
arm_l_nll_edge_ffl,mid,593,Viral,34.0072,0.896291,0.306153
arm_l_nll_edge_ffl,mid,594,Viral,33.9486,0.925268,0.309199
arm_l_nll_edge_ffl,mid,595,Viral,33.7626,0.917428,0.27934
arm_l_nll_edge_ffl,mid,596,Viral,33.2455,0.918795,0.335109
arm_l_nll_edge_ffl,mid,597,Viral,33.1836,0.921068,0.279947
arm_l_nll_edge_ffl,mid,598,Viral,31.4931,0.907579,0.320643
arm_l_nll_edge_ffl,mid,599,Viral,31.7951,0.916925,0.249705
arm_l_nll_edge_ffl,mid,600,Viral,32.9489,0.909145,0.327066
arm_l_nll_edge_ffl,mid,601,Viral,33.3754,0.922106,0.30458
arm_l_nll_edge_ffl,mid,602,Viral,32.1007,0.91194,0.298283
arm_l_nll_edge_ffl,mid,603,Viral,32.1378,0.921392,0.267133
arm_l_nll_edge_ffl,mid,604,Viral,32.5757,0.919686,0.278102
arm_l_nll_edge_ffl,mid,605,Viral,33.9981,0.920957,0.293861
arm_l_nll_edge_ffl,mid,606,Viral,33.3851,0.919583,0.306089
arm_l_nll_edge_ffl,mid,607,Viral,33.4576,0.920747,0.304029
arm_l_nll_edge_ffl,mid,608,Viral,33.8707,0.925443,0.296198
arm_l_nll_edge_ffl,mid,609,Viral,33.6649,0.924064,0.316066
arm_l_nll_edge_ffl,mid,610,Viral,33.9966,0.922537,0.298516
arm_l_nll_edge_ffl,mid,611,Viral,31.8898,0.914255,0.293404
arm_l_nll_edge_ffl,mid,612,Viral,31.4698,0.90692,0.30203
arm_l_nll_edge_ffl,mid,613,Viral,32.489,0.916244,0.30887
arm_l_nll_edge_ffl,mid,614,Viral,33.6908,0.925317,0.289822
arm_l_nll_edge_ffl,mid,615,Viral,33.7659,0.913383,0.304146
arm_l_nll_edge_ffl,mid,616,Viral,33.4512,0.915963,0.293744
arm_l_nll_edge_ffl,mid,617,Viral,32.9085,0.908892,0.335318
arm_l_nll_edge_ffl,mid,618,Viral,32.2028,0.908828,0.314974
arm_l_nll_edge_ffl,mid,619,Viral,32.8206,0.917196,0.274807
arm_l_nll_edge_ffl,mid,620,Viral,32.1817,0.917907,0.280356
arm_l_nll_edge_ffl,mid,621,Viral,35.2202,0.929082,0.345442
arm_l_nll_edge_ffl,mid,622,Viral,33.0654,0.91565,0.296954
arm_l_nll_edge_ffl,mid,623,Viral,33.4626,0.92397,0.265667
arm_m_full_det,mid,0,Normal,31.0236,0.898782,0.345761
arm_m_full_det,mid,1,Normal,29.8173,0.875863,0.376751
arm_m_full_det,mid,2,Normal,30.2025,0.887869,0.335003
arm_m_full_det,mid,3,Normal,30.9226,0.907451,0.318977
arm_m_full_det,mid,4,Normal,30.8893,0.880578,0.393247
arm_m_full_det,mid,5,Normal,31.4997,0.903993,0.328708
arm_m_full_det,mid,6,Normal,30.8764,0.89418,0.327756
arm_m_full_det,mid,7,Normal,31.0847,0.904242,0.35499
arm_m_full_det,mid,8,Normal,29.4087,0.891201,0.340382
arm_m_full_det,mid,9,Normal,29.301,0.883006,0.369927
arm_m_full_det,mid,10,Normal,30.2869,0.900594,0.304859
arm_m_full_det,mid,11,Normal,30.193,0.884647,0.367172
arm_m_full_det,mid,12,Normal,30.9959,0.884584,0.359332
arm_m_full_det,mid,13,Normal,32.3131,0.90823,0.363129
arm_m_full_det,mid,14,Normal,32.3378,0.933859,0.27782
arm_m_full_det,mid,15,Normal,30.1027,0.87948,0.369176
arm_m_full_det,mid,16,Normal,31.2544,0.900847,0.359723
arm_m_full_det,mid,17,Normal,30.6058,0.873856,0.352891
arm_m_full_det,mid,18,Normal,30.4643,0.888521,0.321651
arm_m_full_det,mid,19,Normal,30.9711,0.898606,0.337944
arm_m_full_det,mid,20,Normal,32.0508,0.912198,0.324563
arm_m_full_det,mid,21,Normal,30.382,0.891292,0.334711
arm_m_full_det,mid,22,Normal,31.2969,0.89908,0.307668
arm_m_full_det,mid,23,Normal,30.249,0.864223,0.433421
arm_m_full_det,mid,24,Normal,30.4701,0.890458,0.328092
arm_m_full_det,mid,25,Normal,31.0395,0.896444,0.340598
arm_m_full_det,mid,26,Normal,29.5475,0.883515,0.328615
arm_m_full_det,mid,27,Normal,29.6275,0.87383,0.314222
arm_m_full_det,mid,28,Normal,31.3041,0.907165,0.317172
arm_m_full_det,mid,29,Normal,30.8263,0.895154,0.379648
arm_m_full_det,mid,30,Normal,30.2382,0.87713,0.389762
arm_m_full_det,mid,31,Normal,30.577,0.891887,0.34551
arm_m_full_det,mid,32,Normal,29.7697,0.888126,0.349657
arm_m_full_det,mid,33,Normal,29.5905,0.873387,0.373641
arm_m_full_det,mid,34,Normal,28.8838,0.879139,0.335231
arm_m_full_det,mid,35,Normal,30.7442,0.895318,0.338844
arm_m_full_det,mid,36,Normal,31.506,0.911721,0.302052
arm_m_full_det,mid,37,Normal,31.7739,0.914262,0.358652
arm_m_full_det,mid,38,Normal,30.136,0.893385,0.330335
arm_m_full_det,mid,39,Normal,29.3431,0.874018,0.353046
arm_m_full_det,mid,40,Normal,30.6176,0.894214,0.335932
arm_m_full_det,mid,41,Normal,31.1651,0.892802,0.383115
arm_m_full_det,mid,42,Normal,29.1512,0.875924,0.352432
arm_m_full_det,mid,43,Normal,30.5756,0.886275,0.290924
arm_m_full_det,mid,44,Normal,30.5396,0.879104,0.333053
arm_m_full_det,mid,45,Normal,29.8676,0.890114,0.338028
arm_m_full_det,mid,46,Normal,32.7372,0.899852,0.383799
arm_m_full_det,mid,47,Normal,29.4749,0.881091,0.309915
arm_m_full_det,mid,48,Normal,30.4469,0.896256,0.336222
arm_m_full_det,mid,49,Normal,30.2102,0.888123,0.314329
arm_m_full_det,mid,50,Normal,29.8398,0.883219,0.37886
arm_m_full_det,mid,51,Normal,31.0984,0.901361,0.337592
arm_m_full_det,mid,52,Normal,30.6849,0.879604,0.343775
arm_m_full_det,mid,53,Normal,30.5142,0.900483,0.288235
arm_m_full_det,mid,54,Normal,30.9155,0.897046,0.362253
arm_m_full_det,mid,55,Normal,31.5237,0.897614,0.326275
arm_m_full_det,mid,56,Normal,32.1045,0.915593,0.353035
arm_m_full_det,mid,57,Normal,30.3986,0.879658,0.35904
arm_m_full_det,mid,58,Normal,30.1723,0.892842,0.347807
arm_m_full_det,mid,59,Normal,30.2794,0.8873,0.373461
arm_m_full_det,mid,60,Normal,31.6126,0.904794,0.349439
arm_m_full_det,mid,61,Normal,31.0522,0.907765,0.296791
arm_m_full_det,mid,62,Normal,30.8217,0.893151,0.340993
arm_m_full_det,mid,63,Normal,29.9138,0.891696,0.34115
arm_m_full_det,mid,64,Normal,30.6222,0.886352,0.356828
arm_m_full_det,mid,65,Normal,28.8634,0.883705,0.33725
arm_m_full_det,mid,66,Normal,29.5656,0.880429,0.37313
arm_m_full_det,mid,67,Normal,29.7115,0.885414,0.337174
arm_m_full_det,mid,68,Normal,29.5671,0.876484,0.361736
arm_m_full_det,mid,69,Normal,30.2579,0.884839,0.366872
arm_m_full_det,mid,70,Normal,31.9234,0.913451,0.320777
arm_m_full_det,mid,71,Normal,32.345,0.904596,0.370984
arm_m_full_det,mid,72,Normal,31.0868,0.9015,0.350889
arm_m_full_det,mid,73,Normal,31.7815,0.903068,0.340411
arm_m_full_det,mid,74,Normal,31.5418,0.899347,0.385233
arm_m_full_det,mid,75,Normal,30.0496,0.882817,0.362075
arm_m_full_det,mid,76,Normal,30.1053,0.88362,0.34946
arm_m_full_det,mid,77,Normal,29.9418,0.892396,0.301222
arm_m_full_det,mid,78,Normal,30.9581,0.897081,0.331802
arm_m_full_det,mid,79,Normal,30.2701,0.897547,0.331424
arm_m_full_det,mid,80,Normal,32.1034,0.901583,0.375334
arm_m_full_det,mid,81,Normal,30.9676,0.896481,0.361232
arm_m_full_det,mid,82,Normal,29.8462,0.888659,0.355455
arm_m_full_det,mid,83,Normal,29.6943,0.880713,0.339098
arm_m_full_det,mid,84,Normal,30.3629,0.900946,0.322856
arm_m_full_det,mid,85,Normal,32.5429,0.913476,0.326032
arm_m_full_det,mid,86,Normal,30.3945,0.890549,0.334042
arm_m_full_det,mid,87,Normal,30.6465,0.890655,0.339803
arm_m_full_det,mid,88,Normal,30.2033,0.90211,0.338363
arm_m_full_det,mid,89,Normal,30.8594,0.888454,0.355728
arm_m_full_det,mid,90,Normal,30.6828,0.898613,0.308477
arm_m_full_det,mid,91,Normal,29.9622,0.88711,0.295313
arm_m_full_det,mid,92,Normal,31.914,0.918223,0.312208
arm_m_full_det,mid,93,Normal,29.7463,0.883635,0.363528
arm_m_full_det,mid,94,Normal,30.7927,0.898085,0.327413
arm_m_full_det,mid,95,Normal,30.0693,0.881168,0.361907
arm_m_full_det,mid,96,Normal,30.0751,0.881405,0.35799
arm_m_full_det,mid,97,Normal,29.4888,0.881028,0.355955
arm_m_full_det,mid,98,Normal,29.622,0.885884,0.334964
arm_m_full_det,mid,99,Normal,30.691,0.904132,0.354632
arm_m_full_det,mid,100,Normal,30.6249,0.888234,0.3753
arm_m_full_det,mid,101,Normal,29.6642,0.885869,0.340576
arm_m_full_det,mid,102,Normal,30.725,0.88374,0.312403
arm_m_full_det,mid,103,Normal,30.8773,0.891124,0.333464
arm_m_full_det,mid,104,Normal,29.8294,0.887354,0.320364
arm_m_full_det,mid,105,Normal,31.1808,0.910228,0.268925
arm_m_full_det,mid,106,Normal,30.71,0.895929,0.338788
arm_m_full_det,mid,107,Normal,30.3467,0.891945,0.348215
arm_m_full_det,mid,108,Normal,29.9163,0.869187,0.38019
arm_m_full_det,mid,109,Normal,30.5121,0.887296,0.368016
arm_m_full_det,mid,110,Normal,31.1483,0.89732,0.320925
arm_m_full_det,mid,111,Normal,31.3702,0.877569,0.345866
arm_m_full_det,mid,112,Normal,29.4466,0.881818,0.33732
arm_m_full_det,mid,113,Normal,29.8623,0.871791,0.382205
arm_m_full_det,mid,114,Normal,30.297,0.869765,0.377775
arm_m_full_det,mid,115,Normal,29.9795,0.891443,0.3238
arm_m_full_det,mid,116,Normal,29.3569,0.882509,0.31191
arm_m_full_det,mid,117,Normal,30.9824,0.909415,0.328793
arm_m_full_det,mid,118,Normal,30.2024,0.882169,0.350176
arm_m_full_det,mid,119,Normal,31.8613,0.914067,0.335177
arm_m_full_det,mid,120,Normal,30.8432,0.913811,0.26884
arm_m_full_det,mid,121,Normal,31.1682,0.901111,0.328168
arm_m_full_det,mid,122,Normal,31.0818,0.908727,0.331995
arm_m_full_det,mid,123,Normal,30.9666,0.894098,0.33486
arm_m_full_det,mid,124,Normal,30.457,0.886789,0.334911
arm_m_full_det,mid,125,Normal,29.7694,0.882014,0.332588
arm_m_full_det,mid,126,Normal,31.3327,0.904377,0.345518
arm_m_full_det,mid,127,Normal,29.9041,0.867619,0.406451
arm_m_full_det,mid,128,Normal,29.7229,0.884568,0.312372
arm_m_full_det,mid,129,Normal,30.6533,0.900041,0.313538
arm_m_full_det,mid,130,Normal,30.2923,0.897421,0.30843
arm_m_full_det,mid,131,Normal,30.0205,0.891469,0.350807
arm_m_full_det,mid,132,Normal,29.6044,0.888348,0.358559
arm_m_full_det,mid,133,Normal,30.2215,0.895496,0.343059
arm_m_full_det,mid,134,Normal,31.5522,0.902001,0.339319
arm_m_full_det,mid,135,Normal,30.7729,0.888986,0.330361
arm_m_full_det,mid,136,Normal,29.9277,0.894319,0.328593
arm_m_full_det,mid,137,Normal,29.6506,0.886535,0.321359
arm_m_full_det,mid,138,Normal,30.8348,0.90036,0.326755
arm_m_full_det,mid,139,Normal,29.1953,0.875464,0.339147
arm_m_full_det,mid,140,Normal,30.0456,0.883197,0.353057
arm_m_full_det,mid,141,Normal,30.8734,0.901866,0.364812
arm_m_full_det,mid,142,Normal,29.7635,0.877969,0.376819
arm_m_full_det,mid,143,Normal,31.5821,0.904791,0.331183
arm_m_full_det,mid,144,Normal,30.0518,0.89658,0.349843
arm_m_full_det,mid,145,Normal,29.9351,0.890942,0.304946
arm_m_full_det,mid,146,Normal,29.6505,0.88165,0.335984
arm_m_full_det,mid,147,Normal,30.1093,0.879044,0.375653
arm_m_full_det,mid,148,Normal,31.2167,0.901418,0.341991
arm_m_full_det,mid,149,Normal,30.0594,0.896209,0.311487
arm_m_full_det,mid,150,Normal,30.7039,0.884819,0.387292
arm_m_full_det,mid,151,Normal,30.3135,0.875813,0.399112
arm_m_full_det,mid,152,Normal,29.6964,0.866422,0.378936
arm_m_full_det,mid,153,Normal,30.7554,0.904064,0.338727
arm_m_full_det,mid,154,Normal,31.7328,0.90669,0.367494
arm_m_full_det,mid,155,Normal,29.8454,0.87467,0.324321
arm_m_full_det,mid,156,Normal,30.1755,0.88169,0.34672
arm_m_full_det,mid,157,Normal,30.9283,0.901154,0.289833
arm_m_full_det,mid,158,Normal,29.7367,0.89103,0.335634
arm_m_full_det,mid,159,Normal,31.5901,0.907674,0.34498
arm_m_full_det,mid,160,Normal,31.9232,0.907873,0.359742
arm_m_full_det,mid,161,Normal,31.0556,0.891197,0.334532
arm_m_full_det,mid,162,Normal,30.8583,0.892825,0.328834
arm_m_full_det,mid,163,Normal,31.2811,0.888762,0.361369
arm_m_full_det,mid,164,Normal,32.3032,0.918453,0.354028
arm_m_full_det,mid,165,Normal,32.078,0.897181,0.408768
arm_m_full_det,mid,166,Normal,31.8194,0.90019,0.331343
arm_m_full_det,mid,167,Normal,30.3826,0.875114,0.408897
arm_m_full_det,mid,168,Normal,29.9889,0.891436,0.327927
arm_m_full_det,mid,169,Normal,27.9982,0.865725,0.324945
arm_m_full_det,mid,170,Normal,30.1439,0.877899,0.355676
arm_m_full_det,mid,171,Normal,30.5671,0.892458,0.360838
arm_m_full_det,mid,172,Normal,30.2969,0.875325,0.352056
arm_m_full_det,mid,173,Normal,30.5064,0.883203,0.373768
arm_m_full_det,mid,174,Normal,31.1941,0.901099,0.346807
arm_m_full_det,mid,175,Normal,30.4831,0.894717,0.33322
arm_m_full_det,mid,176,Normal,30.9205,0.905175,0.334742
arm_m_full_det,mid,177,Normal,29.816,0.872461,0.37148
arm_m_full_det,mid,178,Normal,29.9189,0.876118,0.431522
arm_m_full_det,mid,179,Normal,29.9156,0.863794,0.407468
arm_m_full_det,mid,180,Normal,29.119,0.865836,0.352383
arm_m_full_det,mid,181,Normal,31.2264,0.901107,0.352433
arm_m_full_det,mid,182,Normal,31.4741,0.893681,0.340707
arm_m_full_det,mid,183,Normal,30.7134,0.897029,0.325929
arm_m_full_det,mid,184,Normal,30.2361,0.89085,0.348599
arm_m_full_det,mid,185,Normal,30.8613,0.89052,0.332964
arm_m_full_det,mid,186,Normal,29.9344,0.8847,0.356614
arm_m_full_det,mid,187,Normal,31.3917,0.909285,0.331772
arm_m_full_det,mid,188,Normal,31.5632,0.894702,0.338168
arm_m_full_det,mid,189,Normal,30.9256,0.883809,0.340514
arm_m_full_det,mid,190,Normal,29.5966,0.877042,0.368438
arm_m_full_det,mid,191,Normal,31.0332,0.894328,0.343112
arm_m_full_det,mid,192,Normal,32.2332,0.904685,0.392085
arm_m_full_det,mid,193,Normal,29.8043,0.890888,0.303164
arm_m_full_det,mid,194,Normal,29.4646,0.877163,0.37352
arm_m_full_det,mid,195,Normal,29.9871,0.883915,0.361068
arm_m_full_det,mid,196,Normal,30.4599,0.880397,0.346599
arm_m_full_det,mid,197,Normal,30.5012,0.887375,0.352095
arm_m_full_det,mid,198,Normal,31.635,0.908336,0.338704
arm_m_full_det,mid,199,Normal,29.3821,0.8714,0.349646
arm_m_full_det,mid,200,Normal,30.4253,0.892412,0.347355
arm_m_full_det,mid,201,Normal,31.1352,0.900375,0.333425
arm_m_full_det,mid,202,Normal,30.6865,0.896309,0.372541
arm_m_full_det,mid,203,Normal,30.4999,0.898631,0.324467
arm_m_full_det,mid,204,Normal,29.5239,0.884455,0.35548
arm_m_full_det,mid,205,Normal,31.691,0.89501,0.35861
arm_m_full_det,mid,206,Normal,32.2675,0.91288,0.3162
arm_m_full_det,mid,207,Normal,31.2422,0.887099,0.330717
arm_m_full_det,mid,208,Normal,30.2231,0.893944,0.347782
arm_m_full_det,mid,209,Normal,29.8049,0.896595,0.334135
arm_m_full_det,mid,210,Normal,30.3535,0.87815,0.381277
arm_m_full_det,mid,211,Normal,30.6247,0.895413,0.324965
arm_m_full_det,mid,212,Normal,31.1749,0.903332,0.328671
arm_m_full_det,mid,213,Normal,30.6241,0.894248,0.357307
arm_m_full_det,mid,214,Normal,30.3788,0.885318,0.328596
arm_m_full_det,mid,215,Normal,30.7288,0.876086,0.40127
arm_m_full_det,mid,216,Normal,29.3502,0.887622,0.368226
arm_m_full_det,mid,217,Normal,31.3798,0.887068,0.440579
arm_m_full_det,mid,218,Normal,30.4783,0.87842,0.379717
arm_m_full_det,mid,219,Normal,29.9987,0.887217,0.355139
arm_m_full_det,mid,220,Normal,32.3278,0.897092,0.378146
arm_m_full_det,mid,221,Normal,30.8539,0.898196,0.3118
arm_m_full_det,mid,222,Normal,30.1809,0.891745,0.315447
arm_m_full_det,mid,223,Normal,30.2272,0.891762,0.361998
arm_m_full_det,mid,224,Normal,30.9727,0.898516,0.328686
arm_m_full_det,mid,225,Normal,29.0105,0.843781,0.419169
arm_m_full_det,mid,226,Normal,31.6128,0.901842,0.344349
arm_m_full_det,mid,227,Normal,29.5956,0.890373,0.364377
arm_m_full_det,mid,228,Normal,31.7738,0.896517,0.342405
arm_m_full_det,mid,229,Normal,29.841,0.89028,0.324852
arm_m_full_det,mid,230,Normal,30.0425,0.887802,0.361861
arm_m_full_det,mid,231,Normal,30.3778,0.879422,0.370553
arm_m_full_det,mid,232,Normal,31.3275,0.902839,0.345699
arm_m_full_det,mid,233,Normal,30.949,0.894156,0.351802
arm_m_full_det,mid,234,Bacterial,32.0819,0.9006,0.431474
arm_m_full_det,mid,235,Bacterial,30.4424,0.887546,0.405295
arm_m_full_det,mid,236,Bacterial,32.0276,0.89598,0.41426
arm_m_full_det,mid,237,Bacterial,32.0167,0.89879,0.414448
arm_m_full_det,mid,238,Bacterial,32.8511,0.901555,0.42779
arm_m_full_det,mid,239,Bacterial,31.763,0.900599,0.405368
arm_m_full_det,mid,240,Bacterial,32.1474,0.895989,0.421681
arm_m_full_det,mid,241,Bacterial,31.1444,0.88827,0.399624
arm_m_full_det,mid,242,Bacterial,32.2467,0.896529,0.403051
arm_m_full_det,mid,243,Bacterial,31.1554,0.884318,0.435808
arm_m_full_det,mid,244,Bacterial,30.3152,0.882589,0.324138
arm_m_full_det,mid,245,Bacterial,30.9626,0.896877,0.356101
arm_m_full_det,mid,246,Bacterial,31.3254,0.902885,0.382342
arm_m_full_det,mid,247,Bacterial,30.8159,0.893678,0.386323
arm_m_full_det,mid,248,Bacterial,32.5008,0.90263,0.373815
arm_m_full_det,mid,249,Bacterial,33.112,0.90952,0.403076
arm_m_full_det,mid,250,Bacterial,32.0707,0.886522,0.446992
arm_m_full_det,mid,251,Bacterial,30.5902,0.892423,0.315185
arm_m_full_det,mid,252,Bacterial,32.5156,0.890395,0.425146
arm_m_full_det,mid,253,Bacterial,31.6775,0.897966,0.414677
arm_m_full_det,mid,254,Bacterial,30.5982,0.879139,0.348295
arm_m_full_det,mid,255,Bacterial,31.4238,0.895584,0.378936
arm_m_full_det,mid,256,Bacterial,30.7468,0.88475,0.387567
arm_m_full_det,mid,257,Bacterial,31.8584,0.903543,0.385086
arm_m_full_det,mid,258,Bacterial,31.9073,0.890677,0.434417
arm_m_full_det,mid,259,Bacterial,32.1267,0.903928,0.386975
arm_m_full_det,mid,260,Bacterial,31.9962,0.911381,0.374638
arm_m_full_det,mid,261,Bacterial,30.3361,0.887735,0.275599
arm_m_full_det,mid,262,Bacterial,33.1753,0.905262,0.385328
arm_m_full_det,mid,263,Bacterial,32.8409,0.909894,0.378847
arm_m_full_det,mid,264,Bacterial,32.8456,0.896942,0.405371
arm_m_full_det,mid,265,Bacterial,32.8706,0.911826,0.388492
arm_m_full_det,mid,266,Bacterial,32.4741,0.902459,0.379394
arm_m_full_det,mid,267,Bacterial,31.861,0.886233,0.379162
arm_m_full_det,mid,268,Bacterial,32.4292,0.898098,0.403711
arm_m_full_det,mid,269,Bacterial,32.0576,0.90624,0.378829
arm_m_full_det,mid,270,Bacterial,32.4583,0.914852,0.368079
arm_m_full_det,mid,271,Bacterial,31.8079,0.898411,0.36266
arm_m_full_det,mid,272,Bacterial,32.5735,0.910816,0.380462
arm_m_full_det,mid,273,Bacterial,32.3005,0.903814,0.402979
arm_m_full_det,mid,274,Bacterial,31.2444,0.886015,0.379049
arm_m_full_det,mid,275,Bacterial,30.4141,0.883724,0.419051
arm_m_full_det,mid,276,Bacterial,30.1464,0.886142,0.299707
arm_m_full_det,mid,277,Bacterial,31.5861,0.883568,0.423034
arm_m_full_det,mid,278,Bacterial,31.8764,0.891454,0.391052
arm_m_full_det,mid,279,Bacterial,31.5645,0.892013,0.395612
arm_m_full_det,mid,280,Bacterial,32.3785,0.887383,0.409713
arm_m_full_det,mid,281,Bacterial,31.6039,0.875901,0.419762
arm_m_full_det,mid,282,Bacterial,31.0889,0.884824,0.406891
arm_m_full_det,mid,283,Bacterial,32.0972,0.893403,0.411037
arm_m_full_det,mid,284,Bacterial,30.7009,0.890376,0.412013
arm_m_full_det,mid,285,Bacterial,32.8571,0.902908,0.418629
arm_m_full_det,mid,286,Bacterial,31.1957,0.901516,0.392423
arm_m_full_det,mid,287,Bacterial,31.2369,0.888906,0.386357
arm_m_full_det,mid,288,Bacterial,32.3223,0.899105,0.393695
arm_m_full_det,mid,289,Bacterial,31.3405,0.879364,0.411929
arm_m_full_det,mid,290,Bacterial,32.6575,0.909972,0.380656
arm_m_full_det,mid,291,Bacterial,31.751,0.892476,0.38376
arm_m_full_det,mid,292,Bacterial,31.3524,0.893012,0.300477
arm_m_full_det,mid,293,Bacterial,32.5241,0.901772,0.381882
arm_m_full_det,mid,294,Bacterial,31.8454,0.904746,0.390793
arm_m_full_det,mid,295,Bacterial,31.085,0.897917,0.367998
arm_m_full_det,mid,296,Bacterial,32.3114,0.908698,0.361523
arm_m_full_det,mid,297,Bacterial,31.4753,0.900616,0.353809
arm_m_full_det,mid,298,Bacterial,29.861,0.867104,0.410191
arm_m_full_det,mid,299,Bacterial,30.3115,0.881915,0.406928
arm_m_full_det,mid,300,Bacterial,30.2804,0.885922,0.381367
arm_m_full_det,mid,301,Bacterial,30.1518,0.877084,0.342604
arm_m_full_det,mid,302,Bacterial,31.0473,0.880697,0.378474
arm_m_full_det,mid,303,Bacterial,30.7969,0.899524,0.378134
arm_m_full_det,mid,304,Bacterial,31.9138,0.900032,0.396323
arm_m_full_det,mid,305,Bacterial,32.6824,0.904536,0.386932
arm_m_full_det,mid,306,Bacterial,31.484,0.898875,0.368448
arm_m_full_det,mid,307,Bacterial,31.5318,0.901367,0.362894
arm_m_full_det,mid,308,Bacterial,31.24,0.884359,0.356975
arm_m_full_det,mid,309,Bacterial,31.1831,0.89069,0.397974
arm_m_full_det,mid,310,Bacterial,29.8499,0.881357,0.33513
arm_m_full_det,mid,311,Bacterial,31.4508,0.890076,0.390666
arm_m_full_det,mid,312,Bacterial,30.2441,0.890801,0.365086
arm_m_full_det,mid,313,Bacterial,32.1853,0.896938,0.410675
arm_m_full_det,mid,314,Bacterial,31.0864,0.880032,0.34638
arm_m_full_det,mid,315,Bacterial,33.0673,0.919329,0.40229
arm_m_full_det,mid,316,Bacterial,32.553,0.906149,0.408865
arm_m_full_det,mid,317,Bacterial,32.4893,0.906769,0.427412
arm_m_full_det,mid,318,Bacterial,31.8505,0.897381,0.423014
arm_m_full_det,mid,319,Bacterial,31.808,0.881039,0.430481
arm_m_full_det,mid,320,Bacterial,32.461,0.894301,0.442645
arm_m_full_det,mid,321,Bacterial,29.6285,0.897165,0.35348
arm_m_full_det,mid,322,Bacterial,31.1425,0.89564,0.373482
arm_m_full_det,mid,323,Bacterial,31.1189,0.901274,0.337237
arm_m_full_det,mid,324,Bacterial,30.3871,0.901544,0.331995
arm_m_full_det,mid,325,Bacterial,30.3649,0.898058,0.300875
arm_m_full_det,mid,326,Bacterial,31.3455,0.900976,0.380117
arm_m_full_det,mid,327,Bacterial,31.7617,0.900533,0.357781
arm_m_full_det,mid,328,Bacterial,31.913,0.909251,0.387382
arm_m_full_det,mid,329,Bacterial,31.863,0.910087,0.275729
arm_m_full_det,mid,330,Bacterial,32.8224,0.898757,0.413206
arm_m_full_det,mid,331,Bacterial,32.1658,0.907879,0.380569
arm_m_full_det,mid,332,Bacterial,32.7975,0.910999,0.401671
arm_m_full_det,mid,333,Bacterial,32.8395,0.912693,0.382399
arm_m_full_det,mid,334,Bacterial,32.7556,0.913186,0.376384
arm_m_full_det,mid,335,Bacterial,30.7812,0.884595,0.356029
arm_m_full_det,mid,336,Bacterial,32.3836,0.908615,0.389749
arm_m_full_det,mid,337,Bacterial,31.7807,0.890377,0.41389
arm_m_full_det,mid,338,Bacterial,32.3256,0.896544,0.401978
arm_m_full_det,mid,339,Bacterial,30.8274,0.89227,0.326806
arm_m_full_det,mid,340,Bacterial,32.5009,0.901206,0.385537
arm_m_full_det,mid,341,Bacterial,31.475,0.904419,0.393186
arm_m_full_det,mid,342,Bacterial,31.4976,0.896557,0.410113
arm_m_full_det,mid,343,Bacterial,32.0731,0.900076,0.433196
arm_m_full_det,mid,344,Bacterial,32.6947,0.906687,0.382641
arm_m_full_det,mid,345,Bacterial,31.554,0.901523,0.402851
arm_m_full_det,mid,346,Bacterial,30.6971,0.889394,0.390058
arm_m_full_det,mid,347,Bacterial,32.2176,0.906626,0.379608
arm_m_full_det,mid,348,Bacterial,31.8483,0.892586,0.412251
arm_m_full_det,mid,349,Bacterial,32.8497,0.908916,0.402988
arm_m_full_det,mid,350,Bacterial,33.3398,0.91478,0.40025
arm_m_full_det,mid,351,Bacterial,30.4787,0.894732,0.326703
arm_m_full_det,mid,352,Bacterial,32.2002,0.901136,0.386945
arm_m_full_det,mid,353,Bacterial,31.8314,0.906112,0.368918
arm_m_full_det,mid,354,Bacterial,32.9715,0.896418,0.449816
arm_m_full_det,mid,355,Bacterial,32.335,0.90103,0.364045
arm_m_full_det,mid,356,Bacterial,32.0358,0.89456,0.389352
arm_m_full_det,mid,357,Bacterial,32.2887,0.886938,0.410584
arm_m_full_det,mid,358,Bacterial,32.0979,0.897998,0.422955
arm_m_full_det,mid,359,Bacterial,31.4824,0.896278,0.29389
arm_m_full_det,mid,360,Bacterial,31.5798,0.900808,0.374611
arm_m_full_det,mid,361,Bacterial,32.5031,0.904378,0.360574
arm_m_full_det,mid,362,Bacterial,32.3025,0.907104,0.398731
arm_m_full_det,mid,363,Bacterial,31.1299,0.910679,0.338621
arm_m_full_det,mid,364,Bacterial,32.4956,0.901203,0.388485
arm_m_full_det,mid,365,Bacterial,29.9187,0.887501,0.351611
arm_m_full_det,mid,366,Bacterial,32.2173,0.901735,0.386512
arm_m_full_det,mid,367,Bacterial,31.2673,0.901665,0.275834
arm_m_full_det,mid,368,Bacterial,31.8725,0.892064,0.375782
arm_m_full_det,mid,369,Bacterial,30.8947,0.8945,0.308346
arm_m_full_det,mid,370,Bacterial,29.4657,0.878828,0.33324
arm_m_full_det,mid,371,Bacterial,31.8496,0.902184,0.367533
arm_m_full_det,mid,372,Bacterial,31.3581,0.883288,0.440417
arm_m_full_det,mid,373,Bacterial,32.0779,0.899929,0.388439
arm_m_full_det,mid,374,Bacterial,30.9447,0.88852,0.394878
arm_m_full_det,mid,375,Bacterial,31.6319,0.898917,0.3998
arm_m_full_det,mid,376,Bacterial,30.557,0.898579,0.372415
arm_m_full_det,mid,377,Bacterial,31.5658,0.900334,0.40031
arm_m_full_det,mid,378,Bacterial,31.1502,0.893851,0.298794
arm_m_full_det,mid,379,Bacterial,31.5899,0.898986,0.378406
arm_m_full_det,mid,380,Bacterial,31.8419,0.908639,0.379536
arm_m_full_det,mid,381,Bacterial,29.9642,0.881786,0.317921
arm_m_full_det,mid,382,Bacterial,31.3332,0.894724,0.385711
arm_m_full_det,mid,383,Bacterial,30.4466,0.874505,0.372651
arm_m_full_det,mid,384,Bacterial,30.2262,0.889279,0.281045
arm_m_full_det,mid,385,Bacterial,30.0076,0.888488,0.335197
arm_m_full_det,mid,386,Bacterial,32.2256,0.904035,0.383014
arm_m_full_det,mid,387,Bacterial,32.0672,0.903589,0.358216
arm_m_full_det,mid,388,Bacterial,30.8267,0.905002,0.251875
arm_m_full_det,mid,389,Bacterial,30.2881,0.88683,0.327352
arm_m_full_det,mid,390,Bacterial,31.8469,0.89111,0.374173
arm_m_full_det,mid,391,Bacterial,30.8399,0.896617,0.393016
arm_m_full_det,mid,392,Bacterial,31.842,0.897273,0.407116
arm_m_full_det,mid,393,Bacterial,31.8284,0.890403,0.43143
arm_m_full_det,mid,394,Bacterial,32.1,0.903035,0.397211
arm_m_full_det,mid,395,Bacterial,32.0506,0.899842,0.383764
arm_m_full_det,mid,396,Bacterial,30.6289,0.872295,0.399775
arm_m_full_det,mid,397,Bacterial,33.4023,0.900439,0.420548
arm_m_full_det,mid,398,Bacterial,32.8349,0.901457,0.40866
arm_m_full_det,mid,399,Bacterial,30.952,0.89391,0.406413
arm_m_full_det,mid,400,Bacterial,31.0067,0.882424,0.408466
arm_m_full_det,mid,401,Bacterial,30.3081,0.876016,0.327007
arm_m_full_det,mid,402,Bacterial,32.4442,0.902253,0.414979
arm_m_full_det,mid,403,Bacterial,31.2727,0.902631,0.378171
arm_m_full_det,mid,404,Bacterial,31.6349,0.889952,0.393786
arm_m_full_det,mid,405,Bacterial,31.9588,0.900711,0.340807
arm_m_full_det,mid,406,Bacterial,33.0601,0.907521,0.384663
arm_m_full_det,mid,407,Bacterial,31.2843,0.901581,0.389606
arm_m_full_det,mid,408,Bacterial,31.7191,0.898161,0.380814
arm_m_full_det,mid,409,Bacterial,30.9013,0.886536,0.352341
arm_m_full_det,mid,410,Bacterial,30.0525,0.881754,0.324852
arm_m_full_det,mid,411,Bacterial,31.5535,0.879939,0.388438
arm_m_full_det,mid,412,Bacterial,32.2877,0.891755,0.388774
arm_m_full_det,mid,413,Bacterial,30.2934,0.87214,0.311365
arm_m_full_det,mid,414,Bacterial,32.5822,0.903868,0.403275
arm_m_full_det,mid,415,Bacterial,31.7381,0.894386,0.415988
arm_m_full_det,mid,416,Bacterial,33.1278,0.908302,0.39244
arm_m_full_det,mid,417,Bacterial,32.4156,0.895039,0.346017
arm_m_full_det,mid,418,Bacterial,32.4667,0.902711,0.378213
arm_m_full_det,mid,419,Bacterial,31.4179,0.90026,0.317632
arm_m_full_det,mid,420,Bacterial,31.6135,0.902025,0.387504
arm_m_full_det,mid,421,Bacterial,30.8841,0.893205,0.398246
arm_m_full_det,mid,422,Bacterial,31.5535,0.891086,0.415013
arm_m_full_det,mid,423,Bacterial,31.8575,0.902816,0.409543
arm_m_full_det,mid,424,Bacterial,31.8018,0.90172,0.421474
arm_m_full_det,mid,425,Bacterial,32.5727,0.896557,0.390794
arm_m_full_det,mid,426,Bacterial,33.7972,0.912417,0.404718
arm_m_full_det,mid,427,Bacterial,33.5521,0.907859,0.43821
arm_m_full_det,mid,428,Bacterial,32.944,0.904189,0.430582
arm_m_full_det,mid,429,Bacterial,30.7175,0.892485,0.357899
arm_m_full_det,mid,430,Bacterial,32.5891,0.907812,0.364897
arm_m_full_det,mid,431,Bacterial,32.9179,0.898653,0.409051
arm_m_full_det,mid,432,Bacterial,32.1856,0.900027,0.396383
arm_m_full_det,mid,433,Bacterial,31.199,0.884128,0.401148
arm_m_full_det,mid,434,Bacterial,31.821,0.89776,0.374369
arm_m_full_det,mid,435,Bacterial,31.3618,0.898951,0.351894
arm_m_full_det,mid,436,Bacterial,30.9717,0.896392,0.26745
arm_m_full_det,mid,437,Bacterial,32.8967,0.890637,0.396631
arm_m_full_det,mid,438,Bacterial,30.5318,0.875647,0.398836
arm_m_full_det,mid,439,Bacterial,31.5613,0.892975,0.40261
arm_m_full_det,mid,440,Bacterial,30.7007,0.888457,0.373652
arm_m_full_det,mid,441,Bacterial,30.6561,0.888339,0.335699
arm_m_full_det,mid,442,Bacterial,32.1254,0.89884,0.403263
arm_m_full_det,mid,443,Bacterial,32.4432,0.902549,0.381658
arm_m_full_det,mid,444,Bacterial,31.6804,0.895925,0.360041
arm_m_full_det,mid,445,Bacterial,31.7909,0.90111,0.411192
arm_m_full_det,mid,446,Bacterial,31.8167,0.903582,0.392158
arm_m_full_det,mid,447,Bacterial,32.608,0.900543,0.404385
arm_m_full_det,mid,448,Bacterial,32.4581,0.907745,0.403655
arm_m_full_det,mid,449,Bacterial,30.7152,0.882863,0.349571
arm_m_full_det,mid,450,Bacterial,31.1264,0.891488,0.37996
arm_m_full_det,mid,451,Bacterial,30.3144,0.881316,0.30666
arm_m_full_det,mid,452,Bacterial,31.1467,0.896515,0.385907
arm_m_full_det,mid,453,Bacterial,32.399,0.900207,0.39549
arm_m_full_det,mid,454,Bacterial,31.1094,0.901734,0.363846
arm_m_full_det,mid,455,Bacterial,32.5618,0.909588,0.417673
arm_m_full_det,mid,456,Bacterial,30.146,0.882743,0.360087
arm_m_full_det,mid,457,Bacterial,32.6178,0.902701,0.396523
arm_m_full_det,mid,458,Bacterial,32.6949,0.909504,0.36206
arm_m_full_det,mid,459,Bacterial,33.1252,0.906436,0.395461
arm_m_full_det,mid,460,Bacterial,31.6853,0.891552,0.38037
arm_m_full_det,mid,461,Bacterial,31.3334,0.896256,0.360897
arm_m_full_det,mid,462,Bacterial,30.8527,0.885471,0.354135
arm_m_full_det,mid,463,Bacterial,32.5009,0.901662,0.390529
arm_m_full_det,mid,464,Bacterial,31.4595,0.886846,0.396205
arm_m_full_det,mid,465,Bacterial,32.5947,0.903706,0.374932
arm_m_full_det,mid,466,Bacterial,31.9436,0.894976,0.374644
arm_m_full_det,mid,467,Bacterial,31.9369,0.893876,0.416725
arm_m_full_det,mid,468,Bacterial,31.76,0.901216,0.39013
arm_m_full_det,mid,469,Bacterial,32.6806,0.891607,0.406518
arm_m_full_det,mid,470,Bacterial,31.7675,0.890351,0.41561
arm_m_full_det,mid,471,Bacterial,30.9342,0.886824,0.331542
arm_m_full_det,mid,472,Bacterial,31.1862,0.895544,0.306079
arm_m_full_det,mid,473,Bacterial,29.4044,0.876577,0.412519
arm_m_full_det,mid,474,Bacterial,30.7641,0.901236,0.358873
arm_m_full_det,mid,475,Bacterial,30.0719,0.878706,0.330173
arm_m_full_det,mid,476,Viral,30.8426,0.901006,0.385428
arm_m_full_det,mid,477,Viral,30.8657,0.896844,0.378684
arm_m_full_det,mid,478,Viral,31.3756,0.906759,0.361753
arm_m_full_det,mid,479,Viral,31.7084,0.903205,0.353756
arm_m_full_det,mid,480,Viral,32.7987,0.904202,0.405034
arm_m_full_det,mid,481,Viral,31.3507,0.908023,0.377272
arm_m_full_det,mid,482,Viral,30.7511,0.883936,0.318297
arm_m_full_det,mid,483,Viral,31.8999,0.898866,0.398202
arm_m_full_det,mid,484,Viral,31.6222,0.901849,0.406836
arm_m_full_det,mid,485,Viral,31.2193,0.896807,0.407734
arm_m_full_det,mid,486,Viral,32.2397,0.891403,0.439833
arm_m_full_det,mid,487,Viral,31.8518,0.894622,0.38023
arm_m_full_det,mid,488,Viral,30.7282,0.900168,0.34415
arm_m_full_det,mid,489,Viral,31.5099,0.899832,0.365092
arm_m_full_det,mid,490,Viral,32.0966,0.908894,0.352805
arm_m_full_det,mid,491,Viral,31.3021,0.90326,0.352209
arm_m_full_det,mid,492,Viral,30.7903,0.893264,0.402323
arm_m_full_det,mid,493,Viral,31.5018,0.901496,0.355584
arm_m_full_det,mid,494,Viral,31.4142,0.899082,0.370272
arm_m_full_det,mid,495,Viral,30.4733,0.892939,0.376024
arm_m_full_det,mid,496,Viral,32.3401,0.907011,0.343862
arm_m_full_det,mid,497,Viral,30.7609,0.905007,0.305098
arm_m_full_det,mid,498,Viral,32.3548,0.908535,0.375904
arm_m_full_det,mid,499,Viral,32.2078,0.891001,0.374909
arm_m_full_det,mid,500,Viral,31.031,0.885927,0.423249
arm_m_full_det,mid,501,Viral,30.127,0.894898,0.333149
arm_m_full_det,mid,502,Viral,31.1898,0.902966,0.378664
arm_m_full_det,mid,503,Viral,30.3699,0.901491,0.34853
arm_m_full_det,mid,504,Viral,30.7052,0.891454,0.370331
arm_m_full_det,mid,505,Viral,32.0988,0.912884,0.306033
arm_m_full_det,mid,506,Viral,31.098,0.883938,0.385334
arm_m_full_det,mid,507,Viral,30.34,0.878397,0.334344
arm_m_full_det,mid,508,Viral,32.4028,0.910474,0.372558
arm_m_full_det,mid,509,Viral,30.5203,0.88871,0.391499
arm_m_full_det,mid,510,Viral,28.7544,0.88348,0.343503
arm_m_full_det,mid,511,Viral,30.7274,0.898506,0.363046
arm_m_full_det,mid,512,Viral,32.5508,0.908032,0.359224
arm_m_full_det,mid,513,Viral,30.574,0.900915,0.342216
arm_m_full_det,mid,514,Viral,30.0427,0.897167,0.313208
arm_m_full_det,mid,515,Viral,31.6038,0.901226,0.339295
arm_m_full_det,mid,516,Viral,32.2714,0.907551,0.344742
arm_m_full_det,mid,517,Viral,29.9676,0.889991,0.399445
arm_m_full_det,mid,518,Viral,30.428,0.886994,0.299445
arm_m_full_det,mid,519,Viral,31.7157,0.924177,0.288478
arm_m_full_det,mid,520,Viral,31.7366,0.909345,0.348644
arm_m_full_det,mid,521,Viral,30.6971,0.906532,0.324638
arm_m_full_det,mid,522,Viral,32.1035,0.908157,0.350653
arm_m_full_det,mid,523,Viral,32.1636,0.914399,0.35799
arm_m_full_det,mid,524,Viral,32.5234,0.913627,0.360729
arm_m_full_det,mid,525,Viral,32.4266,0.914796,0.313908
arm_m_full_det,mid,526,Viral,31.9063,0.904947,0.369979
arm_m_full_det,mid,527,Viral,32.4021,0.906771,0.374797
arm_m_full_det,mid,528,Viral,32.0083,0.906313,0.339175
arm_m_full_det,mid,529,Viral,30.4592,0.876014,0.377584
arm_m_full_det,mid,530,Viral,31.4806,0.89865,0.386446
arm_m_full_det,mid,531,Viral,31.1009,0.909327,0.328123
arm_m_full_det,mid,532,Viral,31.0981,0.902034,0.376346
arm_m_full_det,mid,533,Viral,30.568,0.897717,0.337879
arm_m_full_det,mid,534,Viral,29.9002,0.895402,0.361599
arm_m_full_det,mid,535,Viral,30.8177,0.90339,0.321811
arm_m_full_det,mid,536,Viral,32.5264,0.904557,0.36855
arm_m_full_det,mid,537,Viral,31.4345,0.900585,0.367453
arm_m_full_det,mid,538,Viral,32.3233,0.9046,0.400657
arm_m_full_det,mid,539,Viral,31.131,0.904031,0.312124
arm_m_full_det,mid,540,Viral,31.567,0.896883,0.380011
arm_m_full_det,mid,541,Viral,30.4695,0.891449,0.388509
arm_m_full_det,mid,542,Viral,32.234,0.912599,0.32408
arm_m_full_det,mid,543,Viral,33.142,0.916747,0.334559
arm_m_full_det,mid,544,Viral,29.6297,0.889202,0.340538
arm_m_full_det,mid,545,Viral,29.58,0.897609,0.349208
arm_m_full_det,mid,546,Viral,32.4194,0.9079,0.342774
arm_m_full_det,mid,547,Viral,32.1519,0.907416,0.357371
arm_m_full_det,mid,548,Viral,30.1228,0.894748,0.359168
arm_m_full_det,mid,549,Viral,33.822,0.901615,0.399178
arm_m_full_det,mid,550,Viral,33.8803,0.90314,0.404163
arm_m_full_det,mid,551,Viral,31.4553,0.903185,0.335114
arm_m_full_det,mid,552,Viral,32.068,0.917638,0.336609
arm_m_full_det,mid,553,Viral,32.421,0.90503,0.336654
arm_m_full_det,mid,554,Viral,31.3131,0.906098,0.358869
arm_m_full_det,mid,555,Viral,29.9027,0.898322,0.350051
arm_m_full_det,mid,556,Viral,31.4466,0.89465,0.362374
arm_m_full_det,mid,557,Viral,31.993,0.896413,0.349832
arm_m_full_det,mid,558,Viral,31.0317,0.89894,0.344449
arm_m_full_det,mid,559,Viral,32.46,0.908044,0.387414
arm_m_full_det,mid,560,Viral,32.5225,0.920854,0.314828
arm_m_full_det,mid,561,Viral,30.1499,0.891368,0.362018
arm_m_full_det,mid,562,Viral,31.1769,0.900327,0.359049
arm_m_full_det,mid,563,Viral,31.4504,0.894192,0.379225
arm_m_full_det,mid,564,Viral,31.5709,0.904988,0.358434
arm_m_full_det,mid,565,Viral,32.1255,0.909253,0.349364
arm_m_full_det,mid,566,Viral,30.6959,0.899696,0.391015
arm_m_full_det,mid,567,Viral,31.0272,0.906733,0.348975
arm_m_full_det,mid,568,Viral,30.8697,0.890348,0.405198
arm_m_full_det,mid,569,Viral,31.6768,0.904596,0.371692
arm_m_full_det,mid,570,Viral,30.4342,0.898683,0.360065
arm_m_full_det,mid,571,Viral,31.814,0.900161,0.378798
arm_m_full_det,mid,572,Viral,31.1545,0.887323,0.428427
arm_m_full_det,mid,573,Viral,31.5115,0.892441,0.388413
arm_m_full_det,mid,574,Viral,32.903,0.925728,0.357431
arm_m_full_det,mid,575,Viral,31.7771,0.898751,0.392504
arm_m_full_det,mid,576,Viral,31.124,0.898576,0.38083
arm_m_full_det,mid,577,Viral,30.633,0.902175,0.362063
arm_m_full_det,mid,578,Viral,32.332,0.919126,0.312238
arm_m_full_det,mid,579,Viral,30.777,0.905107,0.303207
arm_m_full_det,mid,580,Viral,30.8219,0.898735,0.379275
arm_m_full_det,mid,581,Viral,30.6491,0.898281,0.323574
arm_m_full_det,mid,582,Viral,31.5721,0.901819,0.353046
arm_m_full_det,mid,583,Viral,31.849,0.898518,0.362637
arm_m_full_det,mid,584,Viral,32.6237,0.908427,0.351523
arm_m_full_det,mid,585,Viral,32.3221,0.914452,0.344719
arm_m_full_det,mid,586,Viral,32.0046,0.896136,0.362923
arm_m_full_det,mid,587,Viral,32.163,0.894405,0.385436
arm_m_full_det,mid,588,Viral,31.0065,0.893322,0.380173
arm_m_full_det,mid,589,Viral,28.9349,0.870542,0.320995
arm_m_full_det,mid,590,Viral,30.3075,0.895933,0.348368
arm_m_full_det,mid,591,Viral,30.1496,0.896127,0.345341
arm_m_full_det,mid,592,Viral,30.1214,0.897244,0.332835
arm_m_full_det,mid,593,Viral,32.5552,0.864827,0.41817
arm_m_full_det,mid,594,Viral,32.3461,0.910999,0.367698
arm_m_full_det,mid,595,Viral,32.2096,0.904913,0.334441
arm_m_full_det,mid,596,Viral,31.907,0.91064,0.357814
arm_m_full_det,mid,597,Viral,31.9489,0.91029,0.31894
arm_m_full_det,mid,598,Viral,30.3963,0.893939,0.389091
arm_m_full_det,mid,599,Viral,30.1715,0.897679,0.333059
arm_m_full_det,mid,600,Viral,31.6429,0.891606,0.421219
arm_m_full_det,mid,601,Viral,31.8336,0.909475,0.360734
arm_m_full_det,mid,602,Viral,30.6588,0.897419,0.362943
arm_m_full_det,mid,603,Viral,30.496,0.913402,0.308307
arm_m_full_det,mid,604,Viral,30.9861,0.905291,0.352947
arm_m_full_det,mid,605,Viral,32.5893,0.911035,0.363521
arm_m_full_det,mid,606,Viral,31.912,0.911111,0.356315
arm_m_full_det,mid,607,Viral,31.8151,0.906714,0.37647
arm_m_full_det,mid,608,Viral,32.6524,0.917824,0.348396
arm_m_full_det,mid,609,Viral,32.0876,0.91225,0.391907
arm_m_full_det,mid,610,Viral,32.5039,0.91029,0.354594
arm_m_full_det,mid,611,Viral,30.3782,0.896796,0.370973
arm_m_full_det,mid,612,Viral,30.0105,0.884264,0.396666
arm_m_full_det,mid,613,Viral,30.8853,0.901285,0.377252
arm_m_full_det,mid,614,Viral,32.2231,0.913662,0.335712
arm_m_full_det,mid,615,Viral,32.2054,0.899429,0.363297
arm_m_full_det,mid,616,Viral,31.9572,0.905699,0.337883
arm_m_full_det,mid,617,Viral,31.6743,0.901584,0.391386
arm_m_full_det,mid,618,Viral,31.0016,0.897493,0.371632
arm_m_full_det,mid,619,Viral,31.2813,0.906781,0.32626
arm_m_full_det,mid,620,Viral,30.7987,0.904218,0.33146
arm_m_full_det,mid,621,Viral,33.8198,0.922015,0.386482
arm_m_full_det,mid,622,Viral,31.4174,0.901694,0.367494
arm_m_full_det,mid,623,Viral,32.1991,0.914008,0.311802
arm_n_perc,mid,0,Normal,31.6279,0.905753,0.29741
arm_n_perc,mid,1,Normal,30.411,0.88484,0.332216
arm_n_perc,mid,2,Normal,31.0102,0.897326,0.291776
arm_n_perc,mid,3,Normal,31.5826,0.913745,0.290784
arm_n_perc,mid,4,Normal,31.397,0.884077,0.361905
arm_n_perc,mid,5,Normal,32.1578,0.910996,0.295054
arm_n_perc,mid,6,Normal,31.6403,0.903775,0.298351
arm_n_perc,mid,7,Normal,31.8715,0.910273,0.317108
arm_n_perc,mid,8,Normal,30.1744,0.90148,0.295356
arm_n_perc,mid,9,Normal,30.4664,0.895118,0.328084
arm_n_perc,mid,10,Normal,31.0738,0.909203,0.271154
arm_n_perc,mid,11,Normal,30.9102,0.893086,0.333483
arm_n_perc,mid,12,Normal,31.6479,0.892143,0.319821
arm_n_perc,mid,13,Normal,32.9006,0.915559,0.311667
arm_n_perc,mid,14,Normal,32.5731,0.931633,0.232478
arm_n_perc,mid,15,Normal,30.8448,0.890815,0.328758
arm_n_perc,mid,16,Normal,31.8884,0.904599,0.344258
arm_n_perc,mid,17,Normal,31.4358,0.887161,0.30484
arm_n_perc,mid,18,Normal,31.1443,0.896711,0.284863
arm_n_perc,mid,19,Normal,31.7937,0.904883,0.31531
arm_n_perc,mid,20,Normal,32.8,0.918573,0.278797
arm_n_perc,mid,21,Normal,31.4131,0.901827,0.29552
arm_n_perc,mid,22,Normal,32.0129,0.905931,0.277466
arm_n_perc,mid,23,Normal,30.7784,0.872356,0.404783
arm_n_perc,mid,24,Normal,31.1649,0.896688,0.298789
arm_n_perc,mid,25,Normal,31.5774,0.902695,0.30689
arm_n_perc,mid,26,Normal,30.1113,0.894041,0.291755
arm_n_perc,mid,27,Normal,30.4758,0.889527,0.284866
arm_n_perc,mid,28,Normal,32.0968,0.909943,0.294133
arm_n_perc,mid,29,Normal,31.5051,0.900257,0.33983
arm_n_perc,mid,30,Normal,30.7216,0.884809,0.354885
arm_n_perc,mid,31,Normal,31.2224,0.90101,0.310083
arm_n_perc,mid,32,Normal,30.4299,0.895434,0.305078
arm_n_perc,mid,33,Normal,30.1728,0.883914,0.326585
arm_n_perc,mid,34,Normal,29.9317,0.890199,0.302055
arm_n_perc,mid,35,Normal,31.3209,0.900138,0.303945
arm_n_perc,mid,36,Normal,32.0498,0.914697,0.27312
arm_n_perc,mid,37,Normal,32.5736,0.916791,0.328082
arm_n_perc,mid,38,Normal,30.78,0.903507,0.289808
arm_n_perc,mid,39,Normal,29.8874,0.882843,0.309303
arm_n_perc,mid,40,Normal,31.3299,0.901618,0.304668
arm_n_perc,mid,41,Normal,31.8408,0.897261,0.348716
arm_n_perc,mid,42,Normal,29.7748,0.886702,0.305212
arm_n_perc,mid,43,Normal,31.304,0.895655,0.259978
arm_n_perc,mid,44,Normal,31.2073,0.885344,0.305303
arm_n_perc,mid,45,Normal,30.6298,0.898819,0.301896
arm_n_perc,mid,46,Normal,33.3451,0.902091,0.34921
arm_n_perc,mid,47,Normal,30.1683,0.89179,0.26961
arm_n_perc,mid,48,Normal,30.9659,0.902516,0.299379
arm_n_perc,mid,49,Normal,31.0918,0.897175,0.279053
arm_n_perc,mid,50,Normal,30.6047,0.893994,0.337698
arm_n_perc,mid,51,Normal,31.8643,0.906071,0.296925
arm_n_perc,mid,52,Normal,31.3984,0.888569,0.305482
arm_n_perc,mid,53,Normal,31.0733,0.90558,0.259621
arm_n_perc,mid,54,Normal,31.5152,0.902473,0.325933
arm_n_perc,mid,55,Normal,32.2437,0.904341,0.295945
arm_n_perc,mid,56,Normal,32.8822,0.922433,0.314542
arm_n_perc,mid,57,Normal,30.9794,0.887812,0.313916
arm_n_perc,mid,58,Normal,30.8061,0.900455,0.314896
arm_n_perc,mid,59,Normal,31.098,0.896344,0.330258
arm_n_perc,mid,60,Normal,32.1928,0.908635,0.306832
arm_n_perc,mid,61,Normal,31.9331,0.915017,0.268744
arm_n_perc,mid,62,Normal,31.4055,0.897899,0.317697
arm_n_perc,mid,63,Normal,30.7416,0.902143,0.298614
arm_n_perc,mid,64,Normal,31.3755,0.893833,0.318855
arm_n_perc,mid,65,Normal,29.6427,0.895702,0.307028
arm_n_perc,mid,66,Normal,30.2223,0.888081,0.33136
arm_n_perc,mid,67,Normal,30.2199,0.891604,0.308875
arm_n_perc,mid,68,Normal,30.0272,0.88613,0.311688
arm_n_perc,mid,69,Normal,30.9385,0.891235,0.321811
arm_n_perc,mid,70,Normal,32.6728,0.916757,0.300818
arm_n_perc,mid,71,Normal,32.9409,0.905922,0.334583
arm_n_perc,mid,72,Normal,31.7689,0.909172,0.302735
arm_n_perc,mid,73,Normal,32.3552,0.908487,0.30497
arm_n_perc,mid,74,Normal,32.0382,0.901234,0.366062
arm_n_perc,mid,75,Normal,30.6422,0.893048,0.328526
arm_n_perc,mid,76,Normal,30.7303,0.890659,0.312342
arm_n_perc,mid,77,Normal,30.6631,0.90056,0.279935
arm_n_perc,mid,78,Normal,32.0437,0.906097,0.307542
arm_n_perc,mid,79,Normal,31.044,0.906014,0.290148
arm_n_perc,mid,80,Normal,32.663,0.905744,0.342227
arm_n_perc,mid,81,Normal,31.5668,0.904599,0.311842
arm_n_perc,mid,82,Normal,30.3877,0.892886,0.314745
arm_n_perc,mid,83,Normal,30.5248,0.89297,0.303629
arm_n_perc,mid,84,Normal,30.9809,0.906636,0.296536
arm_n_perc,mid,85,Normal,33.2541,0.914581,0.308717
arm_n_perc,mid,86,Normal,31.2202,0.900729,0.294762
arm_n_perc,mid,87,Normal,31.5032,0.898273,0.301216
arm_n_perc,mid,88,Normal,30.7726,0.909313,0.304866
arm_n_perc,mid,89,Normal,31.5793,0.896378,0.319482
arm_n_perc,mid,90,Normal,31.2799,0.9079,0.267029
arm_n_perc,mid,91,Normal,30.6516,0.89614,0.265083
arm_n_perc,mid,92,Normal,32.6557,0.922948,0.272441
arm_n_perc,mid,93,Normal,30.6968,0.892828,0.330414
arm_n_perc,mid,94,Normal,31.5798,0.904695,0.299578
arm_n_perc,mid,95,Normal,30.6767,0.88779,0.311969
arm_n_perc,mid,96,Normal,30.8163,0.893148,0.323472
arm_n_perc,mid,97,Normal,30.0626,0.89328,0.313329
arm_n_perc,mid,98,Normal,30.4988,0.898755,0.286573
arm_n_perc,mid,99,Normal,31.4777,0.910056,0.326013
arm_n_perc,mid,100,Normal,31.4553,0.897329,0.342128
arm_n_perc,mid,101,Normal,30.4586,0.896076,0.311871
arm_n_perc,mid,102,Normal,31.4359,0.889301,0.2859
arm_n_perc,mid,103,Normal,31.7554,0.898798,0.300121
arm_n_perc,mid,104,Normal,30.5593,0.897065,0.289605
arm_n_perc,mid,105,Normal,31.541,0.91332,0.246945
arm_n_perc,mid,106,Normal,31.4601,0.901511,0.306719
arm_n_perc,mid,107,Normal,31.0535,0.900599,0.309073
arm_n_perc,mid,108,Normal,30.5038,0.875904,0.342445
arm_n_perc,mid,109,Normal,31.0828,0.895434,0.324462
arm_n_perc,mid,110,Normal,31.5976,0.901879,0.293731
arm_n_perc,mid,111,Normal,32.0067,0.884567,0.31059
arm_n_perc,mid,112,Normal,29.9023,0.890636,0.301471
arm_n_perc,mid,113,Normal,30.4011,0.878426,0.342073
arm_n_perc,mid,114,Normal,30.9356,0.881358,0.33641
arm_n_perc,mid,115,Normal,30.8725,0.902262,0.281813
arm_n_perc,mid,116,Normal,30.1541,0.892538,0.279061
arm_n_perc,mid,117,Normal,31.3059,0.911065,0.286541
arm_n_perc,mid,118,Normal,30.9194,0.892716,0.312997
arm_n_perc,mid,119,Normal,32.6888,0.92015,0.294351
arm_n_perc,mid,120,Normal,31.4266,0.920127,0.236157
arm_n_perc,mid,121,Normal,31.7902,0.907197,0.287495
arm_n_perc,mid,122,Normal,31.7658,0.914505,0.290778
arm_n_perc,mid,123,Normal,31.6026,0.90208,0.304739
arm_n_perc,mid,124,Normal,31.2779,0.895147,0.298558
arm_n_perc,mid,125,Normal,30.4403,0.891508,0.301369
arm_n_perc,mid,126,Normal,32.0894,0.907111,0.314268
arm_n_perc,mid,127,Normal,30.458,0.875351,0.369852
arm_n_perc,mid,128,Normal,30.4619,0.894675,0.289595
arm_n_perc,mid,129,Normal,31.3529,0.907686,0.278948
arm_n_perc,mid,130,Normal,31.0065,0.903202,0.277883
arm_n_perc,mid,131,Normal,30.6986,0.899819,0.31673
arm_n_perc,mid,132,Normal,30.4109,0.897632,0.320276
arm_n_perc,mid,133,Normal,31.0286,0.903604,0.304084
arm_n_perc,mid,134,Normal,32.0722,0.906913,0.325816
arm_n_perc,mid,135,Normal,31.5238,0.897913,0.292457
arm_n_perc,mid,136,Normal,30.6345,0.904597,0.29965
arm_n_perc,mid,137,Normal,30.4224,0.897537,0.287584
arm_n_perc,mid,138,Normal,31.4942,0.906834,0.288033
arm_n_perc,mid,139,Normal,29.8888,0.885429,0.303868
arm_n_perc,mid,140,Normal,30.5863,0.888055,0.312553
arm_n_perc,mid,141,Normal,31.6701,0.905318,0.329843
arm_n_perc,mid,142,Normal,30.3411,0.886205,0.325267
arm_n_perc,mid,143,Normal,32.2518,0.913764,0.287564
arm_n_perc,mid,144,Normal,30.8373,0.904765,0.31573
arm_n_perc,mid,145,Normal,30.395,0.900971,0.264246
arm_n_perc,mid,146,Normal,30.3553,0.892346,0.30067
arm_n_perc,mid,147,Normal,30.7941,0.88772,0.344832
arm_n_perc,mid,148,Normal,31.709,0.905321,0.307859
arm_n_perc,mid,149,Normal,30.8067,0.907611,0.271899
arm_n_perc,mid,150,Normal,31.328,0.893117,0.346552
arm_n_perc,mid,151,Normal,30.7091,0.88304,0.36136
arm_n_perc,mid,152,Normal,30.2079,0.874176,0.338533
arm_n_perc,mid,153,Normal,31.5651,0.909045,0.297194
arm_n_perc,mid,154,Normal,32.4585,0.908216,0.334638
arm_n_perc,mid,155,Normal,30.5154,0.882577,0.301684
arm_n_perc,mid,156,Normal,30.8568,0.891502,0.300493
arm_n_perc,mid,157,Normal,31.6077,0.906924,0.258892
arm_n_perc,mid,158,Normal,30.6178,0.901016,0.310603
arm_n_perc,mid,159,Normal,32.2287,0.910758,0.309532
arm_n_perc,mid,160,Normal,32.6056,0.91207,0.342565
arm_n_perc,mid,161,Normal,31.6985,0.897605,0.314166
arm_n_perc,mid,162,Normal,31.4112,0.898461,0.295308
arm_n_perc,mid,163,Normal,31.8293,0.893243,0.326475
arm_n_perc,mid,164,Normal,33.1051,0.921226,0.336825
arm_n_perc,mid,165,Normal,32.7855,0.899219,0.405355
arm_n_perc,mid,166,Normal,32.5404,0.905493,0.301936
arm_n_perc,mid,167,Normal,30.839,0.879979,0.385218
arm_n_perc,mid,168,Normal,30.6241,0.902073,0.296844
arm_n_perc,mid,169,Normal,28.7723,0.881142,0.288125
arm_n_perc,mid,170,Normal,30.8321,0.886148,0.325606
arm_n_perc,mid,171,Normal,31.0294,0.898629,0.333263
arm_n_perc,mid,172,Normal,31.0973,0.886182,0.321488
arm_n_perc,mid,173,Normal,31.0446,0.885996,0.348359
arm_n_perc,mid,174,Normal,32.1743,0.908864,0.302026
arm_n_perc,mid,175,Normal,31.4893,0.90104,0.305335
arm_n_perc,mid,176,Normal,31.5436,0.912342,0.297603
arm_n_perc,mid,177,Normal,30.4424,0.881356,0.330717
arm_n_perc,mid,178,Normal,30.7377,0.88569,0.388125
arm_n_perc,mid,179,Normal,30.3701,0.869652,0.370989
arm_n_perc,mid,180,Normal,29.5907,0.880508,0.31094
arm_n_perc,mid,181,Normal,31.842,0.906299,0.313317
arm_n_perc,mid,182,Normal,32.2169,0.896601,0.31798
arm_n_perc,mid,183,Normal,31.3008,0.902826,0.296089
arm_n_perc,mid,184,Normal,30.9545,0.897716,0.317419
arm_n_perc,mid,185,Normal,31.6543,0.898753,0.304782
arm_n_perc,mid,186,Normal,30.5092,0.888272,0.321552
arm_n_perc,mid,187,Normal,32.2178,0.915235,0.296848
arm_n_perc,mid,188,Normal,32.2481,0.897648,0.31013
arm_n_perc,mid,189,Normal,31.6634,0.891915,0.304184
arm_n_perc,mid,190,Normal,30.2413,0.886004,0.320635
arm_n_perc,mid,191,Normal,31.6883,0.901613,0.302435
arm_n_perc,mid,192,Normal,32.9558,0.910531,0.357057
arm_n_perc,mid,193,Normal,30.5363,0.900385,0.275087
arm_n_perc,mid,194,Normal,30.3874,0.887797,0.337868
arm_n_perc,mid,195,Normal,30.796,0.893624,0.324428
arm_n_perc,mid,196,Normal,31.296,0.889091,0.311175
arm_n_perc,mid,197,Normal,31.1698,0.895107,0.320249
arm_n_perc,mid,198,Normal,32.3988,0.911647,0.311199
arm_n_perc,mid,199,Normal,30.1101,0.883634,0.311543
arm_n_perc,mid,200,Normal,31.0652,0.900732,0.308656
arm_n_perc,mid,201,Normal,31.6101,0.904455,0.297494
arm_n_perc,mid,202,Normal,31.2724,0.900186,0.339834
arm_n_perc,mid,203,Normal,31.1988,0.904722,0.297707
arm_n_perc,mid,204,Normal,30.2802,0.895765,0.323832
arm_n_perc,mid,205,Normal,32.2631,0.899489,0.321736
arm_n_perc,mid,206,Normal,32.7138,0.915388,0.2847
arm_n_perc,mid,207,Normal,31.9904,0.890861,0.305699
arm_n_perc,mid,208,Normal,30.9005,0.900237,0.315058
arm_n_perc,mid,209,Normal,30.4989,0.90433,0.296556
arm_n_perc,mid,210,Normal,30.9391,0.884263,0.344776
arm_n_perc,mid,211,Normal,31.2903,0.902713,0.287404
arm_n_perc,mid,212,Normal,31.8787,0.907601,0.299215
arm_n_perc,mid,213,Normal,31.5664,0.901749,0.328758
arm_n_perc,mid,214,Normal,31.0667,0.892462,0.297577
arm_n_perc,mid,215,Normal,31.2817,0.879008,0.365082
arm_n_perc,mid,216,Normal,30.6485,0.899107,0.320643
arm_n_perc,mid,217,Normal,32.0471,0.896754,0.397165
arm_n_perc,mid,218,Normal,30.9872,0.885687,0.340387
arm_n_perc,mid,219,Normal,30.7906,0.895961,0.318768
arm_n_perc,mid,220,Normal,33.0196,0.905289,0.337393
arm_n_perc,mid,221,Normal,31.5903,0.908685,0.267508
arm_n_perc,mid,222,Normal,30.968,0.89819,0.282123
arm_n_perc,mid,223,Normal,30.9475,0.897366,0.32913
arm_n_perc,mid,224,Normal,31.6531,0.907575,0.286493
arm_n_perc,mid,225,Normal,29.8337,0.854212,0.377575
arm_n_perc,mid,226,Normal,32.1861,0.908657,0.302181
arm_n_perc,mid,227,Normal,30.33,0.898857,0.32583
arm_n_perc,mid,228,Normal,32.6017,0.903244,0.312193
arm_n_perc,mid,229,Normal,30.7372,0.90198,0.287371
arm_n_perc,mid,230,Normal,30.7628,0.897193,0.323522
arm_n_perc,mid,231,Normal,31.0048,0.886606,0.334234
arm_n_perc,mid,232,Normal,32.092,0.907338,0.31245
arm_n_perc,mid,233,Normal,31.6472,0.897824,0.325836
arm_n_perc,mid,234,Bacterial,32.7878,0.905225,0.409212
arm_n_perc,mid,235,Bacterial,31.1988,0.894944,0.369476
arm_n_perc,mid,236,Bacterial,32.8519,0.902827,0.385538
arm_n_perc,mid,237,Bacterial,32.657,0.902233,0.384828
arm_n_perc,mid,238,Bacterial,33.654,0.90474,0.397572
arm_n_perc,mid,239,Bacterial,32.6425,0.907725,0.364631
arm_n_perc,mid,240,Bacterial,33.0031,0.900383,0.3713
arm_n_perc,mid,241,Bacterial,31.9645,0.8939,0.381943
arm_n_perc,mid,242,Bacterial,33.052,0.903348,0.371336
arm_n_perc,mid,243,Bacterial,31.945,0.889037,0.409712
arm_n_perc,mid,244,Bacterial,30.9937,0.884812,0.302852
arm_n_perc,mid,245,Bacterial,31.6825,0.905872,0.312765
arm_n_perc,mid,246,Bacterial,32.0689,0.910301,0.351382
arm_n_perc,mid,247,Bacterial,31.5542,0.902994,0.355022
arm_n_perc,mid,248,Bacterial,33.5573,0.911766,0.326496
arm_n_perc,mid,249,Bacterial,33.7683,0.912286,0.375773
arm_n_perc,mid,250,Bacterial,32.9523,0.89304,0.403375
arm_n_perc,mid,251,Bacterial,31.2287,0.897944,0.28449
arm_n_perc,mid,252,Bacterial,33.3787,0.896758,0.392956
arm_n_perc,mid,253,Bacterial,32.4772,0.904476,0.383646
arm_n_perc,mid,254,Bacterial,31.3149,0.885393,0.313364
arm_n_perc,mid,255,Bacterial,32.1897,0.90111,0.342259
arm_n_perc,mid,256,Bacterial,31.6239,0.891918,0.355709
arm_n_perc,mid,257,Bacterial,32.5674,0.906415,0.357335
arm_n_perc,mid,258,Bacterial,32.5523,0.886987,0.407331
arm_n_perc,mid,259,Bacterial,32.8992,0.90809,0.371267
arm_n_perc,mid,260,Bacterial,32.9998,0.914367,0.339807
arm_n_perc,mid,261,Bacterial,30.9671,0.89497,0.246888
arm_n_perc,mid,262,Bacterial,33.971,0.908314,0.356576
arm_n_perc,mid,263,Bacterial,33.7339,0.915398,0.352833
arm_n_perc,mid,264,Bacterial,33.6363,0.901579,0.367354
arm_n_perc,mid,265,Bacterial,33.8281,0.917117,0.357083
arm_n_perc,mid,266,Bacterial,33.4729,0.90804,0.352755
arm_n_perc,mid,267,Bacterial,32.4399,0.892956,0.353605
arm_n_perc,mid,268,Bacterial,33.2647,0.902087,0.379072
arm_n_perc,mid,269,Bacterial,32.9991,0.914029,0.341251
arm_n_perc,mid,270,Bacterial,33.4552,0.920348,0.342804
arm_n_perc,mid,271,Bacterial,32.7532,0.908767,0.310337
arm_n_perc,mid,272,Bacterial,33.6014,0.918015,0.350524
arm_n_perc,mid,273,Bacterial,33.1689,0.907092,0.37533
arm_n_perc,mid,274,Bacterial,31.9772,0.892979,0.343275
arm_n_perc,mid,275,Bacterial,31.1229,0.889632,0.392197
arm_n_perc,mid,276,Bacterial,30.8169,0.892278,0.268852
arm_n_perc,mid,277,Bacterial,32.1386,0.890054,0.389658
arm_n_perc,mid,278,Bacterial,32.6439,0.896569,0.367399
arm_n_perc,mid,279,Bacterial,32.4541,0.900295,0.358012
arm_n_perc,mid,280,Bacterial,33.2293,0.8981,0.349595
arm_n_perc,mid,281,Bacterial,32.42,0.88196,0.390311
arm_n_perc,mid,282,Bacterial,31.6845,0.892272,0.373595
arm_n_perc,mid,283,Bacterial,32.8933,0.898465,0.369586
arm_n_perc,mid,284,Bacterial,31.3739,0.894788,0.387211
arm_n_perc,mid,285,Bacterial,33.7598,0.906132,0.391785
arm_n_perc,mid,286,Bacterial,31.9593,0.907618,0.353668
arm_n_perc,mid,287,Bacterial,31.8872,0.896462,0.340419
arm_n_perc,mid,288,Bacterial,33.311,0.906001,0.360139
arm_n_perc,mid,289,Bacterial,32.133,0.888103,0.375622
arm_n_perc,mid,290,Bacterial,33.6495,0.914163,0.351806
arm_n_perc,mid,291,Bacterial,32.4757,0.898358,0.360346
arm_n_perc,mid,292,Bacterial,31.9732,0.895449,0.275291
arm_n_perc,mid,293,Bacterial,33.4374,0.908492,0.355853
arm_n_perc,mid,294,Bacterial,32.9383,0.91143,0.347828
arm_n_perc,mid,295,Bacterial,31.7727,0.903611,0.329171
arm_n_perc,mid,296,Bacterial,33.1618,0.912888,0.330966
arm_n_perc,mid,297,Bacterial,32.5497,0.908854,0.317884
arm_n_perc,mid,298,Bacterial,30.5774,0.877935,0.368303
arm_n_perc,mid,299,Bacterial,31.257,0.89286,0.376682
arm_n_perc,mid,300,Bacterial,30.9694,0.893049,0.352305
arm_n_perc,mid,301,Bacterial,30.7527,0.885125,0.304931
arm_n_perc,mid,302,Bacterial,32.0458,0.894935,0.329391
arm_n_perc,mid,303,Bacterial,31.6215,0.907262,0.351158
arm_n_perc,mid,304,Bacterial,32.704,0.904138,0.363038
arm_n_perc,mid,305,Bacterial,33.5034,0.910728,0.350027
arm_n_perc,mid,306,Bacterial,32.2388,0.90751,0.341716
arm_n_perc,mid,307,Bacterial,32.3093,0.909537,0.338326
arm_n_perc,mid,308,Bacterial,31.8274,0.892555,0.319589
arm_n_perc,mid,309,Bacterial,31.9347,0.898762,0.359593
arm_n_perc,mid,310,Bacterial,30.5742,0.889072,0.297424
arm_n_perc,mid,311,Bacterial,32.1449,0.897991,0.358729
arm_n_perc,mid,312,Bacterial,31.0911,0.900532,0.324691
arm_n_perc,mid,313,Bacterial,32.8769,0.900304,0.385623
arm_n_perc,mid,314,Bacterial,31.7873,0.886572,0.316622
arm_n_perc,mid,315,Bacterial,33.941,0.92332,0.375317
arm_n_perc,mid,316,Bacterial,33.4881,0.909518,0.378253
arm_n_perc,mid,317,Bacterial,33.3904,0.908643,0.398672
arm_n_perc,mid,318,Bacterial,32.5781,0.904105,0.381094
arm_n_perc,mid,319,Bacterial,32.5809,0.888751,0.392806
arm_n_perc,mid,320,Bacterial,33.2281,0.897071,0.414446
arm_n_perc,mid,321,Bacterial,30.5991,0.904048,0.323232
arm_n_perc,mid,322,Bacterial,31.9194,0.902215,0.346805
arm_n_perc,mid,323,Bacterial,31.917,0.909423,0.296144
arm_n_perc,mid,324,Bacterial,31.1699,0.906775,0.300546
arm_n_perc,mid,325,Bacterial,31.0208,0.905051,0.268476
arm_n_perc,mid,326,Bacterial,32.0022,0.906445,0.346681
arm_n_perc,mid,327,Bacterial,32.7598,0.909527,0.335519
arm_n_perc,mid,328,Bacterial,32.968,0.915583,0.351033
arm_n_perc,mid,329,Bacterial,32.4737,0.911217,0.2389
arm_n_perc,mid,330,Bacterial,33.5999,0.90109,0.386374
arm_n_perc,mid,331,Bacterial,32.8992,0.912142,0.352166
arm_n_perc,mid,332,Bacterial,33.847,0.914246,0.357044
arm_n_perc,mid,333,Bacterial,33.7777,0.91757,0.344984
arm_n_perc,mid,334,Bacterial,33.6944,0.918826,0.340901
arm_n_perc,mid,335,Bacterial,31.4167,0.893357,0.314492
arm_n_perc,mid,336,Bacterial,33.2765,0.913525,0.343369
arm_n_perc,mid,337,Bacterial,32.4174,0.896595,0.365744
arm_n_perc,mid,338,Bacterial,33.0845,0.900822,0.37745
arm_n_perc,mid,339,Bacterial,31.5532,0.896753,0.297487
arm_n_perc,mid,340,Bacterial,33.2509,0.901293,0.35366
arm_n_perc,mid,341,Bacterial,32.3588,0.909839,0.36268
arm_n_perc,mid,342,Bacterial,32.4754,0.90244,0.365187
arm_n_perc,mid,343,Bacterial,32.8081,0.90476,0.404656
arm_n_perc,mid,344,Bacterial,33.6339,0.91292,0.358108
arm_n_perc,mid,345,Bacterial,32.233,0.90478,0.383516
arm_n_perc,mid,346,Bacterial,31.4651,0.89439,0.357379
arm_n_perc,mid,347,Bacterial,32.9575,0.910406,0.352286
arm_n_perc,mid,348,Bacterial,32.63,0.898585,0.383658
arm_n_perc,mid,349,Bacterial,33.7903,0.912911,0.372893
arm_n_perc,mid,350,Bacterial,34.1303,0.915627,0.381008
arm_n_perc,mid,351,Bacterial,31.247,0.898563,0.299681
arm_n_perc,mid,352,Bacterial,33.0374,0.907159,0.360153
arm_n_perc,mid,353,Bacterial,32.4708,0.912805,0.338391
arm_n_perc,mid,354,Bacterial,33.6488,0.897699,0.426138
arm_n_perc,mid,355,Bacterial,33.1216,0.901754,0.338719
arm_n_perc,mid,356,Bacterial,32.7168,0.902206,0.344149
arm_n_perc,mid,357,Bacterial,33.1586,0.896084,0.376523
arm_n_perc,mid,358,Bacterial,33.0148,0.90117,0.401895
arm_n_perc,mid,359,Bacterial,32.0969,0.902149,0.264042
arm_n_perc,mid,360,Bacterial,32.2394,0.907214,0.345705
arm_n_perc,mid,361,Bacterial,33.3676,0.90943,0.340466
arm_n_perc,mid,362,Bacterial,33.1177,0.912577,0.374813
arm_n_perc,mid,363,Bacterial,31.9864,0.922444,0.295053
arm_n_perc,mid,364,Bacterial,33.5228,0.907839,0.350721
arm_n_perc,mid,365,Bacterial,30.7125,0.896132,0.319881
arm_n_perc,mid,366,Bacterial,33.1109,0.908618,0.366455
arm_n_perc,mid,367,Bacterial,31.9429,0.907621,0.249908
arm_n_perc,mid,368,Bacterial,32.6203,0.896008,0.345177
arm_n_perc,mid,369,Bacterial,31.5447,0.896707,0.283691
arm_n_perc,mid,370,Bacterial,30.1738,0.88836,0.30173
arm_n_perc,mid,371,Bacterial,32.6914,0.908775,0.333476
arm_n_perc,mid,372,Bacterial,32.0296,0.887884,0.415719
arm_n_perc,mid,373,Bacterial,32.8252,0.904752,0.355021
arm_n_perc,mid,374,Bacterial,31.8061,0.896891,0.355352
arm_n_perc,mid,375,Bacterial,32.5625,0.90617,0.372913
arm_n_perc,mid,376,Bacterial,31.3395,0.90458,0.34242
arm_n_perc,mid,377,Bacterial,32.4547,0.905495,0.373567
arm_n_perc,mid,378,Bacterial,31.8203,0.891949,0.279397
arm_n_perc,mid,379,Bacterial,32.4669,0.905976,0.34323
arm_n_perc,mid,380,Bacterial,32.9584,0.915296,0.35061
arm_n_perc,mid,381,Bacterial,30.7648,0.893813,0.277245
arm_n_perc,mid,382,Bacterial,32.1225,0.901549,0.351719
arm_n_perc,mid,383,Bacterial,31.197,0.885098,0.338084
arm_n_perc,mid,384,Bacterial,30.8494,0.894837,0.254681
arm_n_perc,mid,385,Bacterial,30.6297,0.896059,0.307539
arm_n_perc,mid,386,Bacterial,32.8328,0.909491,0.351321
arm_n_perc,mid,387,Bacterial,32.7532,0.910532,0.325492
arm_n_perc,mid,388,Bacterial,31.5117,0.912686,0.223002
arm_n_perc,mid,389,Bacterial,30.8291,0.894902,0.298031
arm_n_perc,mid,390,Bacterial,32.744,0.901501,0.332135
arm_n_perc,mid,391,Bacterial,31.4311,0.899738,0.383713
arm_n_perc,mid,392,Bacterial,32.7721,0.904779,0.376925
arm_n_perc,mid,393,Bacterial,32.6321,0.896128,0.407211
arm_n_perc,mid,394,Bacterial,32.919,0.908137,0.36917
arm_n_perc,mid,395,Bacterial,32.7831,0.905037,0.352567
arm_n_perc,mid,396,Bacterial,31.0195,0.872952,0.380908
arm_n_perc,mid,397,Bacterial,34.2206,0.901823,0.386848
arm_n_perc,mid,398,Bacterial,33.5362,0.904764,0.393433
arm_n_perc,mid,399,Bacterial,31.6632,0.900018,0.371108
arm_n_perc,mid,400,Bacterial,31.6458,0.891452,0.363542
arm_n_perc,mid,401,Bacterial,30.9327,0.888156,0.293655
arm_n_perc,mid,402,Bacterial,33.316,0.904411,0.38034
arm_n_perc,mid,403,Bacterial,32.2679,0.910059,0.338737
arm_n_perc,mid,404,Bacterial,32.3151,0.895093,0.354873
arm_n_perc,mid,405,Bacterial,32.3991,0.904127,0.311552
arm_n_perc,mid,406,Bacterial,34.1743,0.915478,0.348377
arm_n_perc,mid,407,Bacterial,32.0236,0.908878,0.357034
arm_n_perc,mid,408,Bacterial,32.5399,0.90582,0.343523
arm_n_perc,mid,409,Bacterial,31.7069,0.894159,0.313152
arm_n_perc,mid,410,Bacterial,30.7303,0.888429,0.289618
arm_n_perc,mid,411,Bacterial,32.2152,0.888216,0.356152
arm_n_perc,mid,412,Bacterial,32.9631,0.896157,0.356109
arm_n_perc,mid,413,Bacterial,30.8899,0.881035,0.274381
arm_n_perc,mid,414,Bacterial,33.5855,0.908952,0.371595
arm_n_perc,mid,415,Bacterial,32.5306,0.899101,0.387769
arm_n_perc,mid,416,Bacterial,33.9883,0.91323,0.364231
arm_n_perc,mid,417,Bacterial,33.0316,0.899606,0.305465
arm_n_perc,mid,418,Bacterial,33.1233,0.908582,0.343106
arm_n_perc,mid,419,Bacterial,32.1038,0.907148,0.286473
arm_n_perc,mid,420,Bacterial,32.3617,0.909417,0.349403
arm_n_perc,mid,421,Bacterial,31.8468,0.902501,0.366192
arm_n_perc,mid,422,Bacterial,32.1807,0.896101,0.378322
arm_n_perc,mid,423,Bacterial,32.5665,0.90711,0.385454
arm_n_perc,mid,424,Bacterial,32.4624,0.906065,0.393427
arm_n_perc,mid,425,Bacterial,33.2644,0.903647,0.364138
arm_n_perc,mid,426,Bacterial,34.5985,0.912514,0.370867
arm_n_perc,mid,427,Bacterial,34.3376,0.907856,0.420248
arm_n_perc,mid,428,Bacterial,33.6489,0.908566,0.409744
arm_n_perc,mid,429,Bacterial,31.3865,0.899297,0.321406
arm_n_perc,mid,430,Bacterial,33.6118,0.914706,0.331171
arm_n_perc,mid,431,Bacterial,33.7966,0.901825,0.382946
arm_n_perc,mid,432,Bacterial,33.2575,0.905961,0.355205
arm_n_perc,mid,433,Bacterial,31.8675,0.887986,0.377364
arm_n_perc,mid,434,Bacterial,32.6153,0.903683,0.346174
arm_n_perc,mid,435,Bacterial,32.1424,0.904885,0.318125
arm_n_perc,mid,436,Bacterial,31.5201,0.900228,0.249325
arm_n_perc,mid,437,Bacterial,33.6706,0.897445,0.353527
arm_n_perc,mid,438,Bacterial,31.2412,0.884336,0.36423
arm_n_perc,mid,439,Bacterial,32.4636,0.897852,0.372046
arm_n_perc,mid,440,Bacterial,31.5807,0.896908,0.34133
arm_n_perc,mid,441,Bacterial,31.2396,0.892592,0.312013
arm_n_perc,mid,442,Bacterial,32.9129,0.905665,0.369033
arm_n_perc,mid,443,Bacterial,33.4068,0.907771,0.355409
arm_n_perc,mid,444,Bacterial,32.6695,0.905985,0.325538
arm_n_perc,mid,445,Bacterial,32.7833,0.905248,0.373324
arm_n_perc,mid,446,Bacterial,32.6496,0.906121,0.370765
arm_n_perc,mid,447,Bacterial,33.5276,0.903271,0.380294
arm_n_perc,mid,448,Bacterial,33.3967,0.912955,0.377704
arm_n_perc,mid,449,Bacterial,31.4937,0.888571,0.323842
arm_n_perc,mid,450,Bacterial,32.1485,0.900453,0.34925
arm_n_perc,mid,451,Bacterial,31.0013,0.889698,0.278141
arm_n_perc,mid,452,Bacterial,31.9879,0.902304,0.355911
arm_n_perc,mid,453,Bacterial,33.2304,0.907856,0.361911
arm_n_perc,mid,454,Bacterial,31.9303,0.908517,0.330998
arm_n_perc,mid,455,Bacterial,33.5793,0.915113,0.396366
arm_n_perc,mid,456,Bacterial,30.6843,0.890245,0.331822
arm_n_perc,mid,457,Bacterial,33.3672,0.909089,0.370813
arm_n_perc,mid,458,Bacterial,33.6798,0.916167,0.326641
arm_n_perc,mid,459,Bacterial,33.9118,0.909702,0.374375
arm_n_perc,mid,460,Bacterial,32.3551,0.90151,0.343839
arm_n_perc,mid,461,Bacterial,32.0408,0.905169,0.326854
arm_n_perc,mid,462,Bacterial,31.4264,0.89315,0.313615
arm_n_perc,mid,463,Bacterial,33.4836,0.906225,0.365396
arm_n_perc,mid,464,Bacterial,32.0135,0.892926,0.363028
arm_n_perc,mid,465,Bacterial,33.3508,0.909354,0.358431
arm_n_perc,mid,466,Bacterial,32.6014,0.900696,0.349723
arm_n_perc,mid,467,Bacterial,32.6315,0.897974,0.406441
arm_n_perc,mid,468,Bacterial,32.4098,0.906704,0.350242
arm_n_perc,mid,469,Bacterial,33.4647,0.896897,0.37524
arm_n_perc,mid,470,Bacterial,32.5665,0.897927,0.373117
arm_n_perc,mid,471,Bacterial,31.6704,0.893013,0.291932
arm_n_perc,mid,472,Bacterial,32.0392,0.901744,0.27437
arm_n_perc,mid,473,Bacterial,30.1543,0.885663,0.374175
arm_n_perc,mid,474,Bacterial,31.7123,0.910349,0.313813
arm_n_perc,mid,475,Bacterial,30.7395,0.886878,0.29613
arm_n_perc,mid,476,Viral,31.6483,0.906325,0.356273
arm_n_perc,mid,477,Viral,31.6678,0.902848,0.341559
arm_n_perc,mid,478,Viral,31.9163,0.912914,0.323698
arm_n_perc,mid,479,Viral,32.6487,0.906198,0.330655
arm_n_perc,mid,480,Viral,33.6776,0.906892,0.374112
arm_n_perc,mid,481,Viral,32.2013,0.914005,0.349858
arm_n_perc,mid,482,Viral,31.3105,0.888584,0.287179
arm_n_perc,mid,483,Viral,32.9475,0.902787,0.358289
arm_n_perc,mid,484,Viral,32.2723,0.904486,0.389133
arm_n_perc,mid,485,Viral,32.245,0.904514,0.368292
arm_n_perc,mid,486,Viral,33.0905,0.895291,0.417417
arm_n_perc,mid,487,Viral,32.478,0.898541,0.357839
arm_n_perc,mid,488,Viral,31.5081,0.905158,0.317589
arm_n_perc,mid,489,Viral,32.4079,0.906004,0.339287
arm_n_perc,mid,490,Viral,32.8274,0.908263,0.341854
arm_n_perc,mid,491,Viral,31.9827,0.905561,0.328465
arm_n_perc,mid,492,Viral,31.3766,0.89969,0.375885
arm_n_perc,mid,493,Viral,32.2035,0.906168,0.333784
arm_n_perc,mid,494,Viral,32.0079,0.903166,0.350967
arm_n_perc,mid,495,Viral,31.016,0.898087,0.347032
arm_n_perc,mid,496,Viral,33.067,0.908464,0.331981
arm_n_perc,mid,497,Viral,31.7322,0.909042,0.279342
arm_n_perc,mid,498,Viral,33.1232,0.914976,0.341139
arm_n_perc,mid,499,Viral,33.0323,0.897984,0.336092
arm_n_perc,mid,500,Viral,31.5863,0.890734,0.391667
arm_n_perc,mid,501,Viral,31.0703,0.902289,0.285214
arm_n_perc,mid,502,Viral,31.8555,0.906937,0.338558
arm_n_perc,mid,503,Viral,31.2683,0.908452,0.322033
arm_n_perc,mid,504,Viral,31.436,0.896845,0.339491
arm_n_perc,mid,505,Viral,33.1402,0.916706,0.280312
arm_n_perc,mid,506,Viral,31.631,0.885501,0.365146
arm_n_perc,mid,507,Viral,30.9927,0.887648,0.300292
arm_n_perc,mid,508,Viral,33.1793,0.910697,0.35868
arm_n_perc,mid,509,Viral,31.0356,0.892558,0.370118
arm_n_perc,mid,510,Viral,29.8275,0.894953,0.301619
arm_n_perc,mid,511,Viral,31.4646,0.904348,0.335331
arm_n_perc,mid,512,Viral,33.4327,0.912313,0.335971
arm_n_perc,mid,513,Viral,31.083,0.902945,0.311028
arm_n_perc,mid,514,Viral,30.9696,0.90344,0.284753
arm_n_perc,mid,515,Viral,32.4964,0.905587,0.323837
arm_n_perc,mid,516,Viral,33.1018,0.910335,0.318067
arm_n_perc,mid,517,Viral,31.0342,0.898081,0.369313
arm_n_perc,mid,518,Viral,31.251,0.895612,0.265232
arm_n_perc,mid,519,Viral,32.8613,0.929712,0.252446
arm_n_perc,mid,520,Viral,32.5704,0.912797,0.318864
arm_n_perc,mid,521,Viral,31.8726,0.908968,0.302652
arm_n_perc,mid,522,Viral,32.816,0.913329,0.309069
arm_n_perc,mid,523,Viral,33.1365,0.918357,0.314719
arm_n_perc,mid,524,Viral,33.4327,0.917585,0.342815
arm_n_perc,mid,525,Viral,33.2714,0.917257,0.294122
arm_n_perc,mid,526,Viral,32.8202,0.909351,0.347706
arm_n_perc,mid,527,Viral,32.953,0.904929,0.355304
arm_n_perc,mid,528,Viral,32.5935,0.909076,0.327389
arm_n_perc,mid,529,Viral,30.8913,0.873152,0.366171
arm_n_perc,mid,530,Viral,32.2376,0.903358,0.35574
arm_n_perc,mid,531,Viral,32.0771,0.9124,0.300163
arm_n_perc,mid,532,Viral,31.9192,0.906837,0.348943
arm_n_perc,mid,533,Viral,31.5121,0.90176,0.310868
arm_n_perc,mid,534,Viral,30.5713,0.900669,0.341242
arm_n_perc,mid,535,Viral,31.6117,0.907539,0.302211
arm_n_perc,mid,536,Viral,33.3135,0.903171,0.345243
arm_n_perc,mid,537,Viral,32.0191,0.904693,0.351896
arm_n_perc,mid,538,Viral,33.2969,0.909373,0.376344
arm_n_perc,mid,539,Viral,31.9349,0.907277,0.290925
arm_n_perc,mid,540,Viral,32.1244,0.903978,0.34032
arm_n_perc,mid,541,Viral,31.1938,0.8987,0.360167
arm_n_perc,mid,542,Viral,33.2266,0.916709,0.296345
arm_n_perc,mid,543,Viral,34.2783,0.916196,0.330467
arm_n_perc,mid,544,Viral,30.8437,0.895374,0.312039
arm_n_perc,mid,545,Viral,31.0288,0.903248,0.314288
arm_n_perc,mid,546,Viral,33.1749,0.909443,0.340983
arm_n_perc,mid,547,Viral,33.0514,0.910594,0.341595
arm_n_perc,mid,548,Viral,31.1507,0.898706,0.323841
arm_n_perc,mid,549,Viral,34.5591,0.903043,0.379365
arm_n_perc,mid,550,Viral,34.3989,0.903922,0.384773
arm_n_perc,mid,551,Viral,32.1545,0.906144,0.312166
arm_n_perc,mid,552,Viral,32.9321,0.919956,0.322209
arm_n_perc,mid,553,Viral,33.4316,0.909938,0.312615
arm_n_perc,mid,554,Viral,31.8914,0.909527,0.330689
arm_n_perc,mid,555,Viral,31.046,0.906666,0.316061
arm_n_perc,mid,556,Viral,32.1306,0.900274,0.331398
arm_n_perc,mid,557,Viral,32.6815,0.897321,0.333068
arm_n_perc,mid,558,Viral,31.8002,0.904254,0.328188
arm_n_perc,mid,559,Viral,33.3059,0.909914,0.36101
arm_n_perc,mid,560,Viral,33.572,0.923853,0.283911
arm_n_perc,mid,561,Viral,31.4508,0.895716,0.334477
arm_n_perc,mid,562,Viral,31.9077,0.903595,0.333168
arm_n_perc,mid,563,Viral,32.0694,0.902154,0.338736
arm_n_perc,mid,564,Viral,32.3158,0.908473,0.333657
arm_n_perc,mid,565,Viral,32.9283,0.911824,0.341113
arm_n_perc,mid,566,Viral,31.4037,0.903867,0.372987
arm_n_perc,mid,567,Viral,31.9217,0.911491,0.322663
arm_n_perc,mid,568,Viral,31.4589,0.897277,0.367229
arm_n_perc,mid,569,Viral,32.3419,0.90796,0.350461
arm_n_perc,mid,570,Viral,31.3189,0.903887,0.329722
arm_n_perc,mid,571,Viral,32.4523,0.905813,0.342865
arm_n_perc,mid,572,Viral,31.7134,0.893763,0.393628
arm_n_perc,mid,573,Viral,32.1779,0.900967,0.339033
arm_n_perc,mid,574,Viral,33.7789,0.929143,0.333033
arm_n_perc,mid,575,Viral,32.4666,0.906791,0.355802
arm_n_perc,mid,576,Viral,31.7825,0.903286,0.352628
arm_n_perc,mid,577,Viral,31.569,0.907554,0.334804
arm_n_perc,mid,578,Viral,33.0338,0.919853,0.285715
arm_n_perc,mid,579,Viral,31.8198,0.910676,0.265044
arm_n_perc,mid,580,Viral,31.5394,0.903078,0.354135
arm_n_perc,mid,581,Viral,31.5613,0.904209,0.302993
arm_n_perc,mid,582,Viral,32.2508,0.905691,0.3244
arm_n_perc,mid,583,Viral,32.6566,0.903032,0.339749
arm_n_perc,mid,584,Viral,33.5255,0.90955,0.328876
arm_n_perc,mid,585,Viral,33.1554,0.918246,0.314621
arm_n_perc,mid,586,Viral,32.9408,0.902462,0.329041
arm_n_perc,mid,587,Viral,33.0096,0.894251,0.360269
arm_n_perc,mid,588,Viral,31.7786,0.896657,0.349993
arm_n_perc,mid,589,Viral,29.6705,0.885336,0.278968
arm_n_perc,mid,590,Viral,31.5081,0.900765,0.327026
arm_n_perc,mid,591,Viral,31.012,0.903108,0.311971
arm_n_perc,mid,592,Viral,31.1956,0.905565,0.29731
arm_n_perc,mid,593,Viral,33.2409,0.882807,0.364628
arm_n_perc,mid,594,Viral,33.164,0.914933,0.346699
arm_n_perc,mid,595,Viral,33.18,0.90842,0.314092
arm_n_perc,mid,596,Viral,32.7597,0.913721,0.354229
arm_n_perc,mid,597,Viral,32.6273,0.913787,0.295916
arm_n_perc,mid,598,Viral,31.1289,0.899787,0.3588
arm_n_perc,mid,599,Viral,31.1066,0.904225,0.293486
arm_n_perc,mid,600,Viral,32.1914,0.897128,0.390216
arm_n_perc,mid,601,Viral,32.7271,0.914223,0.339026
arm_n_perc,mid,602,Viral,31.4206,0.902484,0.33911
arm_n_perc,mid,603,Viral,31.7482,0.915634,0.28493
arm_n_perc,mid,604,Viral,31.8462,0.909916,0.321077
arm_n_perc,mid,605,Viral,33.358,0.913874,0.327872
arm_n_perc,mid,606,Viral,32.8166,0.914308,0.33342
arm_n_perc,mid,607,Viral,32.6414,0.910173,0.352596
arm_n_perc,mid,608,Viral,33.5177,0.919625,0.32273
arm_n_perc,mid,609,Viral,33.0564,0.917607,0.352901
arm_n_perc,mid,610,Viral,33.3224,0.914148,0.330163
arm_n_perc,mid,611,Viral,31.1557,0.90419,0.335233
arm_n_perc,mid,612,Viral,30.6786,0.890902,0.366965
arm_n_perc,mid,613,Viral,31.6883,0.904568,0.352261
arm_n_perc,mid,614,Viral,33.1587,0.918573,0.304682
arm_n_perc,mid,615,Viral,33.0184,0.901477,0.340359
arm_n_perc,mid,616,Viral,32.7729,0.907357,0.326392
arm_n_perc,mid,617,Viral,32.3278,0.903202,0.373031
arm_n_perc,mid,618,Viral,31.5972,0.900077,0.349914
arm_n_perc,mid,619,Viral,32.0616,0.909881,0.299877
arm_n_perc,mid,620,Viral,31.5808,0.908047,0.306547
arm_n_perc,mid,621,Viral,34.5723,0.923892,0.363428
arm_n_perc,mid,622,Viral,32.3339,0.905938,0.342548
arm_n_perc,mid,623,Viral,33.0621,0.918818,0.283321
arm_o_prelu,mid,0,Normal,29.0902,0.870291,0.439535
arm_o_prelu,mid,1,Normal,27.4711,0.855359,0.44942
arm_o_prelu,mid,2,Normal,27.866,0.860287,0.429269
arm_o_prelu,mid,3,Normal,28.1434,0.878465,0.412557
arm_o_prelu,mid,4,Normal,28.6735,0.866548,0.453672
arm_o_prelu,mid,5,Normal,29.1438,0.882933,0.414193
arm_o_prelu,mid,6,Normal,28.7561,0.876857,0.395878
arm_o_prelu,mid,7,Normal,28.4006,0.881789,0.437005
arm_o_prelu,mid,8,Normal,27.2337,0.859067,0.429195
arm_o_prelu,mid,9,Normal,25.8799,0.856551,0.4261
arm_o_prelu,mid,10,Normal,27.9107,0.873934,0.407835
arm_o_prelu,mid,11,Normal,28.0194,0.861758,0.433714
arm_o_prelu,mid,12,Normal,29.0009,0.864717,0.410815
arm_o_prelu,mid,13,Normal,29.448,0.885713,0.472134
arm_o_prelu,mid,14,Normal,26.6486,0.883737,0.473576
arm_o_prelu,mid,15,Normal,27.7079,0.858793,0.437937
arm_o_prelu,mid,16,Normal,28.2829,0.881811,0.436544
arm_o_prelu,mid,17,Normal,28.6057,0.853364,0.429257
arm_o_prelu,mid,18,Normal,28.5656,0.864886,0.423776
arm_o_prelu,mid,19,Normal,28.4745,0.874323,0.444453
arm_o_prelu,mid,20,Normal,29.5957,0.884928,0.439619
arm_o_prelu,mid,21,Normal,27.861,0.865467,0.408324
arm_o_prelu,mid,22,Normal,28.6655,0.88034,0.381596
arm_o_prelu,mid,23,Normal,27.5718,0.853273,0.474155
arm_o_prelu,mid,24,Normal,28.1707,0.868769,0.41763
arm_o_prelu,mid,25,Normal,28.5622,0.865699,0.423639
arm_o_prelu,mid,26,Normal,27.2857,0.853294,0.420788
arm_o_prelu,mid,27,Normal,27.7062,0.85246,0.391375
arm_o_prelu,mid,28,Normal,28.4859,0.885541,0.427137
arm_o_prelu,mid,29,Normal,28.2741,0.876347,0.454264
arm_o_prelu,mid,30,Normal,27.9058,0.858167,0.467439
arm_o_prelu,mid,31,Normal,28.5933,0.86717,0.415491
arm_o_prelu,mid,32,Normal,27.8663,0.867888,0.429676
arm_o_prelu,mid,33,Normal,27.5759,0.852616,0.444633
arm_o_prelu,mid,34,Normal,26.1106,0.849876,0.426075
arm_o_prelu,mid,35,Normal,28.632,0.873248,0.432237
arm_o_prelu,mid,36,Normal,28.6167,0.870306,0.448427
arm_o_prelu,mid,37,Normal,28.3603,0.897217,0.42828
arm_o_prelu,mid,38,Normal,27.7803,0.869408,0.416539
arm_o_prelu,mid,39,Normal,27.2136,0.851475,0.434359
arm_o_prelu,mid,40,Normal,27.9565,0.87273,0.414768
arm_o_prelu,mid,41,Normal,28.999,0.873188,0.464003
arm_o_prelu,mid,42,Normal,26.8119,0.849315,0.444281
arm_o_prelu,mid,43,Normal,28.1819,0.864475,0.391623
arm_o_prelu,mid,44,Normal,28.3769,0.859503,0.417303
arm_o_prelu,mid,45,Normal,27.8271,0.862161,0.425917
arm_o_prelu,mid,46,Normal,30.2474,0.876951,0.46119
arm_o_prelu,mid,47,Normal,27.1262,0.849241,0.405205
arm_o_prelu,mid,48,Normal,28.2704,0.878171,0.424611
arm_o_prelu,mid,49,Normal,27.5663,0.862294,0.401286
arm_o_prelu,mid,50,Normal,27.886,0.862456,0.429479
arm_o_prelu,mid,51,Normal,28.5301,0.879925,0.419343
arm_o_prelu,mid,52,Normal,28.4346,0.864056,0.419206
arm_o_prelu,mid,53,Normal,28.3476,0.876033,0.414001
arm_o_prelu,mid,54,Normal,28.9571,0.867555,0.430144
arm_o_prelu,mid,55,Normal,29.0852,0.874152,0.4151
arm_o_prelu,mid,56,Normal,29.4169,0.894306,0.441082
arm_o_prelu,mid,57,Normal,28.3712,0.86312,0.437948
arm_o_prelu,mid,58,Normal,28.0463,0.870339,0.422658
arm_o_prelu,mid,59,Normal,28.1148,0.864196,0.438326
arm_o_prelu,mid,60,Normal,29.2911,0.877565,0.429837
arm_o_prelu,mid,61,Normal,28.3828,0.880455,0.42328
arm_o_prelu,mid,62,Normal,28.6055,0.878038,0.408416
arm_o_prelu,mid,63,Normal,27.6812,0.862905,0.42859
arm_o_prelu,mid,64,Normal,28.0507,0.865406,0.439317
arm_o_prelu,mid,65,Normal,26.6161,0.852107,0.411344
arm_o_prelu,mid,66,Normal,27.3978,0.856193,0.440095
arm_o_prelu,mid,67,Normal,27.4689,0.859514,0.429595
arm_o_prelu,mid,68,Normal,27.4319,0.853558,0.432658
arm_o_prelu,mid,69,Normal,28.1671,0.863486,0.444059
arm_o_prelu,mid,70,Normal,29.056,0.894839,0.409792
arm_o_prelu,mid,71,Normal,30.2213,0.879535,0.448923
arm_o_prelu,mid,72,Normal,28.5519,0.883048,0.434653
arm_o_prelu,mid,73,Normal,29.2169,0.880634,0.434538
arm_o_prelu,mid,74,Normal,28.332,0.882474,0.467823
arm_o_prelu,mid,75,Normal,26.8086,0.860993,0.433937
arm_o_prelu,mid,76,Normal,27.8932,0.85839,0.434375
arm_o_prelu,mid,77,Normal,27.4162,0.862552,0.412189
arm_o_prelu,mid,78,Normal,27.719,0.882151,0.404255
arm_o_prelu,mid,79,Normal,27.8943,0.868802,0.428432
arm_o_prelu,mid,80,Normal,29.9772,0.887393,0.444066
arm_o_prelu,mid,81,Normal,28.8544,0.878965,0.424079
arm_o_prelu,mid,82,Normal,27.5951,0.863881,0.433062
arm_o_prelu,mid,83,Normal,27.7498,0.853321,0.400315
arm_o_prelu,mid,84,Normal,28.3473,0.8763,0.411529
arm_o_prelu,mid,85,Normal,29.8857,0.894248,0.429931
arm_o_prelu,mid,86,Normal,27.9116,0.867236,0.409011
arm_o_prelu,mid,87,Normal,28.3609,0.866852,0.420417
arm_o_prelu,mid,88,Normal,28.1897,0.871538,0.442366
arm_o_prelu,mid,89,Normal,28.3809,0.873892,0.428228
arm_o_prelu,mid,90,Normal,28.5078,0.873982,0.407304
arm_o_prelu,mid,91,Normal,27.4873,0.864333,0.381369
arm_o_prelu,mid,92,Normal,29.4095,0.898982,0.401798
arm_o_prelu,mid,93,Normal,27.0191,0.861955,0.431788
arm_o_prelu,mid,94,Normal,27.789,0.87248,0.419696
arm_o_prelu,mid,95,Normal,27.8786,0.860291,0.437074
arm_o_prelu,mid,96,Normal,28.0517,0.853967,0.439902
arm_o_prelu,mid,97,Normal,27.5401,0.854072,0.409995
arm_o_prelu,mid,98,Normal,27.3769,0.853556,0.420367
arm_o_prelu,mid,99,Normal,28.484,0.877548,0.424007
arm_o_prelu,mid,100,Normal,28.8064,0.868492,0.433217
arm_o_prelu,mid,101,Normal,27.7036,0.86063,0.400597
arm_o_prelu,mid,102,Normal,28.409,0.86136,0.428276
arm_o_prelu,mid,103,Normal,28.5556,0.870099,0.41306
arm_o_prelu,mid,104,Normal,27.796,0.859071,0.409684
arm_o_prelu,mid,105,Normal,28.7461,0.877643,0.393191
arm_o_prelu,mid,106,Normal,28.2274,0.870754,0.434425
arm_o_prelu,mid,107,Normal,28.0394,0.870625,0.432883
arm_o_prelu,mid,108,Normal,27.8991,0.849894,0.45156
arm_o_prelu,mid,109,Normal,28.5394,0.868286,0.42623
arm_o_prelu,mid,110,Normal,29.1305,0.859598,0.401667
arm_o_prelu,mid,111,Normal,29.2244,0.858658,0.431321
arm_o_prelu,mid,112,Normal,27.1528,0.85819,0.415579
arm_o_prelu,mid,113,Normal,27.5442,0.850976,0.447885
arm_o_prelu,mid,114,Normal,28.3346,0.850013,0.453838
arm_o_prelu,mid,115,Normal,27.7459,0.862925,0.398858
arm_o_prelu,mid,116,Normal,27.0043,0.846125,0.424904
arm_o_prelu,mid,117,Normal,28.4667,0.87183,0.422961
arm_o_prelu,mid,118,Normal,27.9373,0.858559,0.427285
arm_o_prelu,mid,119,Normal,28.845,0.891415,0.450066
arm_o_prelu,mid,120,Normal,28.1535,0.874024,0.394715
arm_o_prelu,mid,121,Normal,28.9535,0.876998,0.417871
arm_o_prelu,mid,122,Normal,28.4287,0.882129,0.416214
arm_o_prelu,mid,123,Normal,28.7397,0.869499,0.41987
arm_o_prelu,mid,124,Normal,28.5759,0.867222,0.402166
arm_o_prelu,mid,125,Normal,27.8353,0.861385,0.428744
arm_o_prelu,mid,126,Normal,29.1436,0.88654,0.419717
arm_o_prelu,mid,127,Normal,27.9362,0.850435,0.467858
arm_o_prelu,mid,128,Normal,27.7616,0.858536,0.415846
arm_o_prelu,mid,129,Normal,28.2042,0.87227,0.411077
arm_o_prelu,mid,130,Normal,28.2995,0.877443,0.410304
arm_o_prelu,mid,131,Normal,28.0639,0.866808,0.427578
arm_o_prelu,mid,132,Normal,27.4674,0.861147,0.42446
arm_o_prelu,mid,133,Normal,28.2873,0.873136,0.421541
arm_o_prelu,mid,134,Normal,28.9327,0.874371,0.430526
arm_o_prelu,mid,135,Normal,28.4914,0.870393,0.422994
arm_o_prelu,mid,136,Normal,27.4943,0.868372,0.413279
arm_o_prelu,mid,137,Normal,27.4059,0.854374,0.417043
arm_o_prelu,mid,138,Normal,28.8446,0.875034,0.415909
arm_o_prelu,mid,139,Normal,27.2345,0.844442,0.423472
arm_o_prelu,mid,140,Normal,27.8581,0.861311,0.436854
arm_o_prelu,mid,141,Normal,28.0235,0.880257,0.44472
arm_o_prelu,mid,142,Normal,27.4421,0.856726,0.446747
arm_o_prelu,mid,143,Normal,29.3371,0.88362,0.415114
arm_o_prelu,mid,144,Normal,27.6948,0.867821,0.432932
arm_o_prelu,mid,145,Normal,27.7771,0.849516,0.404904
arm_o_prelu,mid,146,Normal,27.6034,0.855983,0.403891
arm_o_prelu,mid,147,Normal,27.9708,0.857948,0.427512
arm_o_prelu,mid,148,Normal,28.6773,0.872926,0.42987
arm_o_prelu,mid,149,Normal,28.0255,0.870137,0.396095
arm_o_prelu,mid,150,Normal,28.7298,0.871891,0.440608
arm_o_prelu,mid,151,Normal,28.1122,0.859137,0.46641
arm_o_prelu,mid,152,Normal,27.7547,0.847845,0.454685
arm_o_prelu,mid,153,Normal,28.207,0.882152,0.43797
arm_o_prelu,mid,154,Normal,28.7901,0.88741,0.448246
arm_o_prelu,mid,155,Normal,27.8375,0.853697,0.425945
arm_o_prelu,mid,156,Normal,27.8965,0.860972,0.42078
arm_o_prelu,mid,157,Normal,28.3665,0.877212,0.406316
arm_o_prelu,mid,158,Normal,26.8478,0.85788,0.432953
arm_o_prelu,mid,159,Normal,29.6223,0.885266,0.424017
arm_o_prelu,mid,160,Normal,28.5212,0.889589,0.426401
arm_o_prelu,mid,161,Normal,29.2537,0.869961,0.426701
arm_o_prelu,mid,162,Normal,28.1242,0.863215,0.418593
arm_o_prelu,mid,163,Normal,29.0601,0.868987,0.425008
arm_o_prelu,mid,164,Normal,29.4758,0.900678,0.420385
arm_o_prelu,mid,165,Normal,29.1866,0.882573,0.472314
arm_o_prelu,mid,166,Normal,29.1014,0.880193,0.443789
arm_o_prelu,mid,167,Normal,28.1126,0.864263,0.460912
arm_o_prelu,mid,168,Normal,27.4007,0.853832,0.418461
arm_o_prelu,mid,169,Normal,25.7544,0.831467,0.427643
arm_o_prelu,mid,170,Normal,27.997,0.855955,0.42256
arm_o_prelu,mid,171,Normal,28.5416,0.865896,0.428016
arm_o_prelu,mid,172,Normal,28.0318,0.855454,0.42311
arm_o_prelu,mid,173,Normal,28.194,0.864866,0.451001
arm_o_prelu,mid,174,Normal,28.5507,0.883455,0.426902
arm_o_prelu,mid,175,Normal,28.1541,0.86819,0.428189
arm_o_prelu,mid,176,Normal,28.3472,0.876675,0.433697
arm_o_prelu,mid,177,Normal,27.5852,0.851555,0.450566
arm_o_prelu,mid,178,Normal,27.8101,0.858882,0.473463
arm_o_prelu,mid,179,Normal,27.3889,0.846344,0.459779
arm_o_prelu,mid,180,Normal,27.0585,0.845341,0.417482
arm_o_prelu,mid,181,Normal,28.445,0.872063,0.442491
arm_o_prelu,mid,182,Normal,29.2717,0.877373,0.424797
arm_o_prelu,mid,183,Normal,28.5382,0.875377,0.412447
arm_o_prelu,mid,184,Normal,28.144,0.864544,0.426525
arm_o_prelu,mid,185,Normal,28.5424,0.869624,0.421743
arm_o_prelu,mid,186,Normal,27.8382,0.861866,0.431469
arm_o_prelu,mid,187,Normal,28.8481,0.889794,0.450169
arm_o_prelu,mid,188,Normal,29.1402,0.878915,0.43076
arm_o_prelu,mid,189,Normal,28.7054,0.870845,0.428281
arm_o_prelu,mid,190,Normal,27.5037,0.854399,0.441404
arm_o_prelu,mid,191,Normal,29.0801,0.864648,0.433649
arm_o_prelu,mid,192,Normal,29.3154,0.888785,0.462214
arm_o_prelu,mid,193,Normal,27.66,0.865483,0.38987
arm_o_prelu,mid,194,Normal,27.1345,0.85198,0.440158
arm_o_prelu,mid,195,Normal,27.8316,0.860623,0.435561
arm_o_prelu,mid,196,Normal,28.5643,0.862774,0.415134
arm_o_prelu,mid,197,Normal,28.085,0.863235,0.442172
arm_o_prelu,mid,198,Normal,28.1399,0.883446,0.444836
arm_o_prelu,mid,199,Normal,27.2514,0.840386,0.449504
arm_o_prelu,mid,200,Normal,28.2425,0.87278,0.417955
arm_o_prelu,mid,201,Normal,29.0658,0.877356,0.428379
arm_o_prelu,mid,202,Normal,28.3047,0.877922,0.452741
arm_o_prelu,mid,203,Normal,28.4449,0.876136,0.411536
arm_o_prelu,mid,204,Normal,27.2758,0.855094,0.425801
arm_o_prelu,mid,205,Normal,29.4575,0.876516,0.441765
arm_o_prelu,mid,206,Normal,29.9683,0.888563,0.408833
arm_o_prelu,mid,207,Normal,28.7274,0.86745,0.435739
arm_o_prelu,mid,208,Normal,28.2678,0.868043,0.426708
arm_o_prelu,mid,209,Normal,27.4978,0.864454,0.403168
arm_o_prelu,mid,210,Normal,28.6807,0.864034,0.444911
arm_o_prelu,mid,211,Normal,28.3094,0.870429,0.410103
arm_o_prelu,mid,212,Normal,28.3944,0.879886,0.436688
arm_o_prelu,mid,213,Normal,28.064,0.873303,0.440279
arm_o_prelu,mid,214,Normal,28.1789,0.865501,0.425176
arm_o_prelu,mid,215,Normal,28.1833,0.85834,0.455801
arm_o_prelu,mid,216,Normal,25.9233,0.861635,0.437622
arm_o_prelu,mid,217,Normal,28.3443,0.874642,0.4847
arm_o_prelu,mid,218,Normal,28.3906,0.863252,0.444461
arm_o_prelu,mid,219,Normal,27.3476,0.862495,0.438747
arm_o_prelu,mid,220,Normal,30.0518,0.886257,0.427999
arm_o_prelu,mid,221,Normal,28.7171,0.872915,0.393518
arm_o_prelu,mid,222,Normal,28.051,0.866518,0.414327
arm_o_prelu,mid,223,Normal,28.2512,0.869526,0.414399
arm_o_prelu,mid,224,Normal,28.8434,0.869471,0.432491
arm_o_prelu,mid,225,Normal,27.3557,0.822763,0.452585
arm_o_prelu,mid,226,Normal,29.6293,0.882872,0.424034
arm_o_prelu,mid,227,Normal,27.5876,0.861563,0.435729
arm_o_prelu,mid,228,Normal,29.3981,0.877675,0.417795
arm_o_prelu,mid,229,Normal,27.5364,0.864634,0.430872
arm_o_prelu,mid,230,Normal,27.6278,0.861608,0.434709
arm_o_prelu,mid,231,Normal,28.0972,0.860074,0.43036
arm_o_prelu,mid,232,Normal,29.1041,0.880862,0.424963
arm_o_prelu,mid,233,Normal,28.7094,0.872605,0.425508
arm_o_prelu,mid,234,Bacterial,28.5573,0.881578,0.493404
arm_o_prelu,mid,235,Bacterial,27.9598,0.869963,0.45817
arm_o_prelu,mid,236,Bacterial,29.8893,0.882642,0.463713
arm_o_prelu,mid,237,Bacterial,28.7654,0.879273,0.484743
arm_o_prelu,mid,238,Bacterial,30.3915,0.89162,0.476052
arm_o_prelu,mid,239,Bacterial,29.6149,0.884162,0.482957
arm_o_prelu,mid,240,Bacterial,29.9375,0.880458,0.501495
arm_o_prelu,mid,241,Bacterial,28.9574,0.877318,0.45773
arm_o_prelu,mid,242,Bacterial,29.8252,0.876034,0.479604
arm_o_prelu,mid,243,Bacterial,29.0518,0.870748,0.48623
arm_o_prelu,mid,244,Bacterial,28.2948,0.860696,0.426212
arm_o_prelu,mid,245,Bacterial,28.8631,0.872758,0.450162
arm_o_prelu,mid,246,Bacterial,27.3985,0.882568,0.444542
arm_o_prelu,mid,247,Bacterial,26.7774,0.871627,0.455743
arm_o_prelu,mid,248,Bacterial,30.3939,0.885273,0.458121
arm_o_prelu,mid,249,Bacterial,30.1507,0.88718,0.476223
arm_o_prelu,mid,250,Bacterial,29.1647,0.880883,0.4958
arm_o_prelu,mid,251,Bacterial,28.3249,0.871615,0.408434
arm_o_prelu,mid,252,Bacterial,29.6866,0.878092,0.475879
arm_o_prelu,mid,253,Bacterial,28.8042,0.883468,0.460794
arm_o_prelu,mid,254,Bacterial,28.4118,0.86035,0.421537
arm_o_prelu,mid,255,Bacterial,28.9982,0.881706,0.461262
arm_o_prelu,mid,256,Bacterial,28.7322,0.871503,0.448611
arm_o_prelu,mid,257,Bacterial,29.0172,0.884849,0.454779
arm_o_prelu,mid,258,Bacterial,29.441,0.883137,0.457381
arm_o_prelu,mid,259,Bacterial,29.9499,0.891333,0.438428
arm_o_prelu,mid,260,Bacterial,28.1713,0.891703,0.445771
arm_o_prelu,mid,261,Bacterial,28.0088,0.864943,0.382147
arm_o_prelu,mid,262,Bacterial,30.5745,0.8889,0.488523
arm_o_prelu,mid,263,Bacterial,30.3654,0.89464,0.452797
arm_o_prelu,mid,264,Bacterial,30.7827,0.885039,0.494969
arm_o_prelu,mid,265,Bacterial,29.8562,0.895943,0.461096
arm_o_prelu,mid,266,Bacterial,30.05,0.881613,0.457978
arm_o_prelu,mid,267,Bacterial,30.0174,0.876252,0.447357
arm_o_prelu,mid,268,Bacterial,30.2387,0.8842,0.475923
arm_o_prelu,mid,269,Bacterial,28.9416,0.886987,0.468186
arm_o_prelu,mid,270,Bacterial,29.7306,0.899488,0.431043
arm_o_prelu,mid,271,Bacterial,29.554,0.883405,0.433178
arm_o_prelu,mid,272,Bacterial,30.0467,0.89596,0.442565
arm_o_prelu,mid,273,Bacterial,29.3829,0.885991,0.465098
arm_o_prelu,mid,274,Bacterial,29.1054,0.870819,0.437875
arm_o_prelu,mid,275,Bacterial,27.4389,0.863979,0.470314
arm_o_prelu,mid,276,Bacterial,28.1118,0.861275,0.401347
arm_o_prelu,mid,277,Bacterial,28.7807,0.868059,0.472488
arm_o_prelu,mid,278,Bacterial,28.3931,0.876876,0.460491
arm_o_prelu,mid,279,Bacterial,29.1222,0.877317,0.470227
arm_o_prelu,mid,280,Bacterial,29.972,0.877032,0.47604
arm_o_prelu,mid,281,Bacterial,29.0513,0.868341,0.467188
arm_o_prelu,mid,282,Bacterial,27.8098,0.869031,0.480482
arm_o_prelu,mid,283,Bacterial,29.6622,0.875659,0.478293
arm_o_prelu,mid,284,Bacterial,27.269,0.878092,0.467798
arm_o_prelu,mid,285,Bacterial,30.4317,0.889223,0.477296
arm_o_prelu,mid,286,Bacterial,27.5012,0.882613,0.455425
arm_o_prelu,mid,287,Bacterial,28.8497,0.880087,0.42169
arm_o_prelu,mid,288,Bacterial,29.2574,0.881533,0.457037
arm_o_prelu,mid,289,Bacterial,29.0777,0.870151,0.453061
arm_o_prelu,mid,290,Bacterial,30.0298,0.893548,0.452211
arm_o_prelu,mid,291,Bacterial,28.9622,0.879299,0.464035
arm_o_prelu,mid,292,Bacterial,28.9163,0.876139,0.405825
arm_o_prelu,mid,293,Bacterial,29.9449,0.884695,0.460882
arm_o_prelu,mid,294,Bacterial,29.5973,0.890682,0.480344
arm_o_prelu,mid,295,Bacterial,29.0745,0.881577,0.436565
arm_o_prelu,mid,296,Bacterial,28.7831,0.888438,0.473104
arm_o_prelu,mid,297,Bacterial,28.7494,0.885543,0.440707
arm_o_prelu,mid,298,Bacterial,27.2299,0.852146,0.47272
arm_o_prelu,mid,299,Bacterial,27.4339,0.868407,0.461581
arm_o_prelu,mid,300,Bacterial,27.9154,0.865018,0.452513
arm_o_prelu,mid,301,Bacterial,28.1307,0.857209,0.425737
arm_o_prelu,mid,302,Bacterial,28.3822,0.868434,0.445427
arm_o_prelu,mid,303,Bacterial,26.7128,0.872836,0.459764
arm_o_prelu,mid,304,Bacterial,29.5322,0.883018,0.46082
arm_o_prelu,mid,305,Bacterial,30.2802,0.88462,0.475232
arm_o_prelu,mid,306,Bacterial,28.3786,0.879025,0.456671
arm_o_prelu,mid,307,Bacterial,28.4014,0.880571,0.455379
arm_o_prelu,mid,308,Bacterial,29.1852,0.871204,0.422227
arm_o_prelu,mid,309,Bacterial,28.8002,0.87264,0.464
arm_o_prelu,mid,310,Bacterial,27.6702,0.857748,0.415816
arm_o_prelu,mid,311,Bacterial,28.8593,0.87197,0.47774
arm_o_prelu,mid,312,Bacterial,27.9233,0.870588,0.436621
arm_o_prelu,mid,313,Bacterial,29.8385,0.882151,0.472281
arm_o_prelu,mid,314,Bacterial,28.6818,0.864475,0.433049
arm_o_prelu,mid,315,Bacterial,30.2862,0.900626,0.47098
arm_o_prelu,mid,316,Bacterial,29.8604,0.891677,0.478281
arm_o_prelu,mid,317,Bacterial,29.2699,0.885622,0.489316
arm_o_prelu,mid,318,Bacterial,29.2132,0.878284,0.475533
arm_o_prelu,mid,319,Bacterial,29.5247,0.870636,0.480397
arm_o_prelu,mid,320,Bacterial,29.4335,0.878684,0.491727
arm_o_prelu,mid,321,Bacterial,25.1926,0.869762,0.453797
arm_o_prelu,mid,322,Bacterial,29.1568,0.879884,0.442189
arm_o_prelu,mid,323,Bacterial,29.1215,0.882507,0.417736
arm_o_prelu,mid,324,Bacterial,28.2707,0.882393,0.405907
arm_o_prelu,mid,325,Bacterial,27.9707,0.871532,0.396783
arm_o_prelu,mid,326,Bacterial,29.1352,0.882316,0.444695
arm_o_prelu,mid,327,Bacterial,29.2003,0.88038,0.451725
arm_o_prelu,mid,328,Bacterial,27.6233,0.884288,0.467696
arm_o_prelu,mid,329,Bacterial,28.4303,0.88522,0.41492
arm_o_prelu,mid,330,Bacterial,30.1698,0.884659,0.477396
arm_o_prelu,mid,331,Bacterial,29.7461,0.887368,0.456672
arm_o_prelu,mid,332,Bacterial,30.2145,0.896471,0.459917
arm_o_prelu,mid,333,Bacterial,29.8694,0.895956,0.462445
arm_o_prelu,mid,334,Bacterial,30.0824,0.891858,0.457875
arm_o_prelu,mid,335,Bacterial,28.7319,0.868842,0.404182
arm_o_prelu,mid,336,Bacterial,29.8441,0.88756,0.468751
arm_o_prelu,mid,337,Bacterial,28.9985,0.875381,0.474549
arm_o_prelu,mid,338,Bacterial,30.0049,0.879896,0.477281
arm_o_prelu,mid,339,Bacterial,28.449,0.868919,0.42936
arm_o_prelu,mid,340,Bacterial,29.7691,0.887385,0.452048
arm_o_prelu,mid,341,Bacterial,28.3395,0.883051,0.449488
arm_o_prelu,mid,342,Bacterial,29.1677,0.882058,0.473216
arm_o_prelu,mid,343,Bacterial,29.5093,0.879005,0.487575
arm_o_prelu,mid,344,Bacterial,30.2425,0.888334,0.4642
arm_o_prelu,mid,345,Bacterial,28.8227,0.884529,0.47163
arm_o_prelu,mid,346,Bacterial,28.0883,0.872269,0.472401
arm_o_prelu,mid,347,Bacterial,29.6348,0.888858,0.45716
arm_o_prelu,mid,348,Bacterial,29.4589,0.875648,0.476432
arm_o_prelu,mid,349,Bacterial,30.2857,0.891903,0.455988
arm_o_prelu,mid,350,Bacterial,30.3617,0.895528,0.46737
arm_o_prelu,mid,351,Bacterial,28.5606,0.875503,0.407733
arm_o_prelu,mid,352,Bacterial,29.7522,0.8838,0.4625
arm_o_prelu,mid,353,Bacterial,28.3917,0.882768,0.464009
arm_o_prelu,mid,354,Bacterial,30.6785,0.885267,0.48861
arm_o_prelu,mid,355,Bacterial,29.9538,0.886085,0.439446
arm_o_prelu,mid,356,Bacterial,30.0671,0.879718,0.468093
arm_o_prelu,mid,357,Bacterial,30.4662,0.882921,0.451116
arm_o_prelu,mid,358,Bacterial,29.7776,0.885908,0.460199
arm_o_prelu,mid,359,Bacterial,28.5333,0.879534,0.392278
arm_o_prelu,mid,360,Bacterial,29.0349,0.884671,0.441696
arm_o_prelu,mid,361,Bacterial,29.8498,0.889124,0.426596
arm_o_prelu,mid,362,Bacterial,29.987,0.895158,0.457017
arm_o_prelu,mid,363,Bacterial,27.0615,0.884786,0.404951
arm_o_prelu,mid,364,Bacterial,29.8316,0.885333,0.471498
arm_o_prelu,mid,365,Bacterial,26.7299,0.862987,0.422524
arm_o_prelu,mid,366,Bacterial,29.4359,0.887292,0.455459
arm_o_prelu,mid,367,Bacterial,28.872,0.87962,0.374452
arm_o_prelu,mid,368,Bacterial,29.936,0.880585,0.445948
arm_o_prelu,mid,369,Bacterial,28.4088,0.87336,0.41309
arm_o_prelu,mid,370,Bacterial,27.4445,0.850974,0.414364
arm_o_prelu,mid,371,Bacterial,29.3418,0.881679,0.463759
arm_o_prelu,mid,372,Bacterial,29.1512,0.872202,0.476427
arm_o_prelu,mid,373,Bacterial,29.5892,0.882147,0.4488
arm_o_prelu,mid,374,Bacterial,28.4025,0.86952,0.45395
arm_o_prelu,mid,375,Bacterial,29.0266,0.877807,0.461828
arm_o_prelu,mid,376,Bacterial,27.1581,0.876097,0.449368
arm_o_prelu,mid,377,Bacterial,28.7944,0.877977,0.463436
arm_o_prelu,mid,378,Bacterial,28.5813,0.867792,0.412478
arm_o_prelu,mid,379,Bacterial,29.4028,0.886292,0.418647
arm_o_prelu,mid,380,Bacterial,28.9698,0.89021,0.452482
arm_o_prelu,mid,381,Bacterial,27.8246,0.860359,0.417735
arm_o_prelu,mid,382,Bacterial,28.6447,0.880274,0.463328
arm_o_prelu,mid,383,Bacterial,28.4053,0.859542,0.45115
arm_o_prelu,mid,384,Bacterial,27.9407,0.867001,0.390218
arm_o_prelu,mid,385,Bacterial,28.0845,0.870042,0.403007
arm_o_prelu,mid,386,Bacterial,29.9566,0.892272,0.468371
arm_o_prelu,mid,387,Bacterial,29.8561,0.88776,0.440398
arm_o_prelu,mid,388,Bacterial,28.2438,0.879934,0.370928
arm_o_prelu,mid,389,Bacterial,28.2965,0.868844,0.391854
arm_o_prelu,mid,390,Bacterial,29.8612,0.878877,0.454206
arm_o_prelu,mid,391,Bacterial,26.9877,0.879634,0.4566
arm_o_prelu,mid,392,Bacterial,29.6311,0.884278,0.473127
arm_o_prelu,mid,393,Bacterial,29.5472,0.879037,0.491633
arm_o_prelu,mid,394,Bacterial,29.596,0.885967,0.471321
arm_o_prelu,mid,395,Bacterial,29.3998,0.885381,0.471283
arm_o_prelu,mid,396,Bacterial,28.7891,0.853592,0.463493
arm_o_prelu,mid,397,Bacterial,30.5655,0.890505,0.491495
arm_o_prelu,mid,398,Bacterial,30.0883,0.889821,0.471933
arm_o_prelu,mid,399,Bacterial,27.3281,0.876083,0.470706
arm_o_prelu,mid,400,Bacterial,28.4283,0.867121,0.457588
arm_o_prelu,mid,401,Bacterial,28.2715,0.861643,0.390164
arm_o_prelu,mid,402,Bacterial,29.6109,0.887137,0.473141
arm_o_prelu,mid,403,Bacterial,28.6994,0.883558,0.440669
arm_o_prelu,mid,404,Bacterial,29.1026,0.873955,0.467286
arm_o_prelu,mid,405,Bacterial,29.5249,0.884837,0.425967
arm_o_prelu,mid,406,Bacterial,30.4485,0.885851,0.465598
arm_o_prelu,mid,407,Bacterial,28.1759,0.882523,0.45762
arm_o_prelu,mid,408,Bacterial,29.4489,0.879103,0.459097
arm_o_prelu,mid,409,Bacterial,29.1253,0.867411,0.427057
arm_o_prelu,mid,410,Bacterial,27.9493,0.859009,0.420088
arm_o_prelu,mid,411,Bacterial,29.432,0.87165,0.463309
arm_o_prelu,mid,412,Bacterial,28.8192,0.875812,0.479076
arm_o_prelu,mid,413,Bacterial,28.2572,0.853232,0.416023
arm_o_prelu,mid,414,Bacterial,30.0823,0.889618,0.471061
arm_o_prelu,mid,415,Bacterial,29.4391,0.879093,0.458095
arm_o_prelu,mid,416,Bacterial,30.5501,0.89123,0.459137
arm_o_prelu,mid,417,Bacterial,30.1049,0.880834,0.431631
arm_o_prelu,mid,418,Bacterial,30.3519,0.880903,0.452411
arm_o_prelu,mid,419,Bacterial,29.3771,0.877526,0.420944
arm_o_prelu,mid,420,Bacterial,29.3749,0.880734,0.459713
arm_o_prelu,mid,421,Bacterial,27.3643,0.874753,0.469046
arm_o_prelu,mid,422,Bacterial,29.0637,0.874681,0.479711
arm_o_prelu,mid,423,Bacterial,29.0346,0.883756,0.479611
arm_o_prelu,mid,424,Bacterial,28.9341,0.880783,0.487824
arm_o_prelu,mid,425,Bacterial,30.0712,0.881865,0.464591
arm_o_prelu,mid,426,Bacterial,30.4862,0.895184,0.469213
arm_o_prelu,mid,427,Bacterial,30.4589,0.891112,0.486865
arm_o_prelu,mid,428,Bacterial,30.0753,0.890162,0.480995
arm_o_prelu,mid,429,Bacterial,28.2581,0.869874,0.401701
arm_o_prelu,mid,430,Bacterial,29.2683,0.886626,0.459777
arm_o_prelu,mid,431,Bacterial,30.2681,0.88424,0.466385
arm_o_prelu,mid,432,Bacterial,28.8053,0.884406,0.45477
arm_o_prelu,mid,433,Bacterial,28.6366,0.871605,0.467573
arm_o_prelu,mid,434,Bacterial,29.7354,0.881205,0.448489
arm_o_prelu,mid,435,Bacterial,28.5791,0.879841,0.437916
arm_o_prelu,mid,436,Bacterial,28.6443,0.876563,0.383437
arm_o_prelu,mid,437,Bacterial,30.6878,0.875831,0.48651
arm_o_prelu,mid,438,Bacterial,28.5242,0.860773,0.472053
arm_o_prelu,mid,439,Bacterial,29.7034,0.87951,0.46226
arm_o_prelu,mid,440,Bacterial,26.9915,0.862921,0.45186
arm_o_prelu,mid,441,Bacterial,28.2683,0.870911,0.418682
arm_o_prelu,mid,442,Bacterial,29.3976,0.880856,0.475474
arm_o_prelu,mid,443,Bacterial,30.1309,0.891754,0.463005
arm_o_prelu,mid,444,Bacterial,29.003,0.882274,0.442759
arm_o_prelu,mid,445,Bacterial,27.4742,0.883384,0.467466
arm_o_prelu,mid,446,Bacterial,28.9293,0.884456,0.461836
arm_o_prelu,mid,447,Bacterial,30.1145,0.88418,0.46844
arm_o_prelu,mid,448,Bacterial,28.5897,0.889514,0.461964
arm_o_prelu,mid,449,Bacterial,28.7078,0.866837,0.421903
arm_o_prelu,mid,450,Bacterial,27.4002,0.874959,0.448028
arm_o_prelu,mid,451,Bacterial,28.2202,0.865351,0.393282
arm_o_prelu,mid,452,Bacterial,28.04,0.881625,0.460326
arm_o_prelu,mid,453,Bacterial,29.7823,0.886097,0.466791
arm_o_prelu,mid,454,Bacterial,28.379,0.880845,0.456678
arm_o_prelu,mid,455,Bacterial,29.0058,0.890758,0.47173
arm_o_prelu,mid,456,Bacterial,28.3554,0.869646,0.403963
arm_o_prelu,mid,457,Bacterial,29.8804,0.884809,0.454568
arm_o_prelu,mid,458,Bacterial,28.9507,0.890021,0.448917
arm_o_prelu,mid,459,Bacterial,30.602,0.889315,0.46608
arm_o_prelu,mid,460,Bacterial,29.4991,0.873398,0.452121
arm_o_prelu,mid,461,Bacterial,29.2147,0.873201,0.448864
arm_o_prelu,mid,462,Bacterial,29.0722,0.867406,0.427134
arm_o_prelu,mid,463,Bacterial,29.8856,0.88781,0.454751
arm_o_prelu,mid,464,Bacterial,29.3441,0.869659,0.465642
arm_o_prelu,mid,465,Bacterial,30.2932,0.887595,0.444923
arm_o_prelu,mid,466,Bacterial,29.8588,0.880986,0.447366
arm_o_prelu,mid,467,Bacterial,29.8077,0.877189,0.459416
arm_o_prelu,mid,468,Bacterial,28.8572,0.882764,0.463367
arm_o_prelu,mid,469,Bacterial,30.1178,0.877441,0.485247
arm_o_prelu,mid,470,Bacterial,28.7034,0.878152,0.46748
arm_o_prelu,mid,471,Bacterial,28.749,0.865645,0.420611
arm_o_prelu,mid,472,Bacterial,28.9244,0.873052,0.407705
arm_o_prelu,mid,473,Bacterial,27.4579,0.863825,0.496324
arm_o_prelu,mid,474,Bacterial,27.7899,0.881916,0.468365
arm_o_prelu,mid,475,Bacterial,28.0468,0.857015,0.420209
arm_o_prelu,mid,476,Viral,28.2422,0.876772,0.459702
arm_o_prelu,mid,477,Viral,28.3059,0.875043,0.43746
arm_o_prelu,mid,478,Viral,28.5896,0.889059,0.435838
arm_o_prelu,mid,479,Viral,29.0181,0.884371,0.422118
arm_o_prelu,mid,480,Viral,30.096,0.890051,0.463844
arm_o_prelu,mid,481,Viral,28.5451,0.885537,0.481031
arm_o_prelu,mid,482,Viral,28.6232,0.870825,0.40512
arm_o_prelu,mid,483,Viral,28.9671,0.884689,0.465081
arm_o_prelu,mid,484,Viral,27.6947,0.886476,0.464463
arm_o_prelu,mid,485,Viral,27.6036,0.880206,0.465923
arm_o_prelu,mid,486,Viral,29.7661,0.879395,0.480264
arm_o_prelu,mid,487,Viral,29.4931,0.877346,0.442772
arm_o_prelu,mid,488,Viral,28.2838,0.876073,0.428907
arm_o_prelu,mid,489,Viral,29.0204,0.882717,0.427785
arm_o_prelu,mid,490,Viral,29.6307,0.891843,0.421933
arm_o_prelu,mid,491,Viral,28.6476,0.885252,0.408887
arm_o_prelu,mid,492,Viral,28.7277,0.872575,0.451671
arm_o_prelu,mid,493,Viral,29.1524,0.882391,0.439707
arm_o_prelu,mid,494,Viral,29.0933,0.880437,0.439246
arm_o_prelu,mid,495,Viral,28.0349,0.873801,0.432185
arm_o_prelu,mid,496,Viral,29.6974,0.897911,0.420359
arm_o_prelu,mid,497,Viral,27.9547,0.879634,0.39796
arm_o_prelu,mid,498,Viral,30.1302,0.891178,0.442705
arm_o_prelu,mid,499,Viral,30.2549,0.880313,0.467708
arm_o_prelu,mid,500,Viral,29.1801,0.87129,0.472191
arm_o_prelu,mid,501,Viral,27.7855,0.87245,0.410165
arm_o_prelu,mid,502,Viral,28.0483,0.881896,0.476257
arm_o_prelu,mid,503,Viral,27.6737,0.8798,0.423827
arm_o_prelu,mid,504,Viral,28.8027,0.869971,0.414877
arm_o_prelu,mid,505,Viral,29.338,0.893869,0.405244
arm_o_prelu,mid,506,Viral,29.059,0.865558,0.454793
arm_o_prelu,mid,507,Viral,28.2436,0.861622,0.415745
arm_o_prelu,mid,508,Viral,29.772,0.897423,0.429504
arm_o_prelu,mid,509,Viral,28.0779,0.867303,0.460437
arm_o_prelu,mid,510,Viral,25.8594,0.85929,0.429619
arm_o_prelu,mid,511,Viral,28.0341,0.876212,0.451788
arm_o_prelu,mid,512,Viral,29.8564,0.891862,0.450413
arm_o_prelu,mid,513,Viral,27.9959,0.880436,0.433368
arm_o_prelu,mid,514,Viral,27.5354,0.868567,0.434789
arm_o_prelu,mid,515,Viral,29.0902,0.880125,0.410098
arm_o_prelu,mid,516,Viral,29.502,0.892135,0.415457
arm_o_prelu,mid,517,Viral,27.7671,0.867543,0.44797
arm_o_prelu,mid,518,Viral,28.5145,0.860988,0.400405
arm_o_prelu,mid,519,Viral,28.5387,0.9014,0.416498
arm_o_prelu,mid,520,Viral,29.0453,0.893061,0.410284
arm_o_prelu,mid,521,Viral,27.919,0.884671,0.4246
arm_o_prelu,mid,522,Viral,30.0096,0.891243,0.417177
arm_o_prelu,mid,523,Viral,29.6018,0.899018,0.409137
arm_o_prelu,mid,524,Viral,29.9507,0.898687,0.425487
arm_o_prelu,mid,525,Viral,29.5467,0.89741,0.412074
arm_o_prelu,mid,526,Viral,29.6097,0.887859,0.418227
arm_o_prelu,mid,527,Viral,29.4937,0.89352,0.441799
arm_o_prelu,mid,528,Viral,29.4045,0.889992,0.418081
arm_o_prelu,mid,529,Viral,28.8258,0.852222,0.430376
arm_o_prelu,mid,530,Viral,29.2639,0.879366,0.43984
arm_o_prelu,mid,531,Viral,28.2249,0.886879,0.411702
arm_o_prelu,mid,532,Viral,27.8883,0.88142,0.463714
arm_o_prelu,mid,533,Viral,28.1325,0.877457,0.439449
arm_o_prelu,mid,534,Viral,27.7174,0.878878,0.438829
arm_o_prelu,mid,535,Viral,28.2599,0.882102,0.417532
arm_o_prelu,mid,536,Viral,29.6345,0.88946,0.439113
arm_o_prelu,mid,537,Viral,28.8979,0.886744,0.41976
arm_o_prelu,mid,538,Viral,29.7422,0.88797,0.450617
arm_o_prelu,mid,539,Viral,28.371,0.879744,0.418952
arm_o_prelu,mid,540,Viral,28.9186,0.87956,0.454741
arm_o_prelu,mid,541,Viral,28.0458,0.870798,0.44776
arm_o_prelu,mid,542,Viral,29.855,0.892219,0.407912
arm_o_prelu,mid,543,Viral,29.7162,0.891954,0.428726
arm_o_prelu,mid,544,Viral,27.3504,0.864195,0.417172
arm_o_prelu,mid,545,Viral,26.9337,0.87219,0.434281
arm_o_prelu,mid,546,Viral,29.7295,0.893427,0.429081
arm_o_prelu,mid,547,Viral,28.8899,0.889519,0.432854
arm_o_prelu,mid,548,Viral,27.8391,0.873437,0.428762
arm_o_prelu,mid,549,Viral,31.5506,0.891125,0.47315
arm_o_prelu,mid,550,Viral,31.3677,0.89213,0.477701
arm_o_prelu,mid,551,Viral,29.6179,0.888172,0.398355
arm_o_prelu,mid,552,Viral,28.5993,0.898631,0.396174
arm_o_prelu,mid,553,Viral,29.5078,0.886194,0.426487
arm_o_prelu,mid,554,Viral,28.3111,0.887124,0.446387
arm_o_prelu,mid,555,Viral,27.7413,0.875441,0.4076
arm_o_prelu,mid,556,Viral,29.2598,0.874335,0.442446
arm_o_prelu,mid,557,Viral,29.5197,0.881047,0.428097
arm_o_prelu,mid,558,Viral,28.5666,0.872492,0.427432
arm_o_prelu,mid,559,Viral,29.6757,0.8942,0.443107
arm_o_prelu,mid,560,Viral,29.1444,0.900928,0.419688
arm_o_prelu,mid,561,Viral,27.5776,0.868943,0.440465
arm_o_prelu,mid,562,Viral,28.9283,0.87954,0.444958
arm_o_prelu,mid,563,Viral,29.4026,0.877381,0.464262
arm_o_prelu,mid,564,Viral,28.8574,0.881165,0.438414
arm_o_prelu,mid,565,Viral,29.2661,0.893515,0.416955
arm_o_prelu,mid,566,Viral,28.0342,0.879056,0.448361
arm_o_prelu,mid,567,Viral,28.2129,0.882415,0.441041
arm_o_prelu,mid,568,Viral,28.7265,0.872966,0.463982
arm_o_prelu,mid,569,Viral,29.339,0.891461,0.419846
arm_o_prelu,mid,570,Viral,28.1224,0.879292,0.414234
arm_o_prelu,mid,571,Viral,29.8594,0.880253,0.465025
arm_o_prelu,mid,572,Viral,28.4036,0.873634,0.496176
arm_o_prelu,mid,573,Viral,29.641,0.877479,0.471331
arm_o_prelu,mid,574,Viral,29.4613,0.903951,0.448841
arm_o_prelu,mid,575,Viral,29.3589,0.881495,0.459634
arm_o_prelu,mid,576,Viral,28.0103,0.876832,0.456461
arm_o_prelu,mid,577,Viral,28.251,0.884385,0.438535
arm_o_prelu,mid,578,Viral,29.0889,0.890381,0.421031
arm_o_prelu,mid,579,Viral,28.2017,0.879663,0.422399
arm_o_prelu,mid,580,Viral,28.4491,0.880053,0.439875
arm_o_prelu,mid,581,Viral,27.8907,0.873919,0.432183
arm_o_prelu,mid,582,Viral,29.3967,0.885347,0.416192
arm_o_prelu,mid,583,Viral,29.9192,0.883742,0.435869
arm_o_prelu,mid,584,Viral,29.915,0.893985,0.419381
arm_o_prelu,mid,585,Viral,29.3398,0.891764,0.439456
arm_o_prelu,mid,586,Viral,29.5286,0.88375,0.421266
arm_o_prelu,mid,587,Viral,29.4526,0.881503,0.448708
arm_o_prelu,mid,588,Viral,28.6695,0.871974,0.430085
arm_o_prelu,mid,589,Viral,26.9688,0.837006,0.399461
arm_o_prelu,mid,590,Viral,27.9784,0.877086,0.431021
arm_o_prelu,mid,591,Viral,28.0445,0.873126,0.405775
arm_o_prelu,mid,592,Viral,27.5299,0.86886,0.42779
arm_o_prelu,mid,593,Viral,30.6463,0.86753,0.490807
arm_o_prelu,mid,594,Viral,29.2648,0.888675,0.447531
arm_o_prelu,mid,595,Viral,29.572,0.889032,0.421919
arm_o_prelu,mid,596,Viral,29.0564,0.894,0.413887
arm_o_prelu,mid,597,Viral,29.1547,0.89277,0.392064
arm_o_prelu,mid,598,Viral,28.0966,0.883925,0.420086
arm_o_prelu,mid,599,Viral,27.8998,0.872287,0.425264
arm_o_prelu,mid,600,Viral,29.4242,0.876641,0.493056
arm_o_prelu,mid,601,Viral,29.3578,0.889578,0.427364
arm_o_prelu,mid,602,Viral,28.0428,0.87551,0.440305
arm_o_prelu,mid,603,Viral,27.4859,0.884435,0.425797
arm_o_prelu,mid,604,Viral,28.1046,0.883089,0.434648
arm_o_prelu,mid,605,Viral,30.4293,0.893801,0.434501
arm_o_prelu,mid,606,Viral,29.4976,0.890677,0.408837
arm_o_prelu,mid,607,Viral,29.0521,0.885473,0.442325
arm_o_prelu,mid,608,Viral,29.3456,0.90119,0.421151
arm_o_prelu,mid,609,Viral,29.2911,0.896811,0.458981
arm_o_prelu,mid,610,Viral,29.769,0.895916,0.426334
arm_o_prelu,mid,611,Viral,28.0388,0.876167,0.445509
arm_o_prelu,mid,612,Viral,28.0984,0.862608,0.447426
arm_o_prelu,mid,613,Viral,28.0856,0.881639,0.451582
arm_o_prelu,mid,614,Viral,29.7615,0.898548,0.403014
arm_o_prelu,mid,615,Viral,29.7215,0.882629,0.428382
arm_o_prelu,mid,616,Viral,28.9093,0.887084,0.437007
arm_o_prelu,mid,617,Viral,29.2013,0.886172,0.460855
arm_o_prelu,mid,618,Viral,28.4954,0.881023,0.455617
arm_o_prelu,mid,619,Viral,28.818,0.887733,0.420139
arm_o_prelu,mid,620,Viral,28.0603,0.882023,0.429061
arm_o_prelu,mid,621,Viral,30.4138,0.900555,0.464421
arm_o_prelu,mid,622,Viral,28.8049,0.881557,0.442746
arm_o_prelu,mid,623,Viral,29.5676,0.897207,0.417225
arm_p_best,mid,0,Normal,31.0372,0.898964,0.350193
arm_p_best,mid,1,Normal,29.8422,0.874358,0.385485
arm_p_best,mid,2,Normal,30.1931,0.887195,0.336831
arm_p_best,mid,3,Normal,30.8274,0.905803,0.322569
arm_p_best,mid,4,Normal,30.8875,0.876442,0.399684
arm_p_best,mid,5,Normal,31.3822,0.903239,0.341218
arm_p_best,mid,6,Normal,30.941,0.892331,0.339179
arm_p_best,mid,7,Normal,30.9164,0.900579,0.367186
arm_p_best,mid,8,Normal,29.3506,0.889584,0.349719
arm_p_best,mid,9,Normal,29.5767,0.882615,0.373191
arm_p_best,mid,10,Normal,30.2856,0.899318,0.318396
arm_p_best,mid,11,Normal,30.1883,0.883043,0.374294
arm_p_best,mid,12,Normal,30.9726,0.882794,0.364598
arm_p_best,mid,13,Normal,32.3235,0.908899,0.365853
arm_p_best,mid,14,Normal,32.4801,0.937046,0.251798
arm_p_best,mid,15,Normal,30.1668,0.879928,0.371709
arm_p_best,mid,16,Normal,31.0975,0.897016,0.369335
arm_p_best,mid,17,Normal,30.4597,0.870423,0.367733
arm_p_best,mid,18,Normal,30.3855,0.886783,0.331775
arm_p_best,mid,19,Normal,30.9598,0.897435,0.349252
arm_p_best,mid,20,Normal,31.8953,0.91078,0.332083
arm_p_best,mid,21,Normal,30.6441,0.891816,0.342722
arm_p_best,mid,22,Normal,31.2725,0.898566,0.312267
arm_p_best,mid,23,Normal,30.3435,0.863225,0.438989
arm_p_best,mid,24,Normal,30.4999,0.889681,0.341611
arm_p_best,mid,25,Normal,30.8413,0.893589,0.346322
arm_p_best,mid,26,Normal,29.4756,0.883218,0.333987
arm_p_best,mid,27,Normal,29.6584,0.875247,0.331155
arm_p_best,mid,28,Normal,31.2784,0.905762,0.322618
arm_p_best,mid,29,Normal,30.8064,0.890018,0.388985
arm_p_best,mid,30,Normal,30.2994,0.8754,0.404134
arm_p_best,mid,31,Normal,30.5109,0.890236,0.348387
arm_p_best,mid,32,Normal,29.7475,0.886518,0.368694
arm_p_best,mid,33,Normal,29.6961,0.873587,0.381379
arm_p_best,mid,34,Normal,29.1759,0.879136,0.340526
arm_p_best,mid,35,Normal,30.7462,0.893865,0.34573
arm_p_best,mid,36,Normal,31.3116,0.909151,0.308375
arm_p_best,mid,37,Normal,31.6777,0.911697,0.358144
arm_p_best,mid,38,Normal,30.11,0.892091,0.334195
arm_p_best,mid,39,Normal,29.2947,0.874134,0.36228
arm_p_best,mid,40,Normal,30.5807,0.893379,0.345916
arm_p_best,mid,41,Normal,31.0992,0.887171,0.390427
arm_p_best,mid,42,Normal,29.1982,0.87704,0.360522
arm_p_best,mid,43,Normal,30.5878,0.884354,0.303194
arm_p_best,mid,44,Normal,30.5087,0.873956,0.341795
arm_p_best,mid,45,Normal,29.9361,0.88893,0.349372
arm_p_best,mid,46,Normal,32.7883,0.897663,0.394134
arm_p_best,mid,47,Normal,29.4845,0.880236,0.316512
arm_p_best,mid,48,Normal,30.3682,0.89618,0.345627
arm_p_best,mid,49,Normal,30.2337,0.887566,0.317624
arm_p_best,mid,50,Normal,29.9206,0.882106,0.379636
arm_p_best,mid,51,Normal,31.1868,0.899266,0.339516
arm_p_best,mid,52,Normal,30.7148,0.878845,0.359394
arm_p_best,mid,53,Normal,30.5073,0.899056,0.301023
arm_p_best,mid,54,Normal,30.9259,0.895186,0.366803
arm_p_best,mid,55,Normal,31.4504,0.891864,0.330112
arm_p_best,mid,56,Normal,32.0839,0.913043,0.358674
arm_p_best,mid,57,Normal,30.4572,0.877435,0.375603
arm_p_best,mid,58,Normal,30.2032,0.89208,0.35477
arm_p_best,mid,59,Normal,30.3258,0.885705,0.386924
arm_p_best,mid,60,Normal,31.6295,0.902242,0.344407
arm_p_best,mid,61,Normal,31.0844,0.906834,0.300599
arm_p_best,mid,62,Normal,30.89,0.891156,0.352719
arm_p_best,mid,63,Normal,29.9471,0.889914,0.348617
arm_p_best,mid,64,Normal,30.6708,0.885169,0.366803
arm_p_best,mid,65,Normal,28.9059,0.884388,0.348234
arm_p_best,mid,66,Normal,29.5801,0.879373,0.380595
arm_p_best,mid,67,Normal,29.6813,0.883006,0.353131
arm_p_best,mid,68,Normal,29.5403,0.875341,0.368275
arm_p_best,mid,69,Normal,30.3282,0.882634,0.374806
arm_p_best,mid,70,Normal,31.8784,0.910078,0.322821
arm_p_best,mid,71,Normal,32.2898,0.899868,0.378229
arm_p_best,mid,72,Normal,31.0353,0.898915,0.359697
arm_p_best,mid,73,Normal,31.6649,0.900594,0.340432
arm_p_best,mid,74,Normal,31.4763,0.895731,0.391593
arm_p_best,mid,75,Normal,30.1112,0.881426,0.376102
arm_p_best,mid,76,Normal,30.1636,0.882882,0.366035
arm_p_best,mid,77,Normal,29.9107,0.890803,0.314097
arm_p_best,mid,78,Normal,31.2054,0.898359,0.352196
arm_p_best,mid,79,Normal,30.2505,0.894904,0.340523
arm_p_best,mid,80,Normal,32.0573,0.900109,0.378443
arm_p_best,mid,81,Normal,30.9423,0.896338,0.372405
arm_p_best,mid,82,Normal,29.7699,0.887606,0.360146
arm_p_best,mid,83,Normal,29.717,0.879207,0.347229
arm_p_best,mid,84,Normal,30.4197,0.899979,0.334221
arm_p_best,mid,85,Normal,32.6256,0.909248,0.326051
arm_p_best,mid,86,Normal,30.409,0.889319,0.341413
arm_p_best,mid,87,Normal,30.6372,0.887385,0.353577
arm_p_best,mid,88,Normal,30.1141,0.901909,0.352081
arm_p_best,mid,89,Normal,30.8833,0.887449,0.36859
arm_p_best,mid,90,Normal,30.6645,0.899446,0.310731
arm_p_best,mid,91,Normal,29.9803,0.88728,0.305761
arm_p_best,mid,92,Normal,31.9174,0.917423,0.319233
arm_p_best,mid,93,Normal,29.9559,0.883008,0.37484
arm_p_best,mid,94,Normal,30.6174,0.895212,0.336925
arm_p_best,mid,95,Normal,30.094,0.880801,0.369475
arm_p_best,mid,96,Normal,30.0285,0.878858,0.364184
arm_p_best,mid,97,Normal,29.4259,0.879654,0.368949
arm_p_best,mid,98,Normal,29.5743,0.883503,0.34687
arm_p_best,mid,99,Normal,30.7262,0.902124,0.359882
arm_p_best,mid,100,Normal,30.6565,0.885886,0.381717
arm_p_best,mid,101,Normal,29.6538,0.885339,0.342194
arm_p_best,mid,102,Normal,30.728,0.880572,0.324271
arm_p_best,mid,103,Normal,30.9233,0.890086,0.347118
arm_p_best,mid,104,Normal,29.8352,0.885927,0.330567
arm_p_best,mid,105,Normal,31.094,0.910165,0.27603
arm_p_best,mid,106,Normal,30.6825,0.894006,0.349409
arm_p_best,mid,107,Normal,30.3079,0.890578,0.354735
arm_p_best,mid,108,Normal,30.0165,0.867715,0.388428
arm_p_best,mid,109,Normal,30.5336,0.885132,0.383721
arm_p_best,mid,110,Normal,31.1069,0.896035,0.324756
arm_p_best,mid,111,Normal,31.2501,0.872194,0.347426
arm_p_best,mid,112,Normal,29.3679,0.882271,0.348182
arm_p_best,mid,113,Normal,29.8076,0.866521,0.39547
arm_p_best,mid,114,Normal,30.2548,0.868781,0.383499
arm_p_best,mid,115,Normal,29.9787,0.888756,0.337049
arm_p_best,mid,116,Normal,29.3883,0.881715,0.320024
arm_p_best,mid,117,Normal,30.934,0.907363,0.344874
arm_p_best,mid,118,Normal,30.2285,0.879518,0.356817
arm_p_best,mid,119,Normal,31.7219,0.912677,0.34842
arm_p_best,mid,120,Normal,30.7679,0.912714,0.281983
arm_p_best,mid,121,Normal,31.1398,0.900629,0.338043
arm_p_best,mid,122,Normal,31.0798,0.907155,0.341516
arm_p_best,mid,123,Normal,30.9022,0.892549,0.343692
arm_p_best,mid,124,Normal,30.4917,0.885411,0.343502
arm_p_best,mid,125,Normal,29.8554,0.883993,0.345275
arm_p_best,mid,126,Normal,31.4108,0.900158,0.349197
arm_p_best,mid,127,Normal,29.9502,0.863618,0.42402
arm_p_best,mid,128,Normal,29.8064,0.884317,0.322372
arm_p_best,mid,129,Normal,30.5869,0.898298,0.328209
arm_p_best,mid,130,Normal,30.3785,0.89641,0.317661
arm_p_best,mid,131,Normal,29.9756,0.890433,0.355302
arm_p_best,mid,132,Normal,29.6296,0.886379,0.362849
arm_p_best,mid,133,Normal,30.2942,0.894717,0.353575
arm_p_best,mid,134,Normal,31.4508,0.900923,0.349044
arm_p_best,mid,135,Normal,30.7483,0.886173,0.340065
arm_p_best,mid,136,Normal,29.9853,0.895195,0.338113
arm_p_best,mid,137,Normal,29.6064,0.884925,0.330903
arm_p_best,mid,138,Normal,30.8819,0.899791,0.332388
arm_p_best,mid,139,Normal,29.1815,0.873421,0.345424
arm_p_best,mid,140,Normal,30.1164,0.881329,0.367841
arm_p_best,mid,141,Normal,30.8082,0.897398,0.372885
arm_p_best,mid,142,Normal,29.7399,0.878301,0.380053
arm_p_best,mid,143,Normal,31.4914,0.904202,0.336839
arm_p_best,mid,144,Normal,30.0806,0.895871,0.360198
arm_p_best,mid,145,Normal,29.817,0.891433,0.312393
arm_p_best,mid,146,Normal,29.6496,0.880699,0.349196
arm_p_best,mid,147,Normal,30.1695,0.876667,0.386003
arm_p_best,mid,148,Normal,31.158,0.900382,0.350063
arm_p_best,mid,149,Normal,30.1218,0.896288,0.316659
arm_p_best,mid,150,Normal,30.786,0.884637,0.394511
arm_p_best,mid,151,Normal,30.2863,0.873531,0.405698
arm_p_best,mid,152,Normal,29.7518,0.865694,0.390492
arm_p_best,mid,153,Normal,30.5922,0.90162,0.351292
arm_p_best,mid,154,Normal,31.7562,0.902374,0.380269
arm_p_best,mid,155,Normal,29.7993,0.871125,0.337728
arm_p_best,mid,156,Normal,30.3023,0.88346,0.356475
arm_p_best,mid,157,Normal,30.9226,0.900176,0.299017
arm_p_best,mid,158,Normal,29.8391,0.890916,0.343203
arm_p_best,mid,159,Normal,31.6534,0.905555,0.352693
arm_p_best,mid,160,Normal,31.9034,0.904587,0.366453
arm_p_best,mid,161,Normal,31.0536,0.889175,0.338199
arm_p_best,mid,162,Normal,30.7548,0.890092,0.339624
arm_p_best,mid,163,Normal,31.2155,0.886418,0.355605
arm_p_best,mid,164,Normal,32.2856,0.915995,0.360295
arm_p_best,mid,165,Normal,32.0697,0.892549,0.417568
arm_p_best,mid,166,Normal,31.7947,0.89587,0.337299
arm_p_best,mid,167,Normal,30.3413,0.872377,0.42794
arm_p_best,mid,168,Normal,29.9468,0.890785,0.332374
arm_p_best,mid,169,Normal,28.0197,0.867505,0.344024
arm_p_best,mid,170,Normal,30.1253,0.876146,0.367796
arm_p_best,mid,171,Normal,30.4809,0.88893,0.378
arm_p_best,mid,172,Normal,30.3162,0.873937,0.362556
arm_p_best,mid,173,Normal,30.5658,0.879633,0.393003
arm_p_best,mid,174,Normal,31.2406,0.900186,0.348585
arm_p_best,mid,175,Normal,30.5223,0.890663,0.336931
arm_p_best,mid,176,Normal,30.7987,0.904386,0.340587
arm_p_best,mid,177,Normal,29.902,0.869654,0.385209
arm_p_best,mid,178,Normal,30.0069,0.873176,0.438475
arm_p_best,mid,179,Normal,29.9724,0.857126,0.427353
arm_p_best,mid,180,Normal,29.001,0.867074,0.360986
arm_p_best,mid,181,Normal,31.1495,0.897835,0.362807
arm_p_best,mid,182,Normal,31.4463,0.888459,0.352521
arm_p_best,mid,183,Normal,30.7665,0.896621,0.331254
arm_p_best,mid,184,Normal,30.2653,0.887536,0.357436
arm_p_best,mid,185,Normal,30.9133,0.888129,0.335082
arm_p_best,mid,186,Normal,29.9185,0.88258,0.365425
arm_p_best,mid,187,Normal,31.1403,0.906845,0.346294
arm_p_best,mid,188,Normal,31.557,0.891163,0.347902
arm_p_best,mid,189,Normal,30.9179,0.882009,0.344903
arm_p_best,mid,190,Normal,29.6624,0.876061,0.379406
arm_p_best,mid,191,Normal,30.9281,0.893435,0.343984
arm_p_best,mid,192,Normal,32.209,0.903686,0.393082
arm_p_best,mid,193,Normal,29.8814,0.890376,0.317564
arm_p_best,mid,194,Normal,29.5557,0.87537,0.386234
arm_p_best,mid,195,Normal,30.017,0.883522,0.374386
arm_p_best,mid,196,Normal,30.4668,0.875947,0.354478
arm_p_best,mid,197,Normal,30.4765,0.885997,0.355416
arm_p_best,mid,198,Normal,31.455,0.904279,0.354043
arm_p_best,mid,199,Normal,29.3151,0.8694,0.364143
arm_p_best,mid,200,Normal,30.4973,0.891925,0.351652
arm_p_best,mid,201,Normal,31.0872,0.89934,0.346007
arm_p_best,mid,202,Normal,30.687,0.893835,0.389427
arm_p_best,mid,203,Normal,30.5636,0.896947,0.335123
arm_p_best,mid,204,Normal,29.5823,0.883703,0.362322
arm_p_best,mid,205,Normal,31.7395,0.893194,0.363057
arm_p_best,mid,206,Normal,32.2685,0.911338,0.322142
arm_p_best,mid,207,Normal,31.2828,0.883893,0.337214
arm_p_best,mid,208,Normal,30.2634,0.890842,0.352507
arm_p_best,mid,209,Normal,29.8363,0.894911,0.344432
arm_p_best,mid,210,Normal,30.4029,0.876856,0.383699
arm_p_best,mid,211,Normal,30.581,0.895873,0.327161
arm_p_best,mid,212,Normal,30.963,0.901607,0.341178
arm_p_best,mid,213,Normal,30.6012,0.892092,0.35887
arm_p_best,mid,214,Normal,30.4403,0.883025,0.346981
arm_p_best,mid,215,Normal,30.7235,0.868729,0.420649
arm_p_best,mid,216,Normal,29.7412,0.888661,0.371618
arm_p_best,mid,217,Normal,31.3914,0.883894,0.450853
arm_p_best,mid,218,Normal,30.483,0.876729,0.383672
arm_p_best,mid,219,Normal,29.9407,0.886987,0.364924
arm_p_best,mid,220,Normal,32.3313,0.895015,0.385965
arm_p_best,mid,221,Normal,30.8274,0.897546,0.317723
arm_p_best,mid,222,Normal,30.202,0.889224,0.332791
arm_p_best,mid,223,Normal,30.2873,0.89035,0.376797
arm_p_best,mid,224,Normal,30.9282,0.898424,0.336901
arm_p_best,mid,225,Normal,28.9814,0.835295,0.42911
arm_p_best,mid,226,Normal,31.5533,0.901338,0.350164
arm_p_best,mid,227,Normal,29.6084,0.889316,0.378009
arm_p_best,mid,228,Normal,31.7403,0.894605,0.34502
arm_p_best,mid,229,Normal,29.9481,0.890607,0.339908
arm_p_best,mid,230,Normal,30.0192,0.885896,0.363974
arm_p_best,mid,231,Normal,30.3862,0.877336,0.381419
arm_p_best,mid,232,Normal,31.3296,0.898173,0.354297
arm_p_best,mid,233,Normal,30.9696,0.891697,0.360818
arm_p_best,mid,234,Bacterial,32.1187,0.895606,0.433916
arm_p_best,mid,235,Bacterial,30.3262,0.884238,0.410965
arm_p_best,mid,236,Bacterial,32.0114,0.892061,0.421639
arm_p_best,mid,237,Bacterial,31.9307,0.891877,0.424699
arm_p_best,mid,238,Bacterial,32.9073,0.898673,0.416419
arm_p_best,mid,239,Bacterial,31.8028,0.896615,0.412278
arm_p_best,mid,240,Bacterial,32.1267,0.891181,0.418282
arm_p_best,mid,241,Bacterial,31.1984,0.885334,0.39988
arm_p_best,mid,242,Bacterial,32.1924,0.889803,0.403013
arm_p_best,mid,243,Bacterial,31.1309,0.878065,0.433758
arm_p_best,mid,244,Bacterial,30.3186,0.878126,0.330204
arm_p_best,mid,245,Bacterial,30.9306,0.894428,0.3591
arm_p_best,mid,246,Bacterial,31.2992,0.899985,0.393417
arm_p_best,mid,247,Bacterial,30.6507,0.890627,0.40026
arm_p_best,mid,248,Bacterial,32.4696,0.899649,0.375396
arm_p_best,mid,249,Bacterial,32.9856,0.903838,0.408811
arm_p_best,mid,250,Bacterial,32.0142,0.880514,0.457035
arm_p_best,mid,251,Bacterial,30.5408,0.891207,0.32539
arm_p_best,mid,252,Bacterial,32.4877,0.885684,0.429225
arm_p_best,mid,253,Bacterial,31.6648,0.894279,0.414412
arm_p_best,mid,254,Bacterial,30.6389,0.878556,0.358013
arm_p_best,mid,255,Bacterial,31.4564,0.893105,0.384594
arm_p_best,mid,256,Bacterial,30.7628,0.880844,0.403381
arm_p_best,mid,257,Bacterial,31.7947,0.898484,0.388984
arm_p_best,mid,258,Bacterial,31.9176,0.882398,0.44251
arm_p_best,mid,259,Bacterial,32.1094,0.900614,0.396611
arm_p_best,mid,260,Bacterial,32.0832,0.908128,0.376723
arm_p_best,mid,261,Bacterial,30.4581,0.88965,0.275738
arm_p_best,mid,262,Bacterial,33.1332,0.899081,0.383747
arm_p_best,mid,263,Bacterial,32.8422,0.905538,0.381936
arm_p_best,mid,264,Bacterial,32.886,0.891181,0.413352
arm_p_best,mid,265,Bacterial,32.8879,0.908724,0.391946
arm_p_best,mid,266,Bacterial,32.4778,0.898864,0.385825
arm_p_best,mid,267,Bacterial,31.8844,0.883857,0.389402
arm_p_best,mid,268,Bacterial,32.4611,0.893581,0.409289
arm_p_best,mid,269,Bacterial,32.1407,0.905545,0.374297
arm_p_best,mid,270,Bacterial,32.5204,0.913554,0.376595
arm_p_best,mid,271,Bacterial,31.8701,0.899002,0.370248
arm_p_best,mid,272,Bacterial,32.6669,0.909717,0.389064
arm_p_best,mid,273,Bacterial,32.1813,0.898727,0.417175
arm_p_best,mid,274,Bacterial,31.3003,0.880785,0.388745
arm_p_best,mid,275,Bacterial,30.3203,0.879535,0.439314
arm_p_best,mid,276,Bacterial,30.1581,0.884396,0.307712
arm_p_best,mid,277,Bacterial,31.448,0.876675,0.434324
arm_p_best,mid,278,Bacterial,31.8239,0.886879,0.39904
arm_p_best,mid,279,Bacterial,31.5634,0.889974,0.40028
arm_p_best,mid,280,Bacterial,32.4653,0.885605,0.414784
arm_p_best,mid,281,Bacterial,31.5456,0.870502,0.418841
arm_p_best,mid,282,Bacterial,31.0281,0.883234,0.408649
arm_p_best,mid,283,Bacterial,32.0867,0.889215,0.409128
arm_p_best,mid,284,Bacterial,30.6722,0.889545,0.412243
arm_p_best,mid,285,Bacterial,32.9253,0.899211,0.421471
arm_p_best,mid,286,Bacterial,31.076,0.899069,0.396593
arm_p_best,mid,287,Bacterial,31.2127,0.888389,0.382325
arm_p_best,mid,288,Bacterial,32.3425,0.895036,0.397191
arm_p_best,mid,289,Bacterial,31.2569,0.874531,0.419878
arm_p_best,mid,290,Bacterial,32.7358,0.904631,0.392674
arm_p_best,mid,291,Bacterial,31.6843,0.890088,0.396504
arm_p_best,mid,292,Bacterial,31.4178,0.890286,0.301118
arm_p_best,mid,293,Bacterial,32.5454,0.89907,0.37924
arm_p_best,mid,294,Bacterial,31.9277,0.90233,0.391076
arm_p_best,mid,295,Bacterial,31.0933,0.894984,0.360346
arm_p_best,mid,296,Bacterial,32.2708,0.905383,0.364342
arm_p_best,mid,297,Bacterial,31.5982,0.900344,0.359669
arm_p_best,mid,298,Bacterial,29.8265,0.865151,0.415241
arm_p_best,mid,299,Bacterial,30.4213,0.88063,0.41251
arm_p_best,mid,300,Bacterial,30.2672,0.883907,0.382073
arm_p_best,mid,301,Bacterial,30.1345,0.876842,0.347123
arm_p_best,mid,302,Bacterial,31.1569,0.879181,0.381868
arm_p_best,mid,303,Bacterial,30.8547,0.898216,0.385263
arm_p_best,mid,304,Bacterial,31.8853,0.896484,0.403571
arm_p_best,mid,305,Bacterial,32.644,0.900388,0.388366
arm_p_best,mid,306,Bacterial,31.5263,0.899286,0.370473
arm_p_best,mid,307,Bacterial,31.5582,0.900798,0.368776
arm_p_best,mid,308,Bacterial,31.1475,0.880724,0.368151
arm_p_best,mid,309,Bacterial,31.1177,0.887391,0.406847
arm_p_best,mid,310,Bacterial,29.8707,0.879972,0.347392
arm_p_best,mid,311,Bacterial,31.398,0.886665,0.406391
arm_p_best,mid,312,Bacterial,30.1802,0.887837,0.373898
arm_p_best,mid,313,Bacterial,32.0892,0.890127,0.423511
arm_p_best,mid,314,Bacterial,31.0944,0.876561,0.358048
arm_p_best,mid,315,Bacterial,33.1563,0.917084,0.400539
arm_p_best,mid,316,Bacterial,32.6513,0.901378,0.411784
arm_p_best,mid,317,Bacterial,32.4485,0.901087,0.433901
arm_p_best,mid,318,Bacterial,31.7918,0.890724,0.423537
arm_p_best,mid,319,Bacterial,31.7871,0.876055,0.434407
arm_p_best,mid,320,Bacterial,32.5236,0.888838,0.445881
arm_p_best,mid,321,Bacterial,29.4683,0.897566,0.365896
arm_p_best,mid,322,Bacterial,31.1566,0.893477,0.377686
arm_p_best,mid,323,Bacterial,31.148,0.900292,0.344599
arm_p_best,mid,324,Bacterial,30.4517,0.901357,0.334177
arm_p_best,mid,325,Bacterial,30.3876,0.898006,0.30956
arm_p_best,mid,326,Bacterial,31.2896,0.896722,0.388779
arm_p_best,mid,327,Bacterial,31.759,0.898332,0.36581
arm_p_best,mid,328,Bacterial,31.8835,0.905951,0.393306
arm_p_best,mid,329,Bacterial,31.8394,0.907996,0.282644
arm_p_best,mid,330,Bacterial,32.7911,0.891703,0.420317
arm_p_best,mid,331,Bacterial,32.0596,0.903117,0.385012
arm_p_best,mid,332,Bacterial,32.8389,0.90716,0.399418
arm_p_best,mid,333,Bacterial,32.8861,0.910477,0.387768
arm_p_best,mid,334,Bacterial,32.6937,0.910206,0.378567
arm_p_best,mid,335,Bacterial,30.7575,0.883221,0.361734
arm_p_best,mid,336,Bacterial,32.3702,0.905901,0.394463
arm_p_best,mid,337,Bacterial,31.7141,0.887487,0.416097
arm_p_best,mid,338,Bacterial,32.3037,0.89046,0.410507
arm_p_best,mid,339,Bacterial,30.8508,0.889184,0.331824
arm_p_best,mid,340,Bacterial,32.5318,0.895615,0.3994
arm_p_best,mid,341,Bacterial,31.4595,0.901703,0.397781
arm_p_best,mid,342,Bacterial,31.4816,0.893913,0.399644
arm_p_best,mid,343,Bacterial,31.8339,0.896129,0.433662
arm_p_best,mid,344,Bacterial,32.6817,0.902194,0.386298
arm_p_best,mid,345,Bacterial,31.4413,0.896961,0.409055
arm_p_best,mid,346,Bacterial,30.8275,0.889195,0.38919
arm_p_best,mid,347,Bacterial,32.3086,0.903307,0.379127
arm_p_best,mid,348,Bacterial,31.8635,0.888933,0.418523
arm_p_best,mid,349,Bacterial,32.9427,0.904536,0.403127
arm_p_best,mid,350,Bacterial,33.4362,0.90941,0.403769
arm_p_best,mid,351,Bacterial,30.6219,0.89206,0.335537
arm_p_best,mid,352,Bacterial,32.1448,0.896862,0.388611
arm_p_best,mid,353,Bacterial,31.7764,0.90449,0.377485
arm_p_best,mid,354,Bacterial,32.97,0.889079,0.448393
arm_p_best,mid,355,Bacterial,32.3991,0.89636,0.367056
arm_p_best,mid,356,Bacterial,32.0374,0.893197,0.392801
arm_p_best,mid,357,Bacterial,32.2761,0.884846,0.424366
arm_p_best,mid,358,Bacterial,32.1675,0.892269,0.431839
arm_p_best,mid,359,Bacterial,31.6318,0.896606,0.295277
arm_p_best,mid,360,Bacterial,31.6161,0.898044,0.385725
arm_p_best,mid,361,Bacterial,32.3984,0.899177,0.370401
arm_p_best,mid,362,Bacterial,32.3303,0.903807,0.399224
arm_p_best,mid,363,Bacterial,31.1135,0.910961,0.337518
arm_p_best,mid,364,Bacterial,32.4286,0.897709,0.397015
arm_p_best,mid,365,Bacterial,29.8564,0.884216,0.362308
arm_p_best,mid,366,Bacterial,32.1977,0.898674,0.391289
arm_p_best,mid,367,Bacterial,31.1994,0.900855,0.281494
arm_p_best,mid,368,Bacterial,31.9719,0.888761,0.387493
arm_p_best,mid,369,Bacterial,30.8324,0.893867,0.320801
arm_p_best,mid,370,Bacterial,29.5068,0.878619,0.341304
arm_p_best,mid,371,Bacterial,31.8538,0.899304,0.380462
arm_p_best,mid,372,Bacterial,31.3625,0.877734,0.442062
arm_p_best,mid,373,Bacterial,31.9915,0.894059,0.397477
arm_p_best,mid,374,Bacterial,30.9658,0.885471,0.399552
arm_p_best,mid,375,Bacterial,31.4631,0.893741,0.407661
arm_p_best,mid,376,Bacterial,30.6393,0.895791,0.372918
arm_p_best,mid,377,Bacterial,31.4211,0.89511,0.407819
arm_p_best,mid,378,Bacterial,31.1289,0.89011,0.298415
arm_p_best,mid,379,Bacterial,31.5886,0.896362,0.387695
arm_p_best,mid,380,Bacterial,31.833,0.905768,0.390763
arm_p_best,mid,381,Bacterial,30.0578,0.882346,0.329904
arm_p_best,mid,382,Bacterial,31.2786,0.892189,0.398473
arm_p_best,mid,383,Bacterial,30.4423,0.872541,0.379426
arm_p_best,mid,384,Bacterial,30.263,0.88949,0.283766
arm_p_best,mid,385,Bacterial,30.0264,0.887984,0.347152
arm_p_best,mid,386,Bacterial,32.0668,0.900439,0.393642
arm_p_best,mid,387,Bacterial,31.9884,0.901073,0.363714
arm_p_best,mid,388,Bacterial,30.8143,0.905723,0.272037
arm_p_best,mid,389,Bacterial,30.3361,0.887755,0.337664
arm_p_best,mid,390,Bacterial,31.9113,0.889656,0.380888
arm_p_best,mid,391,Bacterial,30.7559,0.894166,0.404926
arm_p_best,mid,392,Bacterial,31.8882,0.893888,0.406552
arm_p_best,mid,393,Bacterial,31.7856,0.886087,0.444385
arm_p_best,mid,394,Bacterial,32.0078,0.899159,0.403143
arm_p_best,mid,395,Bacterial,31.9707,0.897091,0.397061
arm_p_best,mid,396,Bacterial,30.5095,0.865907,0.416512
arm_p_best,mid,397,Bacterial,33.4022,0.894285,0.422918
arm_p_best,mid,398,Bacterial,32.6968,0.89576,0.420685
arm_p_best,mid,399,Bacterial,30.9533,0.893429,0.412134
arm_p_best,mid,400,Bacterial,30.9383,0.879808,0.411422
arm_p_best,mid,401,Bacterial,30.3139,0.875819,0.33494
arm_p_best,mid,402,Bacterial,32.4746,0.897054,0.414721
arm_p_best,mid,403,Bacterial,31.2219,0.899065,0.381157
arm_p_best,mid,404,Bacterial,31.522,0.886347,0.408021
arm_p_best,mid,405,Bacterial,31.8669,0.898171,0.350613
arm_p_best,mid,406,Bacterial,33.058,0.903124,0.384512
arm_p_best,mid,407,Bacterial,31.3096,0.899743,0.398559
arm_p_best,mid,408,Bacterial,31.6025,0.893939,0.388728
arm_p_best,mid,409,Bacterial,30.9235,0.883441,0.364518
arm_p_best,mid,410,Bacterial,30.0664,0.880726,0.337381
arm_p_best,mid,411,Bacterial,31.4745,0.875801,0.391366
arm_p_best,mid,412,Bacterial,32.2986,0.887245,0.394905
arm_p_best,mid,413,Bacterial,30.3806,0.871974,0.321313
arm_p_best,mid,414,Bacterial,32.7589,0.900942,0.402843
arm_p_best,mid,415,Bacterial,31.732,0.88954,0.415368
arm_p_best,mid,416,Bacterial,33.0912,0.904658,0.395019
arm_p_best,mid,417,Bacterial,32.376,0.889714,0.356674
arm_p_best,mid,418,Bacterial,32.4055,0.898606,0.380039
arm_p_best,mid,419,Bacterial,31.3541,0.895768,0.321075
arm_p_best,mid,420,Bacterial,31.5438,0.898053,0.385605
arm_p_best,mid,421,Bacterial,30.8507,0.88919,0.40933
arm_p_best,mid,422,Bacterial,31.5567,0.888315,0.423973
arm_p_best,mid,423,Bacterial,31.8438,0.899494,0.427316
arm_p_best,mid,424,Bacterial,31.7843,0.898411,0.433671
arm_p_best,mid,425,Bacterial,32.5004,0.891857,0.40126
arm_p_best,mid,426,Bacterial,33.9001,0.905379,0.399939
arm_p_best,mid,427,Bacterial,33.677,0.901401,0.441744
arm_p_best,mid,428,Bacterial,33.0078,0.900508,0.438058
arm_p_best,mid,429,Bacterial,30.7416,0.891299,0.358914
arm_p_best,mid,430,Bacterial,32.6374,0.90463,0.369967
arm_p_best,mid,431,Bacterial,32.9377,0.892433,0.405401
arm_p_best,mid,432,Bacterial,32.314,0.898013,0.394516
arm_p_best,mid,433,Bacterial,31.1794,0.880606,0.406981
arm_p_best,mid,434,Bacterial,31.8313,0.894608,0.378254
arm_p_best,mid,435,Bacterial,31.3217,0.895034,0.360142
arm_p_best,mid,436,Bacterial,30.9556,0.89522,0.276733
arm_p_best,mid,437,Bacterial,32.8321,0.883201,0.403707
arm_p_best,mid,438,Bacterial,30.5829,0.872923,0.400531
arm_p_best,mid,439,Bacterial,31.5041,0.889259,0.405058
arm_p_best,mid,440,Bacterial,30.8149,0.885516,0.372852
arm_p_best,mid,441,Bacterial,30.6051,0.886807,0.343802
arm_p_best,mid,442,Bacterial,32.0328,0.894361,0.408365
arm_p_best,mid,443,Bacterial,32.4221,0.89897,0.396828
arm_p_best,mid,444,Bacterial,31.8758,0.896973,0.368305
arm_p_best,mid,445,Bacterial,31.8103,0.896587,0.416315
arm_p_best,mid,446,Bacterial,31.7755,0.89875,0.400274
arm_p_best,mid,447,Bacterial,32.6072,0.89649,0.41629
arm_p_best,mid,448,Bacterial,32.4885,0.905097,0.400601
arm_p_best,mid,449,Bacterial,30.7812,0.880537,0.360919
arm_p_best,mid,450,Bacterial,31.0916,0.888436,0.39011
arm_p_best,mid,451,Bacterial,30.3555,0.880158,0.317334
arm_p_best,mid,452,Bacterial,31.1859,0.893671,0.387192
arm_p_best,mid,453,Bacterial,32.2675,0.895178,0.398336
arm_p_best,mid,454,Bacterial,31.0676,0.900676,0.374752
arm_p_best,mid,455,Bacterial,32.6636,0.906189,0.422672
arm_p_best,mid,456,Bacterial,30.2165,0.882557,0.371661
arm_p_best,mid,457,Bacterial,32.634,0.900238,0.40148
arm_p_best,mid,458,Bacterial,32.7354,0.906506,0.368445
arm_p_best,mid,459,Bacterial,33.0259,0.900455,0.39964
arm_p_best,mid,460,Bacterial,31.6191,0.888013,0.383627
arm_p_best,mid,461,Bacterial,31.2268,0.892584,0.37668
arm_p_best,mid,462,Bacterial,30.7643,0.883233,0.362168
arm_p_best,mid,463,Bacterial,32.5504,0.896309,0.395309
arm_p_best,mid,464,Bacterial,31.3898,0.884013,0.404937
arm_p_best,mid,465,Bacterial,32.6224,0.90021,0.375936
arm_p_best,mid,466,Bacterial,31.9258,0.892923,0.380228
arm_p_best,mid,467,Bacterial,31.9793,0.888553,0.416125
arm_p_best,mid,468,Bacterial,31.7667,0.899809,0.397049
arm_p_best,mid,469,Bacterial,32.5623,0.884748,0.411983
arm_p_best,mid,470,Bacterial,31.7223,0.885128,0.421129
arm_p_best,mid,471,Bacterial,30.9652,0.882628,0.340595
arm_p_best,mid,472,Bacterial,31.2624,0.892952,0.314431
arm_p_best,mid,473,Bacterial,29.4339,0.873799,0.41839
arm_p_best,mid,474,Bacterial,30.834,0.900349,0.361026
arm_p_best,mid,475,Bacterial,30.0493,0.875932,0.342298
arm_p_best,mid,476,Viral,30.8677,0.898962,0.395254
arm_p_best,mid,477,Viral,30.788,0.89339,0.38261
arm_p_best,mid,478,Viral,31.2953,0.905481,0.371057
arm_p_best,mid,479,Viral,31.7524,0.898812,0.356468
arm_p_best,mid,480,Viral,32.7225,0.900212,0.404598
arm_p_best,mid,481,Viral,31.3268,0.907816,0.381003
arm_p_best,mid,482,Viral,30.8248,0.882081,0.323166
arm_p_best,mid,483,Viral,31.891,0.895191,0.403092
arm_p_best,mid,484,Viral,31.452,0.897488,0.408894
arm_p_best,mid,485,Viral,31.243,0.892872,0.412784
arm_p_best,mid,486,Viral,32.1506,0.884468,0.440366
arm_p_best,mid,487,Viral,31.776,0.887214,0.395032
arm_p_best,mid,488,Viral,30.6395,0.895023,0.353235
arm_p_best,mid,489,Viral,31.3929,0.895068,0.369166
arm_p_best,mid,490,Viral,32.2393,0.905559,0.353706
arm_p_best,mid,491,Viral,31.434,0.901714,0.354374
arm_p_best,mid,492,Viral,30.6872,0.889733,0.404212
arm_p_best,mid,493,Viral,31.4119,0.898267,0.36881
arm_p_best,mid,494,Viral,31.3501,0.895171,0.375715
arm_p_best,mid,495,Viral,30.3637,0.888631,0.388136
arm_p_best,mid,496,Viral,32.408,0.904966,0.349727
arm_p_best,mid,497,Viral,30.8437,0.901597,0.308232
arm_p_best,mid,498,Viral,32.3882,0.906345,0.381768
arm_p_best,mid,499,Viral,32.2231,0.887917,0.37873
arm_p_best,mid,500,Viral,30.9333,0.880339,0.428826
arm_p_best,mid,501,Viral,30.1112,0.892844,0.339089
arm_p_best,mid,502,Viral,31.0128,0.900682,0.38178
arm_p_best,mid,503,Viral,30.3451,0.897567,0.348306
arm_p_best,mid,504,Viral,30.6798,0.887152,0.368362
arm_p_best,mid,505,Viral,32.2046,0.910998,0.308807
arm_p_best,mid,506,Viral,30.9246,0.875871,0.403523
arm_p_best,mid,507,Viral,30.2956,0.877966,0.349393
arm_p_best,mid,508,Viral,32.4291,0.906872,0.382801
arm_p_best,mid,509,Viral,30.3623,0.884258,0.397657
arm_p_best,mid,510,Viral,28.8892,0.887177,0.356271
arm_p_best,mid,511,Viral,30.6079,0.896256,0.369549
arm_p_best,mid,512,Viral,32.5305,0.904608,0.373088
arm_p_best,mid,513,Viral,30.3467,0.897283,0.351757
arm_p_best,mid,514,Viral,29.9514,0.893661,0.328164
arm_p_best,mid,515,Viral,31.5511,0.895228,0.345158
arm_p_best,mid,516,Viral,32.3345,0.905244,0.345409
arm_p_best,mid,517,Viral,30.0217,0.886798,0.404255
arm_p_best,mid,518,Viral,30.5433,0.884207,0.30676
arm_p_best,mid,519,Viral,31.7838,0.923513,0.280517
arm_p_best,mid,520,Viral,31.7037,0.905163,0.352885
arm_p_best,mid,521,Viral,30.8133,0.903075,0.328719
arm_p_best,mid,522,Viral,32.086,0.90554,0.351684
arm_p_best,mid,523,Viral,32.0824,0.911528,0.361589
arm_p_best,mid,524,Viral,32.6261,0.91152,0.362252
arm_p_best,mid,525,Viral,32.5518,0.912171,0.314255
arm_p_best,mid,526,Viral,31.9134,0.901478,0.362867
arm_p_best,mid,527,Viral,32.3942,0.902662,0.378861
arm_p_best,mid,528,Viral,31.9641,0.903953,0.348071
arm_p_best,mid,529,Viral,30.455,0.868189,0.394046
arm_p_best,mid,530,Viral,31.3884,0.892495,0.397123
arm_p_best,mid,531,Viral,31.2147,0.906736,0.3342
arm_p_best,mid,532,Viral,30.9868,0.897599,0.386478
arm_p_best,mid,533,Viral,30.5938,0.893866,0.344505
arm_p_best,mid,534,Viral,29.871,0.893154,0.36973
arm_p_best,mid,535,Viral,30.8397,0.901216,0.328705
arm_p_best,mid,536,Viral,32.5143,0.89759,0.371231
arm_p_best,mid,537,Viral,31.3669,0.898372,0.372973
arm_p_best,mid,538,Viral,32.2741,0.89945,0.406862
arm_p_best,mid,539,Viral,31.165,0.900742,0.313344
arm_p_best,mid,540,Viral,31.5175,0.895373,0.394852
arm_p_best,mid,541,Viral,30.3561,0.888317,0.39103
arm_p_best,mid,542,Viral,32.2681,0.909209,0.331189
arm_p_best,mid,543,Viral,33.2871,0.9121,0.333514
arm_p_best,mid,544,Viral,29.7407,0.885041,0.343281
arm_p_best,mid,545,Viral,29.7667,0.895407,0.350131
arm_p_best,mid,546,Viral,32.4928,0.905324,0.350442
arm_p_best,mid,547,Viral,32.1187,0.905334,0.368314
arm_p_best,mid,548,Viral,30.1771,0.890258,0.365886
arm_p_best,mid,549,Viral,33.8826,0.89769,0.407274
arm_p_best,mid,550,Viral,33.8772,0.897033,0.411151
arm_p_best,mid,551,Viral,31.3429,0.898882,0.339326
arm_p_best,mid,552,Viral,31.8469,0.915317,0.334843
arm_p_best,mid,553,Viral,32.3994,0.901665,0.339496
arm_p_best,mid,554,Viral,31.2433,0.903637,0.373945
arm_p_best,mid,555,Viral,29.9983,0.896506,0.348685
arm_p_best,mid,556,Viral,31.2631,0.888303,0.36378
arm_p_best,mid,557,Viral,31.9533,0.892515,0.36388
arm_p_best,mid,558,Viral,30.9007,0.894169,0.350933
arm_p_best,mid,559,Viral,32.5091,0.903909,0.393681
arm_p_best,mid,560,Viral,32.5428,0.918942,0.316988
arm_p_best,mid,561,Viral,30.201,0.88706,0.363208
arm_p_best,mid,562,Viral,31.0899,0.896285,0.369787
arm_p_best,mid,563,Viral,31.4377,0.891983,0.387555
arm_p_best,mid,564,Viral,31.384,0.901397,0.364013
arm_p_best,mid,565,Viral,32.1505,0.907314,0.344768
arm_p_best,mid,566,Viral,30.5667,0.896085,0.390771
arm_p_best,mid,567,Viral,30.9286,0.902377,0.355989
arm_p_best,mid,568,Viral,30.8235,0.888688,0.404255
arm_p_best,mid,569,Viral,31.5494,0.902227,0.37549
arm_p_best,mid,570,Viral,30.4877,0.894807,0.362581
arm_p_best,mid,571,Viral,31.7235,0.895317,0.382489
arm_p_best,mid,572,Viral,31.1876,0.88527,0.439015
arm_p_best,mid,573,Viral,31.4976,0.890346,0.392122
arm_p_best,mid,574,Viral,33.1004,0.923207,0.359306
arm_p_best,mid,575,Viral,31.6437,0.895829,0.406247
arm_p_best,mid,576,Viral,30.9574,0.894121,0.393367
arm_p_best,mid,577,Viral,30.6301,0.898845,0.370144
arm_p_best,mid,578,Viral,32.2149,0.916696,0.306034
arm_p_best,mid,579,Viral,30.8506,0.901521,0.309638
arm_p_best,mid,580,Viral,30.7485,0.89536,0.374365
arm_p_best,mid,581,Viral,30.5619,0.895041,0.326897
arm_p_best,mid,582,Viral,31.523,0.897319,0.355769
arm_p_best,mid,583,Viral,31.7916,0.892601,0.373302
arm_p_best,mid,584,Viral,32.7113,0.905328,0.353784
arm_p_best,mid,585,Viral,32.2635,0.912058,0.346602
arm_p_best,mid,586,Viral,32.0699,0.892085,0.367874
arm_p_best,mid,587,Viral,32.1548,0.887598,0.388865
arm_p_best,mid,588,Viral,30.9907,0.887368,0.386245
arm_p_best,mid,589,Viral,28.956,0.86976,0.327083
arm_p_best,mid,590,Viral,30.455,0.89171,0.353329
arm_p_best,mid,591,Viral,30.1614,0.892704,0.343468
arm_p_best,mid,592,Viral,30.2132,0.894354,0.332776
arm_p_best,mid,593,Viral,32.6417,0.865827,0.420173
arm_p_best,mid,594,Viral,32.3615,0.908182,0.375095
arm_p_best,mid,595,Viral,32.2515,0.901125,0.337057
arm_p_best,mid,596,Viral,31.8341,0.90719,0.364737
arm_p_best,mid,597,Viral,31.9097,0.908272,0.322204
arm_p_best,mid,598,Viral,30.3971,0.892196,0.389573
arm_p_best,mid,599,Viral,30.2031,0.895516,0.334717
arm_p_best,mid,600,Viral,31.6194,0.888482,0.430175
arm_p_best,mid,601,Viral,31.8198,0.905477,0.363222
arm_p_best,mid,602,Viral,30.5694,0.893621,0.373341
arm_p_best,mid,603,Viral,30.5788,0.910107,0.307737
arm_p_best,mid,604,Viral,30.9046,0.900835,0.357424
arm_p_best,mid,605,Viral,32.6188,0.907893,0.365324
arm_p_best,mid,606,Viral,31.9846,0.906625,0.348242
arm_p_best,mid,607,Viral,31.8154,0.902087,0.383093
arm_p_best,mid,608,Viral,32.7168,0.915356,0.35125
arm_p_best,mid,609,Viral,32.0346,0.909344,0.404076
arm_p_best,mid,610,Viral,32.4691,0.907463,0.355058
arm_p_best,mid,611,Viral,30.3532,0.893555,0.388977
arm_p_best,mid,612,Viral,29.9788,0.879644,0.398599
arm_p_best,mid,613,Viral,30.8313,0.898465,0.381983
arm_p_best,mid,614,Viral,32.2432,0.911012,0.332628
arm_p_best,mid,615,Viral,32.1443,0.893091,0.368641
arm_p_best,mid,616,Viral,31.9602,0.903088,0.339725
arm_p_best,mid,617,Viral,31.6018,0.897444,0.404157
arm_p_best,mid,618,Viral,30.9431,0.894284,0.376849
arm_p_best,mid,619,Viral,31.1791,0.902501,0.341931
arm_p_best,mid,620,Viral,30.8056,0.901012,0.335567
arm_p_best,mid,621,Viral,33.8257,0.91766,0.391448
arm_p_best,mid,622,Viral,31.3939,0.897944,0.373289
arm_p_best,mid,623,Viral,32.3057,0.914133,0.316966
dncnn_baseline,mid,0,Normal,32.077,0.911533,0.259077
dncnn_baseline,mid,1,Normal,30.8214,0.887302,0.287143
dncnn_baseline,mid,2,Normal,31.5359,0.901273,0.256983
dncnn_baseline,mid,3,Normal,32.2346,0.919143,0.258013
dncnn_baseline,mid,4,Normal,31.5905,0.888546,0.322652
dncnn_baseline,mid,5,Normal,32.5686,0.917196,0.247755
dncnn_baseline,mid,6,Normal,32.0408,0.907747,0.256141
dncnn_baseline,mid,7,Normal,32.3803,0.916463,0.296092
dncnn_baseline,mid,8,Normal,30.6958,0.906307,0.26747
dncnn_baseline,mid,9,Normal,31.0287,0.900423,0.281153
dncnn_baseline,mid,10,Normal,31.6063,0.914194,0.242928
dncnn_baseline,mid,11,Normal,31.415,0.898641,0.293007
dncnn_baseline,mid,12,Normal,31.951,0.897044,0.281189
dncnn_baseline,mid,13,Normal,33.1184,0.918529,0.311794
dncnn_baseline,mid,14,Normal,33.645,0.93981,0.221862
dncnn_baseline,mid,15,Normal,31.1238,0.890582,0.29482
dncnn_baseline,mid,16,Normal,32.3303,0.908262,0.318889
dncnn_baseline,mid,17,Normal,31.8936,0.896167,0.254476
dncnn_baseline,mid,18,Normal,31.6591,0.900282,0.254305
dncnn_baseline,mid,19,Normal,32.2588,0.910459,0.277181
dncnn_baseline,mid,20,Normal,33.1898,0.925361,0.260253
dncnn_baseline,mid,21,Normal,31.9058,0.906708,0.258573
dncnn_baseline,mid,22,Normal,32.4081,0.907936,0.238157
dncnn_baseline,mid,23,Normal,31.0252,0.877223,0.370192
dncnn_baseline,mid,24,Normal,31.5707,0.900761,0.272216
dncnn_baseline,mid,25,Normal,32.0619,0.910719,0.267456
dncnn_baseline,mid,26,Normal,30.5638,0.896302,0.261766
dncnn_baseline,mid,27,Normal,30.7177,0.892054,0.251392
dncnn_baseline,mid,28,Normal,32.4782,0.914157,0.276143
dncnn_baseline,mid,29,Normal,31.7953,0.904648,0.328501
dncnn_baseline,mid,30,Normal,31.0399,0.886532,0.319106
dncnn_baseline,mid,31,Normal,31.7382,0.907295,0.269655
dncnn_baseline,mid,32,Normal,30.8098,0.895725,0.276431
dncnn_baseline,mid,33,Normal,30.5713,0.884678,0.301419
dncnn_baseline,mid,34,Normal,30.3105,0.894183,0.273665
dncnn_baseline,mid,35,Normal,31.6755,0.905026,0.270973
dncnn_baseline,mid,36,Normal,32.8465,0.922652,0.259894
dncnn_baseline,mid,37,Normal,32.894,0.921391,0.310475
dncnn_baseline,mid,38,Normal,31.327,0.90686,0.248862
dncnn_baseline,mid,39,Normal,30.3573,0.884276,0.270651
dncnn_baseline,mid,40,Normal,31.7474,0.907084,0.27816
dncnn_baseline,mid,41,Normal,32.2522,0.902829,0.312901
dncnn_baseline,mid,42,Normal,30.2442,0.888423,0.270944
dncnn_baseline,mid,43,Normal,31.6987,0.899276,0.228214
dncnn_baseline,mid,44,Normal,31.6739,0.89219,0.264164
dncnn_baseline,mid,45,Normal,31.1493,0.902115,0.262935
dncnn_baseline,mid,46,Normal,33.653,0.910097,0.308476
dncnn_baseline,mid,47,Normal,30.647,0.895835,0.230508
dncnn_baseline,mid,48,Normal,31.5561,0.907908,0.247859
dncnn_baseline,mid,49,Normal,31.5679,0.90143,0.244003
dncnn_baseline,mid,50,Normal,31.077,0.901233,0.291219
dncnn_baseline,mid,51,Normal,32.345,0.910755,0.266597
dncnn_baseline,mid,52,Normal,31.7809,0.893141,0.287754
dncnn_baseline,mid,53,Normal,31.4936,0.909277,0.239357
dncnn_baseline,mid,54,Normal,32.038,0.910765,0.274804
dncnn_baseline,mid,55,Normal,32.7176,0.908652,0.255087
dncnn_baseline,mid,56,Normal,33.1724,0.926203,0.296162
dncnn_baseline,mid,57,Normal,31.3731,0.889489,0.276162
dncnn_baseline,mid,58,Normal,31.2423,0.905815,0.279702
dncnn_baseline,mid,59,Normal,31.7349,0.906136,0.278086
dncnn_baseline,mid,60,Normal,32.6087,0.915258,0.269656
dncnn_baseline,mid,61,Normal,32.3646,0.918726,0.247255
dncnn_baseline,mid,62,Normal,31.7401,0.900545,0.283458
dncnn_baseline,mid,63,Normal,31.2317,0.903838,0.257657
dncnn_baseline,mid,64,Normal,31.8931,0.900229,0.273218
dncnn_baseline,mid,65,Normal,30.109,0.900398,0.268762
dncnn_baseline,mid,66,Normal,30.634,0.890189,0.292574
dncnn_baseline,mid,67,Normal,30.4898,0.891291,0.279922
dncnn_baseline,mid,68,Normal,30.2955,0.886595,0.280432
dncnn_baseline,mid,69,Normal,31.3689,0.894842,0.287725
dncnn_baseline,mid,70,Normal,33.1304,0.923514,0.263337
dncnn_baseline,mid,71,Normal,33.1707,0.911236,0.295568
dncnn_baseline,mid,72,Normal,32.2905,0.915977,0.275117
dncnn_baseline,mid,73,Normal,32.8506,0.916822,0.273371
dncnn_baseline,mid,74,Normal,32.3156,0.908578,0.366859
dncnn_baseline,mid,75,Normal,31.1553,0.899739,0.29158
dncnn_baseline,mid,76,Normal,31.1091,0.892378,0.275012
dncnn_baseline,mid,77,Normal,31.2648,0.906037,0.246543
dncnn_baseline,mid,78,Normal,32.4464,0.91181,0.257522
dncnn_baseline,mid,79,Normal,31.5456,0.912481,0.257108
dncnn_baseline,mid,80,Normal,32.9994,0.911655,0.305788
dncnn_baseline,mid,81,Normal,32.0012,0.911218,0.2748
dncnn_baseline,mid,82,Normal,30.8583,0.896095,0.279863
dncnn_baseline,mid,83,Normal,31.0604,0.899115,0.2509
dncnn_baseline,mid,84,Normal,31.4854,0.910835,0.272129
dncnn_baseline,mid,85,Normal,33.6564,0.922451,0.275028
dncnn_baseline,mid,86,Normal,31.9043,0.906291,0.244369
dncnn_baseline,mid,87,Normal,31.9912,0.905234,0.26917
dncnn_baseline,mid,88,Normal,31.0447,0.910608,0.278254
dncnn_baseline,mid,89,Normal,32.1099,0.903619,0.285542
dncnn_baseline,mid,90,Normal,31.7389,0.913425,0.244712
dncnn_baseline,mid,91,Normal,31.1192,0.89792,0.239793
dncnn_baseline,mid,92,Normal,32.9785,0.927003,0.257493
dncnn_baseline,mid,93,Normal,31.2357,0.899964,0.302506
dncnn_baseline,mid,94,Normal,32.043,0.908958,0.273783
dncnn_baseline,mid,95,Normal,30.9158,0.888694,0.280914
dncnn_baseline,mid,96,Normal,31.4764,0.903686,0.27233
dncnn_baseline,mid,97,Normal,30.4983,0.896384,0.280538
dncnn_baseline,mid,98,Normal,30.9766,0.903941,0.249444
dncnn_baseline,mid,99,Normal,31.9403,0.915964,0.285004
dncnn_baseline,mid,100,Normal,32.1906,0.90846,0.285419
dncnn_baseline,mid,101,Normal,30.8602,0.898877,0.271919
dncnn_baseline,mid,102,Normal,31.9781,0.897087,0.253529
dncnn_baseline,mid,103,Normal,32.1472,0.904974,0.248598
dncnn_baseline,mid,104,Normal,31.0675,0.901012,0.257312
dncnn_baseline,mid,105,Normal,31.851,0.916736,0.233461
dncnn_baseline,mid,106,Normal,31.9979,0.907757,0.281679
dncnn_baseline,mid,107,Normal,31.5818,0.90604,0.267303
dncnn_baseline,mid,108,Normal,30.7549,0.877521,0.308268
dncnn_baseline,mid,109,Normal,31.4159,0.896654,0.287986
dncnn_baseline,mid,110,Normal,32.028,0.907492,0.252785
dncnn_baseline,mid,111,Normal,32.5686,0.894171,0.27164
dncnn_baseline,mid,112,Normal,30.5436,0.892734,0.271019
dncnn_baseline,mid,113,Normal,30.8071,0.882531,0.29319
dncnn_baseline,mid,114,Normal,31.3499,0.887442,0.282836
dncnn_baseline,mid,115,Normal,31.3499,0.905821,0.24037
dncnn_baseline,mid,116,Normal,30.6112,0.895201,0.242498
dncnn_baseline,mid,117,Normal,32.1739,0.915952,0.264959
dncnn_baseline,mid,118,Normal,31.475,0.898777,0.268372
dncnn_baseline,mid,119,Normal,33.0277,0.924179,0.28744
dncnn_baseline,mid,120,Normal,32.1999,0.923299,0.226602
dncnn_baseline,mid,121,Normal,32.1366,0.912661,0.253648
dncnn_baseline,mid,122,Normal,32.2824,0.919363,0.253726
dncnn_baseline,mid,123,Normal,32.1043,0.90653,0.260842
dncnn_baseline,mid,124,Normal,31.7779,0.901313,0.255764
dncnn_baseline,mid,125,Normal,30.9047,0.89507,0.271398
dncnn_baseline,mid,126,Normal,32.3523,0.9096,0.280795
dncnn_baseline,mid,127,Normal,30.7761,0.877933,0.32377
dncnn_baseline,mid,128,Normal,30.8319,0.897327,0.263342
dncnn_baseline,mid,129,Normal,31.8959,0.911687,0.247333
dncnn_baseline,mid,130,Normal,31.5177,0.908663,0.245486
dncnn_baseline,mid,131,Normal,31.3114,0.905644,0.274943
dncnn_baseline,mid,132,Normal,31.0267,0.905037,0.28249
dncnn_baseline,mid,133,Normal,31.419,0.907198,0.272018
dncnn_baseline,mid,134,Normal,32.5113,0.911708,0.301443
dncnn_baseline,mid,135,Normal,32.0395,0.903821,0.254166
dncnn_baseline,mid,136,Normal,31.2148,0.91036,0.260704
dncnn_baseline,mid,137,Normal,30.9717,0.902696,0.255711
dncnn_baseline,mid,138,Normal,31.9585,0.912888,0.255926
dncnn_baseline,mid,139,Normal,30.5512,0.891914,0.269984
dncnn_baseline,mid,140,Normal,31.0599,0.892789,0.27254
dncnn_baseline,mid,141,Normal,31.905,0.906048,0.310601
dncnn_baseline,mid,142,Normal,30.7316,0.890731,0.281797
dncnn_baseline,mid,143,Normal,32.6696,0.921248,0.2464
dncnn_baseline,mid,144,Normal,31.4485,0.9109,0.27156
dncnn_baseline,mid,145,Normal,31.105,0.908656,0.232246
dncnn_baseline,mid,146,Normal,30.7674,0.893908,0.259539
dncnn_baseline,mid,147,Normal,31.1388,0.889902,0.296834
dncnn_baseline,mid,148,Normal,32.3136,0.910316,0.271048
dncnn_baseline,mid,149,Normal,31.2637,0.910877,0.241854
dncnn_baseline,mid,150,Normal,31.7047,0.895895,0.307556
dncnn_baseline,mid,151,Normal,31.0292,0.886199,0.319327
dncnn_baseline,mid,152,Normal,30.4507,0.875227,0.300727
dncnn_baseline,mid,153,Normal,32.0073,0.91223,0.279422
dncnn_baseline,mid,154,Normal,32.8205,0.91576,0.311044
dncnn_baseline,mid,155,Normal,30.9519,0.890002,0.279796
dncnn_baseline,mid,156,Normal,31.1792,0.890512,0.26682
dncnn_baseline,mid,157,Normal,32.1039,0.912058,0.233049
dncnn_baseline,mid,158,Normal,31.2401,0.90734,0.27277
dncnn_baseline,mid,159,Normal,32.5315,0.916639,0.279081
dncnn_baseline,mid,160,Normal,32.9755,0.918123,0.302863
dncnn_baseline,mid,161,Normal,32.196,0.90775,0.27794
dncnn_baseline,mid,162,Normal,31.9976,0.9059,0.250949
dncnn_baseline,mid,163,Normal,32.2701,0.9032,0.290681
dncnn_baseline,mid,164,Normal,33.4102,0.92639,0.29477
dncnn_baseline,mid,165,Normal,33.0979,0.90533,0.362031
dncnn_baseline,mid,166,Normal,32.9829,0.90993,0.261115
dncnn_baseline,mid,167,Normal,31.205,0.887278,0.339629
dncnn_baseline,mid,168,Normal,31.2548,0.910966,0.244486
dncnn_baseline,mid,169,Normal,29.1512,0.882067,0.264814
dncnn_baseline,mid,170,Normal,31.2314,0.888307,0.293173
dncnn_baseline,mid,171,Normal,31.5401,0.902148,0.271515
dncnn_baseline,mid,172,Normal,31.6321,0.894109,0.283747
dncnn_baseline,mid,173,Normal,31.3267,0.888474,0.318365
dncnn_baseline,mid,174,Normal,32.7742,0.915747,0.264082
dncnn_baseline,mid,175,Normal,32.2021,0.907506,0.265558
dncnn_baseline,mid,176,Normal,32.0132,0.917817,0.269422
dncnn_baseline,mid,177,Normal,30.8516,0.883929,0.297009
dncnn_baseline,mid,178,Normal,31.2187,0.892536,0.347824
dncnn_baseline,mid,179,Normal,30.6833,0.869089,0.336211
dncnn_baseline,mid,180,Normal,30.1142,0.884353,0.282429
dncnn_baseline,mid,181,Normal,32.1974,0.911769,0.285744
dncnn_baseline,mid,182,Normal,32.6847,0.905974,0.27082
dncnn_baseline,mid,183,Normal,31.713,0.906694,0.263165
dncnn_baseline,mid,184,Normal,31.5085,0.905228,0.270911
dncnn_baseline,mid,185,Normal,32.0861,0.90548,0.257378
dncnn_baseline,mid,186,Normal,30.8634,0.89073,0.298046
dncnn_baseline,mid,187,Normal,32.3922,0.914552,0.300677
dncnn_baseline,mid,188,Normal,32.5268,0.900513,0.269669
dncnn_baseline,mid,189,Normal,31.9998,0.896997,0.273798
dncnn_baseline,mid,190,Normal,30.6369,0.888713,0.274592
dncnn_baseline,mid,191,Normal,32.2165,0.911649,0.263587
dncnn_baseline,mid,192,Normal,33.2758,0.91826,0.325816
dncnn_baseline,mid,193,Normal,31.0413,0.905469,0.241031
dncnn_baseline,mid,194,Normal,30.9726,0.894009,0.295695
dncnn_baseline,mid,195,Normal,31.2284,0.899553,0.272526
dncnn_baseline,mid,196,Normal,31.7431,0.897532,0.265909
dncnn_baseline,mid,197,Normal,31.7531,0.902191,0.270381
dncnn_baseline,mid,198,Normal,32.6284,0.914578,0.299872
dncnn_baseline,mid,199,Normal,30.7266,0.889818,0.272672
dncnn_baseline,mid,200,Normal,31.533,0.905023,0.280328
dncnn_baseline,mid,201,Normal,32.0171,0.910885,0.274979
dncnn_baseline,mid,202,Normal,31.4789,0.902274,0.306484
dncnn_baseline,mid,203,Normal,31.6421,0.909592,0.270442
dncnn_baseline,mid,204,Normal,30.749,0.900949,0.27602
dncnn_baseline,mid,205,Normal,32.5533,0.905067,0.277411
dncnn_baseline,mid,206,Normal,33.2944,0.92116,0.255896
dncnn_baseline,mid,207,Normal,32.4201,0.896882,0.277843
dncnn_baseline,mid,208,Normal,31.376,0.904902,0.275067
dncnn_baseline,mid,209,Normal,30.9067,0.906292,0.26898
dncnn_baseline,mid,210,Normal,31.3069,0.890059,0.323131
dncnn_baseline,mid,211,Normal,31.8352,0.911005,0.259712
dncnn_baseline,mid,212,Normal,32.3373,0.913116,0.280894
dncnn_baseline,mid,213,Normal,32.1994,0.908528,0.288538
dncnn_baseline,mid,214,Normal,31.5553,0.8979,0.259863
dncnn_baseline,mid,215,Normal,31.4969,0.88277,0.340346
dncnn_baseline,mid,216,Normal,31.2148,0.904217,0.275808
dncnn_baseline,mid,217,Normal,32.298,0.902319,0.361447
dncnn_baseline,mid,218,Normal,31.2489,0.886308,0.295219
dncnn_baseline,mid,219,Normal,31.3912,0.9031,0.280956
dncnn_baseline,mid,220,Normal,33.324,0.912,0.275295
dncnn_baseline,mid,221,Normal,32.0083,0.914343,0.224842
dncnn_baseline,mid,222,Normal,31.5162,0.903643,0.246914
dncnn_baseline,mid,223,Normal,31.2532,0.900158,0.290362
dncnn_baseline,mid,224,Normal,32.13,0.9141,0.243348
dncnn_baseline,mid,225,Normal,30.4098,0.868102,0.324519
dncnn_baseline,mid,226,Normal,32.516,0.914727,0.267299
dncnn_baseline,mid,227,Normal,30.9576,0.903521,0.285896
dncnn_baseline,mid,228,Normal,33.0898,0.911611,0.261013
dncnn_baseline,mid,229,Normal,31.3448,0.908652,0.238164
dncnn_baseline,mid,230,Normal,31.257,0.901286,0.290667
dncnn_baseline,mid,231,Normal,31.4243,0.890389,0.292343
dncnn_baseline,mid,232,Normal,32.6411,0.913978,0.268028
dncnn_baseline,mid,233,Normal,32.051,0.903428,0.287885
dncnn_baseline,mid,234,Bacterial,32.98,0.910727,0.384174
dncnn_baseline,mid,235,Bacterial,31.6018,0.902906,0.323202
dncnn_baseline,mid,236,Bacterial,33.2483,0.911216,0.32402
dncnn_baseline,mid,237,Bacterial,33.0435,0.911054,0.339255
dncnn_baseline,mid,238,Bacterial,33.7541,0.911915,0.354979
dncnn_baseline,mid,239,Bacterial,33.0321,0.915298,0.310677
dncnn_baseline,mid,240,Bacterial,33.2569,0.907816,0.332953
dncnn_baseline,mid,241,Bacterial,32.3746,0.901317,0.32827
dncnn_baseline,mid,242,Bacterial,33.5131,0.911208,0.31394
dncnn_baseline,mid,243,Bacterial,32.3213,0.896827,0.327485
dncnn_baseline,mid,244,Bacterial,31.3857,0.890043,0.270013
dncnn_baseline,mid,245,Bacterial,32.2494,0.914969,0.268957
dncnn_baseline,mid,246,Bacterial,32.5396,0.918472,0.309224
dncnn_baseline,mid,247,Bacterial,32.0101,0.910617,0.311139
dncnn_baseline,mid,248,Bacterial,33.6847,0.915573,0.298582
dncnn_baseline,mid,249,Bacterial,34.0526,0.919715,0.343847
dncnn_baseline,mid,250,Bacterial,33.1579,0.899987,0.373588
dncnn_baseline,mid,251,Bacterial,31.5049,0.898659,0.258445
dncnn_baseline,mid,252,Bacterial,33.6819,0.904409,0.339497
dncnn_baseline,mid,253,Bacterial,32.8339,0.911777,0.334389
dncnn_baseline,mid,254,Bacterial,31.7376,0.891014,0.262732
dncnn_baseline,mid,255,Bacterial,32.6016,0.908874,0.311537
dncnn_baseline,mid,256,Bacterial,31.9355,0.897614,0.306291
dncnn_baseline,mid,257,Bacterial,32.8721,0.912394,0.327498
dncnn_baseline,mid,258,Bacterial,32.8828,0.899692,0.342819
dncnn_baseline,mid,259,Bacterial,33.1679,0.912986,0.317825
dncnn_baseline,mid,260,Bacterial,33.2861,0.919439,0.311614
dncnn_baseline,mid,261,Bacterial,31.2172,0.895525,0.228454
dncnn_baseline,mid,262,Bacterial,34.2468,0.914316,0.322724
dncnn_baseline,mid,263,Bacterial,33.9704,0.920018,0.299881
dncnn_baseline,mid,264,Bacterial,33.8304,0.906629,0.319874
dncnn_baseline,mid,265,Bacterial,34.0928,0.921959,0.300585
dncnn_baseline,mid,266,Bacterial,33.7057,0.912283,0.300618
dncnn_baseline,mid,267,Bacterial,32.6456,0.899206,0.303101
dncnn_baseline,mid,268,Bacterial,33.4624,0.907921,0.333594
dncnn_baseline,mid,269,Bacterial,33.2055,0.918247,0.313023
dncnn_baseline,mid,270,Bacterial,33.7302,0.926707,0.295006
dncnn_baseline,mid,271,Bacterial,33.2753,0.913902,0.244506
dncnn_baseline,mid,272,Bacterial,33.7556,0.922452,0.302629
dncnn_baseline,mid,273,Bacterial,33.4336,0.914768,0.33971
dncnn_baseline,mid,274,Bacterial,32.3173,0.89955,0.296784
dncnn_baseline,mid,275,Bacterial,31.4992,0.896717,0.342739
dncnn_baseline,mid,276,Bacterial,31.0922,0.89565,0.242421
dncnn_baseline,mid,277,Bacterial,32.4312,0.896839,0.361605
dncnn_baseline,mid,278,Bacterial,32.9166,0.904269,0.330087
dncnn_baseline,mid,279,Bacterial,32.7138,0.906625,0.303818
dncnn_baseline,mid,280,Bacterial,33.6394,0.903322,0.30306
dncnn_baseline,mid,281,Bacterial,32.6849,0.889532,0.31789
dncnn_baseline,mid,282,Bacterial,31.8644,0.897203,0.348096
dncnn_baseline,mid,283,Bacterial,33.1278,0.905037,0.315748
dncnn_baseline,mid,284,Bacterial,31.5261,0.900072,0.35611
dncnn_baseline,mid,285,Bacterial,33.9772,0.912319,0.340102
dncnn_baseline,mid,286,Bacterial,32.2069,0.911113,0.312751
dncnn_baseline,mid,287,Bacterial,32.0546,0.899391,0.30014
dncnn_baseline,mid,288,Bacterial,33.553,0.912588,0.316289
dncnn_baseline,mid,289,Bacterial,32.4208,0.896015,0.32332
dncnn_baseline,mid,290,Bacterial,33.917,0.920606,0.326935
dncnn_baseline,mid,291,Bacterial,32.7347,0.904587,0.332764
dncnn_baseline,mid,292,Bacterial,32.2485,0.898674,0.256587
dncnn_baseline,mid,293,Bacterial,33.6629,0.91398,0.307717
dncnn_baseline,mid,294,Bacterial,33.1318,0.915465,0.322408
dncnn_baseline,mid,295,Bacterial,32.1465,0.910632,0.280311
dncnn_baseline,mid,296,Bacterial,33.449,0.917365,0.303197
dncnn_baseline,mid,297,Bacterial,32.7766,0.913066,0.289161
dncnn_baseline,mid,298,Bacterial,30.8929,0.883565,0.346029
dncnn_baseline,mid,299,Bacterial,31.5263,0.899142,0.342922
dncnn_baseline,mid,300,Bacterial,31.4228,0.901488,0.317351
dncnn_baseline,mid,301,Bacterial,31.0348,0.889267,0.278026
dncnn_baseline,mid,302,Bacterial,32.4143,0.900366,0.283963
dncnn_baseline,mid,303,Bacterial,32.0084,0.913303,0.306591
dncnn_baseline,mid,304,Bacterial,33.0267,0.908623,0.311776
dncnn_baseline,mid,305,Bacterial,33.75,0.914375,0.324042
dncnn_baseline,mid,306,Bacterial,32.5866,0.91172,0.319786
dncnn_baseline,mid,307,Bacterial,32.5615,0.914375,0.320513
dncnn_baseline,mid,308,Bacterial,32.1582,0.899603,0.276912
dncnn_baseline,mid,309,Bacterial,32.341,0.906675,0.312993
dncnn_baseline,mid,310,Bacterial,30.9256,0.894239,0.265611
dncnn_baseline,mid,311,Bacterial,32.5209,0.905542,0.335501
dncnn_baseline,mid,312,Bacterial,31.5504,0.907054,0.286554
dncnn_baseline,mid,313,Bacterial,33.1344,0.906077,0.348701
dncnn_baseline,mid,314,Bacterial,32.1162,0.890424,0.274761
dncnn_baseline,mid,315,Bacterial,34.195,0.927559,0.33334
dncnn_baseline,mid,316,Bacterial,33.6861,0.916462,0.339295
dncnn_baseline,mid,317,Bacterial,33.7058,0.915358,0.370633
dncnn_baseline,mid,318,Bacterial,32.9026,0.912777,0.351982
dncnn_baseline,mid,319,Bacterial,32.8452,0.896882,0.353092
dncnn_baseline,mid,320,Bacterial,33.5392,0.90593,0.370343
dncnn_baseline,mid,321,Bacterial,30.9914,0.905859,0.304452
dncnn_baseline,mid,322,Bacterial,32.19,0.907279,0.306859
dncnn_baseline,mid,323,Bacterial,32.2354,0.914763,0.255223
dncnn_baseline,mid,324,Bacterial,31.5087,0.911026,0.272811
dncnn_baseline,mid,325,Bacterial,31.3751,0.908105,0.252233
dncnn_baseline,mid,326,Bacterial,32.3071,0.911372,0.304851
dncnn_baseline,mid,327,Bacterial,33.1019,0.915698,0.288063
dncnn_baseline,mid,328,Bacterial,33.2803,0.92066,0.316349
dncnn_baseline,mid,329,Bacterial,32.7335,0.912788,0.215144
dncnn_baseline,mid,330,Bacterial,33.8509,0.908674,0.339356
dncnn_baseline,mid,331,Bacterial,33.2398,0.918082,0.304571
dncnn_baseline,mid,332,Bacterial,34.0817,0.921076,0.305351
dncnn_baseline,mid,333,Bacterial,33.8784,0.922037,0.311261
dncnn_baseline,mid,334,Bacterial,34.0051,0.924484,0.291808
dncnn_baseline,mid,335,Bacterial,31.7123,0.897336,0.272841
dncnn_baseline,mid,336,Bacterial,33.5886,0.919055,0.304087
dncnn_baseline,mid,337,Bacterial,32.6987,0.903205,0.340934
dncnn_baseline,mid,338,Bacterial,33.4385,0.909088,0.34687
dncnn_baseline,mid,339,Bacterial,31.963,0.900428,0.266133
dncnn_baseline,mid,340,Bacterial,33.5968,0.911559,0.318016
dncnn_baseline,mid,341,Bacterial,32.7601,0.915145,0.327595
dncnn_baseline,mid,342,Bacterial,32.879,0.909319,0.312858
dncnn_baseline,mid,343,Bacterial,33.3107,0.911281,0.357164
dncnn_baseline,mid,344,Bacterial,33.9214,0.919582,0.313593
dncnn_baseline,mid,345,Bacterial,32.7141,0.913373,0.337756
dncnn_baseline,mid,346,Bacterial,31.8292,0.90235,0.324943
dncnn_baseline,mid,347,Bacterial,33.3168,0.917992,0.324459
dncnn_baseline,mid,348,Bacterial,32.8891,0.905483,0.325552
dncnn_baseline,mid,349,Bacterial,34.0737,0.918907,0.341848
dncnn_baseline,mid,350,Bacterial,34.2702,0.922005,0.318403
dncnn_baseline,mid,351,Bacterial,31.5402,0.902211,0.266399
dncnn_baseline,mid,352,Bacterial,33.4426,0.915798,0.304363
dncnn_baseline,mid,353,Bacterial,32.9701,0.918102,0.304822
dncnn_baseline,mid,354,Bacterial,33.9094,0.908763,0.354307
dncnn_baseline,mid,355,Bacterial,33.481,0.908625,0.27887
dncnn_baseline,mid,356,Bacterial,33.1393,0.907972,0.303022
dncnn_baseline,mid,357,Bacterial,33.4821,0.903964,0.298611
dncnn_baseline,mid,358,Bacterial,33.2628,0.908693,0.33438
dncnn_baseline,mid,359,Bacterial,32.3461,0.902851,0.231295
dncnn_baseline,mid,360,Bacterial,32.86,0.914921,0.310321
dncnn_baseline,mid,361,Bacterial,33.7085,0.91805,0.306634
dncnn_baseline,mid,362,Bacterial,33.4085,0.91906,0.320736
dncnn_baseline,mid,363,Bacterial,32.4247,0.926994,0.259236
dncnn_baseline,mid,364,Bacterial,33.9371,0.915939,0.298265
dncnn_baseline,mid,365,Bacterial,31.0215,0.899953,0.275751
dncnn_baseline,mid,366,Bacterial,33.5494,0.916557,0.294717
dncnn_baseline,mid,367,Bacterial,32.1963,0.908266,0.219564
dncnn_baseline,mid,368,Bacterial,32.9947,0.903467,0.308194
dncnn_baseline,mid,369,Bacterial,31.8011,0.899714,0.261764
dncnn_baseline,mid,370,Bacterial,30.5776,0.894838,0.263511
dncnn_baseline,mid,371,Bacterial,33.024,0.914574,0.307792
dncnn_baseline,mid,372,Bacterial,32.3613,0.896254,0.346769
dncnn_baseline,mid,373,Bacterial,33.2187,0.913806,0.31673
dncnn_baseline,mid,374,Bacterial,32.2292,0.905187,0.314584
dncnn_baseline,mid,375,Bacterial,32.762,0.91115,0.32764
dncnn_baseline,mid,376,Bacterial,31.6605,0.909864,0.324976
dncnn_baseline,mid,377,Bacterial,32.7291,0.909458,0.331703
dncnn_baseline,mid,378,Bacterial,32.1526,0.898315,0.254676
dncnn_baseline,mid,379,Bacterial,32.7499,0.911853,0.297175
dncnn_baseline,mid,380,Bacterial,33.2658,0.921184,0.311481
dncnn_baseline,mid,381,Bacterial,30.9725,0.896262,0.244052
dncnn_baseline,mid,382,Bacterial,32.3997,0.906249,0.332344
dncnn_baseline,mid,383,Bacterial,31.5439,0.891478,0.289504
dncnn_baseline,mid,384,Bacterial,31.11,0.896842,0.242242
dncnn_baseline,mid,385,Bacterial,30.9514,0.898595,0.265925
dncnn_baseline,mid,386,Bacterial,33.0906,0.915839,0.31155
dncnn_baseline,mid,387,Bacterial,33.0879,0.917425,0.282752
dncnn_baseline,mid,388,Bacterial,31.86,0.913067,0.201028
dncnn_baseline,mid,389,Bacterial,31.0347,0.89685,0.26864
dncnn_baseline,mid,390,Bacterial,33.0104,0.905041,0.286372
dncnn_baseline,mid,391,Bacterial,31.6182,0.903267,0.353743
dncnn_baseline,mid,392,Bacterial,33.1217,0.912347,0.316582
dncnn_baseline,mid,393,Bacterial,33.0014,0.904769,0.337875
dncnn_baseline,mid,394,Bacterial,33.2843,0.915135,0.312739
dncnn_baseline,mid,395,Bacterial,33.0803,0.912364,0.313166
dncnn_baseline,mid,396,Bacterial,31.2063,0.87923,0.336857
dncnn_baseline,mid,397,Bacterial,34.3988,0.91142,0.336369
dncnn_baseline,mid,398,Bacterial,33.6691,0.911592,0.340066
dncnn_baseline,mid,399,Bacterial,31.9923,0.906433,0.325969
dncnn_baseline,mid,400,Bacterial,32.1765,0.900734,0.310941
dncnn_baseline,mid,401,Bacterial,31.1337,0.890035,0.265852
dncnn_baseline,mid,402,Bacterial,33.5968,0.911565,0.345786
dncnn_baseline,mid,403,Bacterial,32.6917,0.914068,0.296961
dncnn_baseline,mid,404,Bacterial,32.5894,0.899551,0.335375
dncnn_baseline,mid,405,Bacterial,32.561,0.90592,0.287381
dncnn_baseline,mid,406,Bacterial,34.2969,0.920905,0.303116
dncnn_baseline,mid,407,Bacterial,32.3314,0.914883,0.326454
dncnn_baseline,mid,408,Bacterial,32.8103,0.9118,0.301912
dncnn_baseline,mid,409,Bacterial,32.0116,0.901588,0.261748
dncnn_baseline,mid,410,Bacterial,30.9887,0.890877,0.263246
dncnn_baseline,mid,411,Bacterial,32.5382,0.896807,0.308756
dncnn_baseline,mid,412,Bacterial,33.296,0.901947,0.313008
dncnn_baseline,mid,413,Bacterial,31.1031,0.882539,0.25452
dncnn_baseline,mid,414,Bacterial,33.849,0.915051,0.324575
dncnn_baseline,mid,415,Bacterial,32.8787,0.906063,0.32564
dncnn_baseline,mid,416,Bacterial,34.3315,0.919469,0.310634
dncnn_baseline,mid,417,Bacterial,33.2277,0.902907,0.281431
dncnn_baseline,mid,418,Bacterial,33.5851,0.915217,0.286931
dncnn_baseline,mid,419,Bacterial,32.6237,0.912634,0.241844
dncnn_baseline,mid,420,Bacterial,32.9275,0.917977,0.312611
dncnn_baseline,mid,421,Bacterial,32.3357,0.909641,0.337351
dncnn_baseline,mid,422,Bacterial,32.4312,0.901748,0.341285
dncnn_baseline,mid,423,Bacterial,32.9025,0.914499,0.367849
dncnn_baseline,mid,424,Bacterial,32.7902,0.913662,0.367921
dncnn_baseline,mid,425,Bacterial,33.3985,0.909661,0.323934
dncnn_baseline,mid,426,Bacterial,34.8399,0.917875,0.35525
dncnn_baseline,mid,427,Bacterial,34.454,0.912788,0.376415
dncnn_baseline,mid,428,Bacterial,33.7757,0.913162,0.370575
dncnn_baseline,mid,429,Bacterial,31.7376,0.90392,0.270722
dncnn_baseline,mid,430,Bacterial,34.0138,0.920474,0.299282
dncnn_baseline,mid,431,Bacterial,34.0972,0.910411,0.34315
dncnn_baseline,mid,432,Bacterial,33.5373,0.912867,0.309379
dncnn_baseline,mid,433,Bacterial,32.2237,0.897465,0.328517
dncnn_baseline,mid,434,Bacterial,33.0422,0.911485,0.293053
dncnn_baseline,mid,435,Bacterial,32.52,0.910818,0.282728
dncnn_baseline,mid,436,Bacterial,31.8483,0.902859,0.221542
dncnn_baseline,mid,437,Bacterial,33.888,0.902958,0.310104
dncnn_baseline,mid,438,Bacterial,31.631,0.893256,0.313479
dncnn_baseline,mid,439,Bacterial,32.7433,0.905154,0.310257
dncnn_baseline,mid,440,Bacterial,31.9597,0.903138,0.300202
dncnn_baseline,mid,441,Bacterial,31.5295,0.898101,0.27029
dncnn_baseline,mid,442,Bacterial,33.3276,0.914888,0.322285
dncnn_baseline,mid,443,Bacterial,33.6997,0.915832,0.312348
dncnn_baseline,mid,444,Bacterial,32.9974,0.91066,0.275187
dncnn_baseline,mid,445,Bacterial,33.0518,0.911855,0.346089
dncnn_baseline,mid,446,Bacterial,32.8771,0.911741,0.332484
dncnn_baseline,mid,447,Bacterial,33.8286,0.910693,0.323525
dncnn_baseline,mid,448,Bacterial,33.7208,0.919936,0.316286
dncnn_baseline,mid,449,Bacterial,31.8081,0.893202,0.281447
dncnn_baseline,mid,450,Bacterial,32.4616,0.906798,0.306103
dncnn_baseline,mid,451,Bacterial,31.2618,0.891833,0.245261
dncnn_baseline,mid,452,Bacterial,32.3277,0.909467,0.323436
dncnn_baseline,mid,453,Bacterial,33.6755,0.915366,0.311547
dncnn_baseline,mid,454,Bacterial,32.308,0.915251,0.297794
dncnn_baseline,mid,455,Bacterial,33.936,0.922521,0.350687
dncnn_baseline,mid,456,Bacterial,30.9777,0.892712,0.294943
dncnn_baseline,mid,457,Bacterial,33.5739,0.913308,0.325053
dncnn_baseline,mid,458,Bacterial,33.8367,0.9202,0.290713
dncnn_baseline,mid,459,Bacterial,34.0646,0.915146,0.328617
dncnn_baseline,mid,460,Bacterial,32.8615,0.91137,0.287556
dncnn_baseline,mid,461,Bacterial,32.5388,0.912735,0.282501
dncnn_baseline,mid,462,Bacterial,31.8215,0.900446,0.26804
dncnn_baseline,mid,463,Bacterial,33.7714,0.913003,0.312214
dncnn_baseline,mid,464,Bacterial,32.4007,0.902362,0.324875
dncnn_baseline,mid,465,Bacterial,33.6553,0.917521,0.304351
dncnn_baseline,mid,466,Bacterial,32.8879,0.90695,0.310161
dncnn_baseline,mid,467,Bacterial,32.905,0.90416,0.338009
dncnn_baseline,mid,468,Bacterial,32.7894,0.913207,0.339036
dncnn_baseline,mid,469,Bacterial,33.6556,0.906191,0.329328
dncnn_baseline,mid,470,Bacterial,32.8106,0.905668,0.340946
dncnn_baseline,mid,471,Bacterial,31.9453,0.894975,0.261565
dncnn_baseline,mid,472,Bacterial,32.4428,0.905837,0.241272
dncnn_baseline,mid,473,Bacterial,30.6062,0.891531,0.343714
dncnn_baseline,mid,474,Bacterial,32.0587,0.915275,0.297838
dncnn_baseline,mid,475,Bacterial,31.2126,0.890407,0.258755
dncnn_baseline,mid,476,Viral,32.0545,0.911271,0.327131
dncnn_baseline,mid,477,Viral,32.1365,0.911337,0.307018
dncnn_baseline,mid,478,Viral,32.3183,0.918534,0.295845
dncnn_baseline,mid,479,Viral,32.9398,0.910176,0.290195
dncnn_baseline,mid,480,Viral,33.9253,0.911914,0.337051
dncnn_baseline,mid,481,Viral,32.519,0.918039,0.331077
dncnn_baseline,mid,482,Viral,31.5717,0.890893,0.254206
dncnn_baseline,mid,483,Viral,33.2356,0.908718,0.321529
dncnn_baseline,mid,484,Viral,32.8653,0.912,0.349419
dncnn_baseline,mid,485,Viral,32.6503,0.910038,0.302877
dncnn_baseline,mid,486,Viral,33.3445,0.904831,0.349439
dncnn_baseline,mid,487,Viral,32.869,0.906139,0.300013
dncnn_baseline,mid,488,Viral,32.2024,0.911823,0.270734
dncnn_baseline,mid,489,Viral,32.9127,0.913152,0.282356
dncnn_baseline,mid,490,Viral,32.8976,0.911838,0.299827
dncnn_baseline,mid,491,Viral,32.2555,0.91065,0.28779
dncnn_baseline,mid,492,Viral,31.8029,0.905134,0.321572
dncnn_baseline,mid,493,Viral,32.5078,0.910187,0.297233
dncnn_baseline,mid,494,Viral,32.3584,0.906442,0.30893
dncnn_baseline,mid,495,Viral,31.5801,0.904979,0.314177
dncnn_baseline,mid,496,Viral,33.278,0.911424,0.279952
dncnn_baseline,mid,497,Viral,32.353,0.915063,0.23993
dncnn_baseline,mid,498,Viral,33.5144,0.921395,0.286384
dncnn_baseline,mid,499,Viral,33.3321,0.904105,0.296851
dncnn_baseline,mid,500,Viral,31.9714,0.898454,0.335184
dncnn_baseline,mid,501,Viral,31.6024,0.906859,0.266889
dncnn_baseline,mid,502,Viral,32.2665,0.911829,0.311052
dncnn_baseline,mid,503,Viral,31.9691,0.913201,0.282266
dncnn_baseline,mid,504,Viral,31.9139,0.904016,0.282017
dncnn_baseline,mid,505,Viral,33.3698,0.919379,0.23743
dncnn_baseline,mid,506,Viral,32.0658,0.895467,0.307997
dncnn_baseline,mid,507,Viral,31.2958,0.891209,0.255777
dncnn_baseline,mid,508,Viral,33.4154,0.915841,0.307062
dncnn_baseline,mid,509,Viral,31.4985,0.897439,0.32005
dncnn_baseline,mid,510,Viral,30.3416,0.899077,0.277799
dncnn_baseline,mid,511,Viral,31.9423,0.910084,0.301483
dncnn_baseline,mid,512,Viral,33.6491,0.917602,0.298803
dncnn_baseline,mid,513,Viral,31.4713,0.90765,0.286958
dncnn_baseline,mid,514,Viral,31.3053,0.905281,0.262244
dncnn_baseline,mid,515,Viral,32.8323,0.910515,0.271242
dncnn_baseline,mid,516,Viral,33.3178,0.914288,0.273685
dncnn_baseline,mid,517,Viral,31.5719,0.904469,0.314976
dncnn_baseline,mid,518,Viral,31.5911,0.899127,0.232605
dncnn_baseline,mid,519,Viral,33.6292,0.934927,0.229975
dncnn_baseline,mid,520,Viral,32.8577,0.918284,0.277625
dncnn_baseline,mid,521,Viral,32.6048,0.91535,0.273018
dncnn_baseline,mid,522,Viral,33.2254,0.920465,0.259005
dncnn_baseline,mid,523,Viral,33.4402,0.922881,0.255421
dncnn_baseline,mid,524,Viral,33.6946,0.922769,0.28903
dncnn_baseline,mid,525,Viral,33.5443,0.922823,0.256395
dncnn_baseline,mid,526,Viral,33.0507,0.915889,0.29776
dncnn_baseline,mid,527,Viral,33.1748,0.907841,0.313965
dncnn_baseline,mid,528,Viral,32.8671,0.913227,0.291117
dncnn_baseline,mid,529,Viral,31.2188,0.876095,0.332293
dncnn_baseline,mid,530,Viral,32.5869,0.910279,0.310106
dncnn_baseline,mid,531,Viral,32.6168,0.91591,0.270382
dncnn_baseline,mid,532,Viral,32.3915,0.909733,0.336374
dncnn_baseline,mid,533,Viral,32.1909,0.907976,0.272611
dncnn_baseline,mid,534,Viral,31.049,0.902764,0.320803
dncnn_baseline,mid,535,Viral,32.1121,0.912987,0.271368
dncnn_baseline,mid,536,Viral,33.5578,0.908836,0.284775
dncnn_baseline,mid,537,Viral,32.3283,0.908907,0.296862
dncnn_baseline,mid,538,Viral,33.5989,0.916453,0.308911
dncnn_baseline,mid,539,Viral,32.565,0.913432,0.258633
dncnn_baseline,mid,540,Viral,32.4914,0.909793,0.303456
dncnn_baseline,mid,541,Viral,31.6997,0.905902,0.322676
dncnn_baseline,mid,542,Viral,33.5386,0.921431,0.259189
dncnn_baseline,mid,543,Viral,34.4829,0.923521,0.284865
dncnn_baseline,mid,544,Viral,31.6478,0.905208,0.269186
dncnn_baseline,mid,545,Viral,31.6677,0.909291,0.273558
dncnn_baseline,mid,546,Viral,33.4167,0.913949,0.294665
dncnn_baseline,mid,547,Viral,33.2896,0.915001,0.288737
dncnn_baseline,mid,548,Viral,31.5913,0.90351,0.288958
dncnn_baseline,mid,549,Viral,34.5162,0.904952,0.318382
dncnn_baseline,mid,550,Viral,34.2768,0.904136,0.332795
dncnn_baseline,mid,551,Viral,32.4381,0.909337,0.276132
dncnn_baseline,mid,552,Viral,33.1253,0.922087,0.266558
dncnn_baseline,mid,553,Viral,33.6711,0.913848,0.269616
dncnn_baseline,mid,554,Viral,32.317,0.915419,0.30091
dncnn_baseline,mid,555,Viral,31.7101,0.912444,0.261761
dncnn_baseline,mid,556,Viral,32.5677,0.905806,0.283476
dncnn_baseline,mid,557,Viral,32.9998,0.902985,0.288348
dncnn_baseline,mid,558,Viral,32.3519,0.909146,0.286419
dncnn_baseline,mid,559,Viral,33.5905,0.915343,0.30276
dncnn_baseline,mid,560,Viral,33.785,0.925421,0.266569
dncnn_baseline,mid,561,Viral,32.1072,0.900404,0.307346
dncnn_baseline,mid,562,Viral,32.3436,0.908487,0.297409
dncnn_baseline,mid,563,Viral,32.5073,0.909195,0.285301
dncnn_baseline,mid,564,Viral,32.6385,0.914092,0.304571
dncnn_baseline,mid,565,Viral,33.0982,0.915416,0.292288
dncnn_baseline,mid,566,Viral,31.8028,0.909207,0.328957
dncnn_baseline,mid,567,Viral,32.3804,0.916946,0.293119
dncnn_baseline,mid,568,Viral,31.916,0.906129,0.323462
dncnn_baseline,mid,569,Viral,32.5545,0.91081,0.285413
dncnn_baseline,mid,570,Viral,31.6256,0.909444,0.29249
dncnn_baseline,mid,571,Viral,32.982,0.912845,0.290339
dncnn_baseline,mid,572,Viral,32.0891,0.901771,0.357044
dncnn_baseline,mid,573,Viral,32.5466,0.908658,0.29963
dncnn_baseline,mid,574,Viral,34.2486,0.933461,0.343457
dncnn_baseline,mid,575,Viral,32.9101,0.915264,0.296528
dncnn_baseline,mid,576,Viral,32.3524,0.911058,0.327032
dncnn_baseline,mid,577,Viral,32.0626,0.913982,0.296347
dncnn_baseline,mid,578,Viral,33.4337,0.923957,0.250163
dncnn_baseline,mid,579,Viral,32.3518,0.914743,0.247012
dncnn_baseline,mid,580,Viral,31.976,0.91098,0.306191
dncnn_baseline,mid,581,Viral,32.1711,0.911037,0.270067
dncnn_baseline,mid,582,Viral,32.6105,0.910348,0.279502
dncnn_baseline,mid,583,Viral,33.0017,0.909323,0.286601
dncnn_baseline,mid,584,Viral,33.7625,0.913705,0.27435
dncnn_baseline,mid,585,Viral,33.5913,0.922788,0.268823
dncnn_baseline,mid,586,Viral,33.0973,0.905848,0.281791
dncnn_baseline,mid,587,Viral,33.2945,0.903356,0.314168
dncnn_baseline,mid,588,Viral,32.1401,0.902652,0.311759
dncnn_baseline,mid,589,Viral,30.0897,0.888099,0.24373
dncnn_baseline,mid,590,Viral,32.2414,0.90822,0.275129
dncnn_baseline,mid,591,Viral,31.6978,0.910846,0.25504
dncnn_baseline,mid,592,Viral,31.8714,0.910155,0.261113
dncnn_baseline,mid,593,Viral,33.6137,0.883279,0.327368
dncnn_baseline,mid,594,Viral,33.5303,0.917998,0.302749
dncnn_baseline,mid,595,Viral,33.4418,0.912597,0.279016
dncnn_baseline,mid,596,Viral,32.9892,0.919138,0.296536
dncnn_baseline,mid,597,Viral,32.9001,0.917656,0.25547
dncnn_baseline,mid,598,Viral,31.6098,0.908177,0.301276
dncnn_baseline,mid,599,Viral,31.6648,0.909834,0.263097
dncnn_baseline,mid,600,Viral,32.4792,0.904631,0.343315
dncnn_baseline,mid,601,Viral,33.0337,0.918656,0.285525
dncnn_baseline,mid,602,Viral,31.8251,0.908148,0.304543
dncnn_baseline,mid,603,Viral,32.3174,0.919352,0.256924
dncnn_baseline,mid,604,Viral,32.2069,0.913911,0.297891
dncnn_baseline,mid,605,Viral,33.6839,0.920366,0.285799
dncnn_baseline,mid,606,Viral,33.1185,0.919051,0.284699
dncnn_baseline,mid,607,Viral,33.0723,0.916895,0.297478
dncnn_baseline,mid,608,Viral,33.7865,0.923853,0.25527
dncnn_baseline,mid,609,Viral,33.3909,0.923237,0.316033
dncnn_baseline,mid,610,Viral,33.7088,0.921252,0.283758
dncnn_baseline,mid,611,Viral,31.5244,0.909697,0.296128
dncnn_baseline,mid,612,Viral,31.2593,0.900095,0.318646
dncnn_baseline,mid,613,Viral,32.2104,0.910633,0.310496
dncnn_baseline,mid,614,Viral,33.4349,0.923492,0.257425
dncnn_baseline,mid,615,Viral,33.387,0.909818,0.277667
dncnn_baseline,mid,616,Viral,33.1371,0.912954,0.28042
dncnn_baseline,mid,617,Viral,32.6546,0.909677,0.3311
dncnn_baseline,mid,618,Viral,31.8718,0.905434,0.33149
dncnn_baseline,mid,619,Viral,32.4093,0.91191,0.27469
dncnn_baseline,mid,620,Viral,32.1135,0.912342,0.277355
dncnn_baseline,mid,621,Viral,34.6864,0.929716,0.344957
dncnn_baseline,mid,622,Viral,32.7402,0.912865,0.30111
dncnn_baseline,mid,623,Viral,33.2341,0.919351,0.238941
ffdnet,mid,0,Normal,31.7895,0.907073,0.283517
ffdnet,mid,1,Normal,30.6809,0.882834,0.316853
ffdnet,mid,2,Normal,31.4071,0.897736,0.27809
ffdnet,mid,3,Normal,31.8354,0.915056,0.269897
ffdnet,mid,4,Normal,31.5419,0.884515,0.342462
ffdnet,mid,5,Normal,32.4431,0.913052,0.290947
ffdnet,mid,6,Normal,31.9445,0.903121,0.292932
ffdnet,mid,7,Normal,32.027,0.910191,0.319138
ffdnet,mid,8,Normal,30.3867,0.900221,0.287344
ffdnet,mid,9,Normal,30.7537,0.894859,0.312378
ffdnet,mid,10,Normal,31.3729,0.910316,0.261379
ffdnet,mid,11,Normal,31.3116,0.893793,0.322696
ffdnet,mid,12,Normal,31.8064,0.891875,0.313386
ffdnet,mid,13,Normal,32.9721,0.914889,0.30664
ffdnet,mid,14,Normal,32.9979,0.934782,0.203097
ffdnet,mid,15,Normal,30.9201,0.885286,0.333465
ffdnet,mid,16,Normal,32.0144,0.902612,0.338876
ffdnet,mid,17,Normal,31.7019,0.889189,0.290425
ffdnet,mid,18,Normal,31.6049,0.897529,0.268413
ffdnet,mid,19,Normal,32.1684,0.907417,0.299677
ffdnet,mid,20,Normal,33.0507,0.923289,0.274593
ffdnet,mid,21,Normal,31.7518,0.903247,0.289895
ffdnet,mid,22,Normal,32.2333,0.905274,0.278024
ffdnet,mid,23,Normal,30.9161,0.873402,0.388379
ffdnet,mid,24,Normal,31.3864,0.897543,0.292229
ffdnet,mid,25,Normal,31.8816,0.904971,0.291388
ffdnet,mid,26,Normal,30.261,0.889084,0.280264
ffdnet,mid,27,Normal,30.5642,0.886409,0.280111
ffdnet,mid,28,Normal,32.2971,0.909718,0.286597
ffdnet,mid,29,Normal,31.7205,0.902157,0.332339
ffdnet,mid,30,Normal,30.9524,0.88435,0.321704
ffdnet,mid,31,Normal,31.5582,0.902657,0.298628
ffdnet,mid,32,Normal,30.5989,0.891908,0.29976
ffdnet,mid,33,Normal,30.4459,0.882004,0.312353
ffdnet,mid,34,Normal,30.0222,0.88829,0.290772
ffdnet,mid,35,Normal,31.5188,0.899534,0.292297
ffdnet,mid,36,Normal,32.3993,0.916182,0.265988
ffdnet,mid,37,Normal,32.7462,0.917832,0.327643
ffdnet,mid,38,Normal,31.1113,0.902982,0.273534
ffdnet,mid,39,Normal,29.9638,0.879452,0.307298
ffdnet,mid,40,Normal,31.5664,0.90349,0.297281
ffdnet,mid,41,Normal,32.0101,0.896074,0.344095
ffdnet,mid,42,Normal,29.6757,0.879798,0.310811
ffdnet,mid,43,Normal,31.4786,0.8938,0.253967
ffdnet,mid,44,Normal,31.4968,0.885573,0.295158
ffdnet,mid,45,Normal,31.0102,0.898493,0.286442
ffdnet,mid,46,Normal,33.4472,0.905494,0.326618
ffdnet,mid,47,Normal,30.3212,0.889308,0.258643
ffdnet,mid,48,Normal,31.1975,0.903119,0.282243
ffdnet,mid,49,Normal,31.1697,0.896764,0.267746
ffdnet,mid,50,Normal,30.8701,0.895927,0.324185
ffdnet,mid,51,Normal,32.0906,0.906986,0.291106
ffdnet,mid,52,Normal,31.6061,0.887962,0.30888
ffdnet,mid,53,Normal,31.2425,0.903453,0.254568
ffdnet,mid,54,Normal,31.7529,0.904368,0.307233
ffdnet,mid,55,Normal,32.4649,0.902388,0.283793
ffdnet,mid,56,Normal,33.0793,0.923256,0.309653
ffdnet,mid,57,Normal,31.2215,0.886674,0.306822
ffdnet,mid,58,Normal,31.0307,0.900428,0.300602
ffdnet,mid,59,Normal,31.5038,0.900712,0.310275
ffdnet,mid,60,Normal,32.3489,0.911672,0.292459
ffdnet,mid,61,Normal,32.1488,0.914583,0.259519
ffdnet,mid,62,Normal,31.587,0.894026,0.321839
ffdnet,mid,63,Normal,31.0822,0.899839,0.282937
ffdnet,mid,64,Normal,31.66,0.895431,0.302679
ffdnet,mid,65,Normal,29.9123,0.895567,0.296246
ffdnet,mid,66,Normal,30.4821,0.887738,0.310107
ffdnet,mid,67,Normal,30.184,0.886711,0.303451
ffdnet,mid,68,Normal,30.1682,0.881748,0.312788
ffdnet,mid,69,Normal,31.2276,0.891045,0.314848
ffdnet,mid,70,Normal,32.8452,0.918761,0.291489
ffdnet,mid,71,Normal,32.9959,0.907383,0.318038
ffdnet,mid,72,Normal,32.0401,0.90994,0.307934
ffdnet,mid,73,Normal,32.5635,0.911853,0.286439
ffdnet,mid,74,Normal,32.0997,0.902702,0.363311
ffdnet,mid,75,Normal,30.8681,0.894574,0.318715
ffdnet,mid,76,Normal,30.9184,0.889059,0.297591
ffdnet,mid,77,Normal,31.0256,0.90194,0.265943
ffdnet,mid,78,Normal,32.2567,0.907758,0.304055
ffdnet,mid,79,Normal,31.4254,0.90817,0.273565
ffdnet,mid,80,Normal,32.9094,0.908978,0.318903
ffdnet,mid,81,Normal,31.8392,0.906156,0.302838
ffdnet,mid,82,Normal,30.4129,0.889269,0.310651
ffdnet,mid,83,Normal,30.8837,0.894004,0.286224
ffdnet,mid,84,Normal,31.1776,0.905584,0.290965
ffdnet,mid,85,Normal,33.2565,0.914834,0.309761
ffdnet,mid,86,Normal,31.7099,0.90352,0.276229
ffdnet,mid,87,Normal,31.8465,0.899256,0.295192
ffdnet,mid,88,Normal,30.776,0.906069,0.298142
ffdnet,mid,89,Normal,31.7289,0.896567,0.321906
ffdnet,mid,90,Normal,31.5744,0.909527,0.25766
ffdnet,mid,91,Normal,30.7854,0.891846,0.266892
ffdnet,mid,92,Normal,32.7269,0.924587,0.26558
ffdnet,mid,93,Normal,31.1185,0.896373,0.322238
ffdnet,mid,94,Normal,31.6623,0.902767,0.29949
ffdnet,mid,95,Normal,30.7627,0.88647,0.304616
ffdnet,mid,96,Normal,31.1142,0.896077,0.293985
ffdnet,mid,97,Normal,30.3255,0.891467,0.305453
ffdnet,mid,98,Normal,30.7996,0.899031,0.273906
ffdnet,mid,99,Normal,31.7764,0.912378,0.306742
ffdnet,mid,100,Normal,31.9486,0.902446,0.322619
ffdnet,mid,101,Normal,30.6803,0.894316,0.300705
ffdnet,mid,102,Normal,31.7558,0.891752,0.267868
ffdnet,mid,103,Normal,31.9595,0.898997,0.29262
ffdnet,mid,104,Normal,30.8035,0.895285,0.273082
ffdnet,mid,105,Normal,31.6204,0.912822,0.252073
ffdnet,mid,106,Normal,31.8359,0.904751,0.297857
ffdnet,mid,107,Normal,31.3702,0.901437,0.298635
ffdnet,mid,108,Normal,30.5964,0.873968,0.330754
ffdnet,mid,109,Normal,31.2052,0.893634,0.312817
ffdnet,mid,110,Normal,31.8088,0.902922,0.280543
ffdnet,mid,111,Normal,32.2766,0.886509,0.303876
ffdnet,mid,112,Normal,30.1286,0.887087,0.30311
ffdnet,mid,113,Normal,30.6399,0.876502,0.325053
ffdnet,mid,114,Normal,31.1233,0.880736,0.32719
ffdnet,mid,115,Normal,31.2336,0.90268,0.272689
ffdnet,mid,116,Normal,30.3966,0.890462,0.26058
ffdnet,mid,117,Normal,31.8455,0.911786,0.268046
ffdnet,mid,118,Normal,31.198,0.894192,0.293718
ffdnet,mid,119,Normal,32.648,0.918163,0.297634
ffdnet,mid,120,Normal,31.6066,0.916731,0.232764
ffdnet,mid,121,Normal,32.0133,0.910349,0.270498
ffdnet,mid,122,Normal,32.1735,0.916789,0.264923
ffdnet,mid,123,Normal,31.965,0.901509,0.282655
ffdnet,mid,124,Normal,31.5795,0.895847,0.297924
ffdnet,mid,125,Normal,30.5558,0.888526,0.29587
ffdnet,mid,126,Normal,32.3019,0.907142,0.3099
ffdnet,mid,127,Normal,30.6341,0.874904,0.34238
ffdnet,mid,128,Normal,30.5684,0.890912,0.294938
ffdnet,mid,129,Normal,31.7122,0.908543,0.261323
ffdnet,mid,130,Normal,31.3836,0.904704,0.265044
ffdnet,mid,131,Normal,31.0934,0.902013,0.295534
ffdnet,mid,132,Normal,30.8254,0.899435,0.311889
ffdnet,mid,133,Normal,31.3271,0.903383,0.291405
ffdnet,mid,134,Normal,32.3808,0.909183,0.311368
ffdnet,mid,135,Normal,31.8488,0.899664,0.27151
ffdnet,mid,136,Normal,30.9153,0.904507,0.289171
ffdnet,mid,137,Normal,30.7931,0.898035,0.277302
ffdnet,mid,138,Normal,31.8393,0.907653,0.272525
ffdnet,mid,139,Normal,30.2624,0.887112,0.290452
ffdnet,mid,140,Normal,30.8134,0.88915,0.303185
ffdnet,mid,141,Normal,31.7874,0.903463,0.326744
ffdnet,mid,142,Normal,30.4636,0.884879,0.316979
ffdnet,mid,143,Normal,32.531,0.917382,0.274277
ffdnet,mid,144,Normal,31.2541,0.907036,0.291757
ffdnet,mid,145,Normal,30.7368,0.903437,0.249564
ffdnet,mid,146,Normal,30.6281,0.888685,0.287177
ffdnet,mid,147,Normal,31.0298,0.888322,0.323555
ffdnet,mid,148,Normal,31.9452,0.907723,0.291934
ffdnet,mid,149,Normal,31.1734,0.907463,0.262609
ffdnet,mid,150,Normal,31.6714,0.894303,0.329734
ffdnet,mid,151,Normal,30.8463,0.880611,0.346708
ffdnet,mid,152,Normal,30.3199,0.870687,0.32279
ffdnet,mid,153,Normal,31.5981,0.907065,0.301292
ffdnet,mid,154,Normal,32.6668,0.911398,0.321904
ffdnet,mid,155,Normal,30.7612,0.884,0.296405
ffdnet,mid,156,Normal,30.9803,0.887636,0.296793
ffdnet,mid,157,Normal,31.9699,0.909021,0.253383
ffdnet,mid,158,Normal,30.9983,0.902725,0.298207
ffdnet,mid,159,Normal,32.4245,0.914931,0.302155
ffdnet,mid,160,Normal,32.787,0.913822,0.328811
ffdnet,mid,161,Normal,32.024,0.90292,0.29521
ffdnet,mid,162,Normal,31.665,0.900977,0.272181
ffdnet,mid,163,Normal,32.1236,0.899281,0.303635
ffdnet,mid,164,Normal,33.2218,0.923711,0.331002
ffdnet,mid,165,Normal,32.9019,0.899084,0.404894
ffdnet,mid,166,Normal,32.6331,0.902519,0.293307
ffdnet,mid,167,Normal,30.9843,0.87906,0.388928
ffdnet,mid,168,Normal,31.009,0.905867,0.274295
ffdnet,mid,169,Normal,28.8904,0.873963,0.296099
ffdnet,mid,170,Normal,31.0659,0.885305,0.313437
ffdnet,mid,171,Normal,31.4496,0.898842,0.303468
ffdnet,mid,172,Normal,31.3832,0.888893,0.310755
ffdnet,mid,173,Normal,31.1185,0.883718,0.342041
ffdnet,mid,174,Normal,32.3819,0.911251,0.29455
ffdnet,mid,175,Normal,31.7204,0.903747,0.28093
ffdnet,mid,176,Normal,31.7514,0.913429,0.287818
ffdnet,mid,177,Normal,30.7072,0.879682,0.316812
ffdnet,mid,178,Normal,31.1271,0.888447,0.366851
ffdnet,mid,179,Normal,30.5924,0.869006,0.351955
ffdnet,mid,180,Normal,29.6963,0.875479,0.307604
ffdnet,mid,181,Normal,31.8389,0.904474,0.302581
ffdnet,mid,182,Normal,32.5561,0.90146,0.30681
ffdnet,mid,183,Normal,31.6012,0.903511,0.284666
ffdnet,mid,184,Normal,31.3158,0.902045,0.299208
ffdnet,mid,185,Normal,31.986,0.900432,0.282413
ffdnet,mid,186,Normal,30.6207,0.887793,0.316189
ffdnet,mid,187,Normal,32.0391,0.90945,0.302807
ffdnet,mid,188,Normal,32.4553,0.897678,0.303166
ffdnet,mid,189,Normal,31.8733,0.89098,0.300901
ffdnet,mid,190,Normal,30.4612,0.884918,0.300077
ffdnet,mid,191,Normal,32.1069,0.906893,0.277146
ffdnet,mid,192,Normal,33.2113,0.91391,0.355704
ffdnet,mid,193,Normal,30.7869,0.900889,0.269253
ffdnet,mid,194,Normal,30.8127,0.887897,0.321744
ffdnet,mid,195,Normal,31.05,0.895941,0.301031
ffdnet,mid,196,Normal,31.6415,0.891612,0.294344
ffdnet,mid,197,Normal,31.6033,0.897519,0.297787
ffdnet,mid,198,Normal,32.3138,0.910215,0.30623
ffdnet,mid,199,Normal,30.4895,0.884109,0.293178
ffdnet,mid,200,Normal,31.3758,0.9006,0.299879
ffdnet,mid,201,Normal,31.8746,0.908198,0.278409
ffdnet,mid,202,Normal,31.2813,0.897425,0.324087
ffdnet,mid,203,Normal,31.4906,0.904618,0.286129
ffdnet,mid,204,Normal,30.5664,0.895632,0.297807
ffdnet,mid,205,Normal,32.388,0.901501,0.302845
ffdnet,mid,206,Normal,32.9281,0.918741,0.268992
ffdnet,mid,207,Normal,32.2955,0.893883,0.293185
ffdnet,mid,208,Normal,31.224,0.900394,0.295851
ffdnet,mid,209,Normal,30.7105,0.902019,0.289882
ffdnet,mid,210,Normal,31.1339,0.885077,0.345426
ffdnet,mid,211,Normal,31.6479,0.90785,0.271657
ffdnet,mid,212,Normal,32.0362,0.906616,0.298389
ffdnet,mid,213,Normal,31.8143,0.904495,0.321435
ffdnet,mid,214,Normal,31.3313,0.892439,0.292751
ffdnet,mid,215,Normal,31.3893,0.88114,0.359319
ffdnet,mid,216,Normal,30.9839,0.899229,0.299898
ffdnet,mid,217,Normal,32.0638,0.894166,0.399337
ffdnet,mid,218,Normal,31.1164,0.882546,0.331611
ffdnet,mid,219,Normal,31.1722,0.898188,0.306629
ffdnet,mid,220,Normal,33.2329,0.908721,0.32446
ffdnet,mid,221,Normal,31.8489,0.910944,0.247627
ffdnet,mid,222,Normal,31.3464,0.899213,0.260992
ffdnet,mid,223,Normal,31.2375,0.89781,0.321122
ffdnet,mid,224,Normal,31.9506,0.910766,0.257688
ffdnet,mid,225,Normal,30.2221,0.860699,0.351037
ffdnet,mid,226,Normal,32.4836,0.911936,0.288943
ffdnet,mid,227,Normal,30.7431,0.89891,0.305006
ffdnet,mid,228,Normal,32.853,0.907579,0.289133
ffdnet,mid,229,Normal,30.8498,0.898114,0.276685
ffdnet,mid,230,Normal,31.0358,0.897615,0.314814
ffdnet,mid,231,Normal,31.3263,0.886789,0.323384
ffdnet,mid,232,Normal,32.3684,0.908317,0.299247
ffdnet,mid,233,Normal,31.8762,0.899081,0.317076
ffdnet,mid,234,Bacterial,32.7252,0.905139,0.405528
ffdnet,mid,235,Bacterial,31.3752,0.897805,0.365699
ffdnet,mid,236,Bacterial,33.0386,0.905112,0.366992
ffdnet,mid,237,Bacterial,32.7917,0.90651,0.36178
ffdnet,mid,238,Bacterial,33.777,0.906619,0.388917
ffdnet,mid,239,Bacterial,32.6513,0.910066,0.336019
ffdnet,mid,240,Bacterial,33.0845,0.902161,0.368568
ffdnet,mid,241,Bacterial,32.0353,0.89566,0.37864
ffdnet,mid,242,Bacterial,33.3386,0.907352,0.357
ffdnet,mid,243,Bacterial,32.1131,0.890933,0.391237
ffdnet,mid,244,Bacterial,31.1825,0.885825,0.289788
ffdnet,mid,245,Bacterial,31.9887,0.910825,0.284702
ffdnet,mid,246,Bacterial,32.3079,0.914925,0.330307
ffdnet,mid,247,Bacterial,31.7695,0.906259,0.346416
ffdnet,mid,248,Bacterial,33.5791,0.909896,0.323337
ffdnet,mid,249,Bacterial,33.8076,0.911668,0.373884
ffdnet,mid,250,Bacterial,33.1017,0.893046,0.394018
ffdnet,mid,251,Bacterial,31.34,0.893828,0.280839
ffdnet,mid,252,Bacterial,33.5617,0.899569,0.376021
ffdnet,mid,253,Bacterial,32.6842,0.907394,0.371928
ffdnet,mid,254,Bacterial,31.6105,0.886599,0.29674
ffdnet,mid,255,Bacterial,32.2861,0.903754,0.333149
ffdnet,mid,256,Bacterial,31.7086,0.893607,0.336162
ffdnet,mid,257,Bacterial,32.5886,0.907078,0.351776
ffdnet,mid,258,Bacterial,32.6366,0.890482,0.394778
ffdnet,mid,259,Bacterial,32.9987,0.909422,0.360965
ffdnet,mid,260,Bacterial,33.1545,0.917376,0.333084
ffdnet,mid,261,Bacterial,31.0696,0.89136,0.253034
ffdnet,mid,262,Bacterial,34.1954,0.910561,0.343134
ffdnet,mid,263,Bacterial,33.8029,0.915237,0.353413
ffdnet,mid,264,Bacterial,33.5769,0.90138,0.360066
ffdnet,mid,265,Bacterial,33.9116,0.917789,0.359458
ffdnet,mid,266,Bacterial,33.4968,0.907134,0.355289
ffdnet,mid,267,Bacterial,32.4004,0.892802,0.341858
ffdnet,mid,268,Bacterial,33.3442,0.903054,0.36532
ffdnet,mid,269,Bacterial,33.0124,0.914047,0.337946
ffdnet,mid,270,Bacterial,33.6033,0.923475,0.329809
ffdnet,mid,271,Bacterial,33.0216,0.911162,0.285966
ffdnet,mid,272,Bacterial,33.5777,0.918765,0.351568
ffdnet,mid,273,Bacterial,33.3196,0.911434,0.362676
ffdnet,mid,274,Bacterial,32.0621,0.893829,0.33257
ffdnet,mid,275,Bacterial,31.3771,0.893435,0.381469
ffdnet,mid,276,Bacterial,30.8832,0.889132,0.267124
ffdnet,mid,277,Bacterial,32.3025,0.89178,0.377719
ffdnet,mid,278,Bacterial,32.7589,0.899892,0.355494
ffdnet,mid,279,Bacterial,32.6516,0.902736,0.338283
ffdnet,mid,280,Bacterial,33.2676,0.89574,0.347043
ffdnet,mid,281,Bacterial,32.5025,0.883031,0.377435
ffdnet,mid,282,Bacterial,31.7282,0.89334,0.369392
ffdnet,mid,283,Bacterial,32.8967,0.899481,0.357039
ffdnet,mid,284,Bacterial,31.318,0.895321,0.383551
ffdnet,mid,285,Bacterial,33.8649,0.905889,0.387485
ffdnet,mid,286,Bacterial,32.0663,0.908323,0.357119
ffdnet,mid,287,Bacterial,32.0232,0.893766,0.34819
ffdnet,mid,288,Bacterial,33.4546,0.907757,0.354607
ffdnet,mid,289,Bacterial,32.2969,0.889608,0.362117
ffdnet,mid,290,Bacterial,33.8489,0.915507,0.35474
ffdnet,mid,291,Bacterial,32.6317,0.898577,0.355336
ffdnet,mid,292,Bacterial,32.0873,0.894567,0.286468
ffdnet,mid,293,Bacterial,33.4939,0.908023,0.349569
ffdnet,mid,294,Bacterial,32.9034,0.911593,0.341255
ffdnet,mid,295,Bacterial,31.8836,0.906263,0.315128
ffdnet,mid,296,Bacterial,33.3374,0.91431,0.325269
ffdnet,mid,297,Bacterial,32.5007,0.909336,0.31798
ffdnet,mid,298,Bacterial,30.5451,0.875362,0.366994
ffdnet,mid,299,Bacterial,31.3522,0.893168,0.378576
ffdnet,mid,300,Bacterial,31.0972,0.89685,0.340306
ffdnet,mid,301,Bacterial,30.8836,0.883624,0.301618
ffdnet,mid,302,Bacterial,32.1437,0.894489,0.322613
ffdnet,mid,303,Bacterial,31.7874,0.909515,0.3474
ffdnet,mid,304,Bacterial,32.794,0.904418,0.360071
ffdnet,mid,305,Bacterial,33.7177,0.911252,0.349745
ffdnet,mid,306,Bacterial,32.3369,0.908184,0.340833
ffdnet,mid,307,Bacterial,32.2997,0.909508,0.340274
ffdnet,mid,308,Bacterial,31.9503,0.894011,0.316212
ffdnet,mid,309,Bacterial,32.3261,0.903378,0.333437
ffdnet,mid,310,Bacterial,30.8446,0.890377,0.287466
ffdnet,mid,311,Bacterial,32.4969,0.902279,0.33721
ffdnet,mid,312,Bacterial,31.3009,0.903075,0.311863
ffdnet,mid,313,Bacterial,33.0714,0.900987,0.383619
ffdnet,mid,314,Bacterial,31.8943,0.884867,0.302366
ffdnet,mid,315,Bacterial,34.022,0.923572,0.376795
ffdnet,mid,316,Bacterial,33.616,0.910499,0.377806
ffdnet,mid,317,Bacterial,33.4018,0.906761,0.413103
ffdnet,mid,318,Bacterial,32.8383,0.906434,0.378003
ffdnet,mid,319,Bacterial,32.615,0.889965,0.382393
ffdnet,mid,320,Bacterial,33.3973,0.899996,0.40704
ffdnet,mid,321,Bacterial,30.4487,0.899245,0.333967
ffdnet,mid,322,Bacterial,32.1384,0.905451,0.332887
ffdnet,mid,323,Bacterial,32.0111,0.910072,0.291087
ffdnet,mid,324,Bacterial,31.2492,0.909126,0.293612
ffdnet,mid,325,Bacterial,31.0567,0.905396,0.269796
ffdnet,mid,326,Bacterial,32.1864,0.908719,0.337662
ffdnet,mid,327,Bacterial,32.8904,0.910636,0.319435
ffdnet,mid,328,Bacterial,33.1931,0.917544,0.348103
ffdnet,mid,329,Bacterial,32.5777,0.907809,0.236399
ffdnet,mid,330,Bacterial,33.8116,0.904401,0.375709
ffdnet,mid,331,Bacterial,32.9243,0.915889,0.340285
ffdnet,mid,332,Bacterial,33.8878,0.915801,0.357563
ffdnet,mid,333,Bacterial,33.7889,0.918342,0.339649
ffdnet,mid,334,Bacterial,33.8545,0.91951,0.336851
ffdnet,mid,335,Bacterial,31.609,0.892392,0.324112
ffdnet,mid,336,Bacterial,33.4514,0.915985,0.334274
ffdnet,mid,337,Bacterial,32.5847,0.900424,0.364164
ffdnet,mid,338,Bacterial,33.3745,0.904411,0.371965
ffdnet,mid,339,Bacterial,31.8418,0.896957,0.28492
ffdnet,mid,340,Bacterial,33.449,0.904359,0.355126
ffdnet,mid,341,Bacterial,32.3838,0.909829,0.359997
ffdnet,mid,342,Bacterial,32.4754,0.903834,0.353194
ffdnet,mid,343,Bacterial,33.0977,0.906407,0.394841
ffdnet,mid,344,Bacterial,33.824,0.915957,0.342104
ffdnet,mid,345,Bacterial,32.4852,0.906643,0.382692
ffdnet,mid,346,Bacterial,31.451,0.894431,0.35923
ffdnet,mid,347,Bacterial,33.1556,0.914028,0.351246
ffdnet,mid,348,Bacterial,32.7791,0.900746,0.369809
ffdnet,mid,349,Bacterial,34.0198,0.913833,0.366316
ffdnet,mid,350,Bacterial,34.1823,0.91581,0.377806
ffdnet,mid,351,Bacterial,31.4277,0.898449,0.290956
ffdnet,mid,352,Bacterial,33.2126,0.910195,0.345104
ffdnet,mid,353,Bacterial,32.7768,0.915151,0.325283
ffdnet,mid,354,Bacterial,33.8396,0.903386,0.408525
ffdnet,mid,355,Bacterial,33.1903,0.900748,0.334176
ffdnet,mid,356,Bacterial,32.9029,0.904079,0.330888
ffdnet,mid,357,Bacterial,33.1339,0.897462,0.364591
ffdnet,mid,358,Bacterial,33.1914,0.904155,0.404124
ffdnet,mid,359,Bacterial,32.1087,0.899002,0.260251
ffdnet,mid,360,Bacterial,32.4971,0.91078,0.33899
ffdnet,mid,361,Bacterial,33.6806,0.914853,0.331116
ffdnet,mid,362,Bacterial,33.2048,0.914462,0.37084
ffdnet,mid,363,Bacterial,32.1171,0.92257,0.291538
ffdnet,mid,364,Bacterial,33.7948,0.910757,0.340192
ffdnet,mid,365,Bacterial,30.7412,0.895854,0.318251
ffdnet,mid,366,Bacterial,33.2993,0.91175,0.367361
ffdnet,mid,367,Bacterial,32.1217,0.90526,0.246416
ffdnet,mid,368,Bacterial,32.7825,0.898204,0.331195
ffdnet,mid,369,Bacterial,31.7708,0.896664,0.281181
ffdnet,mid,370,Bacterial,30.3321,0.888274,0.289147
ffdnet,mid,371,Bacterial,32.8515,0.910255,0.322553
ffdnet,mid,372,Bacterial,32.2596,0.890661,0.412148
ffdnet,mid,373,Bacterial,33.0483,0.908847,0.35188
ffdnet,mid,374,Bacterial,32.0274,0.899869,0.348388
ffdnet,mid,375,Bacterial,32.5289,0.906521,0.362537
ffdnet,mid,376,Bacterial,31.5099,0.907265,0.341644
ffdnet,mid,377,Bacterial,32.5713,0.906438,0.370791
ffdnet,mid,378,Bacterial,32.0777,0.893955,0.271316
ffdnet,mid,379,Bacterial,32.6428,0.906917,0.330551
ffdnet,mid,380,Bacterial,33.0409,0.918855,0.344272
ffdnet,mid,381,Bacterial,30.8403,0.894435,0.268412
ffdnet,mid,382,Bacterial,32.3244,0.901772,0.350562
ffdnet,mid,383,Bacterial,31.2492,0.885699,0.312374
ffdnet,mid,384,Bacterial,30.9551,0.893368,0.263555
ffdnet,mid,385,Bacterial,30.7654,0.894307,0.297506
ffdnet,mid,386,Bacterial,32.9096,0.911555,0.32587
ffdnet,mid,387,Bacterial,32.9551,0.913767,0.306033
ffdnet,mid,388,Bacterial,31.6088,0.908316,0.222943
ffdnet,mid,389,Bacterial,30.9327,0.892542,0.301858
ffdnet,mid,390,Bacterial,32.718,0.899123,0.326932
ffdnet,mid,391,Bacterial,31.4854,0.900657,0.386345
ffdnet,mid,392,Bacterial,32.8941,0.907795,0.36326
ffdnet,mid,393,Bacterial,32.8253,0.899094,0.395068
ffdnet,mid,394,Bacterial,32.9746,0.911042,0.35934
ffdnet,mid,395,Bacterial,32.7503,0.90717,0.346075
ffdnet,mid,396,Bacterial,31.1253,0.874568,0.368872
ffdnet,mid,397,Bacterial,34.1967,0.904779,0.38186
ffdnet,mid,398,Bacterial,33.5192,0.907209,0.375154
ffdnet,mid,399,Bacterial,31.7564,0.902979,0.352879
ffdnet,mid,400,Bacterial,31.9464,0.89325,0.354001
ffdnet,mid,401,Bacterial,30.994,0.884874,0.294317
ffdnet,mid,402,Bacterial,33.5206,0.904582,0.384053
ffdnet,mid,403,Bacterial,32.2657,0.907659,0.332267
ffdnet,mid,404,Bacterial,32.4927,0.895813,0.353123
ffdnet,mid,405,Bacterial,32.3878,0.900493,0.320015
ffdnet,mid,406,Bacterial,34.3838,0.917691,0.333683
ffdnet,mid,407,Bacterial,32.2865,0.911347,0.350072
ffdnet,mid,408,Bacterial,32.5961,0.90681,0.330289
ffdnet,mid,409,Bacterial,31.7337,0.894112,0.296032
ffdnet,mid,410,Bacterial,30.8756,0.886727,0.291769
ffdnet,mid,411,Bacterial,32.1994,0.890092,0.342369
ffdnet,mid,412,Bacterial,33.0868,0.897306,0.353315
ffdnet,mid,413,Bacterial,31.0654,0.879061,0.273768
ffdnet,mid,414,Bacterial,33.7403,0.910653,0.360436
ffdnet,mid,415,Bacterial,32.7192,0.900621,0.37929
ffdnet,mid,416,Bacterial,34.2312,0.915904,0.356591
ffdnet,mid,417,Bacterial,33.0845,0.898767,0.300301
ffdnet,mid,418,Bacterial,33.404,0.909758,0.325045
ffdnet,mid,419,Bacterial,32.4086,0.90744,0.275282
ffdnet,mid,420,Bacterial,32.7171,0.913777,0.335728
ffdnet,mid,421,Bacterial,32.0303,0.902668,0.366385
ffdnet,mid,422,Bacterial,32.3731,0.898525,0.358506
ffdnet,mid,423,Bacterial,32.7887,0.910381,0.372485
ffdnet,mid,424,Bacterial,32.686,0.909477,0.383942
ffdnet,mid,425,Bacterial,33.3548,0.906057,0.365075
ffdnet,mid,426,Bacterial,34.6586,0.910143,0.38928
ffdnet,mid,427,Bacterial,34.3633,0.908003,0.423319
ffdnet,mid,428,Bacterial,33.5439,0.907635,0.419115
ffdnet,mid,429,Bacterial,31.6265,0.899273,0.309965
ffdnet,mid,430,Bacterial,33.7688,0.915149,0.324099
ffdnet,mid,431,Bacterial,33.9795,0.902509,0.383671
ffdnet,mid,432,Bacterial,33.4893,0.908647,0.342418
ffdnet,mid,433,Bacterial,32.1062,0.892218,0.365911
ffdnet,mid,434,Bacterial,32.8515,0.907252,0.330155
ffdnet,mid,435,Bacterial,32.2979,0.905912,0.31666
ffdnet,mid,436,Bacterial,31.658,0.899366,0.238545
ffdnet,mid,437,Bacterial,33.6207,0.893017,0.349517
ffdnet,mid,438,Bacterial,31.4653,0.888906,0.347154
ffdnet,mid,439,Bacterial,32.4855,0.899651,0.358615
ffdnet,mid,440,Bacterial,31.5521,0.895209,0.342869
ffdnet,mid,441,Bacterial,31.5029,0.894603,0.311105
ffdnet,mid,442,Bacterial,33.1524,0.909614,0.35207
ffdnet,mid,443,Bacterial,33.2971,0.91018,0.346363
ffdnet,mid,444,Bacterial,32.7745,0.906944,0.312912
ffdnet,mid,445,Bacterial,32.9842,0.906896,0.372295
ffdnet,mid,446,Bacterial,32.695,0.907589,0.359964
ffdnet,mid,447,Bacterial,33.638,0.903699,0.37485
ffdnet,mid,448,Bacterial,33.5595,0.914932,0.374341
ffdnet,mid,449,Bacterial,31.6749,0.88835,0.310398
ffdnet,mid,450,Bacterial,32.268,0.903709,0.338481
ffdnet,mid,451,Bacterial,30.9721,0.885472,0.275067
ffdnet,mid,452,Bacterial,32.1158,0.904909,0.343904
ffdnet,mid,453,Bacterial,33.4721,0.910951,0.354212
ffdnet,mid,454,Bacterial,31.9259,0.909935,0.331668
ffdnet,mid,455,Bacterial,33.7624,0.915647,0.390105
ffdnet,mid,456,Bacterial,30.7869,0.88577,0.339145
ffdnet,mid,457,Bacterial,33.3956,0.909604,0.369606
ffdnet,mid,458,Bacterial,33.4985,0.914277,0.330936
ffdnet,mid,459,Bacterial,34.0445,0.911161,0.377556
ffdnet,mid,460,Bacterial,32.6359,0.906591,0.323281
ffdnet,mid,461,Bacterial,32.3973,0.908695,0.301555
ffdnet,mid,462,Bacterial,31.7097,0.895687,0.292186
ffdnet,mid,463,Bacterial,33.5757,0.907975,0.359076
ffdnet,mid,464,Bacterial,32.1376,0.898332,0.34485
ffdnet,mid,465,Bacterial,33.5794,0.913411,0.345155
ffdnet,mid,466,Bacterial,32.7885,0.902342,0.334688
ffdnet,mid,467,Bacterial,32.7684,0.898631,0.387353
ffdnet,mid,468,Bacterial,32.4837,0.908148,0.35238
ffdnet,mid,469,Bacterial,33.6122,0.901196,0.360082
ffdnet,mid,470,Bacterial,32.6599,0.900451,0.362003
ffdnet,mid,471,Bacterial,31.851,0.890855,0.285328
ffdnet,mid,472,Bacterial,32.3247,0.902688,0.262202
ffdnet,mid,473,Bacterial,30.0876,0.885739,0.363618
ffdnet,mid,474,Bacterial,31.6813,0.910471,0.317664
ffdnet,mid,475,Bacterial,30.9515,0.885919,0.284234
ffdnet,mid,476,Viral,31.8946,0.908135,0.343773
ffdnet,mid,477,Viral,31.8374,0.906205,0.335436
ffdnet,mid,478,Viral,32.173,0.915417,0.316028
ffdnet,mid,479,Viral,32.8844,0.906684,0.318948
ffdnet,mid,480,Viral,33.8124,0.906446,0.383639
ffdnet,mid,481,Viral,32.0819,0.914023,0.34446
ffdnet,mid,482,Viral,31.4201,0.886206,0.287212
ffdnet,mid,483,Viral,32.9752,0.903958,0.352877
ffdnet,mid,484,Viral,32.4974,0.904334,0.392222
ffdnet,mid,485,Viral,32.3352,0.906378,0.357154
ffdnet,mid,486,Viral,33.2801,0.899154,0.405475
ffdnet,mid,487,Viral,32.7501,0.902384,0.336162
ffdnet,mid,488,Viral,31.7314,0.908679,0.299322
ffdnet,mid,489,Viral,32.6769,0.90812,0.326754
ffdnet,mid,490,Viral,32.7362,0.907687,0.353118
ffdnet,mid,491,Viral,32.0694,0.904694,0.327266
ffdnet,mid,492,Viral,31.7445,0.902708,0.354345
ffdnet,mid,493,Viral,32.4822,0.908157,0.329148
ffdnet,mid,494,Viral,32.2445,0.904209,0.33439
ffdnet,mid,495,Viral,31.297,0.900823,0.340649
ffdnet,mid,496,Viral,32.9571,0.903344,0.34295
ffdnet,mid,497,Viral,31.7013,0.910244,0.269937
ffdnet,mid,498,Viral,33.289,0.917948,0.323382
ffdnet,mid,499,Viral,33.1189,0.89766,0.330631
ffdnet,mid,500,Viral,31.8447,0.893996,0.381921
ffdnet,mid,501,Viral,31.0655,0.901708,0.27907
ffdnet,mid,502,Viral,32.1348,0.907479,0.337392
ffdnet,mid,503,Viral,31.2459,0.90842,0.316497
ffdnet,mid,504,Viral,31.7251,0.899446,0.323505
ffdnet,mid,505,Viral,33.2002,0.916225,0.272586
ffdnet,mid,506,Viral,31.9181,0.890234,0.345068
ffdnet,mid,507,Viral,31.1723,0.885378,0.295984
ffdnet,mid,508,Viral,33.2035,0.911521,0.369362
ffdnet,mid,509,Viral,31.168,0.892738,0.357148
ffdnet,mid,510,Viral,29.8353,0.891684,0.299176
ffdnet,mid,511,Viral,31.6118,0.904493,0.329168
ffdnet,mid,512,Viral,33.5722,0.913529,0.329044
ffdnet,mid,513,Viral,30.9505,0.900775,0.314979
ffdnet,mid,514,Viral,30.8954,0.901992,0.28282
ffdnet,mid,515,Viral,32.6598,0.906642,0.314838
ffdnet,mid,516,Viral,33.2887,0.910686,0.310099
ffdnet,mid,517,Viral,30.9657,0.898995,0.351012
ffdnet,mid,518,Viral,31.4334,0.894394,0.258902
ffdnet,mid,519,Viral,32.9776,0.931579,0.249856
ffdnet,mid,520,Viral,32.79,0.914593,0.318103
ffdnet,mid,521,Viral,31.7968,0.909804,0.293352
ffdnet,mid,522,Viral,33.2415,0.91704,0.291777
ffdnet,mid,523,Viral,33.1302,0.918566,0.319209
ffdnet,mid,524,Viral,33.4717,0.918505,0.341531
ffdnet,mid,525,Viral,33.3603,0.919163,0.291899
ffdnet,mid,526,Viral,33.0229,0.911641,0.344097
ffdnet,mid,527,Viral,32.8982,0.902846,0.364158
ffdnet,mid,528,Viral,32.6703,0.910384,0.324271
ffdnet,mid,529,Viral,31.0404,0.871077,0.357566
ffdnet,mid,530,Viral,32.3973,0.903924,0.347937
ffdnet,mid,531,Viral,32.0681,0.912358,0.294951
ffdnet,mid,532,Viral,31.817,0.90416,0.353217
ffdnet,mid,533,Viral,31.5077,0.905384,0.305864
ffdnet,mid,534,Viral,30.6388,0.898111,0.339114
ffdnet,mid,535,Viral,31.5745,0.90863,0.301107
ffdnet,mid,536,Viral,33.4422,0.902429,0.349801
ffdnet,mid,537,Viral,32.1947,0.9056,0.357133
ffdnet,mid,538,Viral,33.5435,0.911606,0.378326
ffdnet,mid,539,Viral,32.0572,0.909638,0.277343
ffdnet,mid,540,Viral,32.3256,0.906,0.333934
ffdnet,mid,541,Viral,31.4733,0.901699,0.345255
ffdnet,mid,542,Viral,33.4471,0.918611,0.289322
ffdnet,mid,543,Viral,34.3112,0.917408,0.333513
ffdnet,mid,544,Viral,30.7167,0.898248,0.306705
ffdnet,mid,545,Viral,30.8049,0.904369,0.302067
ffdnet,mid,546,Viral,33.2086,0.908302,0.34086
ffdnet,mid,547,Viral,33.0811,0.910216,0.349604
ffdnet,mid,548,Viral,31.0105,0.899448,0.322403
ffdnet,mid,549,Viral,34.4021,0.899721,0.388711
ffdnet,mid,550,Viral,34.1653,0.897127,0.40067
ffdnet,mid,551,Viral,32.3033,0.906065,0.314503
ffdnet,mid,552,Viral,32.9065,0.918398,0.325455
ffdnet,mid,553,Viral,33.6384,0.911021,0.303727
ffdnet,mid,554,Viral,32.1288,0.91171,0.321578
ffdnet,mid,555,Viral,30.9686,0.907813,0.311233
ffdnet,mid,556,Viral,32.4666,0.902254,0.314939
ffdnet,mid,557,Viral,32.8091,0.897558,0.328846
ffdnet,mid,558,Viral,32.021,0.906287,0.319676
ffdnet,mid,559,Viral,33.2545,0.909589,0.357864
ffdnet,mid,560,Viral,33.594,0.92306,0.289076
ffdnet,mid,561,Viral,31.0714,0.892125,0.33174
ffdnet,mid,562,Viral,32.0251,0.905011,0.322887
ffdnet,mid,563,Viral,32.3212,0.905324,0.319262
ffdnet,mid,564,Viral,32.4356,0.910222,0.330149
ffdnet,mid,565,Viral,32.9318,0.910902,0.345855
ffdnet,mid,566,Viral,31.5746,0.904952,0.365732
ffdnet,mid,567,Viral,31.882,0.911853,0.330954
ffdnet,mid,568,Viral,31.8344,0.90162,0.35274
ffdnet,mid,569,Viral,32.3783,0.906819,0.341259
ffdnet,mid,570,Viral,31.4918,0.90501,0.331876
ffdnet,mid,571,Viral,32.7606,0.908834,0.316553
ffdnet,mid,572,Viral,31.9498,0.897557,0.377215
ffdnet,mid,573,Viral,32.4235,0.904652,0.310573
ffdnet,mid,574,Viral,34.0141,0.928961,0.349235
ffdnet,mid,575,Viral,32.7197,0.910959,0.330931
ffdnet,mid,576,Viral,32.1301,0.906424,0.341129
ffdnet,mid,577,Viral,31.4564,0.907883,0.33167
ffdnet,mid,578,Viral,33.2729,0.920521,0.289719
ffdnet,mid,579,Viral,31.7672,0.912016,0.264322
ffdnet,mid,580,Viral,31.7689,0.906804,0.343329
ffdnet,mid,581,Viral,31.5665,0.90502,0.296545
ffdnet,mid,582,Viral,32.5121,0.908093,0.309792
ffdnet,mid,583,Viral,32.8414,0.904472,0.326077
ffdnet,mid,584,Viral,33.5359,0.90796,0.34141
ffdnet,mid,585,Viral,33.342,0.920026,0.315651
ffdnet,mid,586,Viral,32.9596,0.900903,0.327083
ffdnet,mid,587,Viral,33.1944,0.897518,0.353666
ffdnet,mid,588,Viral,31.9877,0.897944,0.341981
ffdnet,mid,589,Viral,29.9066,0.884225,0.260813
ffdnet,mid,590,Viral,31.4182,0.90266,0.31886
ffdnet,mid,591,Viral,31.0246,0.907109,0.297403
ffdnet,mid,592,Viral,31.087,0.905581,0.297425
ffdnet,mid,593,Viral,33.2747,0.875616,0.368861
ffdnet,mid,594,Viral,33.3488,0.914346,0.339059
ffdnet,mid,595,Viral,33.3378,0.909135,0.305138
ffdnet,mid,596,Viral,32.8995,0.914298,0.366107
ffdnet,mid,597,Viral,32.8234,0.913809,0.294857
ffdnet,mid,598,Viral,31.1693,0.902251,0.349065
ffdnet,mid,599,Viral,31.2026,0.905518,0.288267
ffdnet,mid,600,Viral,32.3757,0.900403,0.379294
ffdnet,mid,601,Viral,32.9361,0.915729,0.332396
ffdnet,mid,602,Viral,31.6411,0.903733,0.325766
ffdnet,mid,603,Viral,31.3868,0.913693,0.287293
ffdnet,mid,604,Viral,31.9083,0.910195,0.321866
ffdnet,mid,605,Viral,33.473,0.915278,0.320464
ffdnet,mid,606,Viral,33.037,0.915306,0.326847
ffdnet,mid,607,Viral,32.9125,0.914046,0.332116
ffdnet,mid,608,Viral,33.4933,0.920117,0.311956
ffdnet,mid,609,Viral,33.2684,0.919518,0.352044
ffdnet,mid,610,Viral,33.6168,0.916548,0.324373
ffdnet,mid,611,Viral,31.4249,0.907079,0.319928
ffdnet,mid,612,Viral,30.8945,0.896749,0.347817
ffdnet,mid,613,Viral,31.9527,0.905398,0.345959
ffdnet,mid,614,Viral,33.2646,0.920018,0.312098
ffdnet,mid,615,Viral,33.2467,0.904687,0.329712
ffdnet,mid,616,Viral,32.9485,0.908293,0.323581
ffdnet,mid,617,Viral,32.4827,0.904479,0.35969
ffdnet,mid,618,Viral,31.6733,0.899948,0.347546
ffdnet,mid,619,Viral,32.1999,0.907128,0.305289
ffdnet,mid,620,Viral,31.6413,0.908649,0.30949
ffdnet,mid,621,Viral,34.7379,0.926113,0.376261
ffdnet,mid,622,Viral,32.5837,0.907095,0.330307
ffdnet,mid,623,Viral,33.1196,0.916534,0.289981
ircnn,mid,0,Normal,31.906,0.907942,0.27426
ircnn,mid,1,Normal,30.6564,0.88264,0.315438
ircnn,mid,2,Normal,31.3101,0.896806,0.27968
ircnn,mid,3,Normal,31.9382,0.914494,0.268725
ircnn,mid,4,Normal,31.5463,0.885196,0.342317
ircnn,mid,5,Normal,32.4084,0.912211,0.283852
ircnn,mid,6,Normal,31.9038,0.902899,0.292238
ircnn,mid,7,Normal,32.14,0.911343,0.310423
ircnn,mid,8,Normal,30.4314,0.900344,0.29221
ircnn,mid,9,Normal,30.8717,0.895985,0.311541
ircnn,mid,10,Normal,31.4011,0.909273,0.265708
ircnn,mid,11,Normal,31.2138,0.893729,0.321838
ircnn,mid,12,Normal,31.8207,0.890843,0.304133
ircnn,mid,13,Normal,33.0738,0.916275,0.303069
ircnn,mid,14,Normal,33.6797,0.935591,0.20371
ircnn,mid,15,Normal,31.0279,0.887295,0.329158
ircnn,mid,16,Normal,32.1584,0.903591,0.330509
ircnn,mid,17,Normal,31.7314,0.890324,0.285296
ircnn,mid,18,Normal,31.5167,0.895903,0.267753
ircnn,mid,19,Normal,32.0844,0.904989,0.303402
ircnn,mid,20,Normal,33.0309,0.921999,0.264232
ircnn,mid,21,Normal,31.6669,0.900277,0.284565
ircnn,mid,22,Normal,32.171,0.903065,0.275453
ircnn,mid,23,Normal,30.9436,0.87335,0.393484
ircnn,mid,24,Normal,31.3919,0.895636,0.29495
ircnn,mid,25,Normal,31.8492,0.904842,0.293771
ircnn,mid,26,Normal,30.4217,0.891843,0.279557
ircnn,mid,27,Normal,30.6022,0.887579,0.275535
ircnn,mid,28,Normal,32.2823,0.909262,0.281728
ircnn,mid,29,Normal,31.7433,0.902128,0.325274
ircnn,mid,30,Normal,30.9398,0.882573,0.330038
ircnn,mid,31,Normal,31.5199,0.90264,0.298665
ircnn,mid,32,Normal,30.6867,0.891681,0.28891
ircnn,mid,33,Normal,30.4375,0.880511,0.308659
ircnn,mid,34,Normal,30.1601,0.88915,0.284077
ircnn,mid,35,Normal,31.5469,0.900157,0.288307
ircnn,mid,36,Normal,32.7093,0.917194,0.259341
ircnn,mid,37,Normal,32.8231,0.9173,0.320574
ircnn,mid,38,Normal,31.1028,0.902094,0.274442
ircnn,mid,39,Normal,30.1976,0.881329,0.290931
ircnn,mid,40,Normal,31.5291,0.900969,0.296689
ircnn,mid,41,Normal,32.0807,0.89891,0.341318
ircnn,mid,42,Normal,29.9957,0.883399,0.294339
ircnn,mid,43,Normal,31.4656,0.892998,0.252694
ircnn,mid,44,Normal,31.4332,0.884925,0.292917
ircnn,mid,45,Normal,30.9363,0.897468,0.289411
ircnn,mid,46,Normal,33.533,0.906262,0.321733
ircnn,mid,47,Normal,30.3933,0.890337,0.260497
ircnn,mid,48,Normal,31.3599,0.902476,0.270782
ircnn,mid,49,Normal,31.3697,0.896691,0.270486
ircnn,mid,50,Normal,30.879,0.896591,0.321406
ircnn,mid,51,Normal,32.1501,0.906503,0.2887
ircnn,mid,52,Normal,31.6165,0.887179,0.310623
ircnn,mid,53,Normal,31.3332,0.904622,0.258653
ircnn,mid,54,Normal,31.8237,0.905207,0.29745
ircnn,mid,55,Normal,32.5267,0.903739,0.279167
ircnn,mid,56,Normal,33.0842,0.922815,0.300968
ircnn,mid,57,Normal,31.2627,0.884929,0.301826
ircnn,mid,58,Normal,31.0846,0.899591,0.301646
ircnn,mid,59,Normal,31.4817,0.89984,0.312417
ircnn,mid,60,Normal,32.4388,0.911106,0.289866
ircnn,mid,61,Normal,32.1589,0.913482,0.261596
ircnn,mid,62,Normal,31.6368,0.895446,0.314473
ircnn,mid,63,Normal,31.027,0.89972,0.280335
ircnn,mid,64,Normal,31.7138,0.894912,0.296168
ircnn,mid,65,Normal,29.7837,0.893917,0.302869
ircnn,mid,66,Normal,30.4664,0.885494,0.313536
ircnn,mid,67,Normal,30.3837,0.887183,0.29997
ircnn,mid,68,Normal,30.1295,0.880583,0.31302
ircnn,mid,69,Normal,31.2332,0.890279,0.312229
ircnn,mid,70,Normal,32.9842,0.918949,0.284221
ircnn,mid,71,Normal,33.1469,0.909149,0.309504
ircnn,mid,72,Normal,32.0719,0.910259,0.297149
ircnn,mid,73,Normal,32.657,0.912332,0.284894
ircnn,mid,74,Normal,32.1154,0.90317,0.361776
ircnn,mid,75,Normal,30.9409,0.893657,0.316381
ircnn,mid,76,Normal,30.9725,0.888487,0.298794
ircnn,mid,77,Normal,31.0183,0.901298,0.264087
ircnn,mid,78,Normal,32.2961,0.907372,0.299828
ircnn,mid,79,Normal,31.3394,0.906736,0.280797
ircnn,mid,80,Normal,32.8902,0.908119,0.320291
ircnn,mid,81,Normal,31.78,0.906125,0.304679
ircnn,mid,82,Normal,30.7307,0.892706,0.30187
ircnn,mid,83,Normal,30.8147,0.893047,0.282343
ircnn,mid,84,Normal,31.2486,0.905541,0.293074
ircnn,mid,85,Normal,33.489,0.917596,0.298065
ircnn,mid,86,Normal,31.6904,0.90077,0.271526
ircnn,mid,87,Normal,31.8456,0.899529,0.295716
ircnn,mid,88,Normal,30.9512,0.907526,0.284353
ircnn,mid,89,Normal,31.8303,0.896712,0.315039
ircnn,mid,90,Normal,31.5555,0.908828,0.264296
ircnn,mid,91,Normal,30.8831,0.89149,0.266192
ircnn,mid,92,Normal,32.9175,0.925605,0.260682
ircnn,mid,93,Normal,31.1157,0.894989,0.320533
ircnn,mid,94,Normal,31.831,0.904588,0.291827
ircnn,mid,95,Normal,30.8642,0.885565,0.301748
ircnn,mid,96,Normal,31.1421,0.895718,0.301306
ircnn,mid,97,Normal,30.3696,0.89222,0.301468
ircnn,mid,98,Normal,30.7574,0.897922,0.279914
ircnn,mid,99,Normal,31.7911,0.911017,0.308999
ircnn,mid,100,Normal,31.9801,0.904022,0.314505
ircnn,mid,101,Normal,30.6481,0.894363,0.29746
ircnn,mid,102,Normal,31.8097,0.892892,0.270045
ircnn,mid,103,Normal,31.9717,0.898965,0.284413
ircnn,mid,104,Normal,30.8322,0.894921,0.278739
ircnn,mid,105,Normal,31.9136,0.913011,0.24783
ircnn,mid,106,Normal,31.7849,0.902366,0.298951
ircnn,mid,107,Normal,31.3641,0.900543,0.295967
ircnn,mid,108,Normal,30.6473,0.872681,0.326567
ircnn,mid,109,Normal,31.2935,0.893088,0.306532
ircnn,mid,110,Normal,32.0002,0.904395,0.274824
ircnn,mid,111,Normal,32.388,0.888577,0.297637
ircnn,mid,112,Normal,30.3871,0.888476,0.293568
ircnn,mid,113,Normal,30.7032,0.877759,0.325618
ircnn,mid,114,Normal,31.1049,0.880052,0.328061
ircnn,mid,115,Normal,31.1386,0.900371,0.27596
ircnn,mid,116,Normal,30.4241,0.889936,0.264211
ircnn,mid,117,Normal,32.1329,0.912136,0.261303
ircnn,mid,118,Normal,31.1784,0.892306,0.29982
ircnn,mid,119,Normal,32.8624,0.919818,0.289045
ircnn,mid,120,Normal,32.0973,0.919514,0.2254
ircnn,mid,121,Normal,31.9708,0.908518,0.271212
ircnn,mid,122,Normal,32.1215,0.915036,0.269382
ircnn,mid,123,Normal,31.8651,0.900678,0.285359
ircnn,mid,124,Normal,31.5557,0.896341,0.288072
ircnn,mid,125,Normal,30.6823,0.889691,0.291732
ircnn,mid,126,Normal,32.3657,0.907249,0.304647
ircnn,mid,127,Normal,30.6409,0.873617,0.345963
ircnn,mid,128,Normal,30.6514,0.892502,0.285707
ircnn,mid,129,Normal,31.6872,0.907132,0.265552
ircnn,mid,130,Normal,31.2772,0.902977,0.264156
ircnn,mid,131,Normal,31.0825,0.900923,0.299619
ircnn,mid,132,Normal,30.7824,0.899592,0.306533
ircnn,mid,133,Normal,31.2474,0.902376,0.294458
ircnn,mid,134,Normal,32.3074,0.908,0.313286
ircnn,mid,135,Normal,31.8156,0.898858,0.276958
ircnn,mid,136,Normal,30.9119,0.905012,0.288784
ircnn,mid,137,Normal,30.7537,0.89661,0.279617
ircnn,mid,138,Normal,31.8418,0.908631,0.266851
ircnn,mid,139,Normal,30.2877,0.885672,0.292643
ircnn,mid,140,Normal,30.8973,0.888702,0.298201
ircnn,mid,141,Normal,31.8404,0.902716,0.321274
ircnn,mid,142,Normal,30.5653,0.885516,0.309072
ircnn,mid,143,Normal,32.563,0.916835,0.274093
ircnn,mid,144,Normal,31.1462,0.905331,0.300512
ircnn,mid,145,Normal,30.9534,0.904061,0.24767
ircnn,mid,146,Normal,30.5823,0.888745,0.288589
ircnn,mid,147,Normal,31.028,0.886813,0.319434
ircnn,mid,148,Normal,32.1971,0.907373,0.289225
ircnn,mid,149,Normal,31.1176,0.906252,0.26161
ircnn,mid,150,Normal,31.5793,0.892188,0.33171
ircnn,mid,151,Normal,30.9423,0.882292,0.342
ircnn,mid,152,Normal,30.3606,0.871582,0.320039
ircnn,mid,153,Normal,31.8382,0.907201,0.292533
ircnn,mid,154,Normal,32.7052,0.911968,0.324707
ircnn,mid,155,Normal,30.6711,0.882798,0.295417
ircnn,mid,156,Normal,31.0771,0.887041,0.292391
ircnn,mid,157,Normal,31.8733,0.905416,0.2559
ircnn,mid,158,Normal,30.9472,0.901017,0.298042
ircnn,mid,159,Normal,32.4183,0.913828,0.291548
ircnn,mid,160,Normal,32.8455,0.913874,0.329638
ircnn,mid,161,Normal,32.0274,0.901848,0.295199
ircnn,mid,162,Normal,31.7407,0.898609,0.279335
ircnn,mid,163,Normal,32.1051,0.897301,0.306561
ircnn,mid,164,Normal,33.2753,0.924108,0.324781
ircnn,mid,165,Normal,32.9701,0.900491,0.394921
ircnn,mid,166,Normal,32.8307,0.906567,0.277909
ircnn,mid,167,Normal,31.0549,0.880639,0.380277
ircnn,mid,168,Normal,30.9572,0.903979,0.276299
ircnn,mid,169,Normal,28.9178,0.877101,0.286534
ircnn,mid,170,Normal,31.0309,0.883204,0.313719
ircnn,mid,171,Normal,31.4521,0.898936,0.299376
ircnn,mid,172,Normal,31.4455,0.888934,0.303446
ircnn,mid,173,Normal,31.2346,0.884682,0.334338
ircnn,mid,174,Normal,32.5714,0.911058,0.2934
ircnn,mid,175,Normal,32.0018,0.903522,0.280172
ircnn,mid,176,Normal,31.8014,0.914476,0.281587
ircnn,mid,177,Normal,30.7083,0.878841,0.320328
ircnn,mid,178,Normal,31.041,0.888105,0.365132
ircnn,mid,179,Normal,30.5734,0.865425,0.359363
ircnn,mid,180,Normal,29.9575,0.877248,0.301617
ircnn,mid,181,Normal,32.0546,0.906668,0.290738
ircnn,mid,182,Normal,32.5236,0.901493,0.305202
ircnn,mid,183,Normal,31.6399,0.903224,0.288044
ircnn,mid,184,Normal,31.2809,0.900773,0.29708
ircnn,mid,185,Normal,31.9449,0.900457,0.282743
ircnn,mid,186,Normal,30.7366,0.886719,0.312872
ircnn,mid,187,Normal,32.3006,0.910877,0.295064
ircnn,mid,188,Normal,32.4474,0.89683,0.297816
ircnn,mid,189,Normal,31.8557,0.892842,0.299443
ircnn,mid,190,Normal,30.4981,0.884021,0.297938
ircnn,mid,191,Normal,31.9961,0.906268,0.278979
ircnn,mid,192,Normal,33.1818,0.912979,0.344557
ircnn,mid,193,Normal,30.8402,0.900558,0.264989
ircnn,mid,194,Normal,30.715,0.887602,0.322935
ircnn,mid,195,Normal,30.9841,0.894679,0.308988
ircnn,mid,196,Normal,31.6045,0.891211,0.295736
ircnn,mid,197,Normal,31.5422,0.895957,0.295216
ircnn,mid,198,Normal,32.4749,0.91083,0.30625
ircnn,mid,199,Normal,30.4482,0.882427,0.300116
ircnn,mid,200,Normal,31.3989,0.900818,0.300561
ircnn,mid,201,Normal,31.8781,0.90695,0.279901
ircnn,mid,202,Normal,31.366,0.898777,0.322616
ircnn,mid,203,Normal,31.4699,0.903714,0.291662
ircnn,mid,204,Normal,30.5728,0.894659,0.302832
ircnn,mid,205,Normal,32.4432,0.899924,0.30232
ircnn,mid,206,Normal,33.3763,0.919899,0.262529
ircnn,mid,207,Normal,32.2416,0.890565,0.296823
ircnn,mid,208,Normal,31.1429,0.899382,0.29665
ircnn,mid,209,Normal,30.7773,0.902543,0.290613
ircnn,mid,210,Normal,31.1914,0.885035,0.342212
ircnn,mid,211,Normal,31.6575,0.906246,0.272592
ircnn,mid,212,Normal,32.1646,0.907237,0.2902
ircnn,mid,213,Normal,32.0144,0.904173,0.313799
ircnn,mid,214,Normal,31.3515,0.892911,0.287643
ircnn,mid,215,Normal,31.4592,0.879787,0.353972
ircnn,mid,216,Normal,31.0607,0.898763,0.294533
ircnn,mid,217,Normal,32.1717,0.896973,0.384528
ircnn,mid,218,Normal,31.2147,0.88287,0.322954
ircnn,mid,219,Normal,31.155,0.898132,0.306131
ircnn,mid,220,Normal,33.1891,0.908092,0.324227
ircnn,mid,221,Normal,31.8304,0.908544,0.249568
ircnn,mid,222,Normal,31.3137,0.898444,0.258148
ircnn,mid,223,Normal,31.158,0.896128,0.313795
ircnn,mid,224,Normal,31.912,0.908257,0.264528
ircnn,mid,225,Normal,30.1583,0.860307,0.356389
ircnn,mid,226,Normal,32.3486,0.909752,0.287597
ircnn,mid,227,Normal,30.699,0.898057,0.31055
ircnn,mid,228,Normal,32.8662,0.905912,0.281732
ircnn,mid,229,Normal,31.1148,0.902096,0.272864
ircnn,mid,230,Normal,31.0694,0.896351,0.313694
ircnn,mid,231,Normal,31.2993,0.886048,0.313385
ircnn,mid,232,Normal,32.4191,0.909347,0.292383
ircnn,mid,233,Normal,31.8626,0.899301,0.321285
ircnn,mid,234,Bacterial,32.8396,0.905933,0.396261
ircnn,mid,235,Bacterial,31.3852,0.896585,0.359709
ircnn,mid,236,Bacterial,33.0918,0.907139,0.356169
ircnn,mid,237,Bacterial,32.7702,0.905181,0.361951
ircnn,mid,238,Bacterial,33.7423,0.907348,0.380495
ircnn,mid,239,Bacterial,32.814,0.910532,0.335848
ircnn,mid,240,Bacterial,33.1156,0.902051,0.363409
ircnn,mid,241,Bacterial,32.1428,0.89608,0.366849
ircnn,mid,242,Bacterial,33.2903,0.905983,0.353831
ircnn,mid,243,Bacterial,32.1113,0.892264,0.375667
ircnn,mid,244,Bacterial,31.1628,0.883926,0.292865
ircnn,mid,245,Bacterial,31.9832,0.909398,0.28163
ircnn,mid,246,Bacterial,32.2824,0.913213,0.326619
ircnn,mid,247,Bacterial,31.827,0.905947,0.336318
ircnn,mid,248,Bacterial,33.5455,0.911474,0.318791
ircnn,mid,249,Bacterial,33.8807,0.913874,0.362814
ircnn,mid,250,Bacterial,33.0342,0.893065,0.38436
ircnn,mid,251,Bacterial,31.3221,0.894131,0.281293
ircnn,mid,252,Bacterial,33.5665,0.900983,0.368185
ircnn,mid,253,Bacterial,32.7383,0.908026,0.36556
ircnn,mid,254,Bacterial,31.5644,0.885822,0.301116
ircnn,mid,255,Bacterial,32.388,0.904118,0.32374
ircnn,mid,256,Bacterial,31.7701,0.894612,0.32825
ircnn,mid,257,Bacterial,32.6789,0.90839,0.340791
ircnn,mid,258,Bacterial,32.7402,0.893969,0.378972
ircnn,mid,259,Bacterial,33.0345,0.910014,0.350104
ircnn,mid,260,Bacterial,33.1197,0.916207,0.328577
ircnn,mid,261,Bacterial,30.9957,0.889596,0.25083
ircnn,mid,262,Bacterial,34.1501,0.910377,0.341765
ircnn,mid,263,Bacterial,33.8008,0.915726,0.340673
ircnn,mid,264,Bacterial,33.7647,0.903012,0.34768
ircnn,mid,265,Bacterial,33.9807,0.917774,0.34998
ircnn,mid,266,Bacterial,33.5942,0.909427,0.341755
ircnn,mid,267,Bacterial,32.4698,0.893256,0.335423
ircnn,mid,268,Bacterial,33.4143,0.905236,0.358574
ircnn,mid,269,Bacterial,33.0922,0.915108,0.323065
ircnn,mid,270,Bacterial,33.5607,0.922642,0.322206
ircnn,mid,271,Bacterial,33.101,0.912387,0.277738
ircnn,mid,272,Bacterial,33.7446,0.920115,0.342974
ircnn,mid,273,Bacterial,33.2967,0.910632,0.364607
ircnn,mid,274,Bacterial,32.2169,0.895426,0.314511
ircnn,mid,275,Bacterial,31.3031,0.891927,0.376649
ircnn,mid,276,Bacterial,30.9617,0.890755,0.261819
ircnn,mid,277,Bacterial,32.3267,0.891656,0.373227
ircnn,mid,278,Bacterial,32.7338,0.901531,0.342337
ircnn,mid,279,Bacterial,32.6246,0.902739,0.327393
ircnn,mid,280,Bacterial,33.429,0.899173,0.331272
ircnn,mid,281,Bacterial,32.6117,0.88642,0.363043
ircnn,mid,282,Bacterial,31.7641,0.892625,0.368275
ircnn,mid,283,Bacterial,33.0174,0.901479,0.3472
ircnn,mid,284,Bacterial,31.3972,0.896427,0.37339
ircnn,mid,285,Bacterial,33.9328,0.907886,0.371279
ircnn,mid,286,Bacterial,32.0494,0.907864,0.35009
ircnn,mid,287,Bacterial,31.9617,0.895643,0.334931
ircnn,mid,288,Bacterial,33.4272,0.907512,0.347804
ircnn,mid,289,Bacterial,32.2884,0.891019,0.36223
ircnn,mid,290,Bacterial,33.7791,0.915839,0.343846
ircnn,mid,291,Bacterial,32.6545,0.899731,0.346812
ircnn,mid,292,Bacterial,32.093,0.894109,0.279836
ircnn,mid,293,Bacterial,33.5647,0.910154,0.327854
ircnn,mid,294,Bacterial,32.9816,0.911026,0.338074
ircnn,mid,295,Bacterial,31.8305,0.905361,0.311841
ircnn,mid,296,Bacterial,33.3435,0.91432,0.322624
ircnn,mid,297,Bacterial,32.6468,0.91021,0.301911
ircnn,mid,298,Bacterial,30.7492,0.877803,0.356104
ircnn,mid,299,Bacterial,31.3905,0.894454,0.368401
ircnn,mid,300,Bacterial,31.1623,0.896814,0.338868
ircnn,mid,301,Bacterial,30.8321,0.883815,0.298441
ircnn,mid,302,Bacterial,32.2655,0.89659,0.306439
ircnn,mid,303,Bacterial,31.8381,0.910676,0.334669
ircnn,mid,304,Bacterial,32.9152,0.906329,0.346127
ircnn,mid,305,Bacterial,33.6709,0.911198,0.334762
ircnn,mid,306,Bacterial,32.358,0.908374,0.341114
ircnn,mid,307,Bacterial,32.3168,0.909883,0.336038
ircnn,mid,308,Bacterial,32.0563,0.895428,0.311204
ircnn,mid,309,Bacterial,32.2415,0.903333,0.331343
ircnn,mid,310,Bacterial,30.8119,0.889168,0.28339
ircnn,mid,311,Bacterial,32.3826,0.901719,0.342035
ircnn,mid,312,Bacterial,31.2489,0.902287,0.30566
ircnn,mid,313,Bacterial,33.0558,0.901818,0.366546
ircnn,mid,314,Bacterial,31.9782,0.885704,0.301823
ircnn,mid,315,Bacterial,34.1486,0.925279,0.356788
ircnn,mid,316,Bacterial,33.6358,0.912144,0.368523
ircnn,mid,317,Bacterial,33.5138,0.909069,0.398178
ircnn,mid,318,Bacterial,32.8333,0.908119,0.371438
ircnn,mid,319,Bacterial,32.724,0.892385,0.373257
ircnn,mid,320,Bacterial,33.4176,0.900984,0.398754
ircnn,mid,321,Bacterial,30.6128,0.900573,0.328802
ircnn,mid,322,Bacterial,32.0807,0.903151,0.32851
ircnn,mid,323,Bacterial,32.071,0.910185,0.279951
ircnn,mid,324,Bacterial,31.2817,0.907146,0.294461
ircnn,mid,325,Bacterial,31.1528,0.903955,0.267321
ircnn,mid,326,Bacterial,32.1615,0.908529,0.330446
ircnn,mid,327,Bacterial,32.9023,0.910536,0.313825
ircnn,mid,328,Bacterial,33.134,0.916646,0.334083
ircnn,mid,329,Bacterial,32.6598,0.909085,0.225729
ircnn,mid,330,Bacterial,33.7701,0.905332,0.365846
ircnn,mid,331,Bacterial,33.0356,0.914715,0.329936
ircnn,mid,332,Bacterial,33.9063,0.916661,0.345067
ircnn,mid,333,Bacterial,33.7871,0.919046,0.323178
ircnn,mid,334,Bacterial,33.8398,0.920383,0.320698
ircnn,mid,335,Bacterial,31.6284,0.893338,0.316016
ircnn,mid,336,Bacterial,33.3866,0.915779,0.325858
ircnn,mid,337,Bacterial,32.5646,0.89903,0.361562
ircnn,mid,338,Bacterial,33.2729,0.90386,0.37034
ircnn,mid,339,Bacterial,31.8438,0.896966,0.285972
ircnn,mid,340,Bacterial,33.4935,0.906097,0.333596
ircnn,mid,341,Bacterial,32.412,0.909302,0.356607
ircnn,mid,342,Bacterial,32.6327,0.906103,0.341742
ircnn,mid,343,Bacterial,32.9928,0.905575,0.391456
ircnn,mid,344,Bacterial,33.8011,0.916891,0.332688
ircnn,mid,345,Bacterial,32.5319,0.907506,0.366692
ircnn,mid,346,Bacterial,31.5795,0.896937,0.347366
ircnn,mid,347,Bacterial,33.2106,0.91333,0.341618
ircnn,mid,348,Bacterial,32.8017,0.901702,0.356864
ircnn,mid,349,Bacterial,33.9363,0.913721,0.359265
ircnn,mid,350,Bacterial,34.216,0.917713,0.360956
ircnn,mid,351,Bacterial,31.4088,0.898706,0.293902
ircnn,mid,352,Bacterial,33.2949,0.911394,0.331141
ircnn,mid,353,Bacterial,32.73,0.914156,0.320754
ircnn,mid,354,Bacterial,33.7754,0.902797,0.393374
ircnn,mid,355,Bacterial,33.3383,0.903535,0.320649
ircnn,mid,356,Bacterial,32.9321,0.904491,0.323113
ircnn,mid,357,Bacterial,33.3526,0.899511,0.351871
ircnn,mid,358,Bacterial,33.2424,0.906061,0.385408
ircnn,mid,359,Bacterial,32.1784,0.899076,0.25552
ircnn,mid,360,Bacterial,32.6484,0.91169,0.33096
ircnn,mid,361,Bacterial,33.5638,0.914383,0.328478
ircnn,mid,362,Bacterial,33.3331,0.915787,0.358622
ircnn,mid,363,Bacterial,32.1929,0.922997,0.28888
ircnn,mid,364,Bacterial,33.7871,0.91191,0.332042
ircnn,mid,365,Bacterial,30.7993,0.896703,0.311603
ircnn,mid,366,Bacterial,33.3675,0.912038,0.351807
ircnn,mid,367,Bacterial,32.0574,0.90495,0.244218
ircnn,mid,368,Bacterial,32.8775,0.899119,0.316733
ircnn,mid,369,Bacterial,31.7259,0.896072,0.276083
ircnn,mid,370,Bacterial,30.3959,0.888685,0.287637
ircnn,mid,371,Bacterial,32.8846,0.911086,0.3169
ircnn,mid,372,Bacterial,32.2781,0.892224,0.39697
ircnn,mid,373,Bacterial,33.0852,0.908027,0.338681
ircnn,mid,374,Bacterial,32.061,0.899415,0.332299
ircnn,mid,375,Bacterial,32.5776,0.906753,0.35464
ircnn,mid,376,Bacterial,31.5139,0.907106,0.331163
ircnn,mid,377,Bacterial,32.5298,0.9058,0.361974
ircnn,mid,378,Bacterial,32.0585,0.89333,0.275725
ircnn,mid,379,Bacterial,32.6334,0.907443,0.331691
ircnn,mid,380,Bacterial,33.0378,0.918505,0.345668
ircnn,mid,381,Bacterial,30.8222,0.892904,0.265954
ircnn,mid,382,Bacterial,32.2356,0.901733,0.339992
ircnn,mid,383,Bacterial,31.3507,0.885407,0.311499
ircnn,mid,384,Bacterial,31.008,0.893444,0.259087
ircnn,mid,385,Bacterial,30.8333,0.895644,0.292404
ircnn,mid,386,Bacterial,32.9858,0.911755,0.327737
ircnn,mid,387,Bacterial,32.9265,0.913143,0.302051
ircnn,mid,388,Bacterial,31.6271,0.907597,0.220839
ircnn,mid,389,Bacterial,30.8571,0.890941,0.296313
ircnn,mid,390,Bacterial,32.8765,0.900791,0.313524
ircnn,mid,391,Bacterial,31.521,0.900777,0.376187
ircnn,mid,392,Bacterial,32.9432,0.908332,0.346422
ircnn,mid,393,Bacterial,32.8225,0.900277,0.380329
ircnn,mid,394,Bacterial,33.1475,0.911133,0.351157
ircnn,mid,395,Bacterial,32.8762,0.907627,0.333176
ircnn,mid,396,Bacterial,31.1327,0.874315,0.360132
ircnn,mid,397,Bacterial,34.2746,0.907479,0.367054
ircnn,mid,398,Bacterial,33.5611,0.908203,0.367117
ircnn,mid,399,Bacterial,31.8163,0.902492,0.35261
ircnn,mid,400,Bacterial,31.9451,0.894927,0.340087
ircnn,mid,401,Bacterial,31.0252,0.884633,0.28965
ircnn,mid,402,Bacterial,33.5026,0.906715,0.376889
ircnn,mid,403,Bacterial,32.4381,0.911495,0.323204
ircnn,mid,404,Bacterial,32.431,0.895766,0.345453
ircnn,mid,405,Bacterial,32.5176,0.903113,0.308089
ircnn,mid,406,Bacterial,34.2036,0.915793,0.326099
ircnn,mid,407,Bacterial,32.2021,0.910859,0.343818
ircnn,mid,408,Bacterial,32.6667,0.907054,0.323125
ircnn,mid,409,Bacterial,31.8295,0.896139,0.291004
ircnn,mid,410,Bacterial,30.8593,0.886674,0.28443
ircnn,mid,411,Bacterial,32.3438,0.892322,0.334033
ircnn,mid,412,Bacterial,33.1875,0.898818,0.33885
ircnn,mid,413,Bacterial,31.009,0.879184,0.275003
ircnn,mid,414,Bacterial,33.7259,0.910506,0.352242
ircnn,mid,415,Bacterial,32.7473,0.902583,0.362782
ircnn,mid,416,Bacterial,34.1746,0.915234,0.341728
ircnn,mid,417,Bacterial,33.1122,0.900802,0.301087
ircnn,mid,418,Bacterial,33.401,0.910814,0.314507
ircnn,mid,419,Bacterial,32.5141,0.908929,0.265621
ircnn,mid,420,Bacterial,32.7165,0.914087,0.325947
ircnn,mid,421,Bacterial,32.1114,0.903562,0.352206
ircnn,mid,422,Bacterial,32.385,0.900471,0.349738
ircnn,mid,423,Bacterial,32.7928,0.910701,0.368279
ircnn,mid,424,Bacterial,32.6781,0.909919,0.374355
ircnn,mid,425,Bacterial,33.2631,0.9055,0.354639
ircnn,mid,426,Bacterial,34.6579,0.910976,0.377469
ircnn,mid,427,Bacterial,34.417,0.909098,0.406373
ircnn,mid,428,Bacterial,33.6582,0.909139,0.405087
ircnn,mid,429,Bacterial,31.5592,0.898784,0.30642
ircnn,mid,430,Bacterial,33.8365,0.916946,0.32035
ircnn,mid,431,Bacterial,33.9605,0.902618,0.36895
ircnn,mid,432,Bacterial,33.4128,0.909281,0.327219
ircnn,mid,433,Bacterial,32.0747,0.89348,0.363173
ircnn,mid,434,Bacterial,32.8426,0.906732,0.320121
ircnn,mid,435,Bacterial,32.3256,0.90662,0.305513
ircnn,mid,436,Bacterial,31.6564,0.898038,0.235709
ircnn,mid,437,Bacterial,33.8307,0.899677,0.327791
ircnn,mid,438,Bacterial,31.48,0.888482,0.343597
ircnn,mid,439,Bacterial,32.5622,0.900564,0.347701
ircnn,mid,440,Bacterial,31.7522,0.899253,0.330068
ircnn,mid,441,Bacterial,31.4136,0.893631,0.309462
ircnn,mid,442,Bacterial,33.1539,0.910216,0.346727
ircnn,mid,443,Bacterial,33.5124,0.911284,0.340587
ircnn,mid,444,Bacterial,32.8423,0.908176,0.302391
ircnn,mid,445,Bacterial,32.9991,0.907262,0.363836
ircnn,mid,446,Bacterial,32.6596,0.907304,0.35422
ircnn,mid,447,Bacterial,33.6656,0.906032,0.363499
ircnn,mid,448,Bacterial,33.5531,0.915824,0.362643
ircnn,mid,449,Bacterial,31.6706,0.88823,0.314281
ircnn,mid,450,Bacterial,32.3199,0.903779,0.334888
ircnn,mid,451,Bacterial,31.0634,0.88652,0.273047
ircnn,mid,452,Bacterial,32.1952,0.904911,0.337913
ircnn,mid,453,Bacterial,33.4491,0.910958,0.341294
ircnn,mid,454,Bacterial,32.0533,0.910899,0.320163
ircnn,mid,455,Bacterial,33.7838,0.916579,0.376308
ircnn,mid,456,Bacterial,30.8172,0.888541,0.329139
ircnn,mid,457,Bacterial,33.49,0.910428,0.361747
ircnn,mid,458,Bacterial,33.7259,0.915834,0.32087
ircnn,mid,459,Bacterial,34.0015,0.911392,0.360751
ircnn,mid,460,Bacterial,32.6269,0.905963,0.319665
ircnn,mid,461,Bacterial,32.3549,0.908319,0.298095
ircnn,mid,462,Bacterial,31.6655,0.896136,0.290673
ircnn,mid,463,Bacterial,33.6135,0.908787,0.348236
ircnn,mid,464,Bacterial,32.2302,0.89758,0.334069
ircnn,mid,465,Bacterial,33.5277,0.911632,0.340881
ircnn,mid,466,Bacterial,32.7772,0.902599,0.330763
ircnn,mid,467,Bacterial,32.8062,0.900432,0.37804
ircnn,mid,468,Bacterial,32.6119,0.908962,0.342816
ircnn,mid,469,Bacterial,33.5482,0.900522,0.354448
ircnn,mid,470,Bacterial,32.6813,0.899698,0.362074
ircnn,mid,471,Bacterial,31.8567,0.890724,0.284944
ircnn,mid,472,Bacterial,32.3345,0.902186,0.266432
ircnn,mid,473,Bacterial,30.2499,0.886128,0.354579
ircnn,mid,474,Bacterial,31.7864,0.910832,0.310062
ircnn,mid,475,Bacterial,30.9833,0.886988,0.280454
ircnn,mid,476,Viral,31.922,0.908102,0.337836
ircnn,mid,477,Viral,31.9858,0.906322,0.331578
ircnn,mid,478,Viral,32.152,0.914572,0.311771
ircnn,mid,479,Viral,32.906,0.906901,0.312111
ircnn,mid,480,Viral,33.8659,0.908021,0.362755
ircnn,mid,481,Viral,32.2887,0.913681,0.340502
ircnn,mid,482,Viral,31.467,0.886989,0.280522
ircnn,mid,483,Viral,33.1256,0.905066,0.348355
ircnn,mid,484,Viral,32.5123,0.905216,0.378541
ircnn,mid,485,Viral,32.4498,0.90728,0.351006
ircnn,mid,486,Viral,33.238,0.899469,0.395365
ircnn,mid,487,Viral,32.7765,0.90285,0.331541
ircnn,mid,488,Viral,32.0007,0.907658,0.29539
ircnn,mid,489,Viral,32.7078,0.908772,0.315909
ircnn,mid,490,Viral,32.8856,0.908815,0.339119
ircnn,mid,491,Viral,32.1888,0.906145,0.32789
ircnn,mid,492,Viral,31.6935,0.903047,0.352414
ircnn,mid,493,Viral,32.4539,0.907668,0.32002
ircnn,mid,494,Viral,32.2637,0.903956,0.328018
ircnn,mid,495,Viral,31.3925,0.900907,0.332889
ircnn,mid,496,Viral,33.1831,0.90785,0.320928
ircnn,mid,497,Viral,32.1504,0.910826,0.267303
ircnn,mid,498,Viral,33.3495,0.917928,0.319042
ircnn,mid,499,Viral,33.2886,0.901401,0.315491
ircnn,mid,500,Viral,31.8623,0.895344,0.372081
ircnn,mid,501,Viral,31.3555,0.901694,0.273647
ircnn,mid,502,Viral,32.1749,0.908342,0.326665
ircnn,mid,503,Viral,31.6727,0.909297,0.308376
ircnn,mid,504,Viral,31.7407,0.899194,0.315835
ircnn,mid,505,Viral,33.3325,0.916432,0.268923
ircnn,mid,506,Viral,31.9014,0.89064,0.338169
ircnn,mid,507,Viral,31.1882,0.886873,0.294116
ircnn,mid,508,Viral,33.373,0.913142,0.35513
ircnn,mid,509,Viral,31.3585,0.894288,0.352655
ircnn,mid,510,Viral,30.0261,0.893846,0.287491
ircnn,mid,511,Viral,31.7913,0.904688,0.316178
ircnn,mid,512,Viral,33.5705,0.914023,0.3248
ircnn,mid,513,Viral,31.3158,0.903446,0.314958
ircnn,mid,514,Viral,31.2207,0.90176,0.280475
ircnn,mid,515,Viral,32.7788,0.906325,0.310431
ircnn,mid,516,Viral,33.221,0.9105,0.310861
ircnn,mid,517,Viral,31.3482,0.899886,0.344415
ircnn,mid,518,Viral,31.4606,0.895411,0.248467
ircnn,mid,519,Viral,33.3693,0.931499,0.241645
ircnn,mid,520,Viral,32.7438,0.91381,0.31457
ircnn,mid,521,Viral,32.3075,0.909566,0.287259
ircnn,mid,522,Viral,33.0852,0.91661,0.289373
ircnn,mid,523,Viral,33.4345,0.920502,0.306289
ircnn,mid,524,Viral,33.545,0.919043,0.341877
ircnn,mid,525,Viral,33.4644,0.919083,0.282507
ircnn,mid,526,Viral,32.9895,0.911029,0.33711
ircnn,mid,527,Viral,33.138,0.904529,0.347595
ircnn,mid,528,Viral,32.7805,0.909796,0.310358
ircnn,mid,529,Viral,31.1343,0.873257,0.351958
ircnn,mid,530,Viral,32.4599,0.905554,0.340079
ircnn,mid,531,Viral,32.3335,0.912036,0.292241
ircnn,mid,532,Viral,32.1773,0.90486,0.343841
ircnn,mid,533,Viral,31.9738,0.904331,0.296099
ircnn,mid,534,Viral,30.8088,0.899255,0.337474
ircnn,mid,535,Viral,31.9349,0.90866,0.292359
ircnn,mid,536,Viral,33.5064,0.903778,0.339283
ircnn,mid,537,Viral,32.266,0.907302,0.354211
ircnn,mid,538,Viral,33.4512,0.911325,0.358399
ircnn,mid,539,Viral,32.3754,0.910144,0.271423
ircnn,mid,540,Viral,32.3126,0.906364,0.326341
ircnn,mid,541,Viral,31.5484,0.902001,0.343714
ircnn,mid,542,Viral,33.4495,0.918192,0.285245
ircnn,mid,543,Viral,34.4222,0.918883,0.314851
ircnn,mid,544,Viral,31.2755,0.900077,0.301359
ircnn,mid,545,Viral,31.3166,0.903425,0.304116
ircnn,mid,546,Viral,33.3222,0.910465,0.334043
ircnn,mid,547,Viral,33.2027,0.910346,0.333142
ircnn,mid,548,Viral,31.461,0.898606,0.317816
ircnn,mid,549,Viral,34.5031,0.902051,0.361531
ircnn,mid,550,Viral,34.2441,0.901347,0.375274
ircnn,mid,551,Viral,32.323,0.906033,0.305359
ircnn,mid,552,Viral,33.0518,0.919314,0.316382
ircnn,mid,553,Viral,33.565,0.909629,0.293535
ircnn,mid,554,Viral,32.2001,0.910772,0.316003
ircnn,mid,555,Viral,31.5202,0.908839,0.298071
ircnn,mid,556,Viral,32.3887,0.901929,0.311668
ircnn,mid,557,Viral,32.8806,0.898242,0.322228
ircnn,mid,558,Viral,32.1605,0.905005,0.311538
ircnn,mid,559,Viral,33.5247,0.911866,0.347928
ircnn,mid,560,Viral,33.7106,0.922882,0.285394
ircnn,mid,561,Viral,31.8051,0.895619,0.323458
ircnn,mid,562,Viral,32.1604,0.905343,0.318814
ircnn,mid,563,Viral,32.3104,0.905113,0.316341
ircnn,mid,564,Viral,32.4913,0.90882,0.322251
ircnn,mid,565,Viral,33.0715,0.912959,0.332722
ircnn,mid,566,Viral,31.6781,0.904761,0.359676
ircnn,mid,567,Viral,32.1212,0.91131,0.318102
ircnn,mid,568,Viral,31.7553,0.900856,0.351861
ircnn,mid,569,Viral,32.5074,0.907602,0.338962
ircnn,mid,570,Viral,31.5688,0.906309,0.317306
ircnn,mid,571,Viral,32.7959,0.909871,0.305894
ircnn,mid,572,Viral,31.9421,0.898274,0.370662
ircnn,mid,573,Viral,32.4233,0.904862,0.308403
ircnn,mid,574,Viral,34.1551,0.929196,0.340373
ircnn,mid,575,Viral,32.6839,0.910228,0.331139
ircnn,mid,576,Viral,32.2455,0.90813,0.337926
ircnn,mid,577,Viral,31.7469,0.9094,0.322361
ircnn,mid,578,Viral,33.316,0.921238,0.278618
ircnn,mid,579,Viral,32.0604,0.911664,0.255436
ircnn,mid,580,Viral,31.8795,0.906805,0.334394
ircnn,mid,581,Viral,31.9384,0.906128,0.288061
ircnn,mid,582,Viral,32.5112,0.907372,0.306237
ircnn,mid,583,Viral,32.9024,0.90602,0.319096
ircnn,mid,584,Viral,33.722,0.910313,0.322358
ircnn,mid,585,Viral,33.448,0.920428,0.298339
ircnn,mid,586,Viral,33.0905,0.903309,0.320248
ircnn,mid,587,Viral,33.1762,0.896377,0.347046
ircnn,mid,588,Viral,32.0518,0.89869,0.341336
ircnn,mid,589,Viral,29.882,0.883215,0.261754
ircnn,mid,590,Viral,31.9159,0.903257,0.311041
ircnn,mid,591,Viral,31.3789,0.906373,0.296212
ircnn,mid,592,Viral,31.6222,0.907019,0.285427
ircnn,mid,593,Viral,33.451,0.878989,0.345241
ircnn,mid,594,Viral,33.4721,0.914956,0.333151
ircnn,mid,595,Viral,33.3324,0.908998,0.302537
ircnn,mid,596,Viral,32.941,0.915247,0.351014
ircnn,mid,597,Viral,32.7549,0.91408,0.291551
ircnn,mid,598,Viral,31.35,0.904886,0.336648
ircnn,mid,599,Viral,31.3845,0.904752,0.281359
ircnn,mid,600,Viral,32.3783,0.899185,0.367859
ircnn,mid,601,Viral,32.9026,0.914869,0.328894
ircnn,mid,602,Viral,31.6808,0.903148,0.328777
ircnn,mid,603,Viral,32.1455,0.916015,0.275472
ircnn,mid,604,Viral,32.1011,0.910009,0.314506
ircnn,mid,605,Viral,33.5271,0.914865,0.313301
ircnn,mid,606,Viral,33.0579,0.91529,0.31854
ircnn,mid,607,Viral,32.9017,0.912344,0.337193
ircnn,mid,608,Viral,33.7341,0.920976,0.311029
ircnn,mid,609,Viral,33.3114,0.919679,0.342909
ircnn,mid,610,Viral,33.5887,0.917024,0.307739
ircnn,mid,611,Viral,31.4362,0.906438,0.314511
ircnn,mid,612,Viral,31.1132,0.89658,0.345916
ircnn,mid,613,Viral,32.0442,0.90633,0.341523
ircnn,mid,614,Viral,33.3819,0.920405,0.299001
ircnn,mid,615,Viral,33.3117,0.905571,0.324067
ircnn,mid,616,Viral,32.998,0.908549,0.313034
ircnn,mid,617,Viral,32.5123,0.905432,0.354767
ircnn,mid,618,Viral,31.7644,0.901029,0.338472
ircnn,mid,619,Viral,32.2875,0.907946,0.294203
ircnn,mid,620,Viral,31.9487,0.90924,0.295655
ircnn,mid,621,Viral,34.6735,0.926443,0.360018
ircnn,mid,622,Viral,32.5523,0.908178,0.323654
ircnn,mid,623,Viral,33.1766,0.917279,0.274233
drunet,mid,0,Normal,31.4784,0.920453,0.219494
drunet,mid,1,Normal,31.4856,0.906287,0.239483
drunet,mid,2,Normal,31.175,0.917141,0.209994
drunet,mid,3,Normal,31.4334,0.933946,0.220438
drunet,mid,4,Normal,32.223,0.903631,0.24983
drunet,mid,5,Normal,32.2674,0.934259,0.188768
drunet,mid,6,Normal,32.2297,0.918844,0.223376
drunet,mid,7,Normal,32.4552,0.933471,0.220614
drunet,mid,8,Normal,31.2358,0.923567,0.192363
drunet,mid,9,Normal,31.4511,0.916049,0.22328
drunet,mid,10,Normal,31.4684,0.929966,0.182682
drunet,mid,11,Normal,31.7339,0.915009,0.222405
drunet,mid,12,Normal,31.3895,0.912913,0.224731
drunet,mid,13,Normal,32.7653,0.926598,0.262035
drunet,mid,14,Normal,28.1166,0.927816,0.296562
drunet,mid,15,Normal,31.569,0.906159,0.240945
drunet,mid,16,Normal,32.39,0.92549,0.229901
drunet,mid,17,Normal,31.7452,0.915463,0.207414
drunet,mid,18,Normal,31.5111,0.918846,0.184325
drunet,mid,19,Normal,31.77,0.928431,0.207708
drunet,mid,20,Normal,32.4518,0.938976,0.203931
drunet,mid,21,Normal,32.3606,0.930473,0.185396
drunet,mid,22,Normal,31.6311,0.92511,0.218141
drunet,mid,23,Normal,31.5303,0.889318,0.315204
drunet,mid,24,Normal,31.28,0.916113,0.223484
drunet,mid,25,Normal,31.5946,0.928234,0.200158
drunet,mid,26,Normal,30.4657,0.910816,0.207121
drunet,mid,27,Normal,30.9652,0.907697,0.220367
drunet,mid,28,Normal,31.6031,0.929346,0.225082
drunet,mid,29,Normal,32.4529,0.91962,0.247078
drunet,mid,30,Normal,31.6582,0.902981,0.237796
drunet,mid,31,Normal,31.2111,0.922665,0.196051
drunet,mid,32,Normal,30.6781,0.913903,0.234612
drunet,mid,33,Normal,30.8239,0.899735,0.252312
drunet,mid,34,Normal,29.9723,0.911626,0.21261
drunet,mid,35,Normal,31.2855,0.924439,0.202914
drunet,mid,36,Normal,31.2639,0.933845,0.218586
drunet,mid,37,Normal,32.9417,0.934302,0.245776
drunet,mid,38,Normal,31.3085,0.922272,0.193138
drunet,mid,39,Normal,30.2911,0.903537,0.225531
drunet,mid,40,Normal,32.1434,0.922384,0.21745
drunet,mid,41,Normal,31.9796,0.919276,0.236725
drunet,mid,42,Normal,30.2186,0.902977,0.230762
drunet,mid,43,Normal,30.5471,0.91311,0.211696
drunet,mid,44,Normal,31.3497,0.911457,0.203888
drunet,mid,45,Normal,31.7315,0.916183,0.215588
drunet,mid,46,Normal,33.45,0.913706,0.260663
drunet,mid,47,Normal,30.2513,0.912008,0.195199
drunet,mid,48,Normal,31.3855,0.918512,0.22235
drunet,mid,49,Normal,31.1388,0.915209,0.207396
drunet,mid,50,Normal,32.1826,0.922223,0.208483
drunet,mid,51,Normal,31.7909,0.919442,0.217117
drunet,mid,52,Normal,31.3888,0.910462,0.234102
drunet,mid,53,Normal,30.3497,0.925254,0.19761
drunet,mid,54,Normal,31.5671,0.919237,0.242974
drunet,mid,55,Normal,31.6465,0.925722,0.207288
drunet,mid,56,Normal,33.3815,0.941417,0.218319
drunet,mid,57,Normal,31.9737,0.905707,0.23541
drunet,mid,58,Normal,31.5419,0.920378,0.212574
drunet,mid,59,Normal,32.187,0.921684,0.196938
drunet,mid,60,Normal,31.9731,0.92021,0.228471
drunet,mid,61,Normal,30.7304,0.930495,0.198165
drunet,mid,62,Normal,32.0526,0.916857,0.238435
drunet,mid,63,Normal,31.4005,0.92383,0.185257
drunet,mid,64,Normal,32.3484,0.922937,0.192419
drunet,mid,65,Normal,30.8312,0.91578,0.19396
drunet,mid,66,Normal,31.2537,0.90607,0.238053
drunet,mid,67,Normal,30.7683,0.907338,0.233299
drunet,mid,68,Normal,30.647,0.900502,0.247531
drunet,mid,69,Normal,32.1033,0.914217,0.237843
drunet,mid,70,Normal,31.9517,0.935018,0.212531
drunet,mid,71,Normal,32.9455,0.916521,0.243425
drunet,mid,72,Normal,33.4438,0.935625,0.200849
drunet,mid,73,Normal,32.3178,0.930048,0.200571
drunet,mid,74,Normal,32.777,0.916018,0.288422
drunet,mid,75,Normal,32.1842,0.919792,0.200526
drunet,mid,76,Normal,31.3979,0.904559,0.235487
drunet,mid,77,Normal,31.0051,0.925152,0.18493
drunet,mid,78,Normal,32.777,0.93003,0.209564
drunet,mid,79,Normal,31.5681,0.925772,0.189759
drunet,mid,80,Normal,32.898,0.921828,0.251465
drunet,mid,81,Normal,32.4885,0.930753,0.20036
drunet,mid,82,Normal,30.7797,0.907242,0.239284
drunet,mid,83,Normal,31.1545,0.91607,0.199805
drunet,mid,84,Normal,31.2274,0.924378,0.200963
drunet,mid,85,Normal,31.1391,0.935115,0.230988
drunet,mid,86,Normal,32.2944,0.929476,0.17939
drunet,mid,87,Normal,32.3402,0.922698,0.1926
drunet,mid,88,Normal,30.1549,0.919715,0.225383
drunet,mid,89,Normal,32.426,0.922054,0.213574
drunet,mid,90,Normal,31.3663,0.922885,0.203857
drunet,mid,91,Normal,30.3918,0.911437,0.216646
drunet,mid,92,Normal,32.7997,0.938587,0.200667
drunet,mid,93,Normal,31.6718,0.915213,0.23328
drunet,mid,94,Normal,31.5671,0.926295,0.202468
drunet,mid,95,Normal,30.7787,0.903548,0.23845
drunet,mid,96,Normal,31.9491,0.918618,0.198773
drunet,mid,97,Normal,31.1,0.91139,0.222701
drunet,mid,98,Normal,31.6803,0.92066,0.173969
drunet,mid,99,Normal,32.3303,0.929754,0.198824
drunet,mid,100,Normal,32.7156,0.921977,0.202115
drunet,mid,101,Normal,30.9601,0.912263,0.22192
drunet,mid,102,Normal,30.4907,0.919212,0.200188
drunet,mid,103,Normal,32.0171,0.922657,0.186231
drunet,mid,104,Normal,31.0166,0.918771,0.189775
drunet,mid,105,Normal,30.2566,0.919949,0.22963
drunet,mid,106,Normal,31.793,0.926757,0.192188
drunet,mid,107,Normal,32.2847,0.924043,0.189993
drunet,mid,108,Normal,31.1934,0.895527,0.254493
drunet,mid,109,Normal,31.3748,0.909981,0.224115
drunet,mid,110,Normal,31.8712,0.91039,0.226515
drunet,mid,111,Normal,31.3426,0.913911,0.21508
drunet,mid,112,Normal,30.2682,0.907325,0.229372
drunet,mid,113,Normal,31.5584,0.903334,0.225577
drunet,mid,114,Normal,31.8906,0.909323,0.212992
drunet,mid,115,Normal,31.8843,0.921726,0.196748
drunet,mid,116,Normal,30.3292,0.914881,0.1955
drunet,mid,117,Normal,32.3926,0.91941,0.21124
drunet,mid,118,Normal,31.929,0.91531,0.190696
drunet,mid,119,Normal,32.3272,0.940789,0.199659
drunet,mid,120,Normal,31.1731,0.933586,0.187579
drunet,mid,121,Normal,31.9782,0.921618,0.208456
drunet,mid,122,Normal,32.0685,0.93211,0.187505
drunet,mid,123,Normal,31.8201,0.92848,0.173996
drunet,mid,124,Normal,31.4542,0.919113,0.201168
drunet,mid,125,Normal,30.5195,0.910805,0.227032
drunet,mid,126,Normal,32.1745,0.919711,0.237775
drunet,mid,127,Normal,31.6205,0.899541,0.255709
drunet,mid,128,Normal,30.7537,0.916427,0.209726
drunet,mid,129,Normal,31.432,0.927184,0.188629
drunet,mid,130,Normal,30.6851,0.925491,0.212052
drunet,mid,131,Normal,31.7601,0.920014,0.204546
drunet,mid,132,Normal,31.529,0.919124,0.204934
drunet,mid,133,Normal,31.6329,0.92365,0.192243
drunet,mid,134,Normal,32.3499,0.927986,0.218144
drunet,mid,135,Normal,31.5643,0.92594,0.187448
drunet,mid,136,Normal,30.9977,0.926011,0.191094
drunet,mid,137,Normal,31.0763,0.921946,0.180787
drunet,mid,138,Normal,31.9191,0.926708,0.198852
drunet,mid,139,Normal,30.7246,0.909375,0.218477
drunet,mid,140,Normal,31.7375,0.912719,0.210587
drunet,mid,141,Normal,32.3445,0.922158,0.224805
drunet,mid,142,Normal,30.8898,0.904405,0.230767
drunet,mid,143,Normal,32.5883,0.934822,0.203854
drunet,mid,144,Normal,32.1203,0.92868,0.201511
drunet,mid,145,Normal,31.2588,0.917176,0.182263
drunet,mid,146,Normal,31.0887,0.908951,0.225521
drunet,mid,147,Normal,31.6974,0.906455,0.231144
drunet,mid,148,Normal,32.1839,0.921547,0.21591
drunet,mid,149,Normal,31.2145,0.922439,0.207768
drunet,mid,150,Normal,32.0213,0.911141,0.247854
drunet,mid,151,Normal,31.3286,0.902098,0.250312
drunet,mid,152,Normal,30.9415,0.895,0.237922
drunet,mid,153,Normal,31.9304,0.926067,0.213949
drunet,mid,154,Normal,33.3859,0.930216,0.227829
drunet,mid,155,Normal,30.5218,0.904589,0.234655
drunet,mid,156,Normal,31.3788,0.908557,0.22593
drunet,mid,157,Normal,30.8991,0.929585,0.1887
drunet,mid,158,Normal,31.3278,0.927476,0.188511
drunet,mid,159,Normal,32.0765,0.922258,0.243616
drunet,mid,160,Normal,32.9352,0.929,0.235912
drunet,mid,161,Normal,31.6796,0.923734,0.203073
drunet,mid,162,Normal,31.8645,0.925355,0.200974
drunet,mid,163,Normal,31.4876,0.91793,0.219007
drunet,mid,164,Normal,32.6708,0.936998,0.229195
drunet,mid,165,Normal,32.9141,0.919782,0.249247
drunet,mid,166,Normal,31.2537,0.928919,0.193667
drunet,mid,167,Normal,32.2249,0.905912,0.261363
drunet,mid,168,Normal,31.4858,0.927113,0.183319
drunet,mid,169,Normal,29.5881,0.900863,0.217328
drunet,mid,170,Normal,31.1528,0.907344,0.238162
drunet,mid,171,Normal,31.7005,0.913498,0.224413
drunet,mid,172,Normal,31.4072,0.911843,0.229334
drunet,mid,173,Normal,31.6947,0.903945,0.241559
drunet,mid,174,Normal,33.2846,0.931211,0.199797
drunet,mid,175,Normal,31.4524,0.924032,0.206017
drunet,mid,176,Normal,31.7196,0.931029,0.198385
drunet,mid,177,Normal,31.4552,0.901845,0.232873
drunet,mid,178,Normal,32.3388,0.914263,0.221069
drunet,mid,179,Normal,31.4603,0.888338,0.267865
drunet,mid,180,Normal,30.4902,0.900445,0.216823
drunet,mid,181,Normal,32.3801,0.921138,0.222002
drunet,mid,182,Normal,32.3705,0.921817,0.199659
drunet,mid,183,Normal,31.0866,0.919935,0.223003
drunet,mid,184,Normal,32.0979,0.919438,0.199429
drunet,mid,185,Normal,31.7393,0.9241,0.192357
drunet,mid,186,Normal,30.8012,0.90953,0.238412
drunet,mid,187,Normal,31.3952,0.930609,0.229852
drunet,mid,188,Normal,31.9513,0.915227,0.23536
drunet,mid,189,Normal,31.5493,0.909948,0.246623
drunet,mid,190,Normal,31.2635,0.905621,0.233097
drunet,mid,191,Normal,31.6583,0.923443,0.209787
drunet,mid,192,Normal,34.2527,0.936241,0.229976
drunet,mid,193,Normal,30.6688,0.918905,0.20079
drunet,mid,194,Normal,31.9299,0.912299,0.208049
drunet,mid,195,Normal,31.9784,0.914996,0.19775
drunet,mid,196,Normal,31.8168,0.914184,0.219669
drunet,mid,197,Normal,31.8056,0.924984,0.194092
drunet,mid,198,Normal,32.3814,0.927909,0.23986
drunet,mid,199,Normal,31.1009,0.912963,0.199691
drunet,mid,200,Normal,31.7454,0.920507,0.21132
drunet,mid,201,Normal,31.3462,0.919528,0.22124
drunet,mid,202,Normal,31.5746,0.919069,0.234563
drunet,mid,203,Normal,31.7044,0.925423,0.198286
drunet,mid,204,Normal,31.2712,0.92121,0.191037
drunet,mid,205,Normal,32.0182,0.918973,0.235154
drunet,mid,206,Normal,32.4332,0.927464,0.211773
drunet,mid,207,Normal,31.0379,0.912679,0.230275
drunet,mid,208,Normal,31.3557,0.920073,0.205154
drunet,mid,209,Normal,31.1242,0.918925,0.204098
drunet,mid,210,Normal,31.6074,0.901022,0.260231
drunet,mid,211,Normal,31.1273,0.926501,0.185967
drunet,mid,212,Normal,31.8225,0.930573,0.217267
drunet,mid,213,Normal,32.5259,0.931092,0.202489
drunet,mid,214,Normal,31.3702,0.916484,0.213531
drunet,mid,215,Normal,32.0709,0.896104,0.268446
drunet,mid,216,Normal,31.345,0.91919,0.20774
drunet,mid,217,Normal,33.7625,0.926827,0.242226
drunet,mid,218,Normal,31.4154,0.904697,0.235142
drunet,mid,219,Normal,31.7376,0.925801,0.187822
drunet,mid,220,Normal,33.2212,0.924316,0.224992
drunet,mid,221,Normal,31.6814,0.927338,0.1837
drunet,mid,222,Normal,31.1136,0.92122,0.19373
drunet,mid,223,Normal,31.6963,0.912711,0.228587
drunet,mid,224,Normal,31.4294,0.928205,0.204277
drunet,mid,225,Normal,31.2359,0.887604,0.257358
drunet,mid,226,Normal,32.4572,0.928375,0.207978
drunet,mid,227,Normal,31.5966,0.91811,0.198743
drunet,mid,228,Normal,31.7008,0.924274,0.220301
drunet,mid,229,Normal,31.9552,0.928108,0.178313
drunet,mid,230,Normal,31.6063,0.919167,0.216581
drunet,mid,231,Normal,31.8189,0.911486,0.227734
drunet,mid,232,Normal,32.311,0.928825,0.204496
drunet,mid,233,Normal,32.2021,0.919295,0.215447
drunet,mid,234,Bacterial,33.8867,0.926235,0.262121
drunet,mid,235,Bacterial,32.1255,0.913447,0.258422
drunet,mid,236,Bacterial,33.9293,0.928142,0.225885
drunet,mid,237,Bacterial,33.6411,0.925067,0.254853
drunet,mid,238,Bacterial,34.0607,0.9232,0.284884
drunet,mid,239,Bacterial,33.1412,0.93276,0.235924
drunet,mid,240,Bacterial,33.4439,0.924202,0.260623
drunet,mid,241,Bacterial,32.5479,0.916932,0.278156
drunet,mid,242,Bacterial,33.3807,0.925387,0.250746
drunet,mid,243,Bacterial,32.7145,0.913912,0.270031
drunet,mid,244,Bacterial,30.5151,0.904671,0.222498
drunet,mid,245,Bacterial,32.34,0.930072,0.214935
drunet,mid,246,Bacterial,33.1864,0.93559,0.222621
drunet,mid,247,Bacterial,32.8775,0.932038,0.214367
drunet,mid,248,Bacterial,33.4975,0.9304,0.244268
drunet,mid,249,Bacterial,33.5559,0.928348,0.303421
drunet,mid,250,Bacterial,34.1292,0.919493,0.264943
drunet,mid,251,Bacterial,30.6451,0.915356,0.226082
drunet,mid,252,Bacterial,34.3222,0.924793,0.257108
drunet,mid,253,Bacterial,33.4425,0.927952,0.26108
drunet,mid,254,Bacterial,31.1748,0.910584,0.217083
drunet,mid,255,Bacterial,32.2892,0.918693,0.26798
drunet,mid,256,Bacterial,31.7895,0.911359,0.259456
drunet,mid,257,Bacterial,33.0751,0.924145,0.264784
drunet,mid,258,Bacterial,32.944,0.909232,0.283931
drunet,mid,259,Bacterial,33.1353,0.920489,0.278905
drunet,mid,260,Bacterial,33.0948,0.929429,0.26687
drunet,mid,261,Bacterial,29.793,0.911082,0.234861
drunet,mid,262,Bacterial,33.9367,0.929048,0.264393
drunet,mid,263,Bacterial,34.1932,0.933024,0.239777
drunet,mid,264,Bacterial,33.8828,0.924424,0.253294
drunet,mid,265,Bacterial,33.997,0.93089,0.259841
drunet,mid,266,Bacterial,33.2798,0.923865,0.232302
drunet,mid,267,Bacterial,31.9517,0.911649,0.269727
drunet,mid,268,Bacterial,33.5754,0.916408,0.272958
drunet,mid,269,Bacterial,33.1503,0.929694,0.262044
drunet,mid,270,Bacterial,34.0841,0.940967,0.205834
drunet,mid,271,Bacterial,32.4441,0.924536,0.22154
drunet,mid,272,Bacterial,34.2502,0.931742,0.241139
drunet,mid,273,Bacterial,34.4471,0.932124,0.235428
drunet,mid,274,Bacterial,31.9623,0.916328,0.247716
drunet,mid,275,Bacterial,32.2759,0.912381,0.262174
drunet,mid,276,Bacterial,30.1287,0.909897,0.214863
drunet,mid,277,Bacterial,32.9741,0.909901,0.262653
drunet,mid,278,Bacterial,33.0478,0.917079,0.27183
drunet,mid,279,Bacterial,32.3713,0.922289,0.261149
drunet,mid,280,Bacterial,32.1594,0.920665,0.263639
drunet,mid,281,Bacterial,32.6757,0.907763,0.272049
drunet,mid,282,Bacterial,32.2713,0.910776,0.280809
drunet,mid,283,Bacterial,32.7027,0.918053,0.270674
drunet,mid,284,Bacterial,31.4129,0.907787,0.317803
drunet,mid,285,Bacterial,34.0503,0.922779,0.279955
drunet,mid,286,Bacterial,32.3968,0.92366,0.244776
drunet,mid,287,Bacterial,32.0436,0.911294,0.276977
drunet,mid,288,Bacterial,33.7473,0.926342,0.224998
drunet,mid,289,Bacterial,32.6017,0.911332,0.233613
drunet,mid,290,Bacterial,33.9988,0.929197,0.280098
drunet,mid,291,Bacterial,32.7219,0.91738,0.271536
drunet,mid,292,Bacterial,30.6343,0.913389,0.241339
drunet,mid,293,Bacterial,33.2767,0.930825,0.251051
drunet,mid,294,Bacterial,32.9675,0.925133,0.274815
drunet,mid,295,Bacterial,32.1,0.923749,0.23142
drunet,mid,296,Bacterial,33.0579,0.927545,0.263948
drunet,mid,297,Bacterial,32.1328,0.926988,0.252953
drunet,mid,298,Bacterial,31.1131,0.900275,0.261768
drunet,mid,299,Bacterial,31.7931,0.910126,0.281734
drunet,mid,300,Bacterial,31.5153,0.912995,0.253893
drunet,mid,301,Bacterial,30.7683,0.902824,0.224478
drunet,mid,302,Bacterial,31.4293,0.915456,0.243822
drunet,mid,303,Bacterial,32.3213,0.924965,0.267489
drunet,mid,304,Bacterial,32.7412,0.919847,0.27344
drunet,mid,305,Bacterial,33.7381,0.92652,0.248773
drunet,mid,306,Bacterial,32.1925,0.922213,0.267847
drunet,mid,307,Bacterial,32.0582,0.925086,0.26877
drunet,mid,308,Bacterial,31.813,0.912234,0.245513
drunet,mid,309,Bacterial,32.9414,0.925306,0.231686
drunet,mid,310,Bacterial,31.0213,0.910511,0.207696
drunet,mid,311,Bacterial,33.1381,0.916823,0.253549
drunet,mid,312,Bacterial,31.9125,0.920442,0.231702
drunet,mid,313,Bacterial,33.6388,0.915774,0.297003
drunet,mid,314,Bacterial,31.0305,0.906984,0.248911
drunet,mid,315,Bacterial,34.2489,0.93853,0.268727
drunet,mid,316,Bacterial,34.0834,0.932035,0.267667
drunet,mid,317,Bacterial,34.0371,0.929557,0.283099
drunet,mid,318,Bacterial,33.9,0.927593,0.242505
drunet,mid,319,Bacterial,33.3799,0.916148,0.250052
drunet,mid,320,Bacterial,34.0234,0.921941,0.267528
drunet,mid,321,Bacterial,31.0407,0.918244,0.266491
drunet,mid,322,Bacterial,32.4355,0.919178,0.266595
drunet,mid,323,Bacterial,32.2082,0.926904,0.227086
drunet,mid,324,Bacterial,31.6757,0.923216,0.228935
drunet,mid,325,Bacterial,30.065,0.916059,0.24632
drunet,mid,326,Bacterial,32.5384,0.921148,0.261394
drunet,mid,327,Bacterial,32.9666,0.927473,0.230532
drunet,mid,328,Bacterial,33.8144,0.930951,0.259898
drunet,mid,329,Bacterial,29.6561,0.92344,0.221425
drunet,mid,330,Bacterial,34.8235,0.92677,0.241358
drunet,mid,331,Bacterial,33.6628,0.936294,0.227962
drunet,mid,332,Bacterial,34.076,0.934301,0.243234
drunet,mid,333,Bacterial,33.6553,0.935083,0.259643
drunet,mid,334,Bacterial,33.8148,0.934629,0.243291
drunet,mid,335,Bacterial,31.4931,0.908608,0.257162
drunet,mid,336,Bacterial,33.7561,0.932092,0.234557
drunet,mid,337,Bacterial,33.05,0.918308,0.251179
drunet,mid,338,Bacterial,34.0154,0.923105,0.259499
drunet,mid,339,Bacterial,30.8969,0.919616,0.212244
drunet,mid,340,Bacterial,33.4626,0.92381,0.249754
drunet,mid,341,Bacterial,33.1656,0.92845,0.251059
drunet,mid,342,Bacterial,32.8331,0.922701,0.242635
drunet,mid,343,Bacterial,33.7191,0.926973,0.256654
drunet,mid,344,Bacterial,34.0043,0.933702,0.249135
drunet,mid,345,Bacterial,33.1574,0.919887,0.27048
drunet,mid,346,Bacterial,31.8285,0.914723,0.271873
drunet,mid,347,Bacterial,33.4309,0.93193,0.261753
drunet,mid,348,Bacterial,33.169,0.917733,0.257491
drunet,mid,349,Bacterial,34.3596,0.933423,0.258655
drunet,mid,350,Bacterial,34.7811,0.9348,0.252657
drunet,mid,351,Bacterial,31.2228,0.914915,0.237028
drunet,mid,352,Bacterial,33.901,0.930415,0.227393
drunet,mid,353,Bacterial,32.8678,0.931115,0.246998
drunet,mid,354,Bacterial,34.5485,0.928651,0.264287
drunet,mid,355,Bacterial,32.0834,0.92219,0.239977
drunet,mid,356,Bacterial,33.3715,0.925143,0.231599
drunet,mid,357,Bacterial,32.7982,0.920049,0.245919
drunet,mid,358,Bacterial,33.8983,0.920042,0.270571
drunet,mid,359,Bacterial,30.184,0.916562,0.23669
drunet,mid,360,Bacterial,33.5312,0.926958,0.252913
drunet,mid,361,Bacterial,34.1042,0.931012,0.228792
drunet,mid,362,Bacterial,33.7198,0.931696,0.263698
drunet,mid,363,Bacterial,32.4884,0.937765,0.210951
drunet,mid,364,Bacterial,34.179,0.931929,0.224401
drunet,mid,365,Bacterial,30.8056,0.916384,0.226999
drunet,mid,366,Bacterial,33.7261,0.929975,0.243298
drunet,mid,367,Bacterial,30.5517,0.920218,0.227186
drunet,mid,368,Bacterial,32.7559,0.916667,0.257022
drunet,mid,369,Bacterial,30.7853,0.914737,0.234744
drunet,mid,370,Bacterial,30.9272,0.910146,0.203709
drunet,mid,371,Bacterial,33.1515,0.927936,0.238309
drunet,mid,372,Bacterial,32.9302,0.911105,0.29096
drunet,mid,373,Bacterial,33.6314,0.925317,0.246159
drunet,mid,374,Bacterial,32.7378,0.918625,0.240828
drunet,mid,375,Bacterial,33.2743,0.925494,0.247648
drunet,mid,376,Bacterial,32.1227,0.920048,0.260616
drunet,mid,377,Bacterial,33.3163,0.925807,0.240036
drunet,mid,378,Bacterial,30.191,0.912252,0.227959
drunet,mid,379,Bacterial,33.003,0.924274,0.23405
drunet,mid,380,Bacterial,33.763,0.93477,0.235744
drunet,mid,381,Bacterial,30.2358,0.913085,0.225377
drunet,mid,382,Bacterial,32.6626,0.919862,0.257772
drunet,mid,383,Bacterial,31.0544,0.907576,0.239228
drunet,mid,384,Bacterial,29.7729,0.910171,0.22798
drunet,mid,385,Bacterial,31.01,0.909819,0.227873
drunet,mid,386,Bacterial,33.3047,0.932582,0.223616
drunet,mid,387,Bacterial,33.0948,0.935449,0.206838
drunet,mid,388,Bacterial,30.2427,0.92563,0.19276
drunet,mid,389,Bacterial,30.7515,0.909098,0.241613
drunet,mid,390,Bacterial,31.7795,0.921819,0.229686
drunet,mid,391,Bacterial,31.7609,0.911454,0.314872
drunet,mid,392,Bacterial,33.3783,0.927778,0.246835
drunet,mid,393,Bacterial,33.1432,0.923056,0.255275
drunet,mid,394,Bacterial,33.3423,0.932008,0.240628
drunet,mid,395,Bacterial,32.4321,0.924067,0.262744
drunet,mid,396,Bacterial,31.7179,0.894427,0.26146
drunet,mid,397,Bacterial,34.7658,0.924291,0.28466
drunet,mid,398,Bacterial,33.8289,0.919492,0.299991
drunet,mid,399,Bacterial,32.3323,0.920805,0.254098
drunet,mid,400,Bacterial,33.0422,0.918569,0.224356
drunet,mid,401,Bacterial,30.7337,0.905091,0.247321
drunet,mid,402,Bacterial,34.0091,0.923243,0.259023
drunet,mid,403,Bacterial,32.9853,0.928941,0.228915
drunet,mid,404,Bacterial,32.6406,0.913028,0.270562
drunet,mid,405,Bacterial,31.662,0.914784,0.26428
drunet,mid,406,Bacterial,33.9981,0.935151,0.226936
drunet,mid,407,Bacterial,32.5936,0.923812,0.242291
drunet,mid,408,Bacterial,32.774,0.926026,0.236432
drunet,mid,409,Bacterial,31.8043,0.914713,0.225059
drunet,mid,410,Bacterial,30.9805,0.907091,0.234625
drunet,mid,411,Bacterial,32.1025,0.910326,0.258716
drunet,mid,412,Bacterial,33.0015,0.919272,0.255295
drunet,mid,413,Bacterial,30.3066,0.897568,0.234331
drunet,mid,414,Bacterial,34.1964,0.926712,0.262558
drunet,mid,415,Bacterial,32.9992,0.919583,0.266375
drunet,mid,416,Bacterial,34.3987,0.935785,0.250033
drunet,mid,417,Bacterial,31.8038,0.914743,0.242951
drunet,mid,418,Bacterial,33.8084,0.93208,0.218471
drunet,mid,419,Bacterial,31.7104,0.927293,0.193927
drunet,mid,420,Bacterial,33.6468,0.937206,0.216515
drunet,mid,421,Bacterial,33.4546,0.93057,0.219279
drunet,mid,422,Bacterial,32.7595,0.916195,0.264989
drunet,mid,423,Bacterial,33.7712,0.929579,0.267064
drunet,mid,424,Bacterial,33.711,0.927939,0.267401
drunet,mid,425,Bacterial,33.7127,0.926517,0.262959
drunet,mid,426,Bacterial,35.227,0.935876,0.268689
drunet,mid,427,Bacterial,34.9376,0.925982,0.299561
drunet,mid,428,Bacterial,34.1962,0.927394,0.299435
drunet,mid,429,Bacterial,31.6455,0.913788,0.222632
drunet,mid,430,Bacterial,33.5319,0.933638,0.248905
drunet,mid,431,Bacterial,34.0699,0.922319,0.273083
drunet,mid,432,Bacterial,33.75,0.930164,0.243135
drunet,mid,433,Bacterial,32.8616,0.912682,0.259379
drunet,mid,434,Bacterial,33.2646,0.924341,0.242077
drunet,mid,435,Bacterial,32.3204,0.921515,0.249323
drunet,mid,436,Bacterial,29.8875,0.918887,0.208461
drunet,mid,437,Bacterial,32.9504,0.924191,0.245074
drunet,mid,438,Bacterial,31.8518,0.906523,0.263364
drunet,mid,439,Bacterial,32.9425,0.919719,0.246938
drunet,mid,440,Bacterial,31.6686,0.918655,0.242435
drunet,mid,441,Bacterial,31.2186,0.913096,0.239448
drunet,mid,442,Bacterial,33.8895,0.929221,0.23765
drunet,mid,443,Bacterial,33.4406,0.927162,0.261169
drunet,mid,444,Bacterial,31.9709,0.922333,0.252268
drunet,mid,445,Bacterial,33.4868,0.923218,0.266538
drunet,mid,446,Bacterial,33.3282,0.922081,0.274184
drunet,mid,447,Bacterial,33.9199,0.920405,0.27204
drunet,mid,448,Bacterial,33.8335,0.931521,0.277884
drunet,mid,449,Bacterial,31.672,0.907876,0.241422
drunet,mid,450,Bacterial,32.3543,0.923877,0.249616
drunet,mid,451,Bacterial,30.0053,0.905721,0.231621
drunet,mid,452,Bacterial,32.1341,0.919553,0.264949
drunet,mid,453,Bacterial,33.8947,0.931254,0.242029
drunet,mid,454,Bacterial,32.1269,0.926529,0.240828
drunet,mid,455,Bacterial,34.4795,0.933615,0.264123
drunet,mid,456,Bacterial,31.1708,0.902495,0.268553
drunet,mid,457,Bacterial,33.7593,0.925032,0.260212
drunet,mid,458,Bacterial,33.2355,0.927935,0.260988
drunet,mid,459,Bacterial,34.5927,0.932262,0.251064
drunet,mid,460,Bacterial,32.9478,0.924906,0.231706
drunet,mid,461,Bacterial,32.8384,0.928149,0.211319
drunet,mid,462,Bacterial,31.5307,0.914757,0.210731
drunet,mid,463,Bacterial,33.8767,0.924204,0.259945
drunet,mid,464,Bacterial,33.0385,0.919967,0.242511
drunet,mid,465,Bacterial,33.6561,0.929012,0.248352
drunet,mid,466,Bacterial,32.6013,0.92091,0.252185
drunet,mid,467,Bacterial,32.6274,0.914946,0.280457
drunet,mid,468,Bacterial,33.335,0.930247,0.252894
drunet,mid,469,Bacterial,33.7612,0.919967,0.254793
drunet,mid,470,Bacterial,32.69,0.91758,0.284752
drunet,mid,471,Bacterial,31.0359,0.911536,0.227486
drunet,mid,472,Bacterial,30.9841,0.919126,0.212615
drunet,mid,473,Bacterial,30.6099,0.905896,0.288349
drunet,mid,474,Bacterial,31.6348,0.922712,0.284045
drunet,mid,475,Bacterial,30.2457,0.903006,0.240455
drunet,mid,476,Viral,32.3437,0.923743,0.264042
drunet,mid,477,Viral,32.6983,0.929387,0.21651
drunet,mid,478,Viral,32.2736,0.934509,0.232263
drunet,mid,479,Viral,32.0828,0.921949,0.244407
drunet,mid,480,Viral,34.3778,0.923827,0.29569
drunet,mid,481,Viral,32.2327,0.92466,0.29438
drunet,mid,482,Viral,30.3372,0.90336,0.250327
drunet,mid,483,Viral,33.0869,0.920385,0.275463
drunet,mid,484,Viral,32.7931,0.918227,0.29178
drunet,mid,485,Viral,32.7261,0.923858,0.246837
drunet,mid,486,Viral,33.569,0.915736,0.276832
drunet,mid,487,Viral,32.9677,0.923919,0.234233
drunet,mid,488,Viral,31.7315,0.928753,0.206153
drunet,mid,489,Viral,33.0269,0.925545,0.215525
drunet,mid,490,Viral,31.4809,0.918317,0.280867
drunet,mid,491,Viral,32.5082,0.921374,0.243461
drunet,mid,492,Viral,32.2098,0.921435,0.232881
drunet,mid,493,Viral,32.0302,0.92335,0.235422
drunet,mid,494,Viral,32.4047,0.920998,0.244047
drunet,mid,495,Viral,32.2426,0.919528,0.217171
drunet,mid,496,Viral,31.2185,0.919781,0.270344
drunet,mid,497,Viral,31.0042,0.930013,0.203796
drunet,mid,498,Viral,33.4975,0.932546,0.230171
drunet,mid,499,Viral,33.3407,0.921385,0.241154
drunet,mid,500,Viral,32.4115,0.911367,0.269055
drunet,mid,501,Viral,30.9495,0.919611,0.221514
drunet,mid,502,Viral,32.4863,0.926074,0.236181
drunet,mid,503,Viral,31.9727,0.926451,0.221843
drunet,mid,504,Viral,31.6178,0.918527,0.239454
drunet,mid,505,Viral,30.8998,0.925894,0.231226
drunet,mid,506,Viral,31.7899,0.912366,0.254217
drunet,mid,507,Viral,30.7464,0.906128,0.241731
drunet,mid,508,Viral,32.7544,0.922932,0.260056
drunet,mid,509,Viral,32.1103,0.91429,0.22548
drunet,mid,510,Viral,29.9366,0.911925,0.244568
drunet,mid,511,Viral,32.1921,0.926836,0.214547
drunet,mid,512,Viral,32.9112,0.930411,0.242628
drunet,mid,513,Viral,31.1501,0.923018,0.251195
drunet,mid,514,Viral,30.4836,0.91961,0.224628
drunet,mid,515,Viral,31.5257,0.922504,0.243591
drunet,mid,516,Viral,32.1009,0.925758,0.234392
drunet,mid,517,Viral,31.8252,0.917915,0.226926
drunet,mid,518,Viral,30.325,0.914823,0.201856
drunet,mid,519,Viral,31.173,0.94286,0.213758
drunet,mid,520,Viral,32.7116,0.929141,0.231633
drunet,mid,521,Viral,31.1277,0.926786,0.222655
drunet,mid,522,Viral,33.5643,0.93399,0.208887
drunet,mid,523,Viral,32.7169,0.933737,0.222541
drunet,mid,524,Viral,32.1356,0.932506,0.272377
drunet,mid,525,Viral,31.6511,0.934299,0.233955
drunet,mid,526,Viral,32.7857,0.919734,0.271541
drunet,mid,527,Viral,31.3532,0.91198,0.305764
drunet,mid,528,Viral,31.4505,0.922257,0.264707
drunet,mid,529,Viral,31.6431,0.892614,0.267886
drunet,mid,530,Viral,32.6662,0.925371,0.230184
drunet,mid,531,Viral,31.8051,0.926362,0.228977
drunet,mid,532,Viral,32.4866,0.921977,0.255664
drunet,mid,533,Viral,31.4325,0.922914,0.219852
drunet,mid,534,Viral,31.479,0.917264,0.268177
drunet,mid,535,Viral,30.9008,0.92114,0.254043
drunet,mid,536,Viral,31.9363,0.917113,0.261761
drunet,mid,537,Viral,32.0367,0.917053,0.282818
drunet,mid,538,Viral,33.6574,0.923427,0.262995
drunet,mid,539,Viral,31.0919,0.92868,0.206275
drunet,mid,540,Viral,32.7284,0.928587,0.227337
drunet,mid,541,Viral,32.5048,0.923483,0.227623
drunet,mid,542,Viral,31.9756,0.933418,0.215113
drunet,mid,543,Viral,32.6231,0.930479,0.272144
drunet,mid,544,Viral,30.8913,0.91841,0.214214
drunet,mid,545,Viral,31.3097,0.920173,0.224031
drunet,mid,546,Viral,31.5788,0.921273,0.279088
drunet,mid,547,Viral,31.9543,0.9218,0.254784
drunet,mid,548,Viral,31.5244,0.918043,0.232274
drunet,mid,549,Viral,32.8808,0.923275,0.278472
drunet,mid,550,Viral,32.6114,0.921994,0.283793
drunet,mid,551,Viral,31.4474,0.921904,0.246683
drunet,mid,552,Viral,32.3504,0.93244,0.232418
drunet,mid,553,Viral,31.6844,0.926556,0.23459
drunet,mid,554,Viral,32.1638,0.923241,0.26021
drunet,mid,555,Viral,31.9323,0.925197,0.201956
drunet,mid,556,Viral,32.2826,0.921073,0.219185
drunet,mid,557,Viral,31.5809,0.915703,0.246523
drunet,mid,558,Viral,32.0026,0.92451,0.227435
drunet,mid,559,Viral,32.7577,0.916804,0.27658
drunet,mid,560,Viral,32.0906,0.930234,0.251885
drunet,mid,561,Viral,31.3836,0.919631,0.223043
drunet,mid,562,Viral,32.2198,0.927923,0.220737
drunet,mid,563,Viral,32.7419,0.928422,0.20272
drunet,mid,564,Viral,32.4955,0.927557,0.240156
drunet,mid,565,Viral,32.144,0.926261,0.263626
drunet,mid,566,Viral,32.4373,0.926259,0.223312
drunet,mid,567,Viral,32.1173,0.929583,0.212415
drunet,mid,568,Viral,32.9295,0.925188,0.227942
drunet,mid,569,Viral,31.5801,0.918332,0.263451
drunet,mid,570,Viral,32.1833,0.923145,0.210481
drunet,mid,571,Viral,33.4992,0.930276,0.220389
drunet,mid,572,Viral,32.9438,0.919431,0.263498
drunet,mid,573,Viral,32.8942,0.928767,0.217472
drunet,mid,574,Viral,33.7083,0.939043,0.29154
drunet,mid,575,Viral,33.0891,0.931705,0.219796
drunet,mid,576,Viral,32.5934,0.923011,0.244844
drunet,mid,577,Viral,31.4731,0.922913,0.258109
drunet,mid,578,Viral,30.6529,0.932953,0.239251
drunet,mid,579,Viral,31.2583,0.926947,0.216882
drunet,mid,580,Viral,32.0661,0.929322,0.213356
drunet,mid,581,Viral,31.2191,0.930576,0.208577
drunet,mid,582,Viral,31.7453,0.920078,0.248381
drunet,mid,583,Viral,31.7918,0.918798,0.251439
drunet,mid,584,Viral,31.6601,0.921432,0.268111
drunet,mid,585,Viral,31.538,0.932189,0.249087
drunet,mid,586,Viral,31.5521,0.911134,0.269628
drunet,mid,587,Viral,32.5914,0.915941,0.244238
drunet,mid,588,Viral,31.9073,0.912209,0.249407
drunet,mid,589,Viral,30.036,0.902833,0.199904
drunet,mid,590,Viral,31.43,0.923274,0.236867
drunet,mid,591,Viral,31.2563,0.926977,0.20838
drunet,mid,592,Viral,31.2011,0.926703,0.19694
drunet,mid,593,Viral,32.0677,0.907913,0.265177
drunet,mid,594,Viral,32.9112,0.932425,0.239009
drunet,mid,595,Viral,32.0308,0.925722,0.235329
drunet,mid,596,Viral,32.6554,0.921959,0.257908
drunet,mid,597,Viral,31.4586,0.92783,0.258175
drunet,mid,598,Viral,31.9983,0.92023,0.241993
drunet,mid,599,Viral,31.1696,0.925953,0.217291
drunet,mid,600,Viral,33.4646,0.923441,0.248938
drunet,mid,601,Viral,32.9591,0.928761,0.231978
drunet,mid,602,Viral,32.061,0.923559,0.235843
drunet,mid,603,Viral,30.4359,0.92688,0.235871
drunet,mid,604,Viral,32.2365,0.930219,0.206164
drunet,mid,605,Viral,31.8698,0.929549,0.241841
drunet,mid,606,Viral,32.6071,0.925062,0.245971
drunet,mid,607,Viral,32.9456,0.92982,0.212264
drunet,mid,608,Viral,31.5069,0.926321,0.258958
drunet,mid,609,Viral,33.828,0.932754,0.244467
drunet,mid,610,Viral,32.7791,0.932046,0.240947
drunet,mid,611,Viral,31.9626,0.923365,0.21135
drunet,mid,612,Viral,32.1035,0.918319,0.220662
drunet,mid,613,Viral,32.6166,0.926266,0.228342
drunet,mid,614,Viral,32.2545,0.929876,0.242744
drunet,mid,615,Viral,32.2731,0.923452,0.222959
drunet,mid,616,Viral,31.825,0.928305,0.234862
drunet,mid,617,Viral,32.9498,0.919663,0.260512
drunet,mid,618,Viral,32.3795,0.918905,0.248074
drunet,mid,619,Viral,32.2773,0.921896,0.235578
drunet,mid,620,Viral,31.4233,0.926307,0.230324
drunet,mid,621,Viral,34.9353,0.938854,0.287826
drunet,mid,622,Viral,32.4387,0.924847,0.227973
drunet,mid,623,Viral,30.9467,0.925507,0.250502
swinir,mid,0,Normal,30.5157,0.891065,0.398787
swinir,mid,1,Normal,29.3729,0.866818,0.431938
swinir,mid,2,Normal,29.6936,0.879082,0.394788
swinir,mid,3,Normal,30.4037,0.896551,0.371619
swinir,mid,4,Normal,30.5115,0.877958,0.439587
swinir,mid,5,Normal,31.0132,0.896743,0.390246
swinir,mid,6,Normal,30.5711,0.891947,0.382308
swinir,mid,7,Normal,30.4211,0.89484,0.391856
swinir,mid,8,Normal,28.8062,0.879126,0.383388
swinir,mid,9,Normal,29.3888,0.882023,0.401315
swinir,mid,10,Normal,29.8268,0.890866,0.370035
swinir,mid,11,Normal,29.7869,0.88086,0.420811
swinir,mid,12,Normal,30.6388,0.878701,0.403819
swinir,mid,13,Normal,31.8765,0.902735,0.422943
swinir,mid,14,Normal,31.9016,0.917992,0.361829
swinir,mid,15,Normal,29.6442,0.876325,0.429246
swinir,mid,16,Normal,30.7358,0.894216,0.399658
swinir,mid,17,Normal,30.0782,0.872183,0.4028
swinir,mid,18,Normal,29.9446,0.879407,0.385448
swinir,mid,19,Normal,30.499,0.890223,0.413807
swinir,mid,20,Normal,31.4135,0.902151,0.403803
swinir,mid,21,Normal,29.847,0.880596,0.388905
swinir,mid,22,Normal,30.9019,0.894646,0.371731
swinir,mid,23,Normal,29.9307,0.86589,0.458098
swinir,mid,24,Normal,30.0736,0.883968,0.39744
swinir,mid,25,Normal,30.3008,0.888444,0.396067
swinir,mid,26,Normal,29.0309,0.874506,0.378626
swinir,mid,27,Normal,29.3629,0.87547,0.357823
swinir,mid,28,Normal,30.979,0.89999,0.374368
swinir,mid,29,Normal,30.4194,0.890099,0.409517
swinir,mid,30,Normal,29.8296,0.87012,0.441191
swinir,mid,31,Normal,30.1082,0.88496,0.394103
swinir,mid,32,Normal,29.0662,0.875112,0.404919
swinir,mid,33,Normal,29.2818,0.866502,0.414202
swinir,mid,34,Normal,28.9107,0.873646,0.389751
swinir,mid,35,Normal,30.4836,0.889627,0.398042
swinir,mid,36,Normal,30.9213,0.89971,0.365835
swinir,mid,37,Normal,31.3124,0.909354,0.397058
swinir,mid,38,Normal,29.5867,0.882689,0.384979
swinir,mid,39,Normal,28.7249,0.859928,0.391713
swinir,mid,40,Normal,30.0315,0.88488,0.387069
swinir,mid,41,Normal,30.7983,0.88884,0.430351
swinir,mid,42,Normal,28.446,0.86298,0.407612
swinir,mid,43,Normal,30.1359,0.882008,0.365166
swinir,mid,44,Normal,30.1321,0.87254,0.386697
swinir,mid,45,Normal,29.3879,0.880966,0.39309
swinir,mid,46,Normal,32.1025,0.895511,0.436517
swinir,mid,47,Normal,28.9662,0.870753,0.36826
swinir,mid,48,Normal,29.9902,0.887921,0.394788
swinir,mid,49,Normal,29.8058,0.879635,0.369889
swinir,mid,50,Normal,29.4422,0.878954,0.413508
swinir,mid,51,Normal,30.6935,0.894547,0.3938
swinir,mid,52,Normal,30.3632,0.878476,0.403548
swinir,mid,53,Normal,30.0641,0.891431,0.38517
swinir,mid,54,Normal,30.5545,0.888358,0.40064
swinir,mid,55,Normal,31.0535,0.891217,0.390781
swinir,mid,56,Normal,31.5535,0.909637,0.409071
swinir,mid,57,Normal,29.9833,0.874556,0.407571
swinir,mid,58,Normal,29.7646,0.886985,0.397467
swinir,mid,59,Normal,29.8284,0.882385,0.424163
swinir,mid,60,Normal,31.1428,0.897834,0.398486
swinir,mid,61,Normal,30.6093,0.901011,0.369862
swinir,mid,62,Normal,30.3227,0.885615,0.401223
swinir,mid,63,Normal,29.4141,0.881985,0.387803
swinir,mid,64,Normal,30.1217,0.879386,0.418868
swinir,mid,65,Normal,28.294,0.873261,0.379499
swinir,mid,66,Normal,29.0197,0.86973,0.415603
swinir,mid,67,Normal,29.1142,0.872537,0.388797
swinir,mid,68,Normal,28.9923,0.865262,0.402686
swinir,mid,69,Normal,29.6578,0.872727,0.419218
swinir,mid,70,Normal,31.3845,0.906636,0.358651
swinir,mid,71,Normal,31.7405,0.897727,0.428786
swinir,mid,72,Normal,30.3976,0.892948,0.40653
swinir,mid,73,Normal,31.3559,0.896623,0.396257
swinir,mid,74,Normal,31.0184,0.898426,0.426554
swinir,mid,75,Normal,29.5412,0.874386,0.417639
swinir,mid,76,Normal,29.5811,0.87213,0.409585
swinir,mid,77,Normal,29.3817,0.880591,0.366302
swinir,mid,78,Normal,30.7304,0.896972,0.402744
swinir,mid,79,Normal,29.8005,0.888825,0.385235
swinir,mid,80,Normal,31.6367,0.900007,0.425668
swinir,mid,81,Normal,30.5165,0.892988,0.412842
swinir,mid,82,Normal,29.5354,0.87709,0.400395
swinir,mid,83,Normal,29.3252,0.874302,0.378341
swinir,mid,84,Normal,29.9344,0.89368,0.373377
swinir,mid,85,Normal,32.192,0.906904,0.390155
swinir,mid,86,Normal,29.746,0.879535,0.380552
swinir,mid,87,Normal,30.138,0.884633,0.393329
swinir,mid,88,Normal,29.5695,0.890374,0.383659
swinir,mid,89,Normal,30.2768,0.882368,0.418898
swinir,mid,90,Normal,30.2014,0.892507,0.364862
swinir,mid,91,Normal,29.3648,0.874754,0.355645
swinir,mid,92,Normal,31.5402,0.914119,0.365351
swinir,mid,93,Normal,29.6692,0.87951,0.410781
swinir,mid,94,Normal,30.2458,0.887532,0.366428
swinir,mid,95,Normal,29.741,0.872214,0.402115
swinir,mid,96,Normal,29.5597,0.876382,0.402642
swinir,mid,97,Normal,28.9997,0.874364,0.396449
swinir,mid,98,Normal,28.9059,0.874991,0.381063
swinir,mid,99,Normal,30.2085,0.896405,0.396866
swinir,mid,100,Normal,30.2819,0.887407,0.416922
swinir,mid,101,Normal,29.1367,0.879771,0.374102
swinir,mid,102,Normal,30.3044,0.878181,0.391622
swinir,mid,103,Normal,30.2762,0.882632,0.390534
swinir,mid,104,Normal,29.3791,0.878839,0.374117
swinir,mid,105,Normal,30.6952,0.900884,0.335584
swinir,mid,106,Normal,30.2084,0.886935,0.400479
swinir,mid,107,Normal,29.7262,0.882335,0.396256
swinir,mid,108,Normal,29.4981,0.861791,0.421541
swinir,mid,109,Normal,30.2028,0.883086,0.416001
swinir,mid,110,Normal,30.6734,0.889342,0.366374
swinir,mid,111,Normal,30.837,0.875172,0.409884
swinir,mid,112,Normal,29.0366,0.870489,0.375226
swinir,mid,113,Normal,29.4473,0.861927,0.42658
swinir,mid,114,Normal,29.8072,0.865877,0.430912
swinir,mid,115,Normal,29.5017,0.881286,0.37524
swinir,mid,116,Normal,28.7611,0.868414,0.374927
swinir,mid,117,Normal,30.7234,0.896988,0.371898
swinir,mid,118,Normal,29.6931,0.874707,0.399595
swinir,mid,119,Normal,31.1972,0.904827,0.394394
swinir,mid,120,Normal,30.405,0.902831,0.327761
swinir,mid,121,Normal,30.6212,0.893438,0.389469
swinir,mid,122,Normal,30.4939,0.8985,0.387855
swinir,mid,123,Normal,30.445,0.886632,0.390411
swinir,mid,124,Normal,30.0725,0.88108,0.383317
swinir,mid,125,Normal,29.4187,0.875681,0.396428
swinir,mid,126,Normal,30.8832,0.89791,0.394494
swinir,mid,127,Normal,29.5969,0.862391,0.455701
swinir,mid,128,Normal,29.2939,0.878459,0.384507
swinir,mid,129,Normal,30.177,0.89087,0.383016
swinir,mid,130,Normal,29.9451,0.890207,0.375627
swinir,mid,131,Normal,29.5048,0.884498,0.391319
swinir,mid,132,Normal,29.1149,0.880274,0.401631
swinir,mid,133,Normal,29.8928,0.888127,0.400634
swinir,mid,134,Normal,30.8576,0.891423,0.396571
swinir,mid,135,Normal,30.3546,0.884409,0.388155
swinir,mid,136,Normal,29.3937,0.885463,0.386553
swinir,mid,137,Normal,29.0895,0.87467,0.382228
swinir,mid,138,Normal,30.4039,0.895785,0.379441
swinir,mid,139,Normal,28.6159,0.864777,0.385047
swinir,mid,140,Normal,29.5572,0.874299,0.407248
swinir,mid,141,Normal,30.5326,0.892971,0.408099
swinir,mid,142,Normal,29.2361,0.867659,0.414573
swinir,mid,143,Normal,30.987,0.900164,0.390882
swinir,mid,144,Normal,29.3854,0.883972,0.40272
swinir,mid,145,Normal,29.414,0.881284,0.347646
swinir,mid,146,Normal,29.2427,0.875765,0.38604
swinir,mid,147,Normal,29.7538,0.874008,0.408801
swinir,mid,148,Normal,30.8626,0.892483,0.390518
swinir,mid,149,Normal,29.5782,0.888111,0.356258
swinir,mid,150,Normal,30.4481,0.884472,0.430653
swinir,mid,151,Normal,29.9599,0.872702,0.445601
swinir,mid,152,Normal,29.3673,0.860802,0.436319
swinir,mid,153,Normal,30.3769,0.895943,0.383515
swinir,mid,154,Normal,31.2734,0.902756,0.415488
swinir,mid,155,Normal,29.4202,0.87111,0.392087
swinir,mid,156,Normal,29.7703,0.87301,0.396774
swinir,mid,157,Normal,30.4439,0.89222,0.372994
swinir,mid,158,Normal,29.3017,0.881671,0.392616
swinir,mid,159,Normal,31.1132,0.900891,0.400699
swinir,mid,160,Normal,31.505,0.904609,0.395633
swinir,mid,161,Normal,30.6121,0.88696,0.39958
swinir,mid,162,Normal,30.3544,0.8841,0.381926
swinir,mid,163,Normal,30.8603,0.884085,0.407451
swinir,mid,164,Normal,31.8623,0.915313,0.399415
swinir,mid,165,Normal,31.5525,0.894365,0.443445
swinir,mid,166,Normal,31.3736,0.895941,0.409674
swinir,mid,167,Normal,30.0095,0.869588,0.454473
swinir,mid,168,Normal,29.4516,0.884105,0.378844
swinir,mid,169,Normal,27.3787,0.853063,0.388463
swinir,mid,170,Normal,29.6471,0.87063,0.402191
swinir,mid,171,Normal,30.2035,0.886625,0.407924
swinir,mid,172,Normal,29.9274,0.875452,0.40083
swinir,mid,173,Normal,30.2834,0.877726,0.424789
swinir,mid,174,Normal,30.8598,0.896584,0.396118
swinir,mid,175,Normal,30.2063,0.887233,0.376797
swinir,mid,176,Normal,30.338,0.895864,0.380259
swinir,mid,177,Normal,29.3758,0.864224,0.434589
swinir,mid,178,Normal,29.567,0.873464,0.457418
swinir,mid,179,Normal,29.6654,0.855816,0.45389
swinir,mid,180,Normal,28.456,0.855702,0.387165
swinir,mid,181,Normal,30.7351,0.888786,0.400287
swinir,mid,182,Normal,31.0788,0.892128,0.401743
swinir,mid,183,Normal,30.3852,0.890715,0.376126
swinir,mid,184,Normal,29.7963,0.88354,0.404642
swinir,mid,185,Normal,30.5423,0.88793,0.387765
swinir,mid,186,Normal,29.4921,0.872338,0.400566
swinir,mid,187,Normal,30.6765,0.899539,0.382788
swinir,mid,188,Normal,31.1854,0.891955,0.404533
swinir,mid,189,Normal,30.5758,0.883417,0.402512
swinir,mid,190,Normal,29.0824,0.867731,0.417467
swinir,mid,191,Normal,30.4057,0.885683,0.41275
swinir,mid,192,Normal,31.69,0.902598,0.431164
swinir,mid,193,Normal,29.4643,0.886108,0.360149
swinir,mid,194,Normal,29.0868,0.871196,0.418263
swinir,mid,195,Normal,29.5479,0.879826,0.408513
swinir,mid,196,Normal,30.1304,0.879408,0.391121
swinir,mid,197,Normal,29.9301,0.878552,0.399875
swinir,mid,198,Normal,31.1516,0.89935,0.394612
swinir,mid,199,Normal,28.8165,0.86236,0.407828
swinir,mid,200,Normal,29.9821,0.885215,0.395894
swinir,mid,201,Normal,30.6123,0.894693,0.395129
swinir,mid,202,Normal,30.1131,0.884934,0.431877
swinir,mid,203,Normal,30.1158,0.891766,0.37807
swinir,mid,204,Normal,29.0554,0.875145,0.397418
swinir,mid,205,Normal,31.2984,0.891993,0.417516
swinir,mid,206,Normal,31.7425,0.90495,0.363143
swinir,mid,207,Normal,30.9556,0.882593,0.40168
swinir,mid,208,Normal,29.6823,0.886205,0.396763
swinir,mid,209,Normal,29.4025,0.885883,0.377654
swinir,mid,210,Normal,29.9796,0.878432,0.423408
swinir,mid,211,Normal,30.1341,0.886967,0.373544
swinir,mid,212,Normal,30.6572,0.894383,0.39012
swinir,mid,213,Normal,30.3057,0.888339,0.396161
swinir,mid,214,Normal,30.1187,0.880359,0.40973
swinir,mid,215,Normal,30.3992,0.870244,0.442278
swinir,mid,216,Normal,29.3652,0.880918,0.405497
swinir,mid,217,Normal,30.9509,0.884716,0.480772
swinir,mid,218,Normal,30.1735,0.876004,0.424302
swinir,mid,219,Normal,29.5581,0.879377,0.403324
swinir,mid,220,Normal,31.9047,0.899239,0.426619
swinir,mid,221,Normal,30.3376,0.890517,0.364837
swinir,mid,222,Normal,29.7157,0.88188,0.374897
swinir,mid,223,Normal,29.9867,0.887998,0.40524
swinir,mid,224,Normal,30.405,0.889402,0.393412
swinir,mid,225,Normal,28.6746,0.842036,0.437359
swinir,mid,226,Normal,31.068,0.897512,0.401862
swinir,mid,227,Normal,28.9912,0.879665,0.404841
swinir,mid,228,Normal,31.3258,0.891312,0.388642
swinir,mid,229,Normal,28.6943,0.874496,0.393508
swinir,mid,230,Normal,29.565,0.879782,0.402188
swinir,mid,231,Normal,30.0448,0.875514,0.423826
swinir,mid,232,Normal,30.8698,0.897595,0.407897
swinir,mid,233,Normal,30.6123,0.889642,0.404137
swinir,mid,234,Bacterial,31.399,0.896544,0.489507
swinir,mid,235,Bacterial,29.9398,0.883433,0.446749
swinir,mid,236,Bacterial,31.3888,0.895343,0.458589
swinir,mid,237,Bacterial,31.3124,0.894264,0.459035
swinir,mid,238,Bacterial,32.1687,0.900735,0.470532
swinir,mid,239,Bacterial,31.1248,0.894469,0.451652
swinir,mid,240,Bacterial,31.3706,0.889713,0.480745
swinir,mid,241,Bacterial,30.881,0.888165,0.446113
swinir,mid,242,Bacterial,31.4143,0.888107,0.454921
swinir,mid,243,Bacterial,30.5409,0.880325,0.476461
swinir,mid,244,Bacterial,29.9844,0.874418,0.388452
swinir,mid,245,Bacterial,30.4053,0.88873,0.41497
swinir,mid,246,Bacterial,30.803,0.898222,0.427327
swinir,mid,247,Bacterial,30.3179,0.889085,0.442934
swinir,mid,248,Bacterial,31.6968,0.897882,0.441732
swinir,mid,249,Bacterial,32.1722,0.899946,0.466279
swinir,mid,250,Bacterial,31.5646,0.891796,0.494373
swinir,mid,251,Bacterial,30.1973,0.885322,0.388918
swinir,mid,252,Bacterial,31.7641,0.889547,0.460411
swinir,mid,253,Bacterial,31.2487,0.898509,0.446861
swinir,mid,254,Bacterial,30.2851,0.876996,0.404673
swinir,mid,255,Bacterial,31.0184,0.895798,0.438341
swinir,mid,256,Bacterial,30.4073,0.883691,0.43381
swinir,mid,257,Bacterial,31.121,0.898687,0.437818
swinir,mid,258,Bacterial,31.2098,0.890746,0.482107
swinir,mid,259,Bacterial,31.5603,0.902167,0.433271
swinir,mid,260,Bacterial,31.6143,0.907304,0.43472
swinir,mid,261,Bacterial,29.9449,0.881149,0.351843
swinir,mid,262,Bacterial,32.2907,0.902367,0.4578
swinir,mid,263,Bacterial,32.1391,0.905404,0.433742
swinir,mid,264,Bacterial,32.2564,0.896616,0.461741
swinir,mid,265,Bacterial,32.2126,0.908019,0.447259
swinir,mid,266,Bacterial,31.7859,0.894923,0.438915
swinir,mid,267,Bacterial,31.4911,0.886356,0.422005
swinir,mid,268,Bacterial,31.6971,0.895306,0.450686
swinir,mid,269,Bacterial,31.4904,0.9025,0.438653
swinir,mid,270,Bacterial,31.9615,0.913492,0.416458
swinir,mid,271,Bacterial,31.5096,0.89863,0.420081
swinir,mid,272,Bacterial,31.9662,0.908632,0.426518
swinir,mid,273,Bacterial,31.6533,0.899045,0.461283
swinir,mid,274,Bacterial,30.9005,0.882972,0.422299
swinir,mid,275,Bacterial,29.8311,0.877665,0.470029
swinir,mid,276,Bacterial,29.7755,0.877119,0.364267
swinir,mid,277,Bacterial,31.0019,0.881139,0.468198
swinir,mid,278,Bacterial,31.2164,0.890583,0.43446
swinir,mid,279,Bacterial,31.0466,0.891324,0.453736
swinir,mid,280,Bacterial,31.8639,0.888531,0.461511
swinir,mid,281,Bacterial,31.1432,0.881372,0.463096
swinir,mid,282,Bacterial,30.561,0.883226,0.457506
swinir,mid,283,Bacterial,31.2132,0.888956,0.466825
swinir,mid,284,Bacterial,30.5744,0.895836,0.43981
swinir,mid,285,Bacterial,32.0424,0.899692,0.464283
swinir,mid,286,Bacterial,30.6765,0.896771,0.444745
swinir,mid,287,Bacterial,30.778,0.890161,0.42457
swinir,mid,288,Bacterial,31.6405,0.895374,0.456247
swinir,mid,289,Bacterial,30.8448,0.881719,0.452774
swinir,mid,290,Bacterial,31.8623,0.9043,0.436208
swinir,mid,291,Bacterial,31.0478,0.891472,0.446311
swinir,mid,292,Bacterial,31.0492,0.888733,0.373753
swinir,mid,293,Bacterial,31.8773,0.897756,0.447576
swinir,mid,294,Bacterial,31.3922,0.902892,0.458291
swinir,mid,295,Bacterial,30.6578,0.8949,0.417102
swinir,mid,296,Bacterial,31.6778,0.903951,0.434128
swinir,mid,297,Bacterial,31.3134,0.901006,0.40281
swinir,mid,298,Bacterial,29.4267,0.86388,0.450823
swinir,mid,299,Bacterial,29.8778,0.880245,0.440808
swinir,mid,300,Bacterial,29.8318,0.880621,0.427208
swinir,mid,301,Bacterial,29.7717,0.8739,0.397845
swinir,mid,302,Bacterial,30.7341,0.880139,0.432055
swinir,mid,303,Bacterial,30.329,0.896088,0.42941
swinir,mid,304,Bacterial,31.3143,0.894439,0.441204
swinir,mid,305,Bacterial,31.7737,0.896036,0.44666
swinir,mid,306,Bacterial,31.0919,0.897046,0.425627
swinir,mid,307,Bacterial,31.0789,0.897344,0.434549
swinir,mid,308,Bacterial,30.8601,0.886752,0.41304
swinir,mid,309,Bacterial,30.5984,0.886236,0.444621
swinir,mid,310,Bacterial,29.4289,0.872967,0.394168
swinir,mid,311,Bacterial,30.9026,0.888285,0.450749
swinir,mid,312,Bacterial,29.8251,0.886213,0.41861
swinir,mid,313,Bacterial,31.4935,0.892765,0.466984
swinir,mid,314,Bacterial,30.7471,0.88014,0.413901
swinir,mid,315,Bacterial,32.287,0.913817,0.457492
swinir,mid,316,Bacterial,31.9035,0.902204,0.471822
swinir,mid,317,Bacterial,31.6917,0.900513,0.483904
swinir,mid,318,Bacterial,31.2052,0.892056,0.46217
swinir,mid,319,Bacterial,31.2642,0.882972,0.454056
swinir,mid,320,Bacterial,31.6338,0.890624,0.48275
swinir,mid,321,Bacterial,29.4095,0.891244,0.404291
swinir,mid,322,Bacterial,30.6191,0.89283,0.437965
swinir,mid,323,Bacterial,30.6291,0.897519,0.390382
swinir,mid,324,Bacterial,30.1164,0.897708,0.368995
swinir,mid,325,Bacterial,30.1108,0.894137,0.352486
swinir,mid,326,Bacterial,30.7581,0.894321,0.436448
swinir,mid,327,Bacterial,31.1015,0.893254,0.421843
swinir,mid,328,Bacterial,31.2313,0.902592,0.450541
swinir,mid,329,Bacterial,31.5255,0.902808,0.374508
swinir,mid,330,Bacterial,32.1497,0.896425,0.465507
swinir,mid,331,Bacterial,31.4716,0.899653,0.449704
swinir,mid,332,Bacterial,32.1559,0.909723,0.45108
swinir,mid,333,Bacterial,32.1152,0.908187,0.446347
swinir,mid,334,Bacterial,31.8747,0.9049,0.445352
swinir,mid,335,Bacterial,30.4712,0.886855,0.397784
swinir,mid,336,Bacterial,31.6765,0.901811,0.448945
swinir,mid,337,Bacterial,31.1619,0.887964,0.460871
swinir,mid,338,Bacterial,31.6656,0.892007,0.466561
swinir,mid,339,Bacterial,30.3926,0.883614,0.398748
swinir,mid,340,Bacterial,31.765,0.899182,0.444781
swinir,mid,341,Bacterial,31.1033,0.899019,0.441679
swinir,mid,342,Bacterial,31.3233,0.897577,0.456137
swinir,mid,343,Bacterial,31.3695,0.892328,0.498737
swinir,mid,344,Bacterial,32.0816,0.902827,0.452634
swinir,mid,345,Bacterial,30.9403,0.898099,0.450649
swinir,mid,346,Bacterial,30.3687,0.88848,0.447832
swinir,mid,347,Bacterial,31.7299,0.90175,0.436239
swinir,mid,348,Bacterial,31.204,0.888827,0.473679
swinir,mid,349,Bacterial,32.118,0.903172,0.452858
swinir,mid,350,Bacterial,32.414,0.908849,0.458598
swinir,mid,351,Bacterial,30.0534,0.888335,0.386149
swinir,mid,352,Bacterial,31.4955,0.894413,0.455238
swinir,mid,353,Bacterial,31.0835,0.899491,0.43195
swinir,mid,354,Bacterial,32.1779,0.896267,0.49911
swinir,mid,355,Bacterial,31.9339,0.89778,0.421837
swinir,mid,356,Bacterial,31.3973,0.889715,0.450417
swinir,mid,357,Bacterial,31.8754,0.891085,0.451415
swinir,mid,358,Bacterial,31.5964,0.898326,0.481055
swinir,mid,359,Bacterial,31.3106,0.896741,0.362317
swinir,mid,360,Bacterial,31.0616,0.896371,0.427355
swinir,mid,361,Bacterial,31.9409,0.903055,0.414145
swinir,mid,362,Bacterial,31.9057,0.909137,0.441234
swinir,mid,363,Bacterial,30.8205,0.909788,0.380785
swinir,mid,364,Bacterial,31.7455,0.897566,0.459535
swinir,mid,365,Bacterial,29.6853,0.882509,0.393162
swinir,mid,366,Bacterial,31.6023,0.900681,0.430932
swinir,mid,367,Bacterial,30.8931,0.896786,0.359366
swinir,mid,368,Bacterial,31.5278,0.892155,0.425883
swinir,mid,369,Bacterial,30.4072,0.887652,0.395968
swinir,mid,370,Bacterial,28.9426,0.87166,0.385311
swinir,mid,371,Bacterial,31.2787,0.897137,0.432826
swinir,mid,372,Bacterial,30.7837,0.882531,0.479007
swinir,mid,373,Bacterial,31.3759,0.89476,0.43445
swinir,mid,374,Bacterial,30.3,0.883288,0.447522
swinir,mid,375,Bacterial,30.8475,0.891295,0.455499
swinir,mid,376,Bacterial,30.1096,0.895221,0.422638
swinir,mid,377,Bacterial,30.8388,0.893817,0.450624
swinir,mid,378,Bacterial,30.7278,0.885995,0.369474
swinir,mid,379,Bacterial,31.1336,0.900117,0.413933
swinir,mid,380,Bacterial,31.4649,0.906205,0.4333
swinir,mid,381,Bacterial,29.8288,0.882351,0.379111
swinir,mid,382,Bacterial,30.726,0.892991,0.440132
swinir,mid,383,Bacterial,30.0428,0.875371,0.418837
swinir,mid,384,Bacterial,29.9187,0.882834,0.358561
swinir,mid,385,Bacterial,29.7509,0.885049,0.382889
swinir,mid,386,Bacterial,31.7758,0.902598,0.442304
swinir,mid,387,Bacterial,31.4739,0.898548,0.415582
swinir,mid,388,Bacterial,30.3203,0.897204,0.34383
swinir,mid,389,Bacterial,30.0613,0.88736,0.383282
swinir,mid,390,Bacterial,31.5093,0.889328,0.43248
swinir,mid,391,Bacterial,30.4215,0.895757,0.441592
swinir,mid,392,Bacterial,31.2449,0.897021,0.455048
swinir,mid,393,Bacterial,31.3056,0.89105,0.498577
swinir,mid,394,Bacterial,31.5303,0.898605,0.461745
swinir,mid,395,Bacterial,31.5623,0.898362,0.443683
swinir,mid,396,Bacterial,30.1789,0.867343,0.454165
swinir,mid,397,Bacterial,32.4711,0.901456,0.473822
swinir,mid,398,Bacterial,31.9489,0.900069,0.461085
swinir,mid,399,Bacterial,30.4584,0.892762,0.455762
swinir,mid,400,Bacterial,30.476,0.879413,0.439654
swinir,mid,401,Bacterial,30.0747,0.878927,0.37545
swinir,mid,402,Bacterial,31.8533,0.89885,0.463891
swinir,mid,403,Bacterial,30.7813,0.897755,0.434205
swinir,mid,404,Bacterial,30.9649,0.88644,0.450504
swinir,mid,405,Bacterial,31.506,0.900584,0.405624
swinir,mid,406,Bacterial,32.0583,0.900502,0.452277
swinir,mid,407,Bacterial,30.7222,0.897848,0.431426
swinir,mid,408,Bacterial,30.9651,0.892644,0.442173
swinir,mid,409,Bacterial,30.4579,0.880627,0.407895
swinir,mid,410,Bacterial,29.6271,0.873694,0.391558
swinir,mid,411,Bacterial,31.1366,0.885455,0.445806
swinir,mid,412,Bacterial,31.6095,0.891311,0.450249
swinir,mid,413,Bacterial,30.0027,0.869914,0.381047
swinir,mid,414,Bacterial,31.9861,0.901324,0.455232
swinir,mid,415,Bacterial,31.133,0.89289,0.458526
swinir,mid,416,Bacterial,32.282,0.903274,0.445545
swinir,mid,417,Bacterial,31.8396,0.893349,0.412026
swinir,mid,418,Bacterial,31.7245,0.893196,0.446045
swinir,mid,419,Bacterial,30.9793,0.893805,0.384346
swinir,mid,420,Bacterial,30.926,0.895226,0.434884
swinir,mid,421,Bacterial,30.3726,0.887928,0.450432
swinir,mid,422,Bacterial,30.9493,0.890344,0.457495
swinir,mid,423,Bacterial,31.184,0.897947,0.459229
swinir,mid,424,Bacterial,31.1467,0.896588,0.472386
swinir,mid,425,Bacterial,31.9417,0.895469,0.454851
swinir,mid,426,Bacterial,32.7033,0.905763,0.474902
swinir,mid,427,Bacterial,32.6426,0.902638,0.504959
swinir,mid,428,Bacterial,32.1898,0.900986,0.483655
swinir,mid,429,Bacterial,30.3307,0.885924,0.38563
swinir,mid,430,Bacterial,31.9918,0.9022,0.42464
swinir,mid,431,Bacterial,32.1377,0.89455,0.458381
swinir,mid,432,Bacterial,31.6926,0.901106,0.437099
swinir,mid,433,Bacterial,30.7526,0.88449,0.464102
swinir,mid,434,Bacterial,31.116,0.891236,0.427395
swinir,mid,435,Bacterial,30.7893,0.894106,0.416596
swinir,mid,436,Bacterial,30.6337,0.890703,0.347574
swinir,mid,437,Bacterial,32.1147,0.882118,0.466637
swinir,mid,438,Bacterial,30.0977,0.877782,0.451163
swinir,mid,439,Bacterial,31.1141,0.891559,0.453076
swinir,mid,440,Bacterial,30.3419,0.883445,0.42025
swinir,mid,441,Bacterial,30.1857,0.883423,0.409573
swinir,mid,442,Bacterial,31.16,0.892245,0.451718
swinir,mid,443,Bacterial,32.16,0.904851,0.439383
swinir,mid,444,Bacterial,31.3399,0.896,0.422959
swinir,mid,445,Bacterial,31.2953,0.898901,0.460936
swinir,mid,446,Bacterial,31.1288,0.897274,0.443268
swinir,mid,447,Bacterial,31.7033,0.894975,0.468262
swinir,mid,448,Bacterial,31.7701,0.904747,0.433788
swinir,mid,449,Bacterial,30.4642,0.882954,0.408074
swinir,mid,450,Bacterial,30.8381,0.892416,0.42782
swinir,mid,451,Bacterial,30.1033,0.881135,0.36551
swinir,mid,452,Bacterial,30.757,0.896425,0.434741
swinir,mid,453,Bacterial,31.5262,0.894849,0.455397
swinir,mid,454,Bacterial,30.5256,0.896329,0.435383
swinir,mid,455,Bacterial,31.8704,0.905604,0.457999
swinir,mid,456,Bacterial,29.9977,0.882119,0.411618
swinir,mid,457,Bacterial,31.9094,0.898087,0.456471
swinir,mid,458,Bacterial,32.0998,0.905049,0.435796
swinir,mid,459,Bacterial,32.2313,0.900723,0.458859
swinir,mid,460,Bacterial,31.0505,0.885417,0.438906
swinir,mid,461,Bacterial,30.5804,0.886042,0.428401
swinir,mid,462,Bacterial,30.3813,0.883589,0.406507
swinir,mid,463,Bacterial,31.8485,0.900876,0.442643
swinir,mid,464,Bacterial,30.7573,0.881922,0.453315
swinir,mid,465,Bacterial,31.7585,0.896871,0.432641
swinir,mid,466,Bacterial,31.3261,0.89192,0.428014
swinir,mid,467,Bacterial,31.2931,0.889926,0.465361
swinir,mid,468,Bacterial,31.2029,0.896304,0.446394
swinir,mid,469,Bacterial,31.7152,0.889877,0.467873
swinir,mid,470,Bacterial,31.1494,0.890844,0.467965
swinir,mid,471,Bacterial,30.6452,0.880963,0.398634
swinir,mid,472,Bacterial,30.8045,0.888819,0.378743
swinir,mid,473,Bacterial,29.2704,0.877164,0.460893
swinir,mid,474,Bacterial,30.4485,0.899681,0.417774
swinir,mid,475,Bacterial,29.8077,0.875874,0.391476
swinir,mid,476,Viral,30.5382,0.89346,0.431091
swinir,mid,477,Viral,30.4251,0.890176,0.410345
swinir,mid,478,Viral,30.7769,0.903336,0.414296
swinir,mid,479,Viral,31.3299,0.897504,0.398721
swinir,mid,480,Viral,32.0293,0.903488,0.465977
swinir,mid,481,Viral,30.8297,0.90309,0.448341
swinir,mid,482,Viral,30.5911,0.884856,0.376024
swinir,mid,483,Viral,31.4094,0.898109,0.455563
swinir,mid,484,Viral,30.8993,0.901322,0.457696
swinir,mid,485,Viral,30.8514,0.895397,0.446794
swinir,mid,486,Viral,31.5944,0.891715,0.483086
swinir,mid,487,Viral,31.3014,0.890415,0.417657
swinir,mid,488,Viral,30.4273,0.892655,0.378422
swinir,mid,489,Viral,30.9212,0.895002,0.395866
swinir,mid,490,Viral,31.9461,0.905743,0.400749
swinir,mid,491,Viral,31.0324,0.899886,0.389802
swinir,mid,492,Viral,30.2469,0.886323,0.443467
swinir,mid,493,Viral,31.0089,0.894825,0.397084
swinir,mid,494,Viral,30.9642,0.893706,0.405868
swinir,mid,495,Viral,29.925,0.88713,0.417696
swinir,mid,496,Viral,32.1875,0.907745,0.389729
swinir,mid,497,Viral,30.6746,0.897444,0.347967
swinir,mid,498,Viral,31.7481,0.904343,0.428707
swinir,mid,499,Viral,31.634,0.89093,0.442457
swinir,mid,500,Viral,30.5699,0.883743,0.453341
swinir,mid,501,Viral,30.0412,0.887298,0.374625
swinir,mid,502,Viral,30.7282,0.896324,0.423656
swinir,mid,503,Viral,30.1096,0.894319,0.380879
swinir,mid,504,Viral,30.2543,0.88411,0.404029
swinir,mid,505,Viral,31.8054,0.907278,0.366182
swinir,mid,506,Viral,30.6474,0.87924,0.431807
swinir,mid,507,Viral,29.9392,0.877672,0.399962
swinir,mid,508,Viral,32.0416,0.909035,0.405606
swinir,mid,509,Viral,30.0457,0.879251,0.423556
swinir,mid,510,Viral,28.7233,0.881359,0.39776
swinir,mid,511,Viral,30.3015,0.890704,0.401027
swinir,mid,512,Viral,32.0543,0.904837,0.408683
swinir,mid,513,Viral,30.1006,0.892492,0.390754
swinir,mid,514,Viral,29.6857,0.885838,0.384355
swinir,mid,515,Viral,31.1019,0.891996,0.373597
swinir,mid,516,Viral,31.9622,0.903579,0.395235
swinir,mid,517,Viral,29.658,0.884116,0.425828
swinir,mid,518,Viral,30.0961,0.881445,0.35828
swinir,mid,519,Viral,31.8647,0.919477,0.348325
swinir,mid,520,Viral,31.3806,0.904732,0.390502
swinir,mid,521,Viral,30.7036,0.899124,0.37892
swinir,mid,522,Viral,31.3737,0.902547,0.41177
swinir,mid,523,Viral,31.7983,0.911525,0.384491
swinir,mid,524,Viral,32.0874,0.909922,0.400934
swinir,mid,525,Viral,32.1678,0.910712,0.37421
swinir,mid,526,Viral,31.4802,0.902551,0.406529
swinir,mid,527,Viral,32.0762,0.905,0.433539
swinir,mid,528,Viral,31.608,0.902344,0.396966
swinir,mid,529,Viral,30.1055,0.86877,0.408068
swinir,mid,530,Viral,31.0358,0.892928,0.40501
swinir,mid,531,Viral,30.8548,0.903058,0.368579
swinir,mid,532,Viral,30.633,0.897049,0.428611
swinir,mid,533,Viral,30.3846,0.891742,0.384087
swinir,mid,534,Viral,29.5797,0.889278,0.396953
swinir,mid,535,Viral,30.6467,0.89851,0.373146
swinir,mid,536,Viral,32.0109,0.900207,0.427366
swinir,mid,537,Viral,31.0116,0.898934,0.402881
swinir,mid,538,Viral,31.727,0.902377,0.441392
swinir,mid,539,Viral,30.8562,0.895182,0.369559
swinir,mid,540,Viral,31.0134,0.892828,0.435695
swinir,mid,541,Viral,29.9602,0.88577,0.421906
swinir,mid,542,Viral,31.8741,0.906088,0.375591
swinir,mid,543,Viral,32.7001,0.909314,0.40608
swinir,mid,544,Viral,29.3755,0.882752,0.380985
swinir,mid,545,Viral,29.532,0.889154,0.385264
swinir,mid,546,Viral,32.1094,0.904821,0.402361
swinir,mid,547,Viral,31.7069,0.901862,0.425962
swinir,mid,548,Viral,29.9309,0.888408,0.393231
swinir,mid,549,Viral,33.2323,0.901095,0.456569
swinir,mid,550,Viral,33.2111,0.902237,0.478697
swinir,mid,551,Viral,31.0627,0.899144,0.373767
swinir,mid,552,Viral,31.5677,0.910314,0.364983
swinir,mid,553,Viral,31.8953,0.899428,0.400589
swinir,mid,554,Viral,30.9891,0.901024,0.414406
swinir,mid,555,Viral,29.4988,0.89228,0.377866
swinir,mid,556,Viral,30.9879,0.889886,0.406002
swinir,mid,557,Viral,31.55,0.893751,0.408516
swinir,mid,558,Viral,30.4309,0.887944,0.395579
swinir,mid,559,Viral,32.0559,0.908473,0.429669
swinir,mid,560,Viral,32.2592,0.915768,0.366882
swinir,mid,561,Viral,29.9037,0.88245,0.396082
swinir,mid,562,Viral,30.7146,0.891762,0.412229
swinir,mid,563,Viral,30.934,0.889682,0.441127
swinir,mid,564,Viral,31.0128,0.896466,0.407912
swinir,mid,565,Viral,31.8049,0.906077,0.394774
swinir,mid,566,Viral,30.3008,0.893844,0.419713
swinir,mid,567,Viral,30.7211,0.900218,0.39037
swinir,mid,568,Viral,30.3068,0.886525,0.450103
swinir,mid,569,Viral,31.2341,0.902162,0.395516
swinir,mid,570,Viral,30.165,0.894898,0.38718
swinir,mid,571,Viral,31.1394,0.891665,0.446199
swinir,mid,572,Viral,30.6676,0.885419,0.467444
swinir,mid,573,Viral,30.9765,0.887616,0.445877
swinir,mid,574,Viral,32.6163,0.921482,0.41719
swinir,mid,575,Viral,31.0752,0.893198,0.446797
swinir,mid,576,Viral,30.5401,0.892308,0.424377
swinir,mid,577,Viral,30.4528,0.897485,0.4011
swinir,mid,578,Viral,31.7994,0.908627,0.383332
swinir,mid,579,Viral,30.5317,0.89723,0.346027
swinir,mid,580,Viral,30.4515,0.894038,0.412614
swinir,mid,581,Viral,30.3377,0.889799,0.392286
swinir,mid,582,Viral,31.1369,0.896893,0.385712
swinir,mid,583,Viral,31.4435,0.895195,0.428638
swinir,mid,584,Viral,32.2822,0.906972,0.404115
swinir,mid,585,Viral,31.902,0.907718,0.401713
swinir,mid,586,Viral,31.6539,0.89683,0.410355
swinir,mid,587,Viral,31.6745,0.892036,0.422828
swinir,mid,588,Viral,30.5449,0.886289,0.416451
swinir,mid,589,Viral,28.5061,0.862822,0.371014
swinir,mid,590,Viral,30.0952,0.890937,0.403123
swinir,mid,591,Viral,29.8672,0.88946,0.368112
swinir,mid,592,Viral,29.9084,0.887217,0.381778
swinir,mid,593,Viral,32.0157,0.86733,0.474096
swinir,mid,594,Viral,31.9573,0.904797,0.415852
swinir,mid,595,Viral,31.797,0.899881,0.382946
swinir,mid,596,Viral,31.422,0.906788,0.391605
swinir,mid,597,Viral,31.4214,0.905859,0.366378
swinir,mid,598,Viral,30.0792,0.896661,0.416379
swinir,mid,599,Viral,29.9426,0.887603,0.370602
swinir,mid,600,Viral,31.0855,0.889758,0.473217
swinir,mid,601,Viral,31.3349,0.90398,0.395393
swinir,mid,602,Viral,30.2002,0.890005,0.408856
swinir,mid,603,Viral,30.4337,0.902845,0.377224
swinir,mid,604,Viral,30.604,0.897279,0.390458
swinir,mid,605,Viral,32.0873,0.905641,0.412429
swinir,mid,606,Viral,31.5189,0.905423,0.394367
swinir,mid,607,Viral,31.3626,0.901401,0.408082
swinir,mid,608,Viral,32.2835,0.915481,0.412555
swinir,mid,609,Viral,31.5965,0.911149,0.435798
swinir,mid,610,Viral,32.0211,0.906959,0.400455
swinir,mid,611,Viral,29.9373,0.892061,0.40058
swinir,mid,612,Viral,29.6006,0.878492,0.426351
swinir,mid,613,Viral,30.6217,0.89626,0.411038
swinir,mid,614,Viral,31.8907,0.911112,0.370544
swinir,mid,615,Viral,31.72,0.896154,0.403022
swinir,mid,616,Viral,31.6796,0.901286,0.387146
swinir,mid,617,Viral,31.0812,0.899255,0.438269
swinir,mid,618,Viral,30.5671,0.893094,0.415806
swinir,mid,619,Viral,30.8238,0.897546,0.372173
swinir,mid,620,Viral,30.5184,0.89646,0.37258
swinir,mid,621,Viral,33.0738,0.916027,0.45502
swinir,mid,622,Viral,30.9821,0.896767,0.406393
swinir,mid,623,Viral,32.0537,0.912438,0.380998
arm_q_charb,mid,0,Normal,33.5401,0.935556,0.174405
arm_q_charb,mid,1,Normal,32.2133,0.91428,0.221942
arm_q_charb,mid,2,Normal,33.1856,0.930027,0.189922
arm_q_charb,mid,3,Normal,34.1794,0.945463,0.157852
arm_q_charb,mid,4,Normal,32.9394,0.91427,0.241683
arm_q_charb,mid,5,Normal,34.5111,0.943443,0.186613
arm_q_charb,mid,6,Normal,33.9564,0.935511,0.226422
arm_q_charb,mid,7,Normal,34.3307,0.941992,0.190652
arm_q_charb,mid,8,Normal,32.6236,0.937191,0.175541
arm_q_charb,mid,9,Normal,32.7466,0.930806,0.20313
arm_q_charb,mid,10,Normal,33.6356,0.942245,0.150065
arm_q_charb,mid,11,Normal,33.4826,0.932279,0.216079
arm_q_charb,mid,12,Normal,33.623,0.9247,0.228972
arm_q_charb,mid,13,Normal,34.7139,0.936799,0.187632
arm_q_charb,mid,14,Normal,33.8124,0.944725,0.161631
arm_q_charb,mid,15,Normal,32.8698,0.919388,0.248077
arm_q_charb,mid,16,Normal,34.3032,0.937998,0.20447
arm_q_charb,mid,17,Normal,33.7599,0.928943,0.198716
arm_q_charb,mid,18,Normal,33.403,0.930556,0.173299
arm_q_charb,mid,19,Normal,34.2944,0.942017,0.188729
arm_q_charb,mid,20,Normal,35.4227,0.950244,0.151025
arm_q_charb,mid,21,Normal,34.2092,0.942057,0.174895
arm_q_charb,mid,22,Normal,34.298,0.933963,0.212412
arm_q_charb,mid,23,Normal,31.9894,0.897253,0.305516
arm_q_charb,mid,24,Normal,33.28,0.930715,0.208355
arm_q_charb,mid,25,Normal,34.0291,0.939244,0.162848
arm_q_charb,mid,26,Normal,32.1793,0.923944,0.191962
arm_q_charb,mid,27,Normal,32.2139,0.920479,0.219133
arm_q_charb,mid,28,Normal,34.248,0.940006,0.193266
arm_q_charb,mid,29,Normal,33.434,0.931861,0.226075
arm_q_charb,mid,30,Normal,32.2901,0.913217,0.222555
arm_q_charb,mid,31,Normal,33.4529,0.934022,0.18223
arm_q_charb,mid,32,Normal,32.4105,0.923408,0.208739
arm_q_charb,mid,33,Normal,31.608,0.908357,0.240687
arm_q_charb,mid,34,Normal,32.125,0.924158,0.183134
arm_q_charb,mid,35,Normal,33.8031,0.936129,0.176332
arm_q_charb,mid,36,Normal,34.6686,0.948031,0.142326
arm_q_charb,mid,37,Normal,34.897,0.943476,0.224916
arm_q_charb,mid,38,Normal,33.0973,0.936002,0.173464
arm_q_charb,mid,39,Normal,31.6502,0.913746,0.197628
arm_q_charb,mid,40,Normal,33.5724,0.934438,0.184457
arm_q_charb,mid,41,Normal,34.1992,0.93597,0.202405
arm_q_charb,mid,42,Normal,31.5415,0.914545,0.215449
arm_q_charb,mid,43,Normal,33.3597,0.927027,0.187464
arm_q_charb,mid,44,Normal,33.0923,0.92362,0.19909
arm_q_charb,mid,45,Normal,32.8049,0.929596,0.208903
arm_q_charb,mid,46,Normal,35.1001,0.927927,0.220432
arm_q_charb,mid,47,Normal,32.1552,0.924143,0.180803
arm_q_charb,mid,48,Normal,32.8134,0.927493,0.203017
arm_q_charb,mid,49,Normal,33.0674,0.928045,0.188351
arm_q_charb,mid,50,Normal,32.9645,0.933528,0.216356
arm_q_charb,mid,51,Normal,33.7906,0.933136,0.20404
arm_q_charb,mid,52,Normal,33.3404,0.923688,0.217125
arm_q_charb,mid,53,Normal,33.1945,0.935836,0.163273
arm_q_charb,mid,54,Normal,33.6496,0.936293,0.201087
arm_q_charb,mid,55,Normal,34.3569,0.936513,0.19322
arm_q_charb,mid,56,Normal,34.8923,0.947432,0.19478
arm_q_charb,mid,57,Normal,32.7571,0.914886,0.234831
arm_q_charb,mid,58,Normal,32.9796,0.933914,0.198972
arm_q_charb,mid,59,Normal,33.5776,0.93546,0.191714
arm_q_charb,mid,60,Normal,34.1622,0.937148,0.192353
arm_q_charb,mid,61,Normal,34.15,0.94353,0.154404
arm_q_charb,mid,62,Normal,33.227,0.926772,0.236943
arm_q_charb,mid,63,Normal,33.1013,0.937202,0.175216
arm_q_charb,mid,64,Normal,34.0805,0.9341,0.191053
arm_q_charb,mid,65,Normal,31.9152,0.930531,0.185348
arm_q_charb,mid,66,Normal,31.7026,0.911063,0.236897
arm_q_charb,mid,67,Normal,31.8172,0.91737,0.226479
arm_q_charb,mid,68,Normal,31.4058,0.910874,0.238317
arm_q_charb,mid,69,Normal,32.9306,0.921814,0.225461
arm_q_charb,mid,70,Normal,35.0717,0.945395,0.192596
arm_q_charb,mid,71,Normal,34.5062,0.931825,0.221088
arm_q_charb,mid,72,Normal,34.3795,0.942912,0.195371
arm_q_charb,mid,73,Normal,34.6326,0.943216,0.171005
arm_q_charb,mid,74,Normal,33.6541,0.924788,0.263177
arm_q_charb,mid,75,Normal,32.5646,0.92748,0.196893
arm_q_charb,mid,76,Normal,32.1826,0.911885,0.227858
arm_q_charb,mid,77,Normal,33.2847,0.936783,0.154159
arm_q_charb,mid,78,Normal,34.44,0.939069,0.23976
arm_q_charb,mid,79,Normal,33.2,0.938131,0.174259
arm_q_charb,mid,80,Normal,34.1424,0.929697,0.23369
arm_q_charb,mid,81,Normal,34.1495,0.941002,0.189333
arm_q_charb,mid,82,Normal,32.3694,0.921299,0.199311
arm_q_charb,mid,83,Normal,32.7428,0.930788,0.199094
arm_q_charb,mid,84,Normal,33.0856,0.938666,0.187268
arm_q_charb,mid,85,Normal,35.3754,0.944068,0.202455
arm_q_charb,mid,86,Normal,33.7907,0.937348,0.174992
arm_q_charb,mid,87,Normal,34.1741,0.938208,0.178452
arm_q_charb,mid,88,Normal,32.442,0.932955,0.185643
arm_q_charb,mid,89,Normal,34.0088,0.933353,0.218931
arm_q_charb,mid,90,Normal,33.4125,0.935849,0.161777
arm_q_charb,mid,91,Normal,32.4058,0.922954,0.201646
arm_q_charb,mid,92,Normal,34.7493,0.946882,0.179453
arm_q_charb,mid,93,Normal,32.7898,0.926402,0.215106
arm_q_charb,mid,94,Normal,34.1537,0.939022,0.177429
arm_q_charb,mid,95,Normal,32.0214,0.913546,0.225193
arm_q_charb,mid,96,Normal,33.7137,0.937205,0.184985
arm_q_charb,mid,97,Normal,32.0646,0.925699,0.218393
arm_q_charb,mid,98,Normal,33.0027,0.934991,0.175416
arm_q_charb,mid,99,Normal,33.7514,0.944531,0.19427
arm_q_charb,mid,100,Normal,34.205,0.937517,0.195568
arm_q_charb,mid,101,Normal,32.2454,0.927545,0.216971
arm_q_charb,mid,102,Normal,33.8736,0.931736,0.160718
arm_q_charb,mid,103,Normal,34.0149,0.933053,0.201541
arm_q_charb,mid,104,Normal,32.973,0.931559,0.173987
arm_q_charb,mid,105,Normal,33.2701,0.93698,0.185729
arm_q_charb,mid,106,Normal,34.2033,0.939987,0.162052
arm_q_charb,mid,107,Normal,33.3926,0.932722,0.178364
arm_q_charb,mid,108,Normal,31.9266,0.903915,0.251581
arm_q_charb,mid,109,Normal,32.5853,0.917128,0.2223
arm_q_charb,mid,110,Normal,33.4067,0.928802,0.198822
arm_q_charb,mid,111,Normal,34.3827,0.928384,0.195079
arm_q_charb,mid,112,Normal,32.0152,0.9225,0.202096
arm_q_charb,mid,113,Normal,32.3928,0.914479,0.212164
arm_q_charb,mid,114,Normal,33.3362,0.9233,0.215657
arm_q_charb,mid,115,Normal,33.1633,0.934859,0.19677
arm_q_charb,mid,116,Normal,32.3057,0.92499,0.177978
arm_q_charb,mid,117,Normal,33.3777,0.932115,0.18788
arm_q_charb,mid,118,Normal,33.5346,0.93174,0.185939
arm_q_charb,mid,119,Normal,35.4001,0.953007,0.160341
arm_q_charb,mid,120,Normal,34.0317,0.948932,0.141788
arm_q_charb,mid,121,Normal,33.9586,0.937959,0.16129
arm_q_charb,mid,122,Normal,34.2192,0.945389,0.164906
arm_q_charb,mid,123,Normal,34.4863,0.941931,0.161173
arm_q_charb,mid,124,Normal,33.5449,0.93116,0.200922
arm_q_charb,mid,125,Normal,32.6269,0.925162,0.217856
arm_q_charb,mid,126,Normal,33.6378,0.931622,0.237102
arm_q_charb,mid,127,Normal,32.1222,0.908369,0.251249
arm_q_charb,mid,128,Normal,32.6152,0.926663,0.20021
arm_q_charb,mid,129,Normal,33.5988,0.937408,0.1689
arm_q_charb,mid,130,Normal,33.1613,0.934633,0.179169
arm_q_charb,mid,131,Normal,33.2479,0.936478,0.186923
arm_q_charb,mid,132,Normal,32.6559,0.93281,0.195464
arm_q_charb,mid,133,Normal,33.2317,0.936384,0.177775
arm_q_charb,mid,134,Normal,34.6366,0.941051,0.172878
arm_q_charb,mid,135,Normal,33.8925,0.93393,0.177809
arm_q_charb,mid,136,Normal,33.1539,0.938966,0.171354
arm_q_charb,mid,137,Normal,33.0176,0.935127,0.16772
arm_q_charb,mid,138,Normal,33.8996,0.940473,0.165637
arm_q_charb,mid,139,Normal,32.2023,0.923013,0.206272
arm_q_charb,mid,140,Normal,32.5527,0.922145,0.195628
arm_q_charb,mid,141,Normal,33.4937,0.932705,0.20973
arm_q_charb,mid,142,Normal,31.6355,0.911399,0.231406
arm_q_charb,mid,143,Normal,34.7189,0.945693,0.161422
arm_q_charb,mid,144,Normal,33.5687,0.941873,0.172467
arm_q_charb,mid,145,Normal,32.5066,0.934623,0.159111
arm_q_charb,mid,146,Normal,32.0985,0.922566,0.228937
arm_q_charb,mid,147,Normal,32.2303,0.913644,0.23673
arm_q_charb,mid,148,Normal,33.773,0.93517,0.186994
arm_q_charb,mid,149,Normal,32.8605,0.93557,0.185854
arm_q_charb,mid,150,Normal,33.008,0.920328,0.231567
arm_q_charb,mid,151,Normal,32.0874,0.909944,0.233901
arm_q_charb,mid,152,Normal,31.7809,0.906507,0.219104
arm_q_charb,mid,153,Normal,33.7063,0.93636,0.193996
arm_q_charb,mid,154,Normal,34.9393,0.941957,0.204569
arm_q_charb,mid,155,Normal,32.6549,0.922789,0.207244
arm_q_charb,mid,156,Normal,32.3625,0.915717,0.221759
arm_q_charb,mid,157,Normal,33.9853,0.939341,0.153781
arm_q_charb,mid,158,Normal,33.5085,0.9396,0.155266
arm_q_charb,mid,159,Normal,33.8501,0.933842,0.217829
arm_q_charb,mid,160,Normal,34.2867,0.936236,0.238839
arm_q_charb,mid,161,Normal,34.0044,0.936266,0.177642
arm_q_charb,mid,162,Normal,33.9584,0.938069,0.159795
arm_q_charb,mid,163,Normal,33.9094,0.929609,0.186337
arm_q_charb,mid,164,Normal,35.1209,0.945657,0.240768
arm_q_charb,mid,165,Normal,35.1742,0.933178,0.255757
arm_q_charb,mid,166,Normal,35.2525,0.942856,0.160189
arm_q_charb,mid,167,Normal,33.1087,0.918666,0.264651
arm_q_charb,mid,168,Normal,33.197,0.940225,0.164627
arm_q_charb,mid,169,Normal,30.7759,0.915723,0.199181
arm_q_charb,mid,170,Normal,32.9241,0.920768,0.239417
arm_q_charb,mid,171,Normal,32.8832,0.924512,0.219936
arm_q_charb,mid,172,Normal,33.4082,0.926548,0.223704
arm_q_charb,mid,173,Normal,32.6541,0.915143,0.233243
arm_q_charb,mid,174,Normal,34.6329,0.939659,0.200269
arm_q_charb,mid,175,Normal,34.035,0.934964,0.186573
arm_q_charb,mid,176,Normal,33.9887,0.943297,0.154161
arm_q_charb,mid,177,Normal,32.2487,0.91401,0.216695
arm_q_charb,mid,178,Normal,33.3206,0.93011,0.204996
arm_q_charb,mid,179,Normal,31.8816,0.899391,0.261546
arm_q_charb,mid,180,Normal,31.6059,0.91562,0.199094
arm_q_charb,mid,181,Normal,33.8777,0.935485,0.192499
arm_q_charb,mid,182,Normal,34.4804,0.935462,0.205451
arm_q_charb,mid,183,Normal,33.2587,0.931287,0.203621
arm_q_charb,mid,184,Normal,33.6661,0.938298,0.195074
arm_q_charb,mid,185,Normal,34.0644,0.935197,0.19133
arm_q_charb,mid,186,Normal,32.3367,0.920745,0.227547
arm_q_charb,mid,187,Normal,34.3007,0.943648,0.1852
arm_q_charb,mid,188,Normal,34.0605,0.927618,0.228383
arm_q_charb,mid,189,Normal,33.6596,0.924362,0.233519
arm_q_charb,mid,190,Normal,31.9462,0.916214,0.220937
arm_q_charb,mid,191,Normal,34.5398,0.943428,0.163962
arm_q_charb,mid,192,Normal,35.8645,0.946258,0.1986
arm_q_charb,mid,193,Normal,32.6662,0.932821,0.190724
arm_q_charb,mid,194,Normal,32.9881,0.927934,0.205997
arm_q_charb,mid,195,Normal,33.1279,0.930281,0.189212
arm_q_charb,mid,196,Normal,33.4792,0.928107,0.213631
arm_q_charb,mid,197,Normal,33.7869,0.935057,0.184112
arm_q_charb,mid,198,Normal,34.1805,0.937121,0.221135
arm_q_charb,mid,199,Normal,32.5509,0.924396,0.185987
arm_q_charb,mid,200,Normal,33.3473,0.934542,0.194659
arm_q_charb,mid,201,Normal,33.0305,0.930278,0.191312
arm_q_charb,mid,202,Normal,32.7365,0.925886,0.220232
arm_q_charb,mid,203,Normal,33.6362,0.939322,0.173943
arm_q_charb,mid,204,Normal,33.0051,0.937256,0.173543
arm_q_charb,mid,205,Normal,34.671,0.937709,0.185653
arm_q_charb,mid,206,Normal,34.4231,0.936322,0.194849
arm_q_charb,mid,207,Normal,33.9747,0.924482,0.196722
arm_q_charb,mid,208,Normal,33.2756,0.934251,0.180402
arm_q_charb,mid,209,Normal,32.4785,0.935439,0.186637
arm_q_charb,mid,210,Normal,32.4318,0.910437,0.254577
arm_q_charb,mid,211,Normal,33.6366,0.938626,0.14952
arm_q_charb,mid,212,Normal,34.4601,0.941953,0.17943
arm_q_charb,mid,213,Normal,34.5556,0.941929,0.183176
arm_q_charb,mid,214,Normal,33.3044,0.929495,0.194678
arm_q_charb,mid,215,Normal,32.6812,0.907558,0.258918
arm_q_charb,mid,216,Normal,32.7576,0.931157,0.191207
arm_q_charb,mid,217,Normal,34.7088,0.935592,0.218459
arm_q_charb,mid,218,Normal,32.7022,0.916313,0.220398
arm_q_charb,mid,219,Normal,33.6645,0.939591,0.16253
arm_q_charb,mid,220,Normal,35.1348,0.935806,0.244459
arm_q_charb,mid,221,Normal,33.8979,0.940587,0.163441
arm_q_charb,mid,222,Normal,33.3335,0.931701,0.17361
arm_q_charb,mid,223,Normal,32.5858,0.925186,0.237778
arm_q_charb,mid,224,Normal,34.3105,0.945135,0.147225
arm_q_charb,mid,225,Normal,31.9931,0.901438,0.260418
arm_q_charb,mid,226,Normal,34.3757,0.941559,0.179508
arm_q_charb,mid,227,Normal,32.9463,0.933961,0.17876
arm_q_charb,mid,228,Normal,34.7031,0.93832,0.174581
arm_q_charb,mid,229,Normal,33.5774,0.940439,0.176755
arm_q_charb,mid,230,Normal,33.1754,0.933832,0.193399
arm_q_charb,mid,231,Normal,32.9439,0.923266,0.210133
arm_q_charb,mid,232,Normal,34.786,0.942763,0.181903
arm_q_charb,mid,233,Normal,34.0187,0.935343,0.205292
arm_q_charb,mid,234,Bacterial,34.9455,0.933033,0.246103
arm_q_charb,mid,235,Bacterial,33.0852,0.922847,0.257646
arm_q_charb,mid,236,Bacterial,34.9869,0.936039,0.236514
arm_q_charb,mid,237,Bacterial,34.7304,0.933941,0.235098
arm_q_charb,mid,238,Bacterial,35.0082,0.926018,0.296873
arm_q_charb,mid,239,Bacterial,34.6513,0.939517,0.220585
arm_q_charb,mid,240,Bacterial,34.8789,0.929585,0.24728
arm_q_charb,mid,241,Bacterial,33.9035,0.925341,0.280913
arm_q_charb,mid,242,Bacterial,35.0474,0.932163,0.254486
arm_q_charb,mid,243,Bacterial,33.9745,0.922351,0.263931
arm_q_charb,mid,244,Bacterial,32.6716,0.917552,0.211992
arm_q_charb,mid,245,Bacterial,33.7526,0.939058,0.195317
arm_q_charb,mid,246,Bacterial,34.385,0.94303,0.216471
arm_q_charb,mid,247,Bacterial,33.9785,0.93946,0.214048
arm_q_charb,mid,248,Bacterial,35.4244,0.937889,0.228709
arm_q_charb,mid,249,Bacterial,35.5811,0.938875,0.256606
arm_q_charb,mid,250,Bacterial,35.3379,0.924649,0.255146
arm_q_charb,mid,251,Bacterial,33.0446,0.925489,0.213393
arm_q_charb,mid,252,Bacterial,35.7089,0.932825,0.247679
arm_q_charb,mid,253,Bacterial,34.6515,0.936767,0.252474
arm_q_charb,mid,254,Bacterial,33.4611,0.922705,0.218852
arm_q_charb,mid,255,Bacterial,33.8068,0.927294,0.248614
arm_q_charb,mid,256,Bacterial,32.8922,0.916755,0.24803
arm_q_charb,mid,257,Bacterial,34.1303,0.930474,0.263877
arm_q_charb,mid,258,Bacterial,34.248,0.914952,0.309249
arm_q_charb,mid,259,Bacterial,34.3691,0.926433,0.293448
arm_q_charb,mid,260,Bacterial,34.6278,0.935368,0.245656
arm_q_charb,mid,261,Bacterial,32.7376,0.923454,0.200915
arm_q_charb,mid,262,Bacterial,36.3341,0.939723,0.243504
arm_q_charb,mid,263,Bacterial,35.875,0.940693,0.258661
arm_q_charb,mid,264,Bacterial,35.5398,0.930893,0.252054
arm_q_charb,mid,265,Bacterial,35.7159,0.939458,0.27033
arm_q_charb,mid,266,Bacterial,35.3194,0.930896,0.250152
arm_q_charb,mid,267,Bacterial,33.7033,0.916402,0.283272
arm_q_charb,mid,268,Bacterial,34.7145,0.922677,0.286126
arm_q_charb,mid,269,Bacterial,34.7841,0.935786,0.240949
arm_q_charb,mid,270,Bacterial,35.8175,0.950291,0.217108
arm_q_charb,mid,271,Bacterial,35.0487,0.937699,0.204172
arm_q_charb,mid,272,Bacterial,35.7836,0.938894,0.261577
arm_q_charb,mid,273,Bacterial,35.8358,0.943329,0.227141
arm_q_charb,mid,274,Bacterial,33.75,0.925629,0.237497
arm_q_charb,mid,275,Bacterial,33.0463,0.921755,0.260474
arm_q_charb,mid,276,Bacterial,32.3591,0.920257,0.187606
arm_q_charb,mid,277,Bacterial,33.8946,0.920612,0.261913
arm_q_charb,mid,278,Bacterial,34.1984,0.924473,0.268989
arm_q_charb,mid,279,Bacterial,34.2919,0.930892,0.238523
arm_q_charb,mid,280,Bacterial,35.2702,0.927165,0.255707
arm_q_charb,mid,281,Bacterial,34.2782,0.915877,0.290694
arm_q_charb,mid,282,Bacterial,33.1905,0.918703,0.262422
arm_q_charb,mid,283,Bacterial,34.5566,0.92803,0.257257
arm_q_charb,mid,284,Bacterial,32.3848,0.912,0.313897
arm_q_charb,mid,285,Bacterial,35.6647,0.930586,0.27161
arm_q_charb,mid,286,Bacterial,33.6479,0.933415,0.233321
arm_q_charb,mid,287,Bacterial,33.5146,0.921079,0.27834
arm_q_charb,mid,288,Bacterial,35.205,0.934905,0.232701
arm_q_charb,mid,289,Bacterial,34.0231,0.922133,0.239765
arm_q_charb,mid,290,Bacterial,35.5523,0.936361,0.263755
arm_q_charb,mid,291,Bacterial,33.9223,0.924028,0.267496
arm_q_charb,mid,292,Bacterial,33.5993,0.924767,0.2191
arm_q_charb,mid,293,Bacterial,35.6356,0.937754,0.250188
arm_q_charb,mid,294,Bacterial,34.6336,0.935027,0.240684
arm_q_charb,mid,295,Bacterial,33.7285,0.932232,0.237104
arm_q_charb,mid,296,Bacterial,35.0215,0.936956,0.240737
arm_q_charb,mid,297,Bacterial,34.4267,0.935943,0.253078
arm_q_charb,mid,298,Bacterial,32.1234,0.908859,0.261734
arm_q_charb,mid,299,Bacterial,32.5101,0.913816,0.275017
arm_q_charb,mid,300,Bacterial,32.4162,0.918068,0.24221
arm_q_charb,mid,301,Bacterial,32.2157,0.915478,0.214891
arm_q_charb,mid,302,Bacterial,34.0649,0.926797,0.216005
arm_q_charb,mid,303,Bacterial,33.407,0.934877,0.264689
arm_q_charb,mid,304,Bacterial,34.6033,0.927602,0.263344
arm_q_charb,mid,305,Bacterial,35.3572,0.933079,0.240638
arm_q_charb,mid,306,Bacterial,33.7822,0.929832,0.264913
arm_q_charb,mid,307,Bacterial,33.6024,0.929939,0.258648
arm_q_charb,mid,308,Bacterial,33.7736,0.927379,0.245014
arm_q_charb,mid,309,Bacterial,34.1746,0.934836,0.218503
arm_q_charb,mid,310,Bacterial,32.5062,0.924763,0.197035
arm_q_charb,mid,311,Bacterial,33.6909,0.922114,0.246178
arm_q_charb,mid,312,Bacterial,32.8058,0.92846,0.227954
arm_q_charb,mid,313,Bacterial,34.5938,0.923716,0.300626
arm_q_charb,mid,314,Bacterial,33.7642,0.920229,0.238424
arm_q_charb,mid,315,Bacterial,35.8663,0.944376,0.268628
arm_q_charb,mid,316,Bacterial,35.395,0.935836,0.263095
arm_q_charb,mid,317,Bacterial,35.281,0.935916,0.272087
arm_q_charb,mid,318,Bacterial,35.0034,0.936721,0.219049
arm_q_charb,mid,319,Bacterial,35.1007,0.933102,0.219263
arm_q_charb,mid,320,Bacterial,35.5092,0.931385,0.247184
arm_q_charb,mid,321,Bacterial,32.2416,0.927401,0.254388
arm_q_charb,mid,322,Bacterial,33.5116,0.925751,0.256474
arm_q_charb,mid,323,Bacterial,33.6729,0.933606,0.221233
arm_q_charb,mid,324,Bacterial,32.7102,0.928429,0.223472
arm_q_charb,mid,325,Bacterial,32.2767,0.925276,0.222695
arm_q_charb,mid,326,Bacterial,33.5775,0.928325,0.250834
arm_q_charb,mid,327,Bacterial,34.7674,0.937551,0.23073
arm_q_charb,mid,328,Bacterial,34.8631,0.937044,0.253916
arm_q_charb,mid,329,Bacterial,34.2759,0.937565,0.166963
arm_q_charb,mid,330,Bacterial,36.1557,0.934506,0.232864
arm_q_charb,mid,331,Bacterial,35.2335,0.943258,0.215175
arm_q_charb,mid,332,Bacterial,35.9945,0.942497,0.244272
arm_q_charb,mid,333,Bacterial,35.6353,0.943946,0.239079
arm_q_charb,mid,334,Bacterial,35.8876,0.945259,0.231352
arm_q_charb,mid,335,Bacterial,33.2623,0.92288,0.256551
arm_q_charb,mid,336,Bacterial,35.548,0.938952,0.224733
arm_q_charb,mid,337,Bacterial,34.2946,0.92745,0.237177
arm_q_charb,mid,338,Bacterial,35.4069,0.932538,0.253328
arm_q_charb,mid,339,Bacterial,33.5654,0.928388,0.188278
arm_q_charb,mid,340,Bacterial,35.1741,0.930426,0.23877
arm_q_charb,mid,341,Bacterial,34.5398,0.935808,0.234753
arm_q_charb,mid,342,Bacterial,34.3459,0.932126,0.235216
arm_q_charb,mid,343,Bacterial,34.9928,0.934682,0.248062
arm_q_charb,mid,344,Bacterial,35.4242,0.939257,0.256573
arm_q_charb,mid,345,Bacterial,34.2703,0.929673,0.266294
arm_q_charb,mid,346,Bacterial,33.2117,0.923998,0.24674
arm_q_charb,mid,347,Bacterial,34.9864,0.938564,0.252338
arm_q_charb,mid,348,Bacterial,34.3652,0.92381,0.25514
arm_q_charb,mid,349,Bacterial,35.9114,0.940579,0.239282
arm_q_charb,mid,350,Bacterial,36.1411,0.942995,0.268458
arm_q_charb,mid,351,Bacterial,32.9212,0.926165,0.225199
arm_q_charb,mid,352,Bacterial,35.5955,0.941393,0.22427
arm_q_charb,mid,353,Bacterial,34.5077,0.938409,0.21821
arm_q_charb,mid,354,Bacterial,36.1282,0.940051,0.277042
arm_q_charb,mid,355,Bacterial,35.1529,0.934007,0.240581
arm_q_charb,mid,356,Bacterial,34.8247,0.93251,0.224757
arm_q_charb,mid,357,Bacterial,35.2248,0.932403,0.263001
arm_q_charb,mid,358,Bacterial,35.2005,0.928809,0.318249
arm_q_charb,mid,359,Bacterial,33.9613,0.931115,0.199116
arm_q_charb,mid,360,Bacterial,34.7067,0.932356,0.250406
arm_q_charb,mid,361,Bacterial,35.374,0.936405,0.240608
arm_q_charb,mid,362,Bacterial,35.0756,0.939814,0.282982
arm_q_charb,mid,363,Bacterial,33.8215,0.944402,0.218131
arm_q_charb,mid,364,Bacterial,35.9534,0.941957,0.223618
arm_q_charb,mid,365,Bacterial,32.2713,0.926677,0.223751
arm_q_charb,mid,366,Bacterial,35.2134,0.938907,0.270052
arm_q_charb,mid,367,Bacterial,33.6983,0.931337,0.206762
arm_q_charb,mid,368,Bacterial,34.199,0.925275,0.24277
arm_q_charb,mid,369,Bacterial,33.4199,0.927404,0.20385
arm_q_charb,mid,370,Bacterial,32.4727,0.926466,0.191653
arm_q_charb,mid,371,Bacterial,34.9846,0.938611,0.221945
arm_q_charb,mid,372,Bacterial,33.9478,0.920927,0.311151
arm_q_charb,mid,373,Bacterial,34.9789,0.93536,0.23478
arm_q_charb,mid,374,Bacterial,33.8707,0.928781,0.226519
arm_q_charb,mid,375,Bacterial,34.4779,0.93446,0.246333
arm_q_charb,mid,376,Bacterial,32.9614,0.927252,0.258467
arm_q_charb,mid,377,Bacterial,34.3187,0.93221,0.244146
arm_q_charb,mid,378,Bacterial,33.4478,0.924429,0.191203
arm_q_charb,mid,379,Bacterial,34.2246,0.932262,0.252762
arm_q_charb,mid,380,Bacterial,34.9493,0.94151,0.240097
arm_q_charb,mid,381,Bacterial,32.4383,0.924728,0.20409
arm_q_charb,mid,382,Bacterial,34.0508,0.927538,0.235073
arm_q_charb,mid,383,Bacterial,32.8052,0.915405,0.227681
arm_q_charb,mid,384,Bacterial,32.2697,0.921431,0.193038
arm_q_charb,mid,385,Bacterial,32.219,0.921585,0.224732
arm_q_charb,mid,386,Bacterial,34.9114,0.942578,0.218073
arm_q_charb,mid,387,Bacterial,35.2366,0.944506,0.201253
arm_q_charb,mid,388,Bacterial,33.4679,0.937862,0.165134
arm_q_charb,mid,389,Bacterial,32.3905,0.920782,0.238985
arm_q_charb,mid,390,Bacterial,34.342,0.93103,0.224255
arm_q_charb,mid,391,Bacterial,32.6655,0.917337,0.314088
arm_q_charb,mid,392,Bacterial,34.7017,0.934251,0.244856
arm_q_charb,mid,393,Bacterial,34.8041,0.931519,0.269738
arm_q_charb,mid,394,Bacterial,34.881,0.939888,0.234678
arm_q_charb,mid,395,Bacterial,34.3732,0.93343,0.232374
arm_q_charb,mid,396,Bacterial,32.8004,0.910237,0.252541
arm_q_charb,mid,397,Bacterial,36.1447,0.930666,0.28126
arm_q_charb,mid,398,Bacterial,35.0193,0.924427,0.305715
arm_q_charb,mid,399,Bacterial,33.235,0.927675,0.254987
arm_q_charb,mid,400,Bacterial,34.0733,0.928396,0.20401
arm_q_charb,mid,401,Bacterial,32.3275,0.912855,0.245771
arm_q_charb,mid,402,Bacterial,35.2788,0.933741,0.256009
arm_q_charb,mid,403,Bacterial,34.4118,0.936156,0.230869
arm_q_charb,mid,404,Bacterial,34.2649,0.923096,0.250863
arm_q_charb,mid,405,Bacterial,33.4464,0.922111,0.268901
arm_q_charb,mid,406,Bacterial,36.2394,0.945668,0.21555
arm_q_charb,mid,407,Bacterial,33.7184,0.930976,0.245809
arm_q_charb,mid,408,Bacterial,34.222,0.932387,0.226021
arm_q_charb,mid,409,Bacterial,33.32,0.922694,0.22514
arm_q_charb,mid,410,Bacterial,32.3896,0.919825,0.228382
arm_q_charb,mid,411,Bacterial,33.7448,0.920514,0.260389
arm_q_charb,mid,412,Bacterial,34.9775,0.931004,0.245669
arm_q_charb,mid,413,Bacterial,32.3469,0.910969,0.216038
arm_q_charb,mid,414,Bacterial,35.4842,0.93049,0.263204
arm_q_charb,mid,415,Bacterial,34.4744,0.930118,0.266427
arm_q_charb,mid,416,Bacterial,36.2943,0.942834,0.242914
arm_q_charb,mid,417,Bacterial,34.7547,0.925783,0.236591
arm_q_charb,mid,418,Bacterial,35.6668,0.94268,0.208003
arm_q_charb,mid,419,Bacterial,34.528,0.938947,0.17086
arm_q_charb,mid,420,Bacterial,35.032,0.944667,0.203786
arm_q_charb,mid,421,Bacterial,34.6948,0.940597,0.203144
arm_q_charb,mid,422,Bacterial,33.677,0.923764,0.243321
arm_q_charb,mid,423,Bacterial,34.3775,0.938147,0.232627
arm_q_charb,mid,424,Bacterial,34.59,0.938707,0.238392
arm_q_charb,mid,425,Bacterial,35.3065,0.935568,0.255552
arm_q_charb,mid,426,Bacterial,37.0723,0.942527,0.248879
arm_q_charb,mid,427,Bacterial,36.1432,0.931898,0.307143
arm_q_charb,mid,428,Bacterial,35.3035,0.932866,0.287901
arm_q_charb,mid,429,Bacterial,33.1476,0.928657,0.218602
arm_q_charb,mid,430,Bacterial,35.7608,0.941448,0.225688
arm_q_charb,mid,431,Bacterial,35.6849,0.92774,0.269037
arm_q_charb,mid,432,Bacterial,35.3036,0.937661,0.234929
arm_q_charb,mid,433,Bacterial,33.8691,0.921497,0.267237
arm_q_charb,mid,434,Bacterial,34.6723,0.931704,0.235334
arm_q_charb,mid,435,Bacterial,33.7676,0.93132,0.236936
arm_q_charb,mid,436,Bacterial,33.2407,0.930192,0.171164
arm_q_charb,mid,437,Bacterial,36.0021,0.936621,0.21208
arm_q_charb,mid,438,Bacterial,32.9745,0.915882,0.263288
arm_q_charb,mid,439,Bacterial,34.3664,0.92737,0.254371
arm_q_charb,mid,440,Bacterial,33.3333,0.926718,0.238484
arm_q_charb,mid,441,Bacterial,33.1413,0.925341,0.229938
arm_q_charb,mid,442,Bacterial,35.5266,0.938869,0.226196
arm_q_charb,mid,443,Bacterial,35.155,0.936707,0.24966
arm_q_charb,mid,444,Bacterial,34.5455,0.935064,0.246795
arm_q_charb,mid,445,Bacterial,34.8955,0.930474,0.267878
arm_q_charb,mid,446,Bacterial,34.3473,0.929412,0.268935
arm_q_charb,mid,447,Bacterial,35.7107,0.928373,0.280447
arm_q_charb,mid,448,Bacterial,35.3588,0.938581,0.303968
arm_q_charb,mid,449,Bacterial,33.6143,0.92289,0.236854
arm_q_charb,mid,450,Bacterial,33.6812,0.931308,0.252912
arm_q_charb,mid,451,Bacterial,32.5291,0.918702,0.205473
arm_q_charb,mid,452,Bacterial,33.4526,0.927186,0.246392
arm_q_charb,mid,453,Bacterial,35.4917,0.937398,0.236069
arm_q_charb,mid,454,Bacterial,33.6427,0.934012,0.23507
arm_q_charb,mid,455,Bacterial,35.58,0.93793,0.26248
arm_q_charb,mid,456,Bacterial,32.1668,0.915878,0.268918
arm_q_charb,mid,457,Bacterial,35.1168,0.933186,0.270904
arm_q_charb,mid,458,Bacterial,35.4258,0.941316,0.240049
arm_q_charb,mid,459,Bacterial,36.2151,0.941072,0.243895
arm_q_charb,mid,460,Bacterial,34.3825,0.933032,0.218375
arm_q_charb,mid,461,Bacterial,34.3946,0.936131,0.195795
arm_q_charb,mid,462,Bacterial,33.4407,0.929478,0.20179
arm_q_charb,mid,463,Bacterial,35.195,0.930511,0.270669
arm_q_charb,mid,464,Bacterial,34.1178,0.92927,0.223179
arm_q_charb,mid,465,Bacterial,35.1633,0.935538,0.250184
arm_q_charb,mid,466,Bacterial,34.2877,0.928695,0.260549
arm_q_charb,mid,467,Bacterial,34.461,0.92273,0.312467
arm_q_charb,mid,468,Bacterial,35.1208,0.942092,0.190323
arm_q_charb,mid,469,Bacterial,35.6891,0.929104,0.247538
arm_q_charb,mid,470,Bacterial,34.3672,0.926574,0.265481
arm_q_charb,mid,471,Bacterial,33.3397,0.92183,0.211173
arm_q_charb,mid,472,Bacterial,33.7677,0.92856,0.196512
arm_q_charb,mid,473,Bacterial,31.6248,0.916944,0.276243
arm_q_charb,mid,474,Bacterial,33.2804,0.933469,0.237277
arm_q_charb,mid,475,Bacterial,32.1454,0.914512,0.227629
arm_q_charb,mid,476,Viral,33.6947,0.935353,0.248045
arm_q_charb,mid,477,Viral,34.1151,0.941661,0.208603
arm_q_charb,mid,478,Viral,34.1116,0.942058,0.214265
arm_q_charb,mid,479,Viral,34.6014,0.930372,0.225254
arm_q_charb,mid,480,Viral,35.6602,0.930802,0.3001
arm_q_charb,mid,481,Viral,33.7502,0.935126,0.253778
arm_q_charb,mid,482,Viral,32.8325,0.913465,0.233968
arm_q_charb,mid,483,Viral,34.2889,0.927478,0.261555
arm_q_charb,mid,484,Viral,33.9176,0.925284,0.289901
arm_q_charb,mid,485,Viral,34.2187,0.931463,0.259606
arm_q_charb,mid,486,Viral,34.7567,0.921595,0.301191
arm_q_charb,mid,487,Viral,34.9728,0.935184,0.232749
arm_q_charb,mid,488,Viral,33.8062,0.938206,0.198402
arm_q_charb,mid,489,Viral,34.6523,0.938187,0.225275
arm_q_charb,mid,490,Viral,34.119,0.925346,0.277375
arm_q_charb,mid,491,Viral,33.9601,0.932948,0.246888
arm_q_charb,mid,492,Viral,33.8238,0.933934,0.237922
arm_q_charb,mid,493,Viral,34.1148,0.935554,0.225959
arm_q_charb,mid,494,Viral,34.06,0.934107,0.233312
arm_q_charb,mid,495,Viral,33.2979,0.930526,0.21867
arm_q_charb,mid,496,Viral,34.3442,0.926464,0.28356
arm_q_charb,mid,497,Viral,33.7942,0.939078,0.187483
arm_q_charb,mid,498,Viral,34.876,0.939246,0.238085
arm_q_charb,mid,499,Viral,34.9628,0.92788,0.228963
arm_q_charb,mid,500,Viral,33.6159,0.923239,0.269368
arm_q_charb,mid,501,Viral,32.9734,0.929315,0.196211
arm_q_charb,mid,502,Viral,34.276,0.938121,0.203306
arm_q_charb,mid,503,Viral,33.54,0.93798,0.212268
arm_q_charb,mid,504,Viral,33.7235,0.932864,0.240053
arm_q_charb,mid,505,Viral,34.6739,0.936276,0.208067
arm_q_charb,mid,506,Viral,33.832,0.92639,0.243744
arm_q_charb,mid,507,Viral,32.7089,0.919232,0.239895
arm_q_charb,mid,508,Viral,35.3128,0.933096,0.275432
arm_q_charb,mid,509,Viral,33.4693,0.928066,0.215091
arm_q_charb,mid,510,Viral,31.5466,0.921643,0.229021
arm_q_charb,mid,511,Viral,33.7659,0.937851,0.199312
arm_q_charb,mid,512,Viral,35.7844,0.940443,0.236406
arm_q_charb,mid,513,Viral,32.9625,0.929695,0.249168
arm_q_charb,mid,514,Viral,32.7546,0.928902,0.202928
arm_q_charb,mid,515,Viral,34.442,0.931785,0.240338
arm_q_charb,mid,516,Viral,34.8419,0.934916,0.230627
arm_q_charb,mid,517,Viral,33.3578,0.930498,0.236343
arm_q_charb,mid,518,Viral,32.9398,0.924621,0.19362
arm_q_charb,mid,519,Viral,35.1633,0.952645,0.177546
arm_q_charb,mid,520,Viral,34.6472,0.940831,0.236069
arm_q_charb,mid,521,Viral,34.246,0.93942,0.195609
arm_q_charb,mid,522,Viral,34.9486,0.940141,0.209754
arm_q_charb,mid,523,Viral,35.3762,0.942832,0.255627
arm_q_charb,mid,524,Viral,35.2065,0.939708,0.27267
arm_q_charb,mid,525,Viral,35.1696,0.941512,0.221486
arm_q_charb,mid,526,Viral,34.6173,0.931723,0.278447
arm_q_charb,mid,527,Viral,34.2617,0.921895,0.300875
arm_q_charb,mid,528,Viral,34.1588,0.930687,0.242776
arm_q_charb,mid,529,Viral,32.3592,0.904949,0.270126
arm_q_charb,mid,530,Viral,34.5822,0.939111,0.233046
arm_q_charb,mid,531,Viral,34.1006,0.93637,0.207434
arm_q_charb,mid,532,Viral,33.8346,0.929068,0.24397
arm_q_charb,mid,533,Viral,33.5842,0.931854,0.217957
arm_q_charb,mid,534,Viral,32.4152,0.927703,0.250329
arm_q_charb,mid,535,Viral,33.4778,0.932417,0.222642
arm_q_charb,mid,536,Viral,34.966,0.925121,0.288815
arm_q_charb,mid,537,Viral,33.5616,0.923921,0.305191
arm_q_charb,mid,538,Viral,35.2512,0.932488,0.304573
arm_q_charb,mid,539,Viral,34.0898,0.938821,0.178837
arm_q_charb,mid,540,Viral,34.7255,0.937497,0.209766
arm_q_charb,mid,541,Viral,33.696,0.934405,0.211049
arm_q_charb,mid,542,Viral,35.1021,0.940458,0.216216
arm_q_charb,mid,543,Viral,35.9262,0.934477,0.276386
arm_q_charb,mid,544,Viral,33.065,0.929818,0.216921
arm_q_charb,mid,545,Viral,33.2676,0.931786,0.219972
arm_q_charb,mid,546,Viral,34.9015,0.931584,0.262894
arm_q_charb,mid,547,Viral,34.8621,0.930395,0.270301
arm_q_charb,mid,548,Viral,33.2006,0.927367,0.236833
arm_q_charb,mid,549,Viral,36.2288,0.930371,0.294583
arm_q_charb,mid,550,Viral,36.1892,0.929834,0.294738
arm_q_charb,mid,551,Viral,33.8236,0.928948,0.250068
arm_q_charb,mid,552,Viral,34.9355,0.940262,0.249403
arm_q_charb,mid,553,Viral,35.1134,0.936459,0.221809
arm_q_charb,mid,554,Viral,33.8551,0.933434,0.242485
arm_q_charb,mid,555,Viral,33.3995,0.936849,0.211347
arm_q_charb,mid,556,Viral,34.2513,0.934237,0.214096
arm_q_charb,mid,557,Viral,34.8505,0.927162,0.242898
arm_q_charb,mid,558,Viral,34.1013,0.936092,0.215511
arm_q_charb,mid,559,Viral,34.9972,0.927939,0.294716
arm_q_charb,mid,560,Viral,35.0857,0.938831,0.237571
arm_q_charb,mid,561,Viral,34.0354,0.934633,0.205082
arm_q_charb,mid,562,Viral,34.4353,0.938817,0.213099
arm_q_charb,mid,563,Viral,34.3929,0.937168,0.202588
arm_q_charb,mid,564,Viral,34.3643,0.938617,0.22382
arm_q_charb,mid,565,Viral,34.982,0.934433,0.25441
arm_q_charb,mid,566,Viral,33.6661,0.936191,0.228965
arm_q_charb,mid,567,Viral,34.1001,0.942731,0.205587
arm_q_charb,mid,568,Viral,33.879,0.933509,0.220456
arm_q_charb,mid,569,Viral,33.7753,0.925294,0.293506
arm_q_charb,mid,570,Viral,33.5506,0.936585,0.200087
arm_q_charb,mid,571,Viral,34.7025,0.9371,0.207249
arm_q_charb,mid,572,Viral,33.4761,0.9258,0.25679
arm_q_charb,mid,573,Viral,34.2708,0.936918,0.195982
arm_q_charb,mid,574,Viral,35.6447,0.944553,0.272213
arm_q_charb,mid,575,Viral,35.0632,0.943371,0.199589
arm_q_charb,mid,576,Viral,34.1566,0.934653,0.227241
arm_q_charb,mid,577,Viral,33.3073,0.932538,0.251561
arm_q_charb,mid,578,Viral,35.4264,0.945265,0.202227
arm_q_charb,mid,579,Viral,33.594,0.935402,0.192345
arm_q_charb,mid,580,Viral,33.9152,0.941387,0.205795
arm_q_charb,mid,581,Viral,33.9342,0.94058,0.187641
arm_q_charb,mid,582,Viral,33.9015,0.927446,0.241349
arm_q_charb,mid,583,Viral,34.323,0.929689,0.234417
arm_q_charb,mid,584,Viral,35.2343,0.931772,0.275462
arm_q_charb,mid,585,Viral,35.2067,0.943511,0.226549
arm_q_charb,mid,586,Viral,34.4034,0.921302,0.270175
arm_q_charb,mid,587,Viral,35.1079,0.924728,0.238818
arm_q_charb,mid,588,Viral,33.6054,0.923557,0.256151
arm_q_charb,mid,589,Viral,31.3231,0.914902,0.196385
arm_q_charb,mid,590,Viral,33.6961,0.930532,0.239422
arm_q_charb,mid,591,Viral,33.2883,0.936765,0.207323
arm_q_charb,mid,592,Viral,33.7573,0.937853,0.180512
arm_q_charb,mid,593,Viral,35.5823,0.924856,0.206359
arm_q_charb,mid,594,Viral,35.4438,0.943164,0.226203
arm_q_charb,mid,595,Viral,35.0839,0.935519,0.230308
arm_q_charb,mid,596,Viral,34.5127,0.932753,0.298483
arm_q_charb,mid,597,Viral,34.2186,0.935812,0.250463
arm_q_charb,mid,598,Viral,32.8876,0.928437,0.257906
arm_q_charb,mid,599,Viral,33.2899,0.933295,0.195137
arm_q_charb,mid,600,Viral,34.2084,0.930697,0.234477
arm_q_charb,mid,601,Viral,34.9005,0.940072,0.232629
arm_q_charb,mid,602,Viral,33.5893,0.933816,0.22663
arm_q_charb,mid,603,Viral,33.7208,0.938076,0.223305
arm_q_charb,mid,604,Viral,34.2744,0.940897,0.200078
arm_q_charb,mid,605,Viral,34.8877,0.93578,0.237081
arm_q_charb,mid,606,Viral,34.6874,0.937261,0.248899
arm_q_charb,mid,607,Viral,34.8521,0.941368,0.224143
arm_q_charb,mid,608,Viral,35.1831,0.934408,0.254312
arm_q_charb,mid,609,Viral,35.1245,0.93896,0.244271
arm_q_charb,mid,610,Viral,35.4903,0.941091,0.233111
arm_q_charb,mid,611,Viral,33.3156,0.934162,0.213708
arm_q_charb,mid,612,Viral,33.2197,0.931299,0.21159
arm_q_charb,mid,613,Viral,34.1811,0.938782,0.220447
arm_q_charb,mid,614,Viral,34.8788,0.937964,0.262638
arm_q_charb,mid,615,Viral,35.0994,0.932884,0.245248
arm_q_charb,mid,616,Viral,35.1476,0.9384,0.222654
arm_q_charb,mid,617,Viral,34.3228,0.933982,0.249145
arm_q_charb,mid,618,Viral,33.6163,0.930826,0.228084
arm_q_charb,mid,619,Viral,33.8894,0.93194,0.224669
arm_q_charb,mid,620,Viral,33.9453,0.939521,0.200794
arm_q_charb,mid,621,Viral,36.4205,0.941505,0.282438
arm_q_charb,mid,622,Viral,34.4526,0.937324,0.221499
arm_q_charb,mid,623,Viral,34.4059,0.935217,0.229174
arm_r_ft_j,mid,0,Normal,33.574,0.936682,0.17708
arm_r_ft_j,mid,1,Normal,32.2279,0.917629,0.214037
arm_r_ft_j,mid,2,Normal,33.1114,0.931074,0.189206
arm_r_ft_j,mid,3,Normal,34.2035,0.946047,0.151493
arm_r_ft_j,mid,4,Normal,32.8116,0.914991,0.238563
arm_r_ft_j,mid,5,Normal,34.4243,0.944362,0.18819
arm_r_ft_j,mid,6,Normal,33.8927,0.937694,0.222758
arm_r_ft_j,mid,7,Normal,34.4375,0.945173,0.181871
arm_r_ft_j,mid,8,Normal,32.64,0.939558,0.170722
arm_r_ft_j,mid,9,Normal,32.6244,0.932569,0.19912
arm_r_ft_j,mid,10,Normal,33.6385,0.943277,0.149341
arm_r_ft_j,mid,11,Normal,33.4724,0.934128,0.210043
arm_r_ft_j,mid,12,Normal,33.6653,0.926681,0.227014
arm_r_ft_j,mid,13,Normal,34.6508,0.937054,0.186898
arm_r_ft_j,mid,14,Normal,33.7462,0.944777,0.160264
arm_r_ft_j,mid,15,Normal,32.9153,0.921283,0.247779
arm_r_ft_j,mid,16,Normal,34.3733,0.940592,0.195033
arm_r_ft_j,mid,17,Normal,33.8337,0.93159,0.192181
arm_r_ft_j,mid,18,Normal,33.4225,0.933138,0.16761
arm_r_ft_j,mid,19,Normal,34.2687,0.942991,0.183984
arm_r_ft_j,mid,20,Normal,35.3095,0.949169,0.148209
arm_r_ft_j,mid,21,Normal,34.0978,0.942017,0.175553
arm_r_ft_j,mid,22,Normal,34.2232,0.934864,0.212304
arm_r_ft_j,mid,23,Normal,31.9078,0.899295,0.301982
arm_r_ft_j,mid,24,Normal,33.2301,0.932282,0.206671
arm_r_ft_j,mid,25,Normal,34.0421,0.940229,0.159917
arm_r_ft_j,mid,26,Normal,32.2512,0.926357,0.184479
arm_r_ft_j,mid,27,Normal,32.2997,0.923259,0.215705
arm_r_ft_j,mid,28,Normal,34.2174,0.94114,0.187528
arm_r_ft_j,mid,29,Normal,33.3986,0.934617,0.224682
arm_r_ft_j,mid,30,Normal,32.2005,0.913432,0.223995
arm_r_ft_j,mid,31,Normal,33.4979,0.936346,0.177418
arm_r_ft_j,mid,32,Normal,32.2611,0.926153,0.203893
arm_r_ft_j,mid,33,Normal,31.703,0.911379,0.236084
arm_r_ft_j,mid,34,Normal,32.2036,0.927463,0.177626
arm_r_ft_j,mid,35,Normal,33.7814,0.938257,0.176262
arm_r_ft_j,mid,36,Normal,35.0392,0.95104,0.135111
arm_r_ft_j,mid,37,Normal,34.8547,0.944126,0.220792
arm_r_ft_j,mid,38,Normal,33.034,0.936577,0.171941
arm_r_ft_j,mid,39,Normal,31.5394,0.913602,0.203544
arm_r_ft_j,mid,40,Normal,33.5379,0.935206,0.179495
arm_r_ft_j,mid,41,Normal,34.1732,0.937349,0.19872
arm_r_ft_j,mid,42,Normal,31.6294,0.917204,0.202503
arm_r_ft_j,mid,43,Normal,33.2955,0.927977,0.186373
arm_r_ft_j,mid,44,Normal,33.0717,0.925367,0.196162
arm_r_ft_j,mid,45,Normal,32.7436,0.929539,0.211013
arm_r_ft_j,mid,46,Normal,35.0877,0.929166,0.222739
arm_r_ft_j,mid,47,Normal,32.2524,0.92662,0.175075
arm_r_ft_j,mid,48,Normal,32.8155,0.930593,0.200538
arm_r_ft_j,mid,49,Normal,33.0933,0.930657,0.188476
arm_r_ft_j,mid,50,Normal,33.0397,0.935444,0.216204
arm_r_ft_j,mid,51,Normal,33.8134,0.934364,0.201743
arm_r_ft_j,mid,52,Normal,33.3225,0.92623,0.215257
arm_r_ft_j,mid,53,Normal,33.2489,0.937676,0.159148
arm_r_ft_j,mid,54,Normal,33.7293,0.938011,0.194659
arm_r_ft_j,mid,55,Normal,34.381,0.938255,0.190547
arm_r_ft_j,mid,56,Normal,34.8465,0.948134,0.187201
arm_r_ft_j,mid,57,Normal,32.788,0.917659,0.227282
arm_r_ft_j,mid,58,Normal,33.0105,0.935297,0.196762
arm_r_ft_j,mid,59,Normal,33.5478,0.937346,0.186197
arm_r_ft_j,mid,60,Normal,34.0463,0.938278,0.192035
arm_r_ft_j,mid,61,Normal,34.0879,0.945097,0.151251
arm_r_ft_j,mid,62,Normal,33.1309,0.927348,0.242675
arm_r_ft_j,mid,63,Normal,33.1362,0.939657,0.168103
arm_r_ft_j,mid,64,Normal,33.9932,0.934939,0.18984
arm_r_ft_j,mid,65,Normal,31.9591,0.932855,0.180365
arm_r_ft_j,mid,66,Normal,31.6759,0.914629,0.228568
arm_r_ft_j,mid,67,Normal,31.7841,0.920045,0.221697
arm_r_ft_j,mid,68,Normal,31.2599,0.910035,0.235832
arm_r_ft_j,mid,69,Normal,32.8566,0.922797,0.222347
arm_r_ft_j,mid,70,Normal,34.9873,0.94691,0.184229
arm_r_ft_j,mid,71,Normal,34.4787,0.934004,0.218483
arm_r_ft_j,mid,72,Normal,34.2385,0.9445,0.190726
arm_r_ft_j,mid,73,Normal,34.6942,0.944473,0.17105
arm_r_ft_j,mid,74,Normal,33.6999,0.9286,0.258811
arm_r_ft_j,mid,75,Normal,32.4456,0.926883,0.199903
arm_r_ft_j,mid,76,Normal,32.1032,0.913453,0.228213
arm_r_ft_j,mid,77,Normal,33.2976,0.937999,0.151526
arm_r_ft_j,mid,78,Normal,34.4486,0.939463,0.234632
arm_r_ft_j,mid,79,Normal,33.2537,0.939239,0.174784
arm_r_ft_j,mid,80,Normal,34.0626,0.929633,0.232797
arm_r_ft_j,mid,81,Normal,34.0695,0.942301,0.185957
arm_r_ft_j,mid,82,Normal,32.1879,0.91994,0.204938
arm_r_ft_j,mid,83,Normal,32.8153,0.932431,0.197709
arm_r_ft_j,mid,84,Normal,33.1627,0.941239,0.180576
arm_r_ft_j,mid,85,Normal,35.3714,0.94389,0.201489
arm_r_ft_j,mid,86,Normal,33.6898,0.937677,0.172956
arm_r_ft_j,mid,87,Normal,34.1244,0.939323,0.179429
arm_r_ft_j,mid,88,Normal,32.2665,0.933523,0.18683
arm_r_ft_j,mid,89,Normal,33.9786,0.934975,0.216657
arm_r_ft_j,mid,90,Normal,33.3537,0.936536,0.160962
arm_r_ft_j,mid,91,Normal,32.3447,0.924492,0.203576
arm_r_ft_j,mid,92,Normal,34.7441,0.948493,0.176299
arm_r_ft_j,mid,93,Normal,32.6696,0.927799,0.216146
arm_r_ft_j,mid,94,Normal,34.198,0.939386,0.169504
arm_r_ft_j,mid,95,Normal,31.9732,0.914333,0.217304
arm_r_ft_j,mid,96,Normal,33.7495,0.93803,0.182039
arm_r_ft_j,mid,97,Normal,32.0302,0.926639,0.218245
arm_r_ft_j,mid,98,Normal,33.0181,0.937128,0.169461
arm_r_ft_j,mid,99,Normal,33.6577,0.945895,0.19094
arm_r_ft_j,mid,100,Normal,34.1952,0.938939,0.191683
arm_r_ft_j,mid,101,Normal,32.3017,0.930467,0.210986
arm_r_ft_j,mid,102,Normal,33.9041,0.93241,0.162639
arm_r_ft_j,mid,103,Normal,34.1421,0.93689,0.194002
arm_r_ft_j,mid,104,Normal,33.0198,0.933453,0.168757
arm_r_ft_j,mid,105,Normal,33.2397,0.938157,0.179004
arm_r_ft_j,mid,106,Normal,34.2166,0.94152,0.158567
arm_r_ft_j,mid,107,Normal,33.3271,0.933142,0.172996
arm_r_ft_j,mid,108,Normal,31.9577,0.907476,0.24405
arm_r_ft_j,mid,109,Normal,32.5958,0.919598,0.215044
arm_r_ft_j,mid,110,Normal,33.5897,0.9333,0.192941
arm_r_ft_j,mid,111,Normal,34.2503,0.928436,0.196584
arm_r_ft_j,mid,112,Normal,31.9707,0.924946,0.203963
arm_r_ft_j,mid,113,Normal,32.432,0.916704,0.206592
arm_r_ft_j,mid,114,Normal,33.3038,0.922995,0.215876
arm_r_ft_j,mid,115,Normal,33.206,0.936963,0.193768
arm_r_ft_j,mid,116,Normal,32.3302,0.927874,0.176427
arm_r_ft_j,mid,117,Normal,33.4542,0.936436,0.182376
arm_r_ft_j,mid,118,Normal,33.581,0.933644,0.182451
arm_r_ft_j,mid,119,Normal,35.4377,0.953199,0.154344
arm_r_ft_j,mid,120,Normal,34.148,0.94991,0.13572
arm_r_ft_j,mid,121,Normal,33.8403,0.937942,0.160561
arm_r_ft_j,mid,122,Normal,34.2246,0.946498,0.166598
arm_r_ft_j,mid,123,Normal,34.4221,0.942192,0.1585
arm_r_ft_j,mid,124,Normal,33.5543,0.932498,0.200373
arm_r_ft_j,mid,125,Normal,32.6341,0.927469,0.215491
arm_r_ft_j,mid,126,Normal,33.6133,0.933091,0.240336
arm_r_ft_j,mid,127,Normal,32.0488,0.90984,0.247702
arm_r_ft_j,mid,128,Normal,32.6125,0.928853,0.196389
arm_r_ft_j,mid,129,Normal,33.7104,0.938998,0.163686
arm_r_ft_j,mid,130,Normal,33.1818,0.936943,0.172691
arm_r_ft_j,mid,131,Normal,33.2224,0.93751,0.186402
arm_r_ft_j,mid,132,Normal,32.6086,0.933582,0.192331
arm_r_ft_j,mid,133,Normal,33.2437,0.937275,0.178568
arm_r_ft_j,mid,134,Normal,34.6455,0.941184,0.172395
arm_r_ft_j,mid,135,Normal,33.9092,0.935337,0.175153
arm_r_ft_j,mid,136,Normal,33.1359,0.94019,0.168311
arm_r_ft_j,mid,137,Normal,32.9899,0.936083,0.164684
arm_r_ft_j,mid,138,Normal,33.9916,0.942027,0.164731
arm_r_ft_j,mid,139,Normal,32.3164,0.927005,0.20008
arm_r_ft_j,mid,140,Normal,32.5321,0.923304,0.194953
arm_r_ft_j,mid,141,Normal,33.4171,0.932743,0.204812
arm_r_ft_j,mid,142,Normal,31.5699,0.914115,0.22609
arm_r_ft_j,mid,143,Normal,34.7143,0.946903,0.158885
arm_r_ft_j,mid,144,Normal,33.5668,0.942696,0.171921
arm_r_ft_j,mid,145,Normal,32.7558,0.937037,0.150456
arm_r_ft_j,mid,146,Normal,32.0826,0.925404,0.227402
arm_r_ft_j,mid,147,Normal,32.2282,0.916189,0.234244
arm_r_ft_j,mid,148,Normal,33.7392,0.935759,0.180257
arm_r_ft_j,mid,149,Normal,32.8333,0.937123,0.184517
arm_r_ft_j,mid,150,Normal,32.9371,0.920649,0.231445
arm_r_ft_j,mid,151,Normal,32.1739,0.912961,0.225131
arm_r_ft_j,mid,152,Normal,31.7548,0.908352,0.209918
arm_r_ft_j,mid,153,Normal,33.7384,0.938005,0.189111
arm_r_ft_j,mid,154,Normal,34.9154,0.943068,0.2005
arm_r_ft_j,mid,155,Normal,32.6246,0.923824,0.201752
arm_r_ft_j,mid,156,Normal,32.3264,0.91775,0.218455
arm_r_ft_j,mid,157,Normal,33.9811,0.940545,0.152879
arm_r_ft_j,mid,158,Normal,33.4911,0.940989,0.154498
arm_r_ft_j,mid,159,Normal,33.8395,0.935637,0.215241
arm_r_ft_j,mid,160,Normal,34.25,0.938127,0.235394
arm_r_ft_j,mid,161,Normal,34.0336,0.938183,0.174425
arm_r_ft_j,mid,162,Normal,34.0123,0.940138,0.159542
arm_r_ft_j,mid,163,Normal,33.927,0.931192,0.185491
arm_r_ft_j,mid,164,Normal,35.3713,0.948157,0.239811
arm_r_ft_j,mid,165,Normal,35.1589,0.93551,0.251382
arm_r_ft_j,mid,166,Normal,35.1902,0.943403,0.158902
arm_r_ft_j,mid,167,Normal,32.9785,0.922035,0.260295
arm_r_ft_j,mid,168,Normal,33.161,0.940791,0.165212
arm_r_ft_j,mid,169,Normal,30.8118,0.920238,0.193287
arm_r_ft_j,mid,170,Normal,32.9397,0.923937,0.234813
arm_r_ft_j,mid,171,Normal,32.8256,0.925843,0.218892
arm_r_ft_j,mid,172,Normal,33.4341,0.928802,0.219535
arm_r_ft_j,mid,173,Normal,32.5967,0.917031,0.232432
arm_r_ft_j,mid,174,Normal,34.5078,0.939891,0.200571
arm_r_ft_j,mid,175,Normal,34.0658,0.936219,0.176045
arm_r_ft_j,mid,176,Normal,33.9724,0.943875,0.149912
arm_r_ft_j,mid,177,Normal,32.1955,0.91675,0.209762
arm_r_ft_j,mid,178,Normal,33.2828,0.932495,0.201133
arm_r_ft_j,mid,179,Normal,31.811,0.901621,0.252016
arm_r_ft_j,mid,180,Normal,31.8521,0.918854,0.193996
arm_r_ft_j,mid,181,Normal,33.8485,0.936484,0.186537
arm_r_ft_j,mid,182,Normal,34.3696,0.935493,0.208534
arm_r_ft_j,mid,183,Normal,33.311,0.932958,0.201492
arm_r_ft_j,mid,184,Normal,33.6673,0.939584,0.194417
arm_r_ft_j,mid,185,Normal,34.0054,0.936156,0.189801
arm_r_ft_j,mid,186,Normal,32.3931,0.924041,0.217438
arm_r_ft_j,mid,187,Normal,34.2892,0.944369,0.181987
arm_r_ft_j,mid,188,Normal,34.0615,0.929184,0.227268
arm_r_ft_j,mid,189,Normal,33.6544,0.925806,0.230783
arm_r_ft_j,mid,190,Normal,31.7982,0.915121,0.218718
arm_r_ft_j,mid,191,Normal,34.511,0.944346,0.160824
arm_r_ft_j,mid,192,Normal,35.7886,0.946935,0.191155
arm_r_ft_j,mid,193,Normal,32.6176,0.933683,0.192605
arm_r_ft_j,mid,194,Normal,32.9705,0.930609,0.202305
arm_r_ft_j,mid,195,Normal,33.0611,0.930651,0.187733
arm_r_ft_j,mid,196,Normal,33.4496,0.93048,0.212969
arm_r_ft_j,mid,197,Normal,33.675,0.93565,0.184031
arm_r_ft_j,mid,198,Normal,34.1901,0.938565,0.210143
arm_r_ft_j,mid,199,Normal,32.5815,0.926672,0.183061
arm_r_ft_j,mid,200,Normal,33.3635,0.935973,0.189864
arm_r_ft_j,mid,201,Normal,33.0922,0.93128,0.185838
arm_r_ft_j,mid,202,Normal,32.675,0.927336,0.217174
arm_r_ft_j,mid,203,Normal,33.6495,0.940292,0.170795
arm_r_ft_j,mid,204,Normal,32.9993,0.939209,0.168843
arm_r_ft_j,mid,205,Normal,34.6868,0.938179,0.186213
arm_r_ft_j,mid,206,Normal,34.5172,0.937987,0.19346
arm_r_ft_j,mid,207,Normal,33.9265,0.926817,0.19449
arm_r_ft_j,mid,208,Normal,33.2396,0.936042,0.174545
arm_r_ft_j,mid,209,Normal,32.4951,0.93642,0.185807
arm_r_ft_j,mid,210,Normal,32.3708,0.913794,0.249773
arm_r_ft_j,mid,211,Normal,33.7255,0.940513,0.149623
arm_r_ft_j,mid,212,Normal,34.6346,0.945691,0.169155
arm_r_ft_j,mid,213,Normal,34.5433,0.943327,0.174051
arm_r_ft_j,mid,214,Normal,33.225,0.930822,0.196064
arm_r_ft_j,mid,215,Normal,32.52,0.904768,0.257556
arm_r_ft_j,mid,216,Normal,32.5668,0.930918,0.193049
arm_r_ft_j,mid,217,Normal,34.6705,0.937089,0.214266
arm_r_ft_j,mid,218,Normal,32.7374,0.918058,0.215038
arm_r_ft_j,mid,219,Normal,33.6109,0.940649,0.162915
arm_r_ft_j,mid,220,Normal,35.2134,0.938361,0.240631
arm_r_ft_j,mid,221,Normal,33.858,0.941715,0.161677
arm_r_ft_j,mid,222,Normal,33.2525,0.933166,0.171649
arm_r_ft_j,mid,223,Normal,32.555,0.925539,0.236327
arm_r_ft_j,mid,224,Normal,34.3525,0.946947,0.144082
arm_r_ft_j,mid,225,Normal,32.0189,0.905575,0.253466
arm_r_ft_j,mid,226,Normal,34.3534,0.941895,0.175257
arm_r_ft_j,mid,227,Normal,32.8914,0.935106,0.177991
arm_r_ft_j,mid,228,Normal,34.7029,0.939525,0.174347
arm_r_ft_j,mid,229,Normal,33.5064,0.941194,0.17564
arm_r_ft_j,mid,230,Normal,33.0589,0.935214,0.187361
arm_r_ft_j,mid,231,Normal,32.942,0.924545,0.208565
arm_r_ft_j,mid,232,Normal,34.7616,0.944159,0.180944
arm_r_ft_j,mid,233,Normal,33.955,0.936491,0.202157
arm_r_ft_j,mid,234,Bacterial,34.9192,0.934513,0.245567
arm_r_ft_j,mid,235,Bacterial,33.0233,0.925298,0.25118
arm_r_ft_j,mid,236,Bacterial,35.0652,0.93809,0.235268
arm_r_ft_j,mid,237,Bacterial,34.7049,0.934905,0.227923
arm_r_ft_j,mid,238,Bacterial,34.9242,0.926704,0.291989
arm_r_ft_j,mid,239,Bacterial,34.5864,0.940465,0.216918
arm_r_ft_j,mid,240,Bacterial,34.8788,0.932857,0.237306
arm_r_ft_j,mid,241,Bacterial,33.9841,0.929053,0.272843
arm_r_ft_j,mid,242,Bacterial,35.1433,0.935459,0.241759
arm_r_ft_j,mid,243,Bacterial,33.9123,0.924496,0.257977
arm_r_ft_j,mid,244,Bacterial,32.7212,0.921313,0.211001
arm_r_ft_j,mid,245,Bacterial,33.7284,0.9389,0.191173
arm_r_ft_j,mid,246,Bacterial,34.3444,0.942156,0.218265
arm_r_ft_j,mid,247,Bacterial,33.9794,0.941484,0.209674
arm_r_ft_j,mid,248,Bacterial,35.4977,0.941449,0.221734
arm_r_ft_j,mid,249,Bacterial,35.4818,0.940015,0.25454
arm_r_ft_j,mid,250,Bacterial,35.2748,0.928372,0.246372
arm_r_ft_j,mid,251,Bacterial,32.9474,0.928829,0.210692
arm_r_ft_j,mid,252,Bacterial,35.6784,0.93483,0.246103
arm_r_ft_j,mid,253,Bacterial,34.6972,0.937173,0.25373
arm_r_ft_j,mid,254,Bacterial,33.4919,0.924465,0.214927
arm_r_ft_j,mid,255,Bacterial,33.8293,0.928908,0.246764
arm_r_ft_j,mid,256,Bacterial,32.9386,0.918803,0.244009
arm_r_ft_j,mid,257,Bacterial,34.1953,0.932678,0.254861
arm_r_ft_j,mid,258,Bacterial,34.2351,0.917511,0.301721
arm_r_ft_j,mid,259,Bacterial,34.4644,0.92835,0.288794
arm_r_ft_j,mid,260,Bacterial,34.6754,0.937618,0.23814
arm_r_ft_j,mid,261,Bacterial,32.7218,0.926252,0.200767
arm_r_ft_j,mid,262,Bacterial,36.4836,0.943345,0.232302
arm_r_ft_j,mid,263,Bacterial,35.9184,0.942277,0.258489
arm_r_ft_j,mid,264,Bacterial,35.5553,0.932066,0.247687
arm_r_ft_j,mid,265,Bacterial,35.7968,0.942062,0.257114
arm_r_ft_j,mid,266,Bacterial,35.4885,0.934356,0.238425
arm_r_ft_j,mid,267,Bacterial,33.6578,0.916708,0.275966
arm_r_ft_j,mid,268,Bacterial,34.8321,0.925904,0.270791
arm_r_ft_j,mid,269,Bacterial,34.7194,0.935534,0.24003
arm_r_ft_j,mid,270,Bacterial,35.9629,0.952149,0.2125
arm_r_ft_j,mid,271,Bacterial,35.1069,0.939405,0.19829
arm_r_ft_j,mid,272,Bacterial,35.7869,0.939495,0.258028
arm_r_ft_j,mid,273,Bacterial,35.725,0.943092,0.224173
arm_r_ft_j,mid,274,Bacterial,33.8758,0.927191,0.228872
arm_r_ft_j,mid,275,Bacterial,33.0465,0.923304,0.25302
arm_r_ft_j,mid,276,Bacterial,32.3687,0.921795,0.184887
arm_r_ft_j,mid,277,Bacterial,33.8998,0.922339,0.25515
arm_r_ft_j,mid,278,Bacterial,34.2297,0.925902,0.26243
arm_r_ft_j,mid,279,Bacterial,34.446,0.932392,0.225465
arm_r_ft_j,mid,280,Bacterial,35.3358,0.928018,0.250209
arm_r_ft_j,mid,281,Bacterial,34.4467,0.919083,0.282211
arm_r_ft_j,mid,282,Bacterial,33.2425,0.920888,0.251779
arm_r_ft_j,mid,283,Bacterial,34.6952,0.930761,0.245204
arm_r_ft_j,mid,284,Bacterial,32.5398,0.916965,0.299774
arm_r_ft_j,mid,285,Bacterial,35.7087,0.931805,0.265535
arm_r_ft_j,mid,286,Bacterial,33.7632,0.933751,0.2318
arm_r_ft_j,mid,287,Bacterial,33.5194,0.924381,0.273768
arm_r_ft_j,mid,288,Bacterial,35.1518,0.934547,0.229646
arm_r_ft_j,mid,289,Bacterial,34.0038,0.922811,0.232673
arm_r_ft_j,mid,290,Bacterial,35.5529,0.938192,0.25048
arm_r_ft_j,mid,291,Bacterial,33.9639,0.926475,0.250909
arm_r_ft_j,mid,292,Bacterial,33.5203,0.925896,0.218041
arm_r_ft_j,mid,293,Bacterial,35.6499,0.939265,0.242778
arm_r_ft_j,mid,294,Bacterial,34.731,0.938516,0.232607
arm_r_ft_j,mid,295,Bacterial,33.6481,0.933046,0.2333
arm_r_ft_j,mid,296,Bacterial,35.0803,0.939759,0.23316
arm_r_ft_j,mid,297,Bacterial,34.4891,0.936991,0.248234
arm_r_ft_j,mid,298,Bacterial,32.0433,0.910229,0.25691
arm_r_ft_j,mid,299,Bacterial,32.4135,0.914524,0.270033
arm_r_ft_j,mid,300,Bacterial,32.3733,0.918133,0.238742
arm_r_ft_j,mid,301,Bacterial,32.2195,0.918846,0.210947
arm_r_ft_j,mid,302,Bacterial,34.1662,0.928595,0.213041
arm_r_ft_j,mid,303,Bacterial,33.3736,0.934496,0.259348
arm_r_ft_j,mid,304,Bacterial,34.6525,0.928725,0.256708
arm_r_ft_j,mid,305,Bacterial,35.5082,0.93537,0.222969
arm_r_ft_j,mid,306,Bacterial,33.9421,0.931603,0.255478
arm_r_ft_j,mid,307,Bacterial,33.7744,0.932971,0.248836
arm_r_ft_j,mid,308,Bacterial,33.785,0.929306,0.242397
arm_r_ft_j,mid,309,Bacterial,34.0483,0.935407,0.208372
arm_r_ft_j,mid,310,Bacterial,32.5394,0.927555,0.191858
arm_r_ft_j,mid,311,Bacterial,33.5782,0.921786,0.247703
arm_r_ft_j,mid,312,Bacterial,32.8553,0.929082,0.223667
arm_r_ft_j,mid,313,Bacterial,34.5951,0.926818,0.299784
arm_r_ft_j,mid,314,Bacterial,33.8263,0.922474,0.240449
arm_r_ft_j,mid,315,Bacterial,35.8326,0.945628,0.25135
arm_r_ft_j,mid,316,Bacterial,35.3534,0.935918,0.253531
arm_r_ft_j,mid,317,Bacterial,35.1506,0.935174,0.264109
arm_r_ft_j,mid,318,Bacterial,34.968,0.939395,0.21116
arm_r_ft_j,mid,319,Bacterial,35.2018,0.935279,0.218421
arm_r_ft_j,mid,320,Bacterial,35.4025,0.933414,0.238488
arm_r_ft_j,mid,321,Bacterial,32.2436,0.926523,0.258292
arm_r_ft_j,mid,322,Bacterial,33.5691,0.927749,0.248003
arm_r_ft_j,mid,323,Bacterial,33.6131,0.934748,0.215563
arm_r_ft_j,mid,324,Bacterial,32.8481,0.930053,0.219253
arm_r_ft_j,mid,325,Bacterial,32.1956,0.924864,0.216707
arm_r_ft_j,mid,326,Bacterial,33.5371,0.928327,0.248001
arm_r_ft_j,mid,327,Bacterial,34.8239,0.938425,0.226729
arm_r_ft_j,mid,328,Bacterial,34.913,0.938034,0.250605
arm_r_ft_j,mid,329,Bacterial,34.2759,0.938702,0.164838
arm_r_ft_j,mid,330,Bacterial,36.1199,0.935257,0.228099
arm_r_ft_j,mid,331,Bacterial,35.4204,0.945085,0.207857
arm_r_ft_j,mid,332,Bacterial,36.0248,0.944665,0.235796
arm_r_ft_j,mid,333,Bacterial,35.6576,0.945218,0.232216
arm_r_ft_j,mid,334,Bacterial,35.8792,0.946262,0.229059
arm_r_ft_j,mid,335,Bacterial,33.2332,0.925044,0.253653
arm_r_ft_j,mid,336,Bacterial,35.4012,0.939153,0.220482
arm_r_ft_j,mid,337,Bacterial,34.2163,0.928543,0.234085
arm_r_ft_j,mid,338,Bacterial,35.4016,0.934833,0.246499
arm_r_ft_j,mid,339,Bacterial,33.6867,0.930945,0.184685
arm_r_ft_j,mid,340,Bacterial,35.0701,0.931811,0.237321
arm_r_ft_j,mid,341,Bacterial,34.4063,0.935045,0.245831
arm_r_ft_j,mid,342,Bacterial,34.409,0.932339,0.236187
arm_r_ft_j,mid,343,Bacterial,34.933,0.932576,0.245933
arm_r_ft_j,mid,344,Bacterial,35.3325,0.940294,0.25694
arm_r_ft_j,mid,345,Bacterial,34.2806,0.931704,0.257459
arm_r_ft_j,mid,346,Bacterial,33.2344,0.927271,0.231364
arm_r_ft_j,mid,347,Bacterial,35.0432,0.941717,0.236754
arm_r_ft_j,mid,348,Bacterial,34.3848,0.926749,0.248339
arm_r_ft_j,mid,349,Bacterial,35.7315,0.940626,0.231425
arm_r_ft_j,mid,350,Bacterial,35.9877,0.943455,0.265271
arm_r_ft_j,mid,351,Bacterial,32.8885,0.927768,0.223342
arm_r_ft_j,mid,352,Bacterial,35.6431,0.943119,0.22021
arm_r_ft_j,mid,353,Bacterial,34.4652,0.939626,0.212291
arm_r_ft_j,mid,354,Bacterial,36.2412,0.940878,0.270536
arm_r_ft_j,mid,355,Bacterial,35.0702,0.936025,0.240566
arm_r_ft_j,mid,356,Bacterial,34.8798,0.934982,0.218708
arm_r_ft_j,mid,357,Bacterial,35.3644,0.933478,0.257207
arm_r_ft_j,mid,358,Bacterial,35.1403,0.931554,0.316322
arm_r_ft_j,mid,359,Bacterial,33.8559,0.931579,0.203707
arm_r_ft_j,mid,360,Bacterial,34.6795,0.932908,0.246068
arm_r_ft_j,mid,361,Bacterial,35.3543,0.937501,0.239757
arm_r_ft_j,mid,362,Bacterial,35.2094,0.941861,0.279188
arm_r_ft_j,mid,363,Bacterial,33.805,0.944723,0.219701
arm_r_ft_j,mid,364,Bacterial,35.9561,0.94316,0.220021
arm_r_ft_j,mid,365,Bacterial,32.3483,0.926608,0.221271
arm_r_ft_j,mid,366,Bacterial,35.305,0.940256,0.263465
arm_r_ft_j,mid,367,Bacterial,33.7998,0.932959,0.201591
arm_r_ft_j,mid,368,Bacterial,34.2732,0.926397,0.242133
arm_r_ft_j,mid,369,Bacterial,33.4117,0.929905,0.203737
arm_r_ft_j,mid,370,Bacterial,32.5601,0.929642,0.188594
arm_r_ft_j,mid,371,Bacterial,34.9344,0.938825,0.21894
arm_r_ft_j,mid,372,Bacterial,33.9717,0.923069,0.308836
arm_r_ft_j,mid,373,Bacterial,34.9413,0.935826,0.226502
arm_r_ft_j,mid,374,Bacterial,33.9446,0.932261,0.218723
arm_r_ft_j,mid,375,Bacterial,34.5342,0.935009,0.240676
arm_r_ft_j,mid,376,Bacterial,33.0185,0.930038,0.245069
arm_r_ft_j,mid,377,Bacterial,34.3415,0.932437,0.240131
arm_r_ft_j,mid,378,Bacterial,33.4399,0.924633,0.195656
arm_r_ft_j,mid,379,Bacterial,34.2217,0.933182,0.248754
arm_r_ft_j,mid,380,Bacterial,35.0345,0.942155,0.235171
arm_r_ft_j,mid,381,Bacterial,32.4164,0.925475,0.201248
arm_r_ft_j,mid,382,Bacterial,34.0194,0.928864,0.226124
arm_r_ft_j,mid,383,Bacterial,32.7633,0.916911,0.221421
arm_r_ft_j,mid,384,Bacterial,32.2531,0.922573,0.19038
arm_r_ft_j,mid,385,Bacterial,32.1759,0.923339,0.224389
arm_r_ft_j,mid,386,Bacterial,34.879,0.94289,0.212534
arm_r_ft_j,mid,387,Bacterial,35.308,0.946801,0.198435
arm_r_ft_j,mid,388,Bacterial,33.4442,0.938681,0.161431
arm_r_ft_j,mid,389,Bacterial,32.2507,0.920563,0.234875
arm_r_ft_j,mid,390,Bacterial,34.4202,0.931759,0.220879
arm_r_ft_j,mid,391,Bacterial,32.6334,0.917088,0.30056
arm_r_ft_j,mid,392,Bacterial,34.7924,0.935773,0.238869
arm_r_ft_j,mid,393,Bacterial,34.9255,0.933926,0.26138
arm_r_ft_j,mid,394,Bacterial,34.9277,0.940631,0.228523
arm_r_ft_j,mid,395,Bacterial,34.453,0.934235,0.221867
arm_r_ft_j,mid,396,Bacterial,32.7971,0.913215,0.244506
arm_r_ft_j,mid,397,Bacterial,36.1627,0.933914,0.273228
arm_r_ft_j,mid,398,Bacterial,35.0527,0.927363,0.298493
arm_r_ft_j,mid,399,Bacterial,33.1493,0.927823,0.25163
arm_r_ft_j,mid,400,Bacterial,34.1883,0.932134,0.197763
arm_r_ft_j,mid,401,Bacterial,32.3799,0.915485,0.24091
arm_r_ft_j,mid,402,Bacterial,35.2509,0.935175,0.247211
arm_r_ft_j,mid,403,Bacterial,34.6379,0.939099,0.223058
arm_r_ft_j,mid,404,Bacterial,34.2829,0.925783,0.23747
arm_r_ft_j,mid,405,Bacterial,33.3819,0.924815,0.271602
arm_r_ft_j,mid,406,Bacterial,36.3817,0.9478,0.201148
arm_r_ft_j,mid,407,Bacterial,33.7598,0.93321,0.240196
arm_r_ft_j,mid,408,Bacterial,34.2481,0.934099,0.219775
arm_r_ft_j,mid,409,Bacterial,33.2967,0.923751,0.217962
arm_r_ft_j,mid,410,Bacterial,32.3152,0.920138,0.227804
arm_r_ft_j,mid,411,Bacterial,33.8672,0.92361,0.256296
arm_r_ft_j,mid,412,Bacterial,34.9402,0.930824,0.244191
arm_r_ft_j,mid,413,Bacterial,32.2671,0.912662,0.218322
arm_r_ft_j,mid,414,Bacterial,35.5326,0.934541,0.248181
arm_r_ft_j,mid,415,Bacterial,34.3986,0.932901,0.256849
arm_r_ft_j,mid,416,Bacterial,36.3865,0.944508,0.230758
arm_r_ft_j,mid,417,Bacterial,34.7472,0.927863,0.234349
arm_r_ft_j,mid,418,Bacterial,35.6235,0.943722,0.206374
arm_r_ft_j,mid,419,Bacterial,34.5756,0.940628,0.168263
arm_r_ft_j,mid,420,Bacterial,34.9045,0.944231,0.201836
arm_r_ft_j,mid,421,Bacterial,34.5928,0.941254,0.194803
arm_r_ft_j,mid,422,Bacterial,33.6164,0.924212,0.239162
arm_r_ft_j,mid,423,Bacterial,34.4108,0.939797,0.229611
arm_r_ft_j,mid,424,Bacterial,34.6784,0.940519,0.22688
arm_r_ft_j,mid,425,Bacterial,35.389,0.937836,0.249584
arm_r_ft_j,mid,426,Bacterial,36.9958,0.943435,0.239847
arm_r_ft_j,mid,427,Bacterial,36.1368,0.932255,0.295458
arm_r_ft_j,mid,428,Bacterial,35.2469,0.933925,0.277464
arm_r_ft_j,mid,429,Bacterial,33.1153,0.930496,0.219263
arm_r_ft_j,mid,430,Bacterial,35.7879,0.94344,0.220599
arm_r_ft_j,mid,431,Bacterial,35.8353,0.929352,0.263367
arm_r_ft_j,mid,432,Bacterial,35.4436,0.939826,0.228545
arm_r_ft_j,mid,433,Bacterial,33.8987,0.924143,0.259509
arm_r_ft_j,mid,434,Bacterial,34.578,0.933014,0.224497
arm_r_ft_j,mid,435,Bacterial,33.7949,0.934015,0.22649
arm_r_ft_j,mid,436,Bacterial,33.2458,0.93184,0.170502
arm_r_ft_j,mid,437,Bacterial,36.1114,0.938932,0.205229
arm_r_ft_j,mid,438,Bacterial,33.0013,0.918786,0.25316
arm_r_ft_j,mid,439,Bacterial,34.4405,0.928847,0.250094
arm_r_ft_j,mid,440,Bacterial,33.4236,0.928642,0.232808
arm_r_ft_j,mid,441,Bacterial,33.1692,0.92781,0.227634
arm_r_ft_j,mid,442,Bacterial,35.4848,0.94014,0.223519
arm_r_ft_j,mid,443,Bacterial,35.1287,0.938469,0.241059
arm_r_ft_j,mid,444,Bacterial,34.4697,0.935324,0.241573
arm_r_ft_j,mid,445,Bacterial,34.9516,0.933357,0.258107
arm_r_ft_j,mid,446,Bacterial,34.3767,0.930743,0.263422
arm_r_ft_j,mid,447,Bacterial,35.8021,0.931728,0.266033
arm_r_ft_j,mid,448,Bacterial,35.4597,0.939947,0.299658
arm_r_ft_j,mid,449,Bacterial,33.6496,0.926319,0.234144
arm_r_ft_j,mid,450,Bacterial,33.6564,0.932176,0.242925
arm_r_ft_j,mid,451,Bacterial,32.5365,0.921032,0.203037
arm_r_ft_j,mid,452,Bacterial,33.4899,0.92936,0.245337
arm_r_ft_j,mid,453,Bacterial,35.5223,0.939622,0.229802
arm_r_ft_j,mid,454,Bacterial,33.7085,0.935833,0.232448
arm_r_ft_j,mid,455,Bacterial,35.6193,0.941467,0.247942
arm_r_ft_j,mid,456,Bacterial,32.11,0.918076,0.269122
arm_r_ft_j,mid,457,Bacterial,35.1914,0.9343,0.258821
arm_r_ft_j,mid,458,Bacterial,35.4343,0.942081,0.244084
arm_r_ft_j,mid,459,Bacterial,36.2069,0.942593,0.239033
arm_r_ft_j,mid,460,Bacterial,34.5337,0.936151,0.210332
arm_r_ft_j,mid,461,Bacterial,34.4385,0.937934,0.191736
arm_r_ft_j,mid,462,Bacterial,33.4412,0.929792,0.200848
arm_r_ft_j,mid,463,Bacterial,35.2658,0.932867,0.269566
arm_r_ft_j,mid,464,Bacterial,34.152,0.929937,0.221693
arm_r_ft_j,mid,465,Bacterial,35.1378,0.936914,0.244301
arm_r_ft_j,mid,466,Bacterial,34.1955,0.928883,0.255394
arm_r_ft_j,mid,467,Bacterial,34.4853,0.925451,0.302378
arm_r_ft_j,mid,468,Bacterial,34.8695,0.942457,0.186585
arm_r_ft_j,mid,469,Bacterial,35.5997,0.931667,0.245175
arm_r_ft_j,mid,470,Bacterial,34.3303,0.929957,0.251929
arm_r_ft_j,mid,471,Bacterial,33.3141,0.923937,0.209559
arm_r_ft_j,mid,472,Bacterial,33.7278,0.930953,0.194447
arm_r_ft_j,mid,473,Bacterial,31.6281,0.918214,0.271839
arm_r_ft_j,mid,474,Bacterial,33.3511,0.934847,0.234909
arm_r_ft_j,mid,475,Bacterial,32.2329,0.917768,0.224376
arm_r_ft_j,mid,476,Viral,33.6482,0.938072,0.228768
arm_r_ft_j,mid,477,Viral,34.1924,0.943826,0.200475
arm_r_ft_j,mid,478,Viral,34.1024,0.94301,0.208043
arm_r_ft_j,mid,479,Viral,34.6466,0.933435,0.217545
arm_r_ft_j,mid,480,Viral,35.6954,0.930805,0.296068
arm_r_ft_j,mid,481,Viral,33.9293,0.937668,0.250185
arm_r_ft_j,mid,482,Viral,32.7926,0.914403,0.234222
arm_r_ft_j,mid,483,Viral,34.4645,0.930959,0.246712
arm_r_ft_j,mid,484,Viral,33.7836,0.926738,0.278356
arm_r_ft_j,mid,485,Viral,34.2116,0.93354,0.250042
arm_r_ft_j,mid,486,Viral,34.8296,0.925244,0.289922
arm_r_ft_j,mid,487,Viral,34.9175,0.935427,0.226965
arm_r_ft_j,mid,488,Viral,33.9511,0.940203,0.189486
arm_r_ft_j,mid,489,Viral,34.7406,0.940636,0.215162
arm_r_ft_j,mid,490,Viral,34.0651,0.927218,0.270003
arm_r_ft_j,mid,491,Viral,33.9071,0.935612,0.24221
arm_r_ft_j,mid,492,Viral,33.8835,0.936761,0.226101
arm_r_ft_j,mid,493,Viral,34.1529,0.937269,0.218749
arm_r_ft_j,mid,494,Viral,34.1392,0.936414,0.22447
arm_r_ft_j,mid,495,Viral,33.4044,0.933661,0.212372
arm_r_ft_j,mid,496,Viral,34.4841,0.929579,0.280681
arm_r_ft_j,mid,497,Viral,34.0212,0.942012,0.178767
arm_r_ft_j,mid,498,Viral,34.9507,0.940669,0.231551
arm_r_ft_j,mid,499,Viral,34.994,0.929645,0.22944
arm_r_ft_j,mid,500,Viral,33.625,0.925325,0.264667
arm_r_ft_j,mid,501,Viral,33.0294,0.931154,0.183898
arm_r_ft_j,mid,502,Viral,34.1486,0.939757,0.198544
arm_r_ft_j,mid,503,Viral,33.7205,0.939901,0.209759
arm_r_ft_j,mid,504,Viral,33.7751,0.935162,0.233966
arm_r_ft_j,mid,505,Viral,34.7726,0.938559,0.20479
arm_r_ft_j,mid,506,Viral,33.8755,0.928345,0.23792
arm_r_ft_j,mid,507,Viral,32.6572,0.921021,0.237014
arm_r_ft_j,mid,508,Viral,35.4478,0.937603,0.262522
arm_r_ft_j,mid,509,Viral,33.4486,0.92773,0.217719
arm_r_ft_j,mid,510,Viral,31.4975,0.92301,0.225621
arm_r_ft_j,mid,511,Viral,33.7881,0.939604,0.188884
arm_r_ft_j,mid,512,Viral,35.7852,0.942723,0.227771
arm_r_ft_j,mid,513,Viral,33.0011,0.931705,0.226516
arm_r_ft_j,mid,514,Viral,32.8211,0.93031,0.191634
arm_r_ft_j,mid,515,Viral,34.5196,0.934057,0.23641
arm_r_ft_j,mid,516,Viral,34.8478,0.936588,0.226499
arm_r_ft_j,mid,517,Viral,33.3688,0.932068,0.229016
arm_r_ft_j,mid,518,Viral,32.9041,0.926308,0.191915
arm_r_ft_j,mid,519,Viral,35.1859,0.95348,0.171511
arm_r_ft_j,mid,520,Viral,34.7732,0.942919,0.227349
arm_r_ft_j,mid,521,Viral,34.3989,0.941702,0.181253
arm_r_ft_j,mid,522,Viral,34.922,0.941075,0.210714
arm_r_ft_j,mid,523,Viral,35.3818,0.944555,0.250987
arm_r_ft_j,mid,524,Viral,35.1765,0.94104,0.266713
arm_r_ft_j,mid,525,Viral,35.3134,0.943473,0.214348
arm_r_ft_j,mid,526,Viral,34.6123,0.932644,0.275847
arm_r_ft_j,mid,527,Viral,34.2803,0.925097,0.296509
arm_r_ft_j,mid,528,Viral,34.1097,0.93241,0.230798
arm_r_ft_j,mid,529,Viral,32.2767,0.906769,0.269562
arm_r_ft_j,mid,530,Viral,34.5781,0.939938,0.230629
arm_r_ft_j,mid,531,Viral,34.2804,0.939006,0.195331
arm_r_ft_j,mid,532,Viral,34.0764,0.932723,0.234005
arm_r_ft_j,mid,533,Viral,33.7318,0.933921,0.208564
arm_r_ft_j,mid,534,Viral,32.4754,0.931522,0.238641
arm_r_ft_j,mid,535,Viral,33.5975,0.935203,0.212153
arm_r_ft_j,mid,536,Viral,35.0171,0.926553,0.283069
arm_r_ft_j,mid,537,Viral,33.5151,0.92635,0.30175
arm_r_ft_j,mid,538,Viral,35.2137,0.935365,0.294214
arm_r_ft_j,mid,539,Viral,34.247,0.940272,0.170904
arm_r_ft_j,mid,540,Viral,34.6676,0.938518,0.205337
arm_r_ft_j,mid,541,Viral,33.8258,0.937083,0.201274
arm_r_ft_j,mid,542,Viral,35.239,0.944399,0.205465
arm_r_ft_j,mid,543,Viral,35.9306,0.937088,0.261494
arm_r_ft_j,mid,544,Viral,33.1936,0.931208,0.21194
arm_r_ft_j,mid,545,Viral,33.2276,0.93217,0.21727
arm_r_ft_j,mid,546,Viral,35.1196,0.935002,0.246088
arm_r_ft_j,mid,547,Viral,34.9114,0.933179,0.262157
arm_r_ft_j,mid,548,Viral,33.2285,0.929512,0.228092
arm_r_ft_j,mid,549,Viral,36.2012,0.93357,0.292399
arm_r_ft_j,mid,550,Viral,36.1873,0.932097,0.293001
arm_r_ft_j,mid,551,Viral,33.9037,0.930758,0.243083
arm_r_ft_j,mid,552,Viral,34.9373,0.941007,0.245682
arm_r_ft_j,mid,553,Viral,35.2112,0.938793,0.216537
arm_r_ft_j,mid,554,Viral,33.6842,0.933358,0.243723
arm_r_ft_j,mid,555,Viral,33.4347,0.93912,0.203491
arm_r_ft_j,mid,556,Viral,34.3453,0.936913,0.201431
arm_r_ft_j,mid,557,Viral,35.0184,0.930607,0.230844
arm_r_ft_j,mid,558,Viral,34.1603,0.937283,0.209771
arm_r_ft_j,mid,559,Viral,35.124,0.930432,0.291521
arm_r_ft_j,mid,560,Viral,35.0558,0.939389,0.230296
arm_r_ft_j,mid,561,Viral,34.1397,0.937177,0.196031
arm_r_ft_j,mid,562,Viral,34.4976,0.940819,0.201189
arm_r_ft_j,mid,563,Viral,34.4789,0.939173,0.204168
arm_r_ft_j,mid,564,Viral,34.4304,0.941994,0.210616
arm_r_ft_j,mid,565,Viral,35.0461,0.936037,0.252534
arm_r_ft_j,mid,566,Viral,33.7292,0.938096,0.220915
arm_r_ft_j,mid,567,Viral,34.1158,0.943135,0.20237
arm_r_ft_j,mid,568,Viral,33.7743,0.933327,0.21799
arm_r_ft_j,mid,569,Viral,33.8842,0.928044,0.284784
arm_r_ft_j,mid,570,Viral,33.5797,0.938926,0.192284
arm_r_ft_j,mid,571,Viral,34.7214,0.938019,0.203847
arm_r_ft_j,mid,572,Viral,33.4913,0.927369,0.245113
arm_r_ft_j,mid,573,Viral,34.3444,0.938406,0.190164
arm_r_ft_j,mid,574,Viral,35.4047,0.94554,0.266308
arm_r_ft_j,mid,575,Viral,34.927,0.942865,0.1938
arm_r_ft_j,mid,576,Viral,34.0283,0.936864,0.212946
arm_r_ft_j,mid,577,Viral,33.4063,0.936509,0.235682
arm_r_ft_j,mid,578,Viral,35.572,0.946558,0.201161
arm_r_ft_j,mid,579,Viral,33.7366,0.937596,0.185003
arm_r_ft_j,mid,580,Viral,34.059,0.943496,0.19929
arm_r_ft_j,mid,581,Viral,33.9843,0.942012,0.178305
arm_r_ft_j,mid,582,Viral,33.9517,0.929136,0.23984
arm_r_ft_j,mid,583,Viral,34.398,0.931634,0.227878
arm_r_ft_j,mid,584,Viral,35.2859,0.933265,0.26951
arm_r_ft_j,mid,585,Viral,35.2576,0.945255,0.224608
arm_r_ft_j,mid,586,Viral,34.3379,0.924408,0.261524
arm_r_ft_j,mid,587,Viral,35.0839,0.92799,0.225187
arm_r_ft_j,mid,588,Viral,33.6107,0.927873,0.242293
arm_r_ft_j,mid,589,Viral,31.2732,0.918071,0.193512
arm_r_ft_j,mid,590,Viral,33.8427,0.933778,0.226194
arm_r_ft_j,mid,591,Viral,33.4466,0.937483,0.200134
arm_r_ft_j,mid,592,Viral,33.9046,0.939671,0.177932
arm_r_ft_j,mid,593,Viral,35.5895,0.927144,0.200232
arm_r_ft_j,mid,594,Viral,35.4056,0.944777,0.214239
arm_r_ft_j,mid,595,Viral,35.0103,0.937103,0.216852
arm_r_ft_j,mid,596,Viral,34.5513,0.934886,0.295771
arm_r_ft_j,mid,597,Viral,34.2754,0.938807,0.242571
arm_r_ft_j,mid,598,Viral,32.9775,0.931816,0.246736
arm_r_ft_j,mid,599,Viral,33.3963,0.934503,0.192361
arm_r_ft_j,mid,600,Viral,34.1924,0.932993,0.223194
arm_r_ft_j,mid,601,Viral,34.9709,0.943765,0.218112
arm_r_ft_j,mid,602,Viral,33.6652,0.936798,0.21206
arm_r_ft_j,mid,603,Viral,33.8296,0.939854,0.214912
arm_r_ft_j,mid,604,Viral,34.1997,0.942019,0.19016
arm_r_ft_j,mid,605,Viral,34.9666,0.937241,0.229923
arm_r_ft_j,mid,606,Viral,34.7379,0.939535,0.239938
arm_r_ft_j,mid,607,Viral,34.9689,0.944079,0.214784
arm_r_ft_j,mid,608,Viral,35.2469,0.936773,0.254346
arm_r_ft_j,mid,609,Viral,35.2263,0.942183,0.231773
arm_r_ft_j,mid,610,Viral,35.6098,0.942782,0.226617
arm_r_ft_j,mid,611,Viral,33.4206,0.936059,0.201193
arm_r_ft_j,mid,612,Viral,33.31,0.934021,0.204579
arm_r_ft_j,mid,613,Viral,34.2424,0.941641,0.212039
arm_r_ft_j,mid,614,Viral,34.8923,0.939523,0.254408
arm_r_ft_j,mid,615,Viral,35.1127,0.934893,0.234892
arm_r_ft_j,mid,616,Viral,35.1171,0.939874,0.216328
arm_r_ft_j,mid,617,Viral,34.384,0.937592,0.233311
arm_r_ft_j,mid,618,Viral,33.785,0.93439,0.215916
arm_r_ft_j,mid,619,Viral,33.8675,0.935433,0.219488
arm_r_ft_j,mid,620,Viral,34.0188,0.940292,0.19525
arm_r_ft_j,mid,621,Viral,36.2968,0.941616,0.2708
arm_r_ft_j,mid,622,Viral,34.4666,0.938277,0.216539
arm_r_ft_j,mid,623,Viral,34.5282,0.938574,0.219873
arm_s_ft_d,mid,0,Normal,33.6019,0.936235,0.179507
arm_s_ft_d,mid,1,Normal,32.2863,0.916289,0.216913
arm_s_ft_d,mid,2,Normal,33.1213,0.92916,0.193854
arm_s_ft_d,mid,3,Normal,34.2652,0.946346,0.159851
arm_s_ft_d,mid,4,Normal,32.8777,0.913743,0.242522
arm_s_ft_d,mid,5,Normal,34.4375,0.942841,0.190384
arm_s_ft_d,mid,6,Normal,33.9561,0.936128,0.225068
arm_s_ft_d,mid,7,Normal,34.4651,0.943841,0.1938
arm_s_ft_d,mid,8,Normal,32.6696,0.938427,0.177733
arm_s_ft_d,mid,9,Normal,32.6903,0.931199,0.207895
arm_s_ft_d,mid,10,Normal,33.623,0.942917,0.152375
arm_s_ft_d,mid,11,Normal,33.4708,0.932797,0.215896
arm_s_ft_d,mid,12,Normal,33.6572,0.92491,0.228049
arm_s_ft_d,mid,13,Normal,34.7723,0.93675,0.194326
arm_s_ft_d,mid,14,Normal,33.8774,0.94431,0.172678
arm_s_ft_d,mid,15,Normal,32.8831,0.919186,0.252366
arm_s_ft_d,mid,16,Normal,34.4108,0.939384,0.208968
arm_s_ft_d,mid,17,Normal,33.8351,0.930634,0.197062
arm_s_ft_d,mid,18,Normal,33.3814,0.930479,0.171732
arm_s_ft_d,mid,19,Normal,34.2379,0.941185,0.189577
arm_s_ft_d,mid,20,Normal,35.5008,0.949985,0.151749
arm_s_ft_d,mid,21,Normal,34.1698,0.941736,0.177655
arm_s_ft_d,mid,22,Normal,34.2252,0.933955,0.218246
arm_s_ft_d,mid,23,Normal,31.9641,0.897446,0.307563
arm_s_ft_d,mid,24,Normal,33.2174,0.930699,0.210908
arm_s_ft_d,mid,25,Normal,34.06,0.939458,0.164841
arm_s_ft_d,mid,26,Normal,32.2751,0.925268,0.186939
arm_s_ft_d,mid,27,Normal,32.2622,0.921543,0.217353
arm_s_ft_d,mid,28,Normal,34.2838,0.940403,0.199347
arm_s_ft_d,mid,29,Normal,33.4486,0.932994,0.234778
arm_s_ft_d,mid,30,Normal,32.2378,0.91154,0.231453
arm_s_ft_d,mid,31,Normal,33.5569,0.936311,0.18295
arm_s_ft_d,mid,32,Normal,32.3758,0.925135,0.204719
arm_s_ft_d,mid,33,Normal,31.8114,0.911164,0.23634
arm_s_ft_d,mid,34,Normal,32.2402,0.927176,0.17985
arm_s_ft_d,mid,35,Normal,33.8007,0.936998,0.179616
arm_s_ft_d,mid,36,Normal,35.0476,0.950486,0.143283
arm_s_ft_d,mid,37,Normal,34.9295,0.943495,0.234554
arm_s_ft_d,mid,38,Normal,33.0173,0.935355,0.174563
arm_s_ft_d,mid,39,Normal,31.6952,0.91379,0.204689
arm_s_ft_d,mid,40,Normal,33.5432,0.935307,0.183953
arm_s_ft_d,mid,41,Normal,34.1532,0.936385,0.206118
arm_s_ft_d,mid,42,Normal,31.6434,0.915744,0.204704
arm_s_ft_d,mid,43,Normal,33.2833,0.926879,0.190018
arm_s_ft_d,mid,44,Normal,33.1419,0.924673,0.197724
arm_s_ft_d,mid,45,Normal,32.7745,0.928398,0.213908
arm_s_ft_d,mid,46,Normal,35.1704,0.92899,0.228491
arm_s_ft_d,mid,47,Normal,32.1885,0.92524,0.178069
arm_s_ft_d,mid,48,Normal,32.9379,0.929048,0.202317
arm_s_ft_d,mid,49,Normal,33.1429,0.929411,0.19122
arm_s_ft_d,mid,50,Normal,32.9846,0.933873,0.21973
arm_s_ft_d,mid,51,Normal,33.8625,0.933611,0.20485
arm_s_ft_d,mid,52,Normal,33.3767,0.925013,0.219774
arm_s_ft_d,mid,53,Normal,33.2359,0.937164,0.161043
arm_s_ft_d,mid,54,Normal,33.8031,0.93743,0.203763
arm_s_ft_d,mid,55,Normal,34.3734,0.93637,0.194443
arm_s_ft_d,mid,56,Normal,34.971,0.948178,0.197372
arm_s_ft_d,mid,57,Normal,32.7936,0.915565,0.23034
arm_s_ft_d,mid,58,Normal,32.9975,0.934543,0.200106
arm_s_ft_d,mid,59,Normal,33.576,0.936508,0.191542
arm_s_ft_d,mid,60,Normal,34.1485,0.937965,0.195298
arm_s_ft_d,mid,61,Normal,34.1391,0.944619,0.151273
arm_s_ft_d,mid,62,Normal,33.2094,0.925762,0.240303
arm_s_ft_d,mid,63,Normal,33.1154,0.938038,0.174435
arm_s_ft_d,mid,64,Normal,34.0413,0.934096,0.191539
arm_s_ft_d,mid,65,Normal,31.9627,0.932114,0.183978
arm_s_ft_d,mid,66,Normal,31.7043,0.912934,0.233368
arm_s_ft_d,mid,67,Normal,31.8483,0.918739,0.223254
arm_s_ft_d,mid,68,Normal,31.3918,0.910482,0.235956
arm_s_ft_d,mid,69,Normal,32.921,0.921027,0.228759
arm_s_ft_d,mid,70,Normal,35.1015,0.945961,0.19285
arm_s_ft_d,mid,71,Normal,34.6138,0.933477,0.22122
arm_s_ft_d,mid,72,Normal,34.3586,0.942908,0.196138
arm_s_ft_d,mid,73,Normal,34.7103,0.943535,0.178139
arm_s_ft_d,mid,74,Normal,33.8073,0.927506,0.267643
arm_s_ft_d,mid,75,Normal,32.5954,0.926655,0.200767
arm_s_ft_d,mid,76,Normal,32.2244,0.913261,0.227922
arm_s_ft_d,mid,77,Normal,33.2961,0.937062,0.154286
arm_s_ft_d,mid,78,Normal,34.4533,0.938662,0.237433
arm_s_ft_d,mid,79,Normal,33.2658,0.938206,0.178358
arm_s_ft_d,mid,80,Normal,34.1573,0.928622,0.237803
arm_s_ft_d,mid,81,Normal,34.0693,0.940917,0.190882
arm_s_ft_d,mid,82,Normal,32.3409,0.919943,0.208465
arm_s_ft_d,mid,83,Normal,32.8012,0.93084,0.20027
arm_s_ft_d,mid,84,Normal,33.1218,0.939552,0.185965
arm_s_ft_d,mid,85,Normal,35.3897,0.943142,0.209878
arm_s_ft_d,mid,86,Normal,33.7791,0.937389,0.176089
arm_s_ft_d,mid,87,Normal,34.1812,0.938137,0.183636
arm_s_ft_d,mid,88,Normal,32.4597,0.933874,0.189132
arm_s_ft_d,mid,89,Normal,34.0322,0.933393,0.223111
arm_s_ft_d,mid,90,Normal,33.3953,0.936594,0.165911
arm_s_ft_d,mid,91,Normal,32.4037,0.923636,0.205028
arm_s_ft_d,mid,92,Normal,34.779,0.947354,0.183108
arm_s_ft_d,mid,93,Normal,32.7624,0.927102,0.219267
arm_s_ft_d,mid,94,Normal,34.1869,0.93815,0.180488
arm_s_ft_d,mid,95,Normal,32.0761,0.914095,0.220518
arm_s_ft_d,mid,96,Normal,33.7175,0.937387,0.18642
arm_s_ft_d,mid,97,Normal,32.0175,0.925222,0.221124
arm_s_ft_d,mid,98,Normal,33.0339,0.936374,0.171167
arm_s_ft_d,mid,99,Normal,33.7171,0.944966,0.197002
arm_s_ft_d,mid,100,Normal,34.2035,0.937648,0.197405
arm_s_ft_d,mid,101,Normal,32.3015,0.928967,0.213919
arm_s_ft_d,mid,102,Normal,33.9016,0.931376,0.165668
arm_s_ft_d,mid,103,Normal,34.25,0.936014,0.196098
arm_s_ft_d,mid,104,Normal,32.9969,0.932377,0.172899
arm_s_ft_d,mid,105,Normal,33.3607,0.938513,0.184096
arm_s_ft_d,mid,106,Normal,34.2016,0.939972,0.161644
arm_s_ft_d,mid,107,Normal,33.3865,0.932451,0.178258
arm_s_ft_d,mid,108,Normal,32.0308,0.906411,0.247638
arm_s_ft_d,mid,109,Normal,32.6274,0.918354,0.21884
arm_s_ft_d,mid,110,Normal,33.6642,0.932093,0.198817
arm_s_ft_d,mid,111,Normal,34.304,0.927261,0.200756
arm_s_ft_d,mid,112,Normal,32.1121,0.924367,0.207535
arm_s_ft_d,mid,113,Normal,32.4508,0.915591,0.211082
arm_s_ft_d,mid,114,Normal,33.3484,0.922313,0.219683
arm_s_ft_d,mid,115,Normal,33.1809,0.935175,0.196182
arm_s_ft_d,mid,116,Normal,32.3427,0.927103,0.177825
arm_s_ft_d,mid,117,Normal,33.6395,0.935535,0.18607
arm_s_ft_d,mid,118,Normal,33.5797,0.932085,0.187962
arm_s_ft_d,mid,119,Normal,35.501,0.952842,0.163231
arm_s_ft_d,mid,120,Normal,34.1742,0.949683,0.137819
arm_s_ft_d,mid,121,Normal,33.904,0.937001,0.165033
arm_s_ft_d,mid,122,Normal,34.1764,0.945142,0.16986
arm_s_ft_d,mid,123,Normal,34.3918,0.941006,0.163007
arm_s_ft_d,mid,124,Normal,33.5459,0.9307,0.204342
arm_s_ft_d,mid,125,Normal,32.6199,0.926385,0.217527
arm_s_ft_d,mid,126,Normal,33.6104,0.931222,0.242671
arm_s_ft_d,mid,127,Normal,32.1048,0.908676,0.251562
arm_s_ft_d,mid,128,Normal,32.5928,0.928009,0.199509
arm_s_ft_d,mid,129,Normal,33.6623,0.937911,0.169151
arm_s_ft_d,mid,130,Normal,33.1748,0.935914,0.175793
arm_s_ft_d,mid,131,Normal,33.2654,0.936005,0.191125
arm_s_ft_d,mid,132,Normal,32.6694,0.932374,0.196295
arm_s_ft_d,mid,133,Normal,33.2767,0.936268,0.182234
arm_s_ft_d,mid,134,Normal,34.6719,0.940003,0.183284
arm_s_ft_d,mid,135,Normal,33.9,0.93476,0.177372
arm_s_ft_d,mid,136,Normal,33.1159,0.938953,0.172699
arm_s_ft_d,mid,137,Normal,32.9896,0.935053,0.167935
arm_s_ft_d,mid,138,Normal,33.9948,0.940523,0.172712
arm_s_ft_d,mid,139,Normal,32.312,0.925993,0.204398
arm_s_ft_d,mid,140,Normal,32.544,0.921848,0.198123
arm_s_ft_d,mid,141,Normal,33.5782,0.931857,0.211853
arm_s_ft_d,mid,142,Normal,31.6692,0.913479,0.228437
arm_s_ft_d,mid,143,Normal,34.7414,0.946546,0.163821
arm_s_ft_d,mid,144,Normal,33.5765,0.942179,0.176743
arm_s_ft_d,mid,145,Normal,32.8325,0.936933,0.1536
arm_s_ft_d,mid,146,Normal,32.0828,0.923155,0.229603
arm_s_ft_d,mid,147,Normal,32.2744,0.913722,0.235694
arm_s_ft_d,mid,148,Normal,33.8331,0.934679,0.18599
arm_s_ft_d,mid,149,Normal,32.8659,0.935837,0.187389
arm_s_ft_d,mid,150,Normal,32.9899,0.919005,0.236473
arm_s_ft_d,mid,151,Normal,32.1507,0.910324,0.23568
arm_s_ft_d,mid,152,Normal,31.7516,0.906499,0.214966
arm_s_ft_d,mid,153,Normal,33.8102,0.937279,0.198057
arm_s_ft_d,mid,154,Normal,34.9322,0.941393,0.210905
arm_s_ft_d,mid,155,Normal,32.7021,0.923099,0.203509
arm_s_ft_d,mid,156,Normal,32.3988,0.916472,0.221542
arm_s_ft_d,mid,157,Normal,33.9438,0.939341,0.157232
arm_s_ft_d,mid,158,Normal,33.5175,0.93975,0.160343
arm_s_ft_d,mid,159,Normal,33.9634,0.935583,0.223361
arm_s_ft_d,mid,160,Normal,34.4558,0.93761,0.237981
arm_s_ft_d,mid,161,Normal,34.0233,0.93665,0.179239
arm_s_ft_d,mid,162,Normal,34.0514,0.939641,0.161121
arm_s_ft_d,mid,163,Normal,33.9347,0.930593,0.190822
arm_s_ft_d,mid,164,Normal,35.3638,0.947134,0.242933
arm_s_ft_d,mid,165,Normal,35.1861,0.932958,0.262236
arm_s_ft_d,mid,166,Normal,35.1476,0.941991,0.165134
arm_s_ft_d,mid,167,Normal,33.1315,0.919126,0.265751
arm_s_ft_d,mid,168,Normal,33.1654,0.940029,0.168373
arm_s_ft_d,mid,169,Normal,30.855,0.919332,0.193135
arm_s_ft_d,mid,170,Normal,32.9284,0.921171,0.238856
arm_s_ft_d,mid,171,Normal,32.8874,0.925169,0.219442
arm_s_ft_d,mid,172,Normal,33.4629,0.928193,0.222058
arm_s_ft_d,mid,173,Normal,32.6777,0.915546,0.236496
arm_s_ft_d,mid,174,Normal,34.5561,0.938702,0.202727
arm_s_ft_d,mid,175,Normal,34.0912,0.934545,0.184539
arm_s_ft_d,mid,176,Normal,34.0828,0.943375,0.159488
arm_s_ft_d,mid,177,Normal,32.2464,0.914912,0.212364
arm_s_ft_d,mid,178,Normal,33.3039,0.930644,0.206221
arm_s_ft_d,mid,179,Normal,31.8476,0.899345,0.258389
arm_s_ft_d,mid,180,Normal,31.9102,0.916951,0.199239
arm_s_ft_d,mid,181,Normal,33.9459,0.935859,0.192318
arm_s_ft_d,mid,182,Normal,34.4237,0.934559,0.209718
arm_s_ft_d,mid,183,Normal,33.2974,0.931599,0.204291
arm_s_ft_d,mid,184,Normal,33.6406,0.937566,0.198526
arm_s_ft_d,mid,185,Normal,34.0125,0.934913,0.193843
arm_s_ft_d,mid,186,Normal,32.5049,0.922968,0.222535
arm_s_ft_d,mid,187,Normal,34.3696,0.943432,0.190643
arm_s_ft_d,mid,188,Normal,34.0857,0.926989,0.231337
arm_s_ft_d,mid,189,Normal,33.6671,0.924614,0.235918
arm_s_ft_d,mid,190,Normal,31.8632,0.914881,0.220335
arm_s_ft_d,mid,191,Normal,34.5634,0.943492,0.165498
arm_s_ft_d,mid,192,Normal,35.8969,0.946097,0.207463
arm_s_ft_d,mid,193,Normal,32.6715,0.933382,0.193782
arm_s_ft_d,mid,194,Normal,32.9898,0.928919,0.20581
arm_s_ft_d,mid,195,Normal,33.0816,0.929725,0.191
arm_s_ft_d,mid,196,Normal,33.4721,0.929216,0.215762
arm_s_ft_d,mid,197,Normal,33.745,0.935278,0.186345
arm_s_ft_d,mid,198,Normal,34.2002,0.93663,0.2206
arm_s_ft_d,mid,199,Normal,32.564,0.925237,0.186688
arm_s_ft_d,mid,200,Normal,33.358,0.934352,0.195636
arm_s_ft_d,mid,201,Normal,33.1438,0.931072,0.188824
arm_s_ft_d,mid,202,Normal,32.8283,0.927208,0.220108
arm_s_ft_d,mid,203,Normal,33.6676,0.939346,0.175792
arm_s_ft_d,mid,204,Normal,33.0089,0.937888,0.174093
arm_s_ft_d,mid,205,Normal,34.624,0.936448,0.192826
arm_s_ft_d,mid,206,Normal,34.6027,0.93686,0.19454
arm_s_ft_d,mid,207,Normal,34.0011,0.925656,0.19845
arm_s_ft_d,mid,208,Normal,33.2423,0.934233,0.179874
arm_s_ft_d,mid,209,Normal,32.538,0.935423,0.193229
arm_s_ft_d,mid,210,Normal,32.4379,0.9121,0.257739
arm_s_ft_d,mid,211,Normal,33.7219,0.940213,0.155158
arm_s_ft_d,mid,212,Normal,34.6509,0.945031,0.178337
arm_s_ft_d,mid,213,Normal,34.6649,0.942309,0.184656
arm_s_ft_d,mid,214,Normal,33.1916,0.928821,0.200087
arm_s_ft_d,mid,215,Normal,32.6029,0.904564,0.262131
arm_s_ft_d,mid,216,Normal,32.6015,0.929296,0.197155
arm_s_ft_d,mid,217,Normal,34.7116,0.936113,0.222653
arm_s_ft_d,mid,218,Normal,32.77,0.916513,0.218701
arm_s_ft_d,mid,219,Normal,33.6682,0.939396,0.168317
arm_s_ft_d,mid,220,Normal,35.2133,0.937322,0.244706
arm_s_ft_d,mid,221,Normal,33.8212,0.940775,0.164235
arm_s_ft_d,mid,222,Normal,33.309,0.932007,0.175096
arm_s_ft_d,mid,223,Normal,32.662,0.92488,0.236658
arm_s_ft_d,mid,224,Normal,34.4337,0.946531,0.147322
arm_s_ft_d,mid,225,Normal,32.0416,0.903157,0.25955
arm_s_ft_d,mid,226,Normal,34.3961,0.941416,0.179165
arm_s_ft_d,mid,227,Normal,32.9189,0.933449,0.183117
arm_s_ft_d,mid,228,Normal,34.802,0.938669,0.180092
arm_s_ft_d,mid,229,Normal,33.5465,0.940655,0.17705
arm_s_ft_d,mid,230,Normal,33.0823,0.933567,0.195106
arm_s_ft_d,mid,231,Normal,33.0252,0.923068,0.214326
arm_s_ft_d,mid,232,Normal,34.7338,0.942966,0.186048
arm_s_ft_d,mid,233,Normal,34.0214,0.934944,0.207963
arm_s_ft_d,mid,234,Bacterial,35.1082,0.933101,0.256834
arm_s_ft_d,mid,235,Bacterial,33.1416,0.923211,0.255499
arm_s_ft_d,mid,236,Bacterial,35.1784,0.937678,0.238795
arm_s_ft_d,mid,237,Bacterial,34.7955,0.932384,0.241524
arm_s_ft_d,mid,238,Bacterial,35.0869,0.925783,0.302851
arm_s_ft_d,mid,239,Bacterial,34.7086,0.94019,0.221493
arm_s_ft_d,mid,240,Bacterial,34.973,0.931395,0.24837
arm_s_ft_d,mid,241,Bacterial,34.0061,0.926021,0.282977
arm_s_ft_d,mid,242,Bacterial,35.1211,0.933281,0.250841
arm_s_ft_d,mid,243,Bacterial,33.9554,0.922299,0.264648
arm_s_ft_d,mid,244,Bacterial,32.7144,0.918382,0.213727
arm_s_ft_d,mid,245,Bacterial,33.8225,0.938527,0.194867
arm_s_ft_d,mid,246,Bacterial,34.3892,0.942265,0.224085
arm_s_ft_d,mid,247,Bacterial,34.0551,0.939968,0.220027
arm_s_ft_d,mid,248,Bacterial,35.5022,0.938755,0.226828
arm_s_ft_d,mid,249,Bacterial,35.5919,0.939042,0.261638
arm_s_ft_d,mid,250,Bacterial,35.3222,0.924081,0.263072
arm_s_ft_d,mid,251,Bacterial,32.9861,0.926864,0.214499
arm_s_ft_d,mid,252,Bacterial,35.7448,0.932743,0.251999
arm_s_ft_d,mid,253,Bacterial,34.654,0.934748,0.266826
arm_s_ft_d,mid,254,Bacterial,33.4403,0.9224,0.219176
arm_s_ft_d,mid,255,Bacterial,33.9031,0.927608,0.251661
arm_s_ft_d,mid,256,Bacterial,33.0098,0.917559,0.24878
arm_s_ft_d,mid,257,Bacterial,34.2404,0.930581,0.265943
arm_s_ft_d,mid,258,Bacterial,34.3271,0.915409,0.311285
arm_s_ft_d,mid,259,Bacterial,34.5168,0.926344,0.294462
arm_s_ft_d,mid,260,Bacterial,34.7048,0.936085,0.252259
arm_s_ft_d,mid,261,Bacterial,32.7271,0.924672,0.203896
arm_s_ft_d,mid,262,Bacterial,36.4418,0.940941,0.242195
arm_s_ft_d,mid,263,Bacterial,35.9227,0.940336,0.263397
arm_s_ft_d,mid,264,Bacterial,35.6474,0.930903,0.251543
arm_s_ft_d,mid,265,Bacterial,35.8071,0.940086,0.265949
arm_s_ft_d,mid,266,Bacterial,35.4602,0.932066,0.247982
arm_s_ft_d,mid,267,Bacterial,33.7427,0.916324,0.276496
arm_s_ft_d,mid,268,Bacterial,34.8679,0.923147,0.285558
arm_s_ft_d,mid,269,Bacterial,34.8145,0.93563,0.246023
arm_s_ft_d,mid,270,Bacterial,35.8959,0.950266,0.218504
arm_s_ft_d,mid,271,Bacterial,35.1152,0.93795,0.202833
arm_s_ft_d,mid,272,Bacterial,35.8615,0.937602,0.264742
arm_s_ft_d,mid,273,Bacterial,35.711,0.940353,0.236428
arm_s_ft_d,mid,274,Bacterial,33.8776,0.926031,0.231867
arm_s_ft_d,mid,275,Bacterial,33.1139,0.920845,0.264564
arm_s_ft_d,mid,276,Bacterial,32.4301,0.921272,0.188615
arm_s_ft_d,mid,277,Bacterial,34.0211,0.920436,0.267814
arm_s_ft_d,mid,278,Bacterial,34.2785,0.92386,0.271263
arm_s_ft_d,mid,279,Bacterial,34.4804,0.931335,0.229415
arm_s_ft_d,mid,280,Bacterial,35.3095,0.926838,0.254034
arm_s_ft_d,mid,281,Bacterial,34.4348,0.916699,0.285132
arm_s_ft_d,mid,282,Bacterial,33.3334,0.919043,0.258152
arm_s_ft_d,mid,283,Bacterial,34.7145,0.927839,0.251426
arm_s_ft_d,mid,284,Bacterial,32.6201,0.914711,0.309168
arm_s_ft_d,mid,285,Bacterial,35.7401,0.92901,0.281532
arm_s_ft_d,mid,286,Bacterial,33.7689,0.932115,0.241707
arm_s_ft_d,mid,287,Bacterial,33.5207,0.922297,0.282065
arm_s_ft_d,mid,288,Bacterial,35.1656,0.932994,0.235291
arm_s_ft_d,mid,289,Bacterial,34.0172,0.921275,0.243485
arm_s_ft_d,mid,290,Bacterial,35.56,0.934355,0.267229
arm_s_ft_d,mid,291,Bacterial,33.9681,0.92391,0.26385
arm_s_ft_d,mid,292,Bacterial,33.5156,0.923911,0.221402
arm_s_ft_d,mid,293,Bacterial,35.6765,0.938187,0.247452
arm_s_ft_d,mid,294,Bacterial,34.7254,0.936039,0.241896
arm_s_ft_d,mid,295,Bacterial,33.723,0.931507,0.237055
arm_s_ft_d,mid,296,Bacterial,35.1272,0.938113,0.240781
arm_s_ft_d,mid,297,Bacterial,34.5175,0.935798,0.253333
arm_s_ft_d,mid,298,Bacterial,32.1461,0.908238,0.264462
arm_s_ft_d,mid,299,Bacterial,32.5557,0.914416,0.273531
arm_s_ft_d,mid,300,Bacterial,32.5454,0.918265,0.243146
arm_s_ft_d,mid,301,Bacterial,32.2199,0.916849,0.21618
arm_s_ft_d,mid,302,Bacterial,34.0856,0.926322,0.216932
arm_s_ft_d,mid,303,Bacterial,33.4425,0.934055,0.272657
arm_s_ft_d,mid,304,Bacterial,34.7068,0.927815,0.264188
arm_s_ft_d,mid,305,Bacterial,35.5733,0.93345,0.233418
arm_s_ft_d,mid,306,Bacterial,33.9436,0.929862,0.259616
arm_s_ft_d,mid,307,Bacterial,33.8043,0.931141,0.257487
arm_s_ft_d,mid,308,Bacterial,33.7807,0.927238,0.24849
arm_s_ft_d,mid,309,Bacterial,34.1103,0.933756,0.220741
arm_s_ft_d,mid,310,Bacterial,32.5592,0.925538,0.200125
arm_s_ft_d,mid,311,Bacterial,33.6341,0.91999,0.251207
arm_s_ft_d,mid,312,Bacterial,32.8887,0.927887,0.230124
arm_s_ft_d,mid,313,Bacterial,34.666,0.923523,0.307786
arm_s_ft_d,mid,314,Bacterial,33.7596,0.919252,0.243199
arm_s_ft_d,mid,315,Bacterial,35.9562,0.945118,0.260285
arm_s_ft_d,mid,316,Bacterial,35.4773,0.935198,0.269921
arm_s_ft_d,mid,317,Bacterial,35.3297,0.933756,0.281565
arm_s_ft_d,mid,318,Bacterial,35.0185,0.936896,0.22666
arm_s_ft_d,mid,319,Bacterial,35.2575,0.93368,0.228427
arm_s_ft_d,mid,320,Bacterial,35.565,0.931058,0.251244
arm_s_ft_d,mid,321,Bacterial,32.3639,0.926167,0.262006
arm_s_ft_d,mid,322,Bacterial,33.6526,0.927166,0.258038
arm_s_ft_d,mid,323,Bacterial,33.6646,0.933533,0.218936
arm_s_ft_d,mid,324,Bacterial,32.8976,0.929637,0.221978
arm_s_ft_d,mid,325,Bacterial,32.2471,0.924677,0.219577
arm_s_ft_d,mid,326,Bacterial,33.6132,0.927811,0.251717
arm_s_ft_d,mid,327,Bacterial,34.9165,0.938206,0.231583
arm_s_ft_d,mid,328,Bacterial,35.0761,0.937937,0.258289
arm_s_ft_d,mid,329,Bacterial,34.2867,0.937874,0.167801
arm_s_ft_d,mid,330,Bacterial,36.12,0.931812,0.243626
arm_s_ft_d,mid,331,Bacterial,35.4053,0.943549,0.219003
arm_s_ft_d,mid,332,Bacterial,36.0306,0.942551,0.239905
arm_s_ft_d,mid,333,Bacterial,35.734,0.943542,0.240259
arm_s_ft_d,mid,334,Bacterial,35.9207,0.943964,0.241903
arm_s_ft_d,mid,335,Bacterial,33.2217,0.922806,0.258535
arm_s_ft_d,mid,336,Bacterial,35.5017,0.938665,0.232085
arm_s_ft_d,mid,337,Bacterial,34.2769,0.926877,0.242548
arm_s_ft_d,mid,338,Bacterial,35.4498,0.93266,0.257171
arm_s_ft_d,mid,339,Bacterial,33.6782,0.929816,0.188361
arm_s_ft_d,mid,340,Bacterial,35.2173,0.931827,0.24125
arm_s_ft_d,mid,341,Bacterial,34.5631,0.935157,0.250171
arm_s_ft_d,mid,342,Bacterial,34.4655,0.932201,0.239915
arm_s_ft_d,mid,343,Bacterial,35.1313,0.931635,0.261099
arm_s_ft_d,mid,344,Bacterial,35.3965,0.939142,0.265556
arm_s_ft_d,mid,345,Bacterial,34.2911,0.929168,0.276105
arm_s_ft_d,mid,346,Bacterial,33.3394,0.925091,0.244655
arm_s_ft_d,mid,347,Bacterial,35.089,0.939946,0.251848
arm_s_ft_d,mid,348,Bacterial,34.4099,0.924297,0.254891
arm_s_ft_d,mid,349,Bacterial,35.8756,0.939613,0.241205
arm_s_ft_d,mid,350,Bacterial,36.2177,0.941155,0.277882
arm_s_ft_d,mid,351,Bacterial,32.9563,0.926788,0.22735
arm_s_ft_d,mid,352,Bacterial,35.6768,0.941731,0.229978
arm_s_ft_d,mid,353,Bacterial,34.4791,0.938129,0.221013
arm_s_ft_d,mid,354,Bacterial,36.2481,0.938871,0.277508
arm_s_ft_d,mid,355,Bacterial,35.0943,0.934142,0.246637
arm_s_ft_d,mid,356,Bacterial,34.8971,0.933462,0.2265
arm_s_ft_d,mid,357,Bacterial,35.3892,0.932631,0.263396
arm_s_ft_d,mid,358,Bacterial,35.1471,0.928369,0.323505
arm_s_ft_d,mid,359,Bacterial,33.8366,0.930117,0.205699
arm_s_ft_d,mid,360,Bacterial,34.8058,0.932392,0.246436
arm_s_ft_d,mid,361,Bacterial,35.4683,0.93628,0.245827
arm_s_ft_d,mid,362,Bacterial,35.1927,0.941002,0.283485
arm_s_ft_d,mid,363,Bacterial,33.8814,0.944881,0.218257
arm_s_ft_d,mid,364,Bacterial,36.0225,0.94136,0.227195
arm_s_ft_d,mid,365,Bacterial,32.3673,0.926003,0.224457
arm_s_ft_d,mid,366,Bacterial,35.3918,0.93845,0.269214
arm_s_ft_d,mid,367,Bacterial,33.8285,0.931381,0.204445
arm_s_ft_d,mid,368,Bacterial,34.2548,0.923769,0.248516
arm_s_ft_d,mid,369,Bacterial,33.4519,0.928284,0.207316
arm_s_ft_d,mid,370,Bacterial,32.568,0.927573,0.193143
arm_s_ft_d,mid,371,Bacterial,34.9756,0.936854,0.225409
arm_s_ft_d,mid,372,Bacterial,34.0098,0.920121,0.316887
arm_s_ft_d,mid,373,Bacterial,34.9762,0.93337,0.2452
arm_s_ft_d,mid,374,Bacterial,33.9241,0.929007,0.228371
arm_s_ft_d,mid,375,Bacterial,34.6086,0.933067,0.249161
arm_s_ft_d,mid,376,Bacterial,33.0547,0.928421,0.256382
arm_s_ft_d,mid,377,Bacterial,34.4565,0.93121,0.247477
arm_s_ft_d,mid,378,Bacterial,33.3672,0.922763,0.199438
arm_s_ft_d,mid,379,Bacterial,34.2526,0.932065,0.254658
arm_s_ft_d,mid,380,Bacterial,35.1303,0.941299,0.245313
arm_s_ft_d,mid,381,Bacterial,32.424,0.924758,0.202688
arm_s_ft_d,mid,382,Bacterial,34.1071,0.926402,0.238973
arm_s_ft_d,mid,383,Bacterial,32.7711,0.915277,0.225956
arm_s_ft_d,mid,384,Bacterial,32.2813,0.921657,0.194003
arm_s_ft_d,mid,385,Bacterial,32.1822,0.921628,0.227113
arm_s_ft_d,mid,386,Bacterial,34.9287,0.942294,0.218193
arm_s_ft_d,mid,387,Bacterial,35.2901,0.945816,0.203236
arm_s_ft_d,mid,388,Bacterial,33.4674,0.938192,0.163615
arm_s_ft_d,mid,389,Bacterial,32.2974,0.919747,0.238769
arm_s_ft_d,mid,390,Bacterial,34.4426,0.930686,0.224003
arm_s_ft_d,mid,391,Bacterial,32.6655,0.915958,0.314081
arm_s_ft_d,mid,392,Bacterial,34.8386,0.934159,0.24774
arm_s_ft_d,mid,393,Bacterial,34.8907,0.931162,0.270334
arm_s_ft_d,mid,394,Bacterial,34.9735,0.939074,0.234816
arm_s_ft_d,mid,395,Bacterial,34.5151,0.932847,0.227948
arm_s_ft_d,mid,396,Bacterial,32.8246,0.910121,0.255245
arm_s_ft_d,mid,397,Bacterial,36.2111,0.930585,0.281475
arm_s_ft_d,mid,398,Bacterial,35.1106,0.925087,0.305496
arm_s_ft_d,mid,399,Bacterial,33.2373,0.927455,0.258687
arm_s_ft_d,mid,400,Bacterial,34.199,0.929801,0.205268
arm_s_ft_d,mid,401,Bacterial,32.3983,0.914503,0.244177
arm_s_ft_d,mid,402,Bacterial,35.316,0.931626,0.259055
arm_s_ft_d,mid,403,Bacterial,34.5891,0.936078,0.232879
arm_s_ft_d,mid,404,Bacterial,34.2592,0.923232,0.247062
arm_s_ft_d,mid,405,Bacterial,33.422,0.923808,0.272802
arm_s_ft_d,mid,406,Bacterial,36.5078,0.947155,0.210103
arm_s_ft_d,mid,407,Bacterial,33.8246,0.931617,0.246349
arm_s_ft_d,mid,408,Bacterial,34.2881,0.932964,0.225466
arm_s_ft_d,mid,409,Bacterial,33.3565,0.922221,0.22279
arm_s_ft_d,mid,410,Bacterial,32.3532,0.919006,0.229747
arm_s_ft_d,mid,411,Bacterial,33.9081,0.920894,0.260368
arm_s_ft_d,mid,412,Bacterial,34.9215,0.929025,0.2515
arm_s_ft_d,mid,413,Bacterial,32.3014,0.91086,0.219194
arm_s_ft_d,mid,414,Bacterial,35.6202,0.932014,0.26112
arm_s_ft_d,mid,415,Bacterial,34.4736,0.93093,0.271966
arm_s_ft_d,mid,416,Bacterial,36.3938,0.942857,0.246137
arm_s_ft_d,mid,417,Bacterial,34.7728,0.9255,0.237451
arm_s_ft_d,mid,418,Bacterial,35.6295,0.942283,0.21467
arm_s_ft_d,mid,419,Bacterial,34.5697,0.939455,0.17595
arm_s_ft_d,mid,420,Bacterial,34.9342,0.943529,0.210019
arm_s_ft_d,mid,421,Bacterial,34.6605,0.939773,0.206062
arm_s_ft_d,mid,422,Bacterial,33.658,0.923718,0.247547
arm_s_ft_d,mid,423,Bacterial,34.5714,0.938685,0.23953
arm_s_ft_d,mid,424,Bacterial,34.6954,0.938484,0.246619
arm_s_ft_d,mid,425,Bacterial,35.4024,0.935889,0.258933
arm_s_ft_d,mid,426,Bacterial,37.1988,0.94212,0.253859
arm_s_ft_d,mid,427,Bacterial,36.3283,0.929594,0.31004
arm_s_ft_d,mid,428,Bacterial,35.3451,0.932783,0.290874
arm_s_ft_d,mid,429,Bacterial,33.1066,0.928895,0.225711
arm_s_ft_d,mid,430,Bacterial,35.7627,0.941579,0.232557
arm_s_ft_d,mid,431,Bacterial,35.9021,0.926963,0.272596
arm_s_ft_d,mid,432,Bacterial,35.4697,0.938234,0.23661
arm_s_ft_d,mid,433,Bacterial,33.9425,0.921671,0.27098
arm_s_ft_d,mid,434,Bacterial,34.6364,0.931244,0.234808
arm_s_ft_d,mid,435,Bacterial,33.8119,0.932527,0.231613
arm_s_ft_d,mid,436,Bacterial,33.2262,0.929911,0.173251
arm_s_ft_d,mid,437,Bacterial,36.071,0.936336,0.209623
arm_s_ft_d,mid,438,Bacterial,33.0591,0.916908,0.25613
arm_s_ft_d,mid,439,Bacterial,34.4532,0.926571,0.258482
arm_s_ft_d,mid,440,Bacterial,33.4196,0.92676,0.242852
arm_s_ft_d,mid,441,Bacterial,33.1828,0.925863,0.231052
arm_s_ft_d,mid,442,Bacterial,35.5301,0.938627,0.233247
arm_s_ft_d,mid,443,Bacterial,35.1397,0.936399,0.249308
arm_s_ft_d,mid,444,Bacterial,34.4421,0.933751,0.243413
arm_s_ft_d,mid,445,Bacterial,34.9783,0.929968,0.27576
arm_s_ft_d,mid,446,Bacterial,34.3922,0.928094,0.276794
arm_s_ft_d,mid,447,Bacterial,35.8136,0.927557,0.275159
arm_s_ft_d,mid,448,Bacterial,35.4576,0.937917,0.314032
arm_s_ft_d,mid,449,Bacterial,33.6228,0.923738,0.238551
arm_s_ft_d,mid,450,Bacterial,33.723,0.930925,0.249383
arm_s_ft_d,mid,451,Bacterial,32.5381,0.919215,0.206267
arm_s_ft_d,mid,452,Bacterial,33.5295,0.9277,0.252166
arm_s_ft_d,mid,453,Bacterial,35.5674,0.937718,0.238468
arm_s_ft_d,mid,454,Bacterial,33.7826,0.935125,0.238389
arm_s_ft_d,mid,455,Bacterial,35.7546,0.939084,0.263418
arm_s_ft_d,mid,456,Bacterial,32.1242,0.915479,0.272413
arm_s_ft_d,mid,457,Bacterial,35.265,0.932326,0.27401
arm_s_ft_d,mid,458,Bacterial,35.5043,0.940653,0.251823
arm_s_ft_d,mid,459,Bacterial,36.2878,0.940528,0.253523
arm_s_ft_d,mid,460,Bacterial,34.5262,0.935212,0.215708
arm_s_ft_d,mid,461,Bacterial,34.4362,0.936388,0.199617
arm_s_ft_d,mid,462,Bacterial,33.4804,0.929016,0.205912
arm_s_ft_d,mid,463,Bacterial,35.3796,0.930609,0.275394
arm_s_ft_d,mid,464,Bacterial,34.1766,0.929008,0.228284
arm_s_ft_d,mid,465,Bacterial,35.267,0.936247,0.250959
arm_s_ft_d,mid,466,Bacterial,34.2532,0.927296,0.263422
arm_s_ft_d,mid,467,Bacterial,34.5248,0.923677,0.308515
arm_s_ft_d,mid,468,Bacterial,35.0422,0.941579,0.194876
arm_s_ft_d,mid,469,Bacterial,35.6472,0.928458,0.253801
arm_s_ft_d,mid,470,Bacterial,34.492,0.927823,0.2664
arm_s_ft_d,mid,471,Bacterial,33.3217,0.922379,0.213109
arm_s_ft_d,mid,472,Bacterial,33.7708,0.929601,0.197565
arm_s_ft_d,mid,473,Bacterial,31.7466,0.917414,0.272816
arm_s_ft_d,mid,474,Bacterial,33.4078,0.933311,0.241714
arm_s_ft_d,mid,475,Bacterial,32.2686,0.917318,0.226893
arm_s_ft_d,mid,476,Viral,33.8154,0.936373,0.243197
arm_s_ft_d,mid,477,Viral,34.2539,0.942855,0.207102
arm_s_ft_d,mid,478,Viral,34.1315,0.942169,0.218451
arm_s_ft_d,mid,479,Viral,34.6852,0.930381,0.226967
arm_s_ft_d,mid,480,Viral,35.7983,0.928384,0.304239
arm_s_ft_d,mid,481,Viral,34.0051,0.936583,0.260132
arm_s_ft_d,mid,482,Viral,32.7471,0.912311,0.238089
arm_s_ft_d,mid,483,Viral,34.5341,0.928254,0.257925
arm_s_ft_d,mid,484,Viral,33.9939,0.924011,0.295779
arm_s_ft_d,mid,485,Viral,34.2526,0.931339,0.257394
arm_s_ft_d,mid,486,Viral,34.878,0.922087,0.302095
arm_s_ft_d,mid,487,Viral,34.9516,0.933618,0.237513
arm_s_ft_d,mid,488,Viral,33.9434,0.938457,0.197635
arm_s_ft_d,mid,489,Viral,34.7558,0.938028,0.226672
arm_s_ft_d,mid,490,Viral,34.0892,0.925376,0.276593
arm_s_ft_d,mid,491,Viral,33.9722,0.934078,0.252567
arm_s_ft_d,mid,492,Viral,33.8932,0.934762,0.23341
arm_s_ft_d,mid,493,Viral,34.1561,0.935136,0.225086
arm_s_ft_d,mid,494,Viral,34.1047,0.933715,0.23482
arm_s_ft_d,mid,495,Viral,33.4073,0.931965,0.218679
arm_s_ft_d,mid,496,Viral,34.4795,0.927879,0.282316
arm_s_ft_d,mid,497,Viral,34.0099,0.93991,0.186716
arm_s_ft_d,mid,498,Viral,34.9659,0.940001,0.235066
arm_s_ft_d,mid,499,Viral,34.9963,0.928334,0.232623
arm_s_ft_d,mid,500,Viral,33.6767,0.923984,0.272692
arm_s_ft_d,mid,501,Viral,33.0582,0.928973,0.191126
arm_s_ft_d,mid,502,Viral,34.2495,0.938338,0.212494
arm_s_ft_d,mid,503,Viral,33.7004,0.937695,0.216505
arm_s_ft_d,mid,504,Viral,33.7684,0.932731,0.24034
arm_s_ft_d,mid,505,Viral,34.8493,0.936864,0.212316
arm_s_ft_d,mid,506,Viral,33.8549,0.925374,0.246888
arm_s_ft_d,mid,507,Viral,32.6639,0.918913,0.241874
arm_s_ft_d,mid,508,Viral,35.4302,0.934837,0.272854
arm_s_ft_d,mid,509,Viral,33.5244,0.926738,0.223867
arm_s_ft_d,mid,510,Viral,31.6021,0.923511,0.227505
arm_s_ft_d,mid,511,Viral,33.8272,0.937836,0.199126
arm_s_ft_d,mid,512,Viral,35.8688,0.940409,0.240317
arm_s_ft_d,mid,513,Viral,33.0044,0.929911,0.243448
arm_s_ft_d,mid,514,Viral,32.9407,0.928996,0.198738
arm_s_ft_d,mid,515,Viral,34.5035,0.932036,0.244063
arm_s_ft_d,mid,516,Viral,34.883,0.934128,0.234797
arm_s_ft_d,mid,517,Viral,33.439,0.930482,0.237604
arm_s_ft_d,mid,518,Viral,32.9129,0.924511,0.196093
arm_s_ft_d,mid,519,Viral,35.2671,0.952648,0.177467
arm_s_ft_d,mid,520,Viral,34.7848,0.940355,0.235838
arm_s_ft_d,mid,521,Viral,34.3713,0.938483,0.195187
arm_s_ft_d,mid,522,Viral,34.9389,0.939929,0.21457
arm_s_ft_d,mid,523,Viral,35.4154,0.942946,0.257159
arm_s_ft_d,mid,524,Viral,35.2649,0.939615,0.276548
arm_s_ft_d,mid,525,Viral,35.2869,0.941405,0.223086
arm_s_ft_d,mid,526,Viral,34.6709,0.930851,0.282971
arm_s_ft_d,mid,527,Viral,34.3674,0.922908,0.305586
arm_s_ft_d,mid,528,Viral,34.1959,0.930814,0.241782
arm_s_ft_d,mid,529,Viral,32.4059,0.90516,0.272554
arm_s_ft_d,mid,530,Viral,34.5717,0.937867,0.23544
arm_s_ft_d,mid,531,Viral,34.3288,0.937462,0.205474
arm_s_ft_d,mid,532,Viral,34.0396,0.929833,0.24761
arm_s_ft_d,mid,533,Viral,33.815,0.931332,0.217352
arm_s_ft_d,mid,534,Viral,32.5808,0.929677,0.245843
arm_s_ft_d,mid,535,Viral,33.5631,0.932332,0.22557
arm_s_ft_d,mid,536,Viral,35.0304,0.924544,0.28868
arm_s_ft_d,mid,537,Viral,33.5478,0.924795,0.306197
arm_s_ft_d,mid,538,Viral,35.319,0.932216,0.306333
arm_s_ft_d,mid,539,Viral,34.2453,0.938099,0.179564
arm_s_ft_d,mid,540,Viral,34.5528,0.936787,0.214461
arm_s_ft_d,mid,541,Viral,33.8403,0.934993,0.215322
arm_s_ft_d,mid,542,Viral,35.2295,0.942234,0.212484
arm_s_ft_d,mid,543,Viral,36.0354,0.935615,0.271162
arm_s_ft_d,mid,544,Viral,33.189,0.929042,0.215525
arm_s_ft_d,mid,545,Viral,33.2642,0.930246,0.225469
arm_s_ft_d,mid,546,Viral,35.1007,0.93233,0.257963
arm_s_ft_d,mid,547,Viral,34.9819,0.931596,0.264823
arm_s_ft_d,mid,548,Viral,33.3012,0.926929,0.23666
arm_s_ft_d,mid,549,Viral,36.2667,0.932606,0.295001
arm_s_ft_d,mid,550,Viral,36.2442,0.931259,0.295886
arm_s_ft_d,mid,551,Viral,33.9208,0.928425,0.249071
arm_s_ft_d,mid,552,Viral,34.9476,0.939602,0.253944
arm_s_ft_d,mid,553,Viral,35.2264,0.936301,0.224315
arm_s_ft_d,mid,554,Viral,33.7755,0.931653,0.246854
arm_s_ft_d,mid,555,Viral,33.5169,0.93816,0.210366
arm_s_ft_d,mid,556,Viral,34.3944,0.935374,0.208697
arm_s_ft_d,mid,557,Viral,34.9573,0.92805,0.235937
arm_s_ft_d,mid,558,Viral,34.2248,0.936092,0.221764
arm_s_ft_d,mid,559,Viral,35.1093,0.927947,0.30649
arm_s_ft_d,mid,560,Viral,35.1662,0.938298,0.24073
arm_s_ft_d,mid,561,Viral,34.197,0.934625,0.202806
arm_s_ft_d,mid,562,Viral,34.5437,0.939221,0.211544
arm_s_ft_d,mid,563,Viral,34.4245,0.937564,0.211688
arm_s_ft_d,mid,564,Viral,34.621,0.941148,0.228325
arm_s_ft_d,mid,565,Viral,35.0395,0.933906,0.263126
arm_s_ft_d,mid,566,Viral,33.837,0.936901,0.227388
arm_s_ft_d,mid,567,Viral,34.2006,0.942013,0.213715
arm_s_ft_d,mid,568,Viral,33.8596,0.932388,0.224597
arm_s_ft_d,mid,569,Viral,33.9199,0.926159,0.288589
arm_s_ft_d,mid,570,Viral,33.6135,0.936443,0.201843
arm_s_ft_d,mid,571,Viral,34.7316,0.936458,0.213135
arm_s_ft_d,mid,572,Viral,33.568,0.925464,0.256513
arm_s_ft_d,mid,573,Viral,34.3894,0.937499,0.1991
arm_s_ft_d,mid,574,Viral,35.6247,0.945963,0.273941
arm_s_ft_d,mid,575,Viral,34.9887,0.94209,0.204408
arm_s_ft_d,mid,576,Viral,34.1867,0.935783,0.230734
arm_s_ft_d,mid,577,Viral,33.4623,0.933626,0.249184
arm_s_ft_d,mid,578,Viral,35.609,0.946265,0.203714
arm_s_ft_d,mid,579,Viral,33.7362,0.935432,0.192706
arm_s_ft_d,mid,580,Viral,34.1228,0.941685,0.208851
arm_s_ft_d,mid,581,Viral,34.0152,0.939843,0.18945
arm_s_ft_d,mid,582,Viral,33.9451,0.927677,0.242865
arm_s_ft_d,mid,583,Viral,34.4463,0.930291,0.235579
arm_s_ft_d,mid,584,Viral,35.3455,0.932508,0.274082
arm_s_ft_d,mid,585,Viral,35.3225,0.943046,0.231078
arm_s_ft_d,mid,586,Viral,34.4381,0.922492,0.269078
arm_s_ft_d,mid,587,Viral,35.1742,0.92509,0.236234
arm_s_ft_d,mid,588,Viral,33.7039,0.926287,0.252465
arm_s_ft_d,mid,589,Viral,31.2851,0.91652,0.196999
arm_s_ft_d,mid,590,Viral,33.861,0.931803,0.233674
arm_s_ft_d,mid,591,Viral,33.4622,0.93596,0.203948
arm_s_ft_d,mid,592,Viral,33.9184,0.938832,0.181653
arm_s_ft_d,mid,593,Viral,35.5621,0.924846,0.207394
arm_s_ft_d,mid,594,Viral,35.4113,0.942066,0.228761
arm_s_ft_d,mid,595,Viral,35.1162,0.935399,0.228362
arm_s_ft_d,mid,596,Viral,34.5533,0.932728,0.300782
arm_s_ft_d,mid,597,Viral,34.2555,0.936828,0.248706
arm_s_ft_d,mid,598,Viral,33.0132,0.930212,0.254516
arm_s_ft_d,mid,599,Viral,33.4282,0.933433,0.198031
arm_s_ft_d,mid,600,Viral,34.2834,0.931893,0.236783
arm_s_ft_d,mid,601,Viral,34.9985,0.941283,0.230304
arm_s_ft_d,mid,602,Viral,33.7104,0.935179,0.223929
arm_s_ft_d,mid,603,Viral,33.8915,0.937831,0.223318
arm_s_ft_d,mid,604,Viral,34.2671,0.94046,0.200062
arm_s_ft_d,mid,605,Viral,35.0088,0.936476,0.234159
arm_s_ft_d,mid,606,Viral,34.7748,0.937411,0.249825
arm_s_ft_d,mid,607,Viral,34.9675,0.941986,0.221399
arm_s_ft_d,mid,608,Viral,35.2739,0.936309,0.256896
arm_s_ft_d,mid,609,Viral,35.3137,0.941228,0.239784
arm_s_ft_d,mid,610,Viral,35.5774,0.939605,0.239374
arm_s_ft_d,mid,611,Viral,33.5148,0.934697,0.209584
arm_s_ft_d,mid,612,Viral,33.3187,0.932434,0.214823
arm_s_ft_d,mid,613,Viral,34.2413,0.938448,0.222116
arm_s_ft_d,mid,614,Viral,34.8742,0.936807,0.263121
arm_s_ft_d,mid,615,Viral,35.1187,0.932946,0.23918
arm_s_ft_d,mid,616,Viral,35.1804,0.938213,0.223935
arm_s_ft_d,mid,617,Viral,34.4034,0.934917,0.251035
arm_s_ft_d,mid,618,Viral,33.8184,0.932071,0.229536
arm_s_ft_d,mid,619,Viral,33.9892,0.933225,0.224356
arm_s_ft_d,mid,620,Viral,34.0338,0.938363,0.210187
arm_s_ft_d,mid,621,Viral,36.4897,0.942525,0.292867
arm_s_ft_d,mid,622,Viral,34.4803,0.935618,0.230992
arm_s_ft_d,mid,623,Viral,34.4908,0.936119,0.228021
