model,class,image,psnr,ssim,fsim,lpips
nafnet,Normal,0,33.30166387968687,0.9044076204299927,0.9324092864990234,0.18423032760620117
nafnet,Normal,1,32.05771336064966,0.866276204586029,0.9109112024307251,0.22892850637435913
nafnet,Normal,2,32.88855083460185,0.8997762203216553,0.9257423281669617,0.20149213075637817
nafnet,Normal,3,34.0178837710973,0.9287030696868896,0.9438400864601135,0.16684122383594513
nafnet,Normal,4,32.859754671206915,0.8662765026092529,0.9123766422271729,0.24440288543701172
nafnet,Normal,5,34.25875778158379,0.9200642704963684,0.9401139616966248,0.19401457905769348
nafnet,Normal,6,33.77806079528747,0.9040652513504028,0.9334464073181152,0.22660322487354279
nafnet,Normal,7,34.17351573366215,0.9227867722511292,0.9404787421226501,0.20028460025787354
nafnet,Normal,8,32.41924401343703,0.9006975889205933,0.9350547790527344,0.18520426750183105
nafnet,Normal,9,32.590817084059225,0.8856262564659119,0.9292694330215454,0.2138376533985138
nafnet,Normal,10,33.389765324888685,0.915890097618103,0.9396622776985168,0.16166330873966217
nafnet,Normal,11,33.2372310538518,0.8901161551475525,0.9289290308952332,0.22591590881347656
nafnet,Normal,12,33.45135829524976,0.8931134343147278,0.9208550453186035,0.23007650673389435
nafnet,Normal,13,34.58298624688795,0.9114249348640442,0.934736430644989,0.205832839012146
nafnet,Normal,14,33.88989453205668,0.894824206829071,0.9464613199234009,0.1784420609474182
nafnet,Normal,15,32.6593314088507,0.8788546919822693,0.9167022109031677,0.2585562765598297
nafnet,Normal,16,34.109815374891426,0.9143301248550415,0.9356654286384583,0.2161245048046112
nafnet,Normal,17,33.56170678798123,0.9007430672645569,0.9257799983024597,0.2038021832704544
nafnet,Normal,18,33.16827183986696,0.8992976546287537,0.9278203248977661,0.17726574838161469
nafnet,Normal,19,33.966919760914706,0.9125117659568787,0.9376243948936462,0.20355547964572906
nafnet,Normal,20,35.25035505226089,0.9375112056732178,0.9468744397163391,0.15922331809997559
nafnet,Normal,21,33.856721923654646,0.9122225642204285,0.9374148845672607,0.1847427487373352
nafnet,Normal,22,34.133119504762824,0.9089803099632263,0.9328111410140991,0.2160421460866928
nafnet,Normal,23,31.8697461114134,0.8426600098609924,0.8961181640625,0.31335732340812683
nafnet,Normal,24,32.907726515988486,0.8933454155921936,0.9251449704170227,0.21795129776000977
nafnet,Normal,25,33.75563969698247,0.9200829267501831,0.9372001886367798,0.17175409197807312
nafnet,Normal,26,32.0735497583108,0.8865250945091248,0.9224490523338318,0.19035637378692627
nafnet,Normal,27,32.02316738818289,0.8843449354171753,0.9180499911308289,0.216207355260849
nafnet,Normal,28,34.0104562702475,0.9163902401924133,0.93702232837677,0.20128214359283447
nafnet,Normal,29,33.291940851435974,0.9017469882965088,0.9295167922973633,0.2426532804965973
nafnet,Normal,30,32.13354248978596,0.8554934859275818,0.9074748158454895,0.23156753182411194
nafnet,Normal,31,33.26509473784071,0.9100428819656372,0.9319244027137756,0.18732938170433044
nafnet,Normal,32,32.1382269491447,0.881115198135376,0.9200774431228638,0.2140975296497345
nafnet,Normal,33,31.566583867658238,0.8597866296768188,0.9059872031211853,0.23927655816078186
nafnet,Normal,34,31.82946984039606,0.8844447135925293,0.9214573502540588,0.1888670027256012
nafnet,Normal,35,33.48360349373739,0.903196394443512,0.9317463636398315,0.18991422653198242
nafnet,Normal,36,34.68890728112273,0.9335502982139587,0.9459863305091858,0.15280036628246307
nafnet,Normal,37,34.658608364948115,0.9264266490936279,0.9405661821365356,0.2412828505039215
nafnet,Normal,38,32.889350263888396,0.9047120809555054,0.9325240254402161,0.17919492721557617
nafnet,Normal,39,31.469900638100622,0.8687644600868225,0.9102996587753296,0.2067214846611023
nafnet,Normal,40,33.32202498070129,0.9095492959022522,0.9304416179656982,0.1918962597846985
nafnet,Normal,41,33.91862225763249,0.9048058986663818,0.9317268133163452,0.209501251578331
nafnet,Normal,42,31.329320735985764,0.8631718158721924,0.9093211889266968,0.22142046689987183
nafnet,Normal,43,33.06312833297732,0.8991253972053528,0.9221334457397461,0.19638195633888245
nafnet,Normal,44,32.929848493145606,0.8940187096595764,0.9212702512741089,0.2037135362625122
nafnet,Normal,45,32.563497859375154,0.886224627494812,0.9255303144454956,0.21739836037158966
nafnet,Normal,46,34.87945472606591,0.9010103344917297,0.9240632057189941,0.23814667761325836
nafnet,Normal,47,31.928748317664585,0.8933516144752502,0.9216431975364685,0.18356607854366302
nafnet,Normal,48,32.76759460404703,0.8899943232536316,0.925115168094635,0.21003513038158417
nafnet,Normal,49,32.86757253053927,0.8986902832984924,0.9264293313026428,0.19545558094978333
nafnet,Normal,50,32.75365726163577,0.8894017338752747,0.9308040142059326,0.22372117638587952
nafnet,Normal,51,33.64932887179443,0.900287389755249,0.9301257729530334,0.20950590074062347
nafnet,Normal,52,33.05948194688841,0.8895266056060791,0.9189515709877014,0.22995753586292267
nafnet,Normal,53,32.93955217714288,0.9065490961074829,0.9332573413848877,0.16708053648471832
nafnet,Normal,54,33.352883513481395,0.8961694836616516,0.9318735599517822,0.20992125570774078
nafnet,Normal,55,34.19411226612696,0.9085307121276855,0.9343783855438232,0.1934398114681244
nafnet,Normal,56,34.71273630288679,0.9326573014259338,0.946217954158783,0.20529118180274963
nafnet,Normal,57,32.61319431268842,0.8713216781616211,0.9112116694450378,0.2392856478691101
nafnet,Normal,58,32.73816577394297,0.893119215965271,0.9300621747970581,0.20844420790672302
nafnet,Normal,59,33.2972577771618,0.9029660820960999,0.9323729276657104,0.20236101746559143
nafnet,Normal,60,33.828015819113766,0.9042252898216248,0.9342753887176514,0.20544207096099854
nafnet,Normal,61,33.90504095299797,0.9224646687507629,0.94137042760849,0.1592644602060318
nafnet,Normal,62,32.993327595660745,0.8817474246025085,0.9225392937660217,0.248387411236763
nafnet,Normal,63,32.785007172134044,0.9027001857757568,0.9344717860221863,0.17925959825515747
nafnet,Normal,64,33.78315184298712,0.9080679416656494,0.9300628900527954,0.1952381432056427
nafnet,Normal,65,31.72100941435975,0.8886623978614807,0.9288160800933838,0.18818950653076172
nafnet,Normal,66,31.533181236359965,0.8547853827476501,0.9083229303359985,0.2425171136856079
nafnet,Normal,67,31.661709916995434,0.8686675429344177,0.9139148592948914,0.2271048128604889
nafnet,Normal,68,31.116235124346126,0.8495297431945801,0.9046037793159485,0.2443721443414688
nafnet,Normal,69,32.584310085177805,0.8800711631774902,0.9158764481544495,0.24144525825977325
nafnet,Normal,70,34.89875548195367,0.93241947889328,0.943937361240387,0.20433123409748077
nafnet,Normal,71,34.321782868931344,0.8959287405014038,0.9281398057937622,0.2408304512500763
nafnet,Normal,72,33.998317047731696,0.9091057181358337,0.9393730163574219,0.20233172178268433
nafnet,Normal,73,34.5010614282021,0.9225329756736755,0.9412017464637756,0.18014156818389893
nafnet,Normal,74,33.6985064978725,0.9105192422866821,0.9241876602172852,0.2797197103500366
nafnet,Normal,75,32.29033039406807,0.8855852484703064,0.9217709898948669,0.21268534660339355
nafnet,Normal,76,31.898700783566394,0.8731825351715088,0.9064745306968689,0.2429371327161789
nafnet,Normal,77,32.98613490617355,0.9073723554611206,0.9335872530937195,0.15998788177967072
nafnet,Normal,78,34.171569577222115,0.9091042280197144,0.9347714781761169,0.24271684885025024
nafnet,Normal,79,32.99780601922389,0.9025743007659912,0.934977114200592,0.182231605052948
nafnet,Normal,80,33.96929677531372,0.8973080515861511,0.9267552495002747,0.24890263378620148
nafnet,Normal,81,33.92348655542471,0.9089049696922302,0.9377007484436035,0.19867444038391113
nafnet,Normal,82,32.18317830924961,0.8754422664642334,0.9155135750770569,0.2139068841934204
nafnet,Normal,83,32.54543789362168,0.8947978019714355,0.9276896119117737,0.2023290991783142
nafnet,Normal,84,32.93093107090683,0.8974091410636902,0.9362704753875732,0.18897280097007751
nafnet,Normal,85,35.24297943831105,0.9306426644325256,0.9405809044837952,0.21198788285255432
nafnet,Normal,86,33.58323569906406,0.9098898768424988,0.9337249398231506,0.1804846078157425
nafnet,Normal,87,33.92939451232947,0.9090374112129211,0.9344382882118225,0.18936151266098022
nafnet,Normal,88,32.25355771368471,0.9008613228797913,0.9304066300392151,0.1960696130990982
nafnet,Normal,89,33.841818718538896,0.9011613130569458,0.9317534565925598,0.2225562036037445
nafnet,Normal,90,33.12769160926383,0.9062111973762512,0.933035671710968,0.1765637844800949
nafnet,Normal,91,32.1500718140011,0.885798990726471,0.9190931916236877,0.20788712799549103
nafnet,Normal,92,34.615191562157065,0.9277504086494446,0.9450956583023071,0.18973389267921448
nafnet,Normal,93,32.62395517932151,0.8800777792930603,0.9240432381629944,0.22398602962493896
nafnet,Normal,94,33.90351666547123,0.9206437468528748,0.9354984164237976,0.18644961714744568
nafnet,Normal,95,31.969408494375813,0.8718236088752747,0.9118658304214478,0.2267533391714096
nafnet,Normal,96,33.383118261106006,0.9004489183425903,0.9317935109138489,0.19462624192237854
nafnet,Normal,97,31.792755071200393,0.8690142035484314,0.9215477108955383,0.22672320902347565
nafnet,Normal,98,32.65958230408957,0.8973283171653748,0.9311707019805908,0.18134304881095886
nafnet,Normal,99,33.54619693933483,0.9086894989013672,0.9409131407737732,0.20466625690460205
nafnet,Normal,100,33.883514543625644,0.9021043181419373,0.9335190653800964,0.20559614896774292
nafnet,Normal,101,32.09218968968913,0.882132887840271,0.9253761768341064,0.21986167132854462
nafnet,Normal,102,33.59598997498155,0.9094668030738831,0.9271677136421204,0.17046058177947998
nafnet,Normal,103,33.67584068781405,0.9077533483505249,0.9294491410255432,0.20147353410720825
nafnet,Normal,104,32.65862123938752,0.8955819606781006,0.9267297983169556,0.18257156014442444
nafnet,Normal,105,33.232546301659106,0.904243528842926,0.9374604821205139,0.1851491630077362
nafnet,Normal,106,33.99220594262302,0.9133639931678772,0.9364119172096252,0.17271529138088226
nafnet,Normal,107,33.07994906377484,0.8976166248321533,0.9275387525558472,0.19034045934677124
nafnet,Normal,108,31.718417713341204,0.8511736392974854,0.8973731994628906,0.2616587281227112
nafnet,Normal,109,32.376290990402474,0.8670028448104858,0.9139797687530518,0.22908471524715424
nafnet,Normal,110,33.14313282689846,0.8863344192504883,0.9268103837966919,0.2207290232181549
nafnet,Normal,111,34.10709922032038,0.9027915596961975,0.9240307211875916,0.20185081660747528
nafnet,Normal,112,31.826040404806577,0.8787103891372681,0.9185905456542969,0.21284416317939758
nafnet,Normal,113,32.152009477628305,0.8676269054412842,0.9095124006271362,0.22303426265716553
nafnet,Normal,114,33.033812329842156,0.8867928981781006,0.9183651208877563,0.22401800751686096
nafnet,Normal,115,32.982360669234424,0.8958204984664917,0.9330030679702759,0.20002098381519318
nafnet,Normal,116,32.063215832563095,0.8893942832946777,0.9222296476364136,0.1816321313381195
nafnet,Normal,117,33.13946086300784,0.8964896202087402,0.9302694201469421,0.19706091284751892
nafnet,Normal,118,33.27497191228348,0.9003032445907593,0.9282866716384888,0.19427020847797394
nafnet,Normal,119,35.128366621288045,0.9346424341201782,0.9487667679786682,0.1743200719356537
nafnet,Normal,120,33.609810207599324,0.9264165163040161,0.9436730146408081,0.1623402237892151
nafnet,Normal,121,33.68995651564354,0.9077250361442566,0.9327746033668518,0.17533209919929504
nafnet,Normal,122,34.0602048206606,0.9152763485908508,0.9426572918891907,0.1716226041316986
nafnet,Normal,123,34.081433178608464,0.9120937585830688,0.9360341429710388,0.17140884697437286
nafnet,Normal,124,33.29027046779762,0.8981084227561951,0.9262475967407227,0.20574137568473816
nafnet,Normal,125,32.38128688837392,0.8860659599304199,0.9218875765800476,0.22368180751800537
nafnet,Normal,126,33.484391193289625,0.8908216953277588,0.9289505481719971,0.24391652643680573
nafnet,Normal,127,32.026264354035106,0.8558231592178345,0.9043980836868286,0.25905758142471313
nafnet,Normal,128,32.34509595852605,0.8930268883705139,0.923439085483551,0.2006571739912033
nafnet,Normal,129,33.379065495888646,0.9071298241615295,0.9341630935668945,0.1781095415353775
nafnet,Normal,130,32.947804681711034,0.9048092365264893,0.9324011206626892,0.18393155932426453
nafnet,Normal,131,32.958099577343134,0.897869348526001,0.9324816465377808,0.19595032930374146
nafnet,Normal,132,32.46596020645932,0.8905737400054932,0.9296806454658508,0.19953247904777527
nafnet,Normal,133,32.91092543972723,0.8958675265312195,0.9311547875404358,0.18929851055145264
nafnet,Normal,134,34.40119178255709,0.9202854633331299,0.9382056593894958,0.19078627228736877
nafnet,Normal,135,33.77419201785597,0.909110426902771,0.932571291923523,0.1806456595659256
nafnet,Normal,136,32.77910637721225,0.9060332179069519,0.9340054392814636,0.1796295940876007
nafnet,Normal,137,32.64041616067143,0.9013164639472961,0.9302475452423096,0.17605473101139069
nafnet,Normal,138,33.74117988788628,0.9109956622123718,0.9372188448905945,0.17863385379314423
nafnet,Normal,139,32.07649203436845,0.8798061609268188,0.9201421141624451,0.20956555008888245
nafnet,Normal,140,32.319447554650566,0.8795539140701294,0.9173668026924133,0.20365136861801147
nafnet,Normal,141,33.26884688866659,0.8919035792350769,0.9287512302398682,0.22291520237922668
nafnet,Normal,142,31.499838233702473,0.8565937280654907,0.9081079363822937,0.23522385954856873
nafnet,Normal,143,34.44516610630291,0.9261308312416077,0.9432196021080017,0.1697050929069519
nafnet,Normal,144,33.32125722264705,0.9066656231880188,0.9376624226570129,0.18548132479190826
nafnet,Normal,145,32.25090773788936,0.9001441597938538,0.9302401542663574,0.1717667132616043
nafnet,Normal,146,31.871364646319243,0.8736914992332458,0.9198876023292542,0.231883704662323
nafnet,Normal,147,32.048098347688416,0.8617206811904907,0.9089474081993103,0.2396525740623474
nafnet,Normal,148,33.611196481713655,0.8981735110282898,0.931143581867218,0.19583064317703247
nafnet,Normal,149,32.66826156393113,0.8932939767837524,0.931806206703186,0.19586053490638733
nafnet,Normal,150,32.92200154793266,0.8688827157020569,0.9172511696815491,0.24013133347034454
nafnet,Normal,151,32.006132515708494,0.8486248254776001,0.9057103991508484,0.24574722349643707
nafnet,Normal,152,31.512736375032993,0.8521459698677063,0.9011726975440979,0.22714446485042572
nafnet,Normal,153,33.55768928365364,0.9125588536262512,0.9343491792678833,0.20291587710380554
nafnet,Normal,154,34.80053851269419,0.9251567125320435,0.9403133988380432,0.21666434407234192
nafnet,Normal,155,32.400730555474055,0.887050986289978,0.9179058074951172,0.20717066526412964
nafnet,Normal,156,32.23263044873008,0.8738090395927429,0.9121801257133484,0.2341390997171402
nafnet,Normal,157,33.68987315231348,0.9171746373176575,0.935700535774231,0.1668592095375061
nafnet,Normal,158,33.27788965751549,0.9112957715988159,0.9360001683235168,0.1662309467792511
nafnet,Normal,159,33.81824594329097,0.9002156257629395,0.9336645603179932,0.22830066084861755
nafnet,Normal,160,34.21657600697063,0.9194408655166626,0.934380829334259,0.24762117862701416
nafnet,Normal,161,33.82541749831517,0.907597005367279,0.9337925910949707,0.18778443336486816
nafnet,Normal,162,33.50460838569256,0.9163069725036621,0.9323842525482178,0.17667463421821594
nafnet,Normal,163,33.72351634227063,0.9115056395530701,0.9264437556266785,0.1903541535139084
nafnet,Normal,164,35.00440145293291,0.9279850125312805,0.944023072719574,0.2481323927640915
nafnet,Normal,165,35.08686294330498,0.9184213280677795,0.9303185939788818,0.26742416620254517
nafnet,Normal,166,34.91646276980778,0.9221306443214417,0.9381104111671448,0.1727827787399292
nafnet,Normal,167,32.87167184729022,0.8718770742416382,0.9157023429870605,0.2732752561569214
nafnet,Normal,168,32.92277594252339,0.9112197756767273,0.9372607469558716,0.17417797446250916
nafnet,Normal,169,30.53959099830058,0.8670659065246582,0.9137939810752869,0.20187503099441528
nafnet,Normal,170,32.74848665542419,0.8768714666366577,0.917914867401123,0.2381066381931305
nafnet,Normal,171,32.65520630773163,0.8762339949607849,0.9215083122253418,0.23270678520202637
nafnet,Normal,172,33.240373824169254,0.8893719911575317,0.9244121313095093,0.22536452114582062
nafnet,Normal,173,32.56226413022511,0.861923336982727,0.9113950133323669,0.24409691989421844
nafnet,Normal,174,34.255579493777965,0.9091537594795227,0.9332176446914673,0.21206006407737732
nafnet,Normal,175,33.87321056608415,0.9232901334762573,0.9329609870910645,0.19094622135162354
nafnet,Normal,176,33.761388443377825,0.923983633518219,0.9395952820777893,0.16598378121852875
nafnet,Normal,177,32.04506593364175,0.862363338470459,0.9072155356407166,0.2198839783668518
nafnet,Normal,178,32.981719726612646,0.8873558044433594,0.9268333315849304,0.21286895871162415
nafnet,Normal,179,31.81393889957704,0.8452984094619751,0.8971732258796692,0.2662629187107086
nafnet,Normal,180,31.621723196864416,0.8757303953170776,0.9129025340080261,0.20572760701179504
nafnet,Normal,181,33.744790628553226,0.9023273587226868,0.933102011680603,0.20270535349845886
nafnet,Normal,182,34.25256370340313,0.9082751274108887,0.9322199821472168,0.21363893151283264
nafnet,Normal,183,33.07458359891737,0.8967863321304321,0.9294588565826416,0.20652741193771362
nafnet,Normal,184,33.341113678689695,0.8979991674423218,0.9341895580291748,0.2053561806678772
nafnet,Normal,185,33.77954650126278,0.9068032503128052,0.9319186210632324,0.19594651460647583
nafnet,Normal,186,32.06379557428256,0.8700530529022217,0.9167638421058655,0.2299758791923523
nafnet,Normal,187,34.05775726949052,0.9233201146125793,0.9408326148986816,0.1970559060573578
nafnet,Normal,188,33.882027144893215,0.8977126479148865,0.9241236448287964,0.23427459597587585
nafnet,Normal,189,33.490263124552946,0.8895242214202881,0.9201937317848206,0.23852278292179108
nafnet,Normal,190,31.729629487401624,0.8679804801940918,0.9107254147529602,0.22723600268363953
nafnet,Normal,191,34.287530962247736,0.9277680516242981,0.9406067728996277,0.1746973693370819
nafnet,Normal,192,35.61154598348321,0.9361165165901184,0.9428439736366272,0.2187924087047577
nafnet,Normal,193,32.36585785020159,0.8930338025093079,0.9285138845443726,0.19562217593193054
nafnet,Normal,194,32.68455064901859,0.8828063607215881,0.9241477847099304,0.2117232382297516
nafnet,Normal,195,32.8422437410855,0.8900620937347412,0.9257621169090271,0.19963917136192322
nafnet,Normal,196,33.3047337972984,0.8937660455703735,0.9262241125106812,0.218612402677536
nafnet,Normal,197,33.49990813872813,0.9062331914901733,0.9316818714141846,0.1880996972322464
nafnet,Normal,198,34.11221164938362,0.917234480381012,0.9354092478752136,0.2330525815486908
nafnet,Normal,199,32.315576832476786,0.8863846659660339,0.9212316870689392,0.1935100555419922
nafnet,Normal,200,33.109220774903164,0.8987486958503723,0.9309756755828857,0.20158874988555908
nafnet,Normal,201,32.92220467071011,0.8963167667388916,0.9278368353843689,0.20093107223510742
nafnet,Normal,202,32.61313571443373,0.8826872110366821,0.9249446988105774,0.2195940762758255
nafnet,Normal,203,33.4823117389483,0.9081364870071411,0.93697190284729,0.1832389235496521
nafnet,Normal,204,32.75170279566217,0.8981408476829529,0.9341874718666077,0.17910966277122498
nafnet,Normal,205,34.4886048908146,0.9156846404075623,0.9338721632957458,0.1997823715209961
nafnet,Normal,206,34.474603447022936,0.9094706773757935,0.9360594749450684,0.2061566412448883
nafnet,Normal,207,33.739639668208454,0.8978943824768066,0.9220420122146606,0.20278021693229675
nafnet,Normal,208,33.03751251433045,0.8983961343765259,0.931244432926178,0.1877278983592987
nafnet,Normal,209,32.25067682797156,0.8874515891075134,0.9312840700149536,0.2004040777683258
nafnet,Normal,210,32.20006497093019,0.8647617101669312,0.9072152376174927,0.2596592307090759
nafnet,Normal,211,33.4162120818998,0.9176599383354187,0.9357965588569641,0.15886877477169037
nafnet,Normal,212,34.33085091264906,0.9252497553825378,0.9404650926589966,0.18821224570274353
nafnet,Normal,213,34.31608661216474,0.9257186651229858,0.9382709264755249,0.1969347447156906
nafnet,Normal,214,32.92813657575235,0.8936488628387451,0.9244530200958252,0.2073439359664917
nafnet,Normal,215,32.5656227017581,0.8616843819618225,0.904323399066925,0.2645822763442993
nafnet,Normal,216,32.4484995255074,0.8823482394218445,0.9270543456077576,0.1991439163684845
nafnet,Normal,217,34.6053047819622,0.9132096171379089,0.9336850643157959,0.2292589247226715
nafnet,Normal,218,32.6032370445558,0.8714655041694641,0.9150030016899109,0.22218447923660278
nafnet,Normal,219,33.31888826693935,0.909453272819519,0.9356435537338257,0.17655110359191895
nafnet,Normal,220,34.98715079792453,0.9121637940406799,0.9341866970062256,0.24494867026805878
nafnet,Normal,221,33.591673888171094,0.9147067666053772,0.9379223585128784,0.1686735898256302
nafnet,Normal,222,33.01605965684225,0.8970566391944885,0.9273472428321838,0.1817304939031601
nafnet,Normal,223,32.4083666103057,0.8756357431411743,0.9211984872817993,0.2399023324251175
nafnet,Normal,224,34.00306782104014,0.9256344437599182,0.941582977771759,0.15704494714736938
nafnet,Normal,225,31.72448246417257,0.8419032096862793,0.8973329663276672,0.2656286656856537
nafnet,Normal,226,34.10451842957043,0.9128321409225464,0.9381313323974609,0.1918673813343048
nafnet,Normal,227,32.614540444612885,0.8936017751693726,0.9290709495544434,0.1902540922164917
nafnet,Normal,228,34.471612211928274,0.9220644235610962,0.9339271187782288,0.18181774020195007
nafnet,Normal,229,33.19645083685352,0.9134944677352905,0.9351941347122192,0.1856725811958313
nafnet,Normal,230,32.89240183745299,0.8909998536109924,0.9301856160163879,0.20337578654289246
nafnet,Normal,231,32.767352689301894,0.8777168393135071,0.91818767786026,0.2208269238471985
nafnet,Normal,232,34.52930522632906,0.9150895476341248,0.9397764801979065,0.1923608034849167
nafnet,Normal,233,33.89092667801914,0.9044193625450134,0.9334629774093628,0.2141873836517334
nafnet,Bacterial,234,34.92713353533791,0.922668993473053,0.9325800538063049,0.2550063729286194
nafnet,Bacterial,235,32.744026858696465,0.8927008509635925,0.9191808104515076,0.26183104515075684
nafnet,Bacterial,236,34.82231812590399,0.9190333485603333,0.9337488412857056,0.24318507313728333
nafnet,Bacterial,237,34.55242539121317,0.9219831228256226,0.9302855730056763,0.24341437220573425
nafnet,Bacterial,238,34.99274961865029,0.9151356220245361,0.9251726269721985,0.3024240732192993
nafnet,Bacterial,239,34.456390605837896,0.926117479801178,0.9369950890541077,0.22673797607421875
nafnet,Bacterial,240,34.71970084496554,0.9195171594619751,0.9284826517105103,0.25322869420051575
nafnet,Bacterial,241,33.644169607620086,0.9107129573822021,0.9203605651855469,0.29042622447013855
nafnet,Bacterial,242,34.96482781220821,0.921256422996521,0.9310693740844727,0.2589237689971924
nafnet,Bacterial,243,33.70854327325711,0.901019811630249,0.9186896681785583,0.27236658334732056
nafnet,Bacterial,244,32.49461672951613,0.8855568766593933,0.9140817523002625,0.21739056706428528
nafnet,Bacterial,245,33.55731251052812,0.9140763878822327,0.9341132640838623,0.203355073928833
nafnet,Bacterial,246,34.21442466464817,0.9206103086471558,0.939824104309082,0.2312421053647995
nafnet,Bacterial,247,33.74842804396967,0.9169061779975891,0.9353330731391907,0.22957976162433624
nafnet,Bacterial,248,35.30836636137062,0.9291198253631592,0.9369745850563049,0.23061305284500122
nafnet,Bacterial,249,35.448155298930644,0.9360710978507996,0.935161292552948,0.27029338479042053
nafnet,Bacterial,250,35.13061256336233,0.9175441265106201,0.9238224625587463,0.26596593856811523
nafnet,Bacterial,251,32.85632285793941,0.8961714506149292,0.9223183393478394,0.2151719331741333
nafnet,Bacterial,252,35.56148718427279,0.925236165523529,0.9309878349304199,0.2642361521720886
nafnet,Bacterial,253,34.364169200032386,0.9171878695487976,0.9319496154785156,0.2653563618659973
nafnet,Bacterial,254,33.23941969501832,0.8913890719413757,0.9193975329399109,0.21935227513313293
nafnet,Bacterial,255,33.62670988158694,0.9044032096862793,0.9245807528495789,0.2539026737213135
nafnet,Bacterial,256,32.86380506230799,0.890108048915863,0.9133922457695007,0.2573623061180115
nafnet,Bacterial,257,34.022950597620316,0.9171722531318665,0.9270606637001038,0.27083244919776917
nafnet,Bacterial,258,34.14483373151189,0.898711085319519,0.914126455783844,0.3108293414115906
nafnet,Bacterial,259,34.32229713313937,0.9018024206161499,0.9255933165550232,0.2921806275844574
nafnet,Bacterial,260,34.50513287058862,0.92043137550354,0.9328562021255493,0.25345730781555176
nafnet,Bacterial,261,32.46611275013699,0.893570065498352,0.920646607875824,0.20710891485214233
nafnet,Bacterial,262,36.167688360123165,0.9341500997543335,0.9384743571281433,0.24133732914924622
nafnet,Bacterial,263,35.716637676365536,0.931206226348877,0.9384211897850037,0.2681565284729004
nafnet,Bacterial,264,35.438611495804665,0.9197679162025452,0.9293516874313354,0.253275990486145
nafnet,Bacterial,265,35.682270150405266,0.9323949217796326,0.9372067451477051,0.27254045009613037
nafnet,Bacterial,266,35.18953039769687,0.9259300827980042,0.9283148646354675,0.25301694869995117
nafnet,Bacterial,267,33.63794900601145,0.8936319351196289,0.9158823490142822,0.2763083577156067
nafnet,Bacterial,268,34.66581002802249,0.9085599184036255,0.9212308526039124,0.2886844575405121
nafnet,Bacterial,269,34.57730228008376,0.9218600988388062,0.93387371301651,0.24413356184959412
nafnet,Bacterial,270,35.65275212032462,0.9366475343704224,0.9472740292549133,0.22169280052185059
nafnet,Bacterial,271,34.80961168575512,0.9259947538375854,0.9349600076675415,0.20768342912197113
nafnet,Bacterial,272,35.74888269250864,0.9323565363883972,0.9374982118606567,0.2677823603153229
nafnet,Bacterial,273,35.55987180179786,0.9357646107673645,0.9399044513702393,0.23856505751609802
nafnet,Bacterial,274,33.619187208469285,0.898054301738739,0.9214757680892944,0.23642580211162567
nafnet,Bacterial,275,32.85483869444912,0.8946764469146729,0.9176915287971497,0.2720719873905182
nafnet,Bacterial,276,32.17000115473172,0.8848546147346497,0.917224109172821,0.1937055140733719
nafnet,Bacterial,277,33.71082395160413,0.8988080024719238,0.9165319204330444,0.27771270275115967
nafnet,Bacterial,278,34.06887583376681,0.9038029909133911,0.9224059581756592,0.2708665132522583
nafnet,Bacterial,279,34.24759771873266,0.9151214361190796,0.92838454246521,0.23534633219242096
nafnet,Bacterial,280,35.18945315536626,0.9103699922561646,0.9248595833778381,0.24899303913116455
nafnet,Bacterial,281,34.21753524588439,0.8970003128051758,0.9147399663925171,0.2839837074279785
nafnet,Bacterial,282,33.14481300249863,0.8969037532806396,0.9156399965286255,0.26684585213661194
nafnet,Bacterial,283,34.46570589419903,0.9161633849143982,0.9254834055900574,0.2519712448120117
nafnet,Bacterial,284,32.421095910876346,0.8938733339309692,0.9139258861541748,0.3144652545452118
nafnet,Bacterial,285,35.55564608991824,0.9249936938285828,0.9276261329650879,0.28330278396606445
nafnet,Bacterial,286,33.47806149785332,0.9140557646751404,0.9295998215675354,0.24538132548332214
nafnet,Bacterial,287,33.42668034428057,0.8872084021568298,0.9200350642204285,0.28074127435684204
nafnet,Bacterial,288,35.03123040959329,0.9250520467758179,0.9328809976577759,0.23500272631645203
nafnet,Bacterial,289,33.84397874856026,0.9031482934951782,0.9181792140007019,0.24916820228099823
nafnet,Bacterial,290,35.3951795034136,0.9274678826332092,0.9338361024856567,0.26466718316078186
nafnet,Bacterial,291,33.801551148520325,0.9075803756713867,0.9229045510292053,0.26351431012153625
nafnet,Bacterial,292,33.33938391977384,0.8954222798347473,0.9206467270851135,0.23005758225917816
nafnet,Bacterial,293,35.43040803176626,0.9283656477928162,0.9367097616195679,0.2509922981262207
nafnet,Bacterial,294,34.49533628516449,0.9193638563156128,0.9334877133369446,0.24411024153232574
nafnet,Bacterial,295,33.39642478826468,0.912651538848877,0.9285047650337219,0.24078369140625
nafnet,Bacterial,296,34.97048167476593,0.927261471748352,0.9365521669387817,0.2491215318441391
nafnet,Bacterial,297,34.14954616034266,0.9183034300804138,0.9322291612625122,0.2606545090675354
nafnet,Bacterial,298,31.967455155598454,0.8778510093688965,0.9048504829406738,0.2719646990299225
nafnet,Bacterial,299,32.35848973383341,0.8864431977272034,0.9118974208831787,0.2728719711303711
nafnet,Bacterial,300,32.314593753005695,0.8997896313667297,0.9164332747459412,0.24858009815216064
nafnet,Bacterial,301,32.035402910470616,0.8692945241928101,0.9145568013191223,0.2168521285057068
nafnet,Bacterial,302,33.80837313743291,0.9016512036323547,0.9229954481124878,0.21812212467193604
nafnet,Bacterial,303,33.22308228308405,0.9169026017189026,0.9318272471427917,0.27172473073005676
nafnet,Bacterial,304,34.45515501169777,0.916586697101593,0.9254177808761597,0.26411259174346924
nafnet,Bacterial,305,35.343137130774366,0.9241726398468018,0.930851399898529,0.23947173357009888
nafnet,Bacterial,306,33.73717286614384,0.9153586030006409,0.9279162287712097,0.2624250650405884
nafnet,Bacterial,307,33.52615374079309,0.9169694185256958,0.9300814270973206,0.25572872161865234
nafnet,Bacterial,308,33.49421870882867,0.8864759802818298,0.9229847192764282,0.2494862824678421
nafnet,Bacterial,309,33.858769211127544,0.9087406396865845,0.931719183921814,0.22741563618183136
nafnet,Bacterial,310,32.26982328744276,0.8844871520996094,0.9218762516975403,0.20281441509723663
nafnet,Bacterial,311,33.39160910723624,0.893174409866333,0.9164178967475891,0.2550566792488098
nafnet,Bacterial,312,32.72870040275856,0.9038214683532715,0.9265936613082886,0.22992323338985443
nafnet,Bacterial,313,34.46121398512196,0.909271776676178,0.9220084547996521,0.30840933322906494
nafnet,Bacterial,314,33.552210654698634,0.8881264925003052,0.9169665575027466,0.24008744955062866
nafnet,Bacterial,315,35.90029439422727,0.9350709915161133,0.9442856311798096,0.26691320538520813
nafnet,Bacterial,316,35.33672913172237,0.9277302026748657,0.9360870718955994,0.2642451524734497
nafnet,Bacterial,317,35.23218315780702,0.9383116364479065,0.9345640540122986,0.27676689624786377
nafnet,Bacterial,318,34.78595314761517,0.9249374270439148,0.9348020553588867,0.23091980814933777
nafnet,Bacterial,319,34.92238023232979,0.9158526659011841,0.9284876585006714,0.23968380689620972
nafnet,Bacterial,320,35.289422943673415,0.9274149537086487,0.9287405014038086,0.2587418556213379
nafnet,Bacterial,321,32.10253215828578,0.8959763050079346,0.9229854941368103,0.25843313336372375
nafnet,Bacterial,322,33.30647497641666,0.905941367149353,0.9240307807922363,0.2551455497741699
nafnet,Bacterial,323,33.52149382909185,0.9086190462112427,0.9316704869270325,0.22081294655799866
nafnet,Bacterial,324,32.53136672110476,0.8999738693237305,0.9259685277938843,0.2329328954219818
nafnet,Bacterial,325,32.13739816118961,0.8983767628669739,0.9222592711448669,0.2220044881105423
nafnet,Bacterial,326,33.511235077800535,0.9083351492881775,0.9270004034042358,0.25062644481658936
nafnet,Bacterial,327,34.6388906184442,0.9300902485847473,0.9355769157409668,0.23553675413131714
nafnet,Bacterial,328,34.88376703216497,0.9294872879981995,0.93646639585495,0.25904160737991333
nafnet,Bacterial,329,34.08033211533184,0.9186393022537231,0.9348125457763672,0.17093981802463531
nafnet,Bacterial,330,35.87037891087448,0.928659975528717,0.9315365552902222,0.24736765027046204
nafnet,Bacterial,331,35.09131894872907,0.9351076483726501,0.9389533996582031,0.22306334972381592
nafnet,Bacterial,332,35.80536524066162,0.9367862939834595,0.940179705619812,0.24089935421943665
nafnet,Bacterial,333,35.61550406187224,0.9362118244171143,0.9411930441856384,0.24147990345954895
nafnet,Bacterial,334,35.724405903968986,0.9379656314849854,0.9418126344680786,0.23908692598342896
nafnet,Bacterial,335,33.09401438784311,0.8871662020683289,0.9205175638198853,0.25931516289711
nafnet,Bacterial,336,35.43628627023372,0.9293112754821777,0.9376499652862549,0.23298713564872742
nafnet,Bacterial,337,34.15379593303925,0.909730851650238,0.9239580035209656,0.24940340220928192
nafnet,Bacterial,338,35.24688017579302,0.9229429960250854,0.930039644241333,0.25958335399627686
nafnet,Bacterial,339,33.44048070723786,0.9035957455635071,0.9253169298171997,0.19561876356601715
nafnet,Bacterial,340,35.067513954775336,0.9235932230949402,0.9297819137573242,0.2473248839378357
nafnet,Bacterial,341,34.298431370951604,0.9337354898452759,0.9344650506973267,0.24378570914268494
nafnet,Bacterial,342,34.15728605154387,0.9211866855621338,0.9295223951339722,0.24028101563453674
nafnet,Bacterial,343,34.82817929916142,0.9329718947410583,0.9303866028785706,0.26005733013153076
nafnet,Bacterial,344,35.35415720323495,0.9273886680603027,0.9393458366394043,0.2576281726360321
nafnet,Bacterial,345,33.99593171363012,0.9134529829025269,0.925870954990387,0.2749755382537842
nafnet,Bacterial,346,33.00577661260897,0.9065379500389099,0.9205561280250549,0.2536463439464569
nafnet,Bacterial,347,34.88964319986066,0.92754065990448,0.9359133243560791,0.25906574726104736
nafnet,Bacterial,348,34.268302234191985,0.9051881432533264,0.922504723072052,0.2601727843284607
nafnet,Bacterial,349,35.69634384980945,0.9299595355987549,0.9378846287727356,0.24741187691688538
nafnet,Bacterial,350,36.19905965004611,0.9354226589202881,0.9409189820289612,0.27447351813316345
nafnet,Bacterial,351,32.7076498502598,0.8874508142471313,0.9225152134895325,0.23054778575897217
nafnet,Bacterial,352,35.41022125471895,0.9260382652282715,0.9396121501922607,0.22945724427700043
nafnet,Bacterial,353,34.35741970132397,0.9237191081047058,0.9374334216117859,0.22186259925365448
nafnet,Bacterial,354,35.96036829006206,0.9240338802337646,0.9363464117050171,0.2862010598182678
nafnet,Bacterial,355,35.001139817009715,0.9104861617088318,0.9328622221946716,0.24637483060359955
nafnet,Bacterial,356,34.77554888800883,0.9184436798095703,0.9307563900947571,0.2293001413345337
nafnet,Bacterial,357,35.161222062488314,0.9127111434936523,0.9294679760932922,0.2607296109199524
nafnet,Bacterial,358,34.965481254325596,0.9146387577056885,0.927290678024292,0.32142767310142517
nafnet,Bacterial,359,33.74503971454632,0.9073576927185059,0.9285451769828796,0.20437675714492798
nafnet,Bacterial,360,34.67128758434637,0.9248979091644287,0.9322148561477661,0.24799835681915283
nafnet,Bacterial,361,35.251207054123235,0.9282368421554565,0.9353424906730652,0.24370984733104706
nafnet,Bacterial,362,34.99147409568157,0.9219616055488586,0.9369686245918274,0.2861242890357971
nafnet,Bacterial,363,33.72960364493966,0.9244284629821777,0.9415528178215027,0.22245608270168304
nafnet,Bacterial,364,35.73056845794438,0.9333041310310364,0.9384031891822815,0.23024889826774597
nafnet,Bacterial,365,32.15507184413846,0.9012293219566345,0.9234333634376526,0.2298405021429062
nafnet,Bacterial,366,35.07770093562867,0.9287166595458984,0.9356546401977539,0.2771587073802948
nafnet,Bacterial,367,33.52570938533174,0.9075925946235657,0.9288642406463623,0.20540660619735718
nafnet,Bacterial,368,34.17156396234751,0.9055314064025879,0.9236196279525757,0.2498355358839035
nafnet,Bacterial,369,33.24529918390856,0.9010311365127563,0.9246503114700317,0.20928235352039337
nafnet,Bacterial,370,32.207024380835094,0.8875198364257812,0.9228292107582092,0.19865736365318298
nafnet,Bacterial,371,34.77209353908327,0.9243136048316956,0.9342837929725647,0.2249918133020401
nafnet,Bacterial,372,33.78140283920979,0.896763801574707,0.9168666005134583,0.3226093649864197
nafnet,Bacterial,373,34.75384411239355,0.9186058044433594,0.9312169551849365,0.2435365617275238
nafnet,Bacterial,374,33.72369419859843,0.9090503454208374,0.9259589314460754,0.23043984174728394
nafnet,Bacterial,375,34.29576360418793,0.9237630367279053,0.9302060008049011,0.2589723467826843
nafnet,Bacterial,376,32.86255192018895,0.908596932888031,0.9261599779129028,0.2563773989677429
nafnet,Bacterial,377,34.18514475754849,0.9293451905250549,0.9303696751594543,0.25189849734306335
nafnet,Bacterial,378,33.32165534270763,0.8980660438537598,0.9233831167221069,0.19453927874565125
nafnet,Bacterial,379,34.118555437334116,0.911247193813324,0.9300298690795898,0.256835013628006
nafnet,Bacterial,380,34.84683281018695,0.9284594655036926,0.9383105039596558,0.25191450119018555
nafnet,Bacterial,381,32.27657223047259,0.8904398679733276,0.9215877056121826,0.20557138323783875
nafnet,Bacterial,382,33.76902324824137,0.9126067161560059,0.9238203763961792,0.24075640738010406
nafnet,Bacterial,383,32.62874105912074,0.8913757801055908,0.9131941199302673,0.22840335965156555
nafnet,Bacterial,384,32.0570321307686,0.8913187384605408,0.9180431365966797,0.1985240876674652
nafnet,Bacterial,385,32.063597168686265,0.8797115683555603,0.9191166162490845,0.22567254304885864
nafnet,Bacterial,386,34.797333309066914,0.9275543689727783,0.9403199553489685,0.22071444988250732
nafnet,Bacterial,387,35.08987907987031,0.9340158700942993,0.9424446821212769,0.2033691108226776
nafnet,Bacterial,388,33.25755840118094,0.9159243106842041,0.9354745745658875,0.16654396057128906
nafnet,Bacterial,389,32.08315804587397,0.8786100745201111,0.91677325963974,0.24385246634483337
nafnet,Bacterial,390,34.18289037216789,0.9065620303153992,0.9281688332557678,0.22598350048065186
nafnet,Bacterial,391,32.62532130837722,0.8912158608436584,0.915596604347229,0.3123217523097992
nafnet,Bacterial,392,34.572626860308524,0.9195963740348816,0.9315007925033569,0.2532063126564026
nafnet,Bacterial,393,34.58563373126183,0.9087216854095459,0.928480327129364,0.2729252576828003
nafnet,Bacterial,394,34.818138053992044,0.9282918572425842,0.9388064742088318,0.23534411191940308
nafnet,Bacterial,395,34.31293161975947,0.9204696416854858,0.9312650561332703,0.23243790864944458
nafnet,Bacterial,396,32.635010803152696,0.8735414147377014,0.9072020053863525,0.2563594579696655
nafnet,Bacterial,397,36.093938348453,0.9220190048217773,0.9287692904472351,0.28172293305397034
nafnet,Bacterial,398,35.08218176170582,0.9131264686584473,0.9233530759811401,0.3047473430633545
nafnet,Bacterial,399,33.10620790137286,0.9016897678375244,0.9239075779914856,0.25795429944992065
nafnet,Bacterial,400,33.93997717105834,0.9112932085990906,0.9265946745872498,0.2153417319059372
nafnet,Bacterial,401,32.297415060901386,0.8779330253601074,0.911960780620575,0.24643811583518982
nafnet,Bacterial,402,35.13007629782278,0.9227305054664612,0.9306281208992004,0.2600857615470886
nafnet,Bacterial,403,34.18084898703561,0.9246194362640381,0.9344280958175659,0.2333408147096634
nafnet,Bacterial,404,34.12275864762141,0.9114083051681519,0.9213933348655701,0.25145065784454346
nafnet,Bacterial,405,33.335982870166546,0.8909717202186584,0.921494722366333,0.27019602060317993
nafnet,Bacterial,406,36.230842010020964,0.942280650138855,0.9446463584899902,0.2174544334411621
nafnet,Bacterial,407,33.6787679246887,0.9138383269309998,0.9295052289962769,0.24756643176078796
nafnet,Bacterial,408,34.06944359155695,0.9164633750915527,0.9299959540367126,0.2315957248210907
nafnet,Bacterial,409,33.08368364125566,0.9004753828048706,0.9178680777549744,0.22854888439178467
nafnet,Bacterial,410,32.14863499177984,0.8755764961242676,0.9157574772834778,0.23192276060581207
nafnet,Bacterial,411,33.63797529495825,0.9021822214126587,0.9181830883026123,0.26041045784950256
nafnet,Bacterial,412,34.78703802645355,0.9196062088012695,0.9275368452072144,0.25605908036231995
nafnet,Bacterial,413,32.13537482956611,0.8754719495773315,0.9082650542259216,0.22305604815483093
nafnet,Bacterial,414,35.42275396597766,0.9285345077514648,0.9302815198898315,0.26312845945358276
nafnet,Bacterial,415,34.300893888288975,0.9137090444564819,0.9265285730361938,0.27414917945861816
nafnet,Bacterial,416,36.15887113600372,0.9365779161453247,0.9391093850135803,0.25394588708877563
nafnet,Bacterial,417,34.65263275344678,0.9062655568122864,0.9236792922019958,0.23966063559055328
nafnet,Bacterial,418,35.43355373254939,0.924659252166748,0.9417567253112793,0.21808889508247375
nafnet,Bacterial,419,34.347810707333736,0.9134506583213806,0.9369192719459534,0.17614376544952393
nafnet,Bacterial,420,34.78112604096634,0.9270389676094055,0.9420113563537598,0.2124282717704773
nafnet,Bacterial,421,34.46516341098072,0.9168554544448853,0.9371088743209839,0.21310928463935852
nafnet,Bacterial,422,33.55114656551584,0.9049034714698792,0.9222948551177979,0.2507418990135193
nafnet,Bacterial,423,34.13615402771508,0.9174018502235413,0.9337268471717834,0.24973541498184204
nafnet,Bacterial,424,34.423963677306666,0.9194867610931396,0.9349873065948486,0.2497226893901825
nafnet,Bacterial,425,35.24809458512662,0.9213157892227173,0.9325528144836426,0.26862505078315735
nafnet,Bacterial,426,37.116017012304575,0.9462397694587708,0.9409239888191223,0.25960636138916016
nafnet,Bacterial,427,36.275043808481875,0.9312936663627625,0.9312546849250793,0.3072494566440582
nafnet,Bacterial,428,35.2653801950531,0.9223067760467529,0.9305546879768372,0.3044789433479309
nafnet,Bacterial,429,32.83465629243577,0.8877268433570862,0.9247078895568848,0.2291639745235443
nafnet,Bacterial,430,35.58132956351571,0.9354397654533386,0.9392238855361938,0.239396333694458
nafnet,Bacterial,431,35.635964136954115,0.9281387329101562,0.9244397282600403,0.2778230905532837
nafnet,Bacterial,432,35.15679241621263,0.9255256056785583,0.9353846311569214,0.24350585043430328
nafnet,Bacterial,433,33.66909177914657,0.8974329233169556,0.9178791642189026,0.27283406257629395
nafnet,Bacterial,434,34.501080669542716,0.9187545776367188,0.9288458824157715,0.2393847405910492
nafnet,Bacterial,435,33.61335572436388,0.9151046872138977,0.929097592830658,0.23928868770599365
nafnet,Bacterial,436,32.99759731320859,0.9049867391586304,0.9274941682815552,0.17540907859802246
nafnet,Bacterial,437,35.883319182392654,0.9237938523292542,0.9351058006286621,0.21768449246883392
nafnet,Bacterial,438,32.845554918954875,0.8879974484443665,0.9139716625213623,0.25854623317718506
nafnet,Bacterial,439,34.20158683340403,0.9078489542007446,0.9235463738441467,0.26393163204193115
nafnet,Bacterial,440,33.19823254570323,0.8990929126739502,0.9242232441902161,0.24206148087978363
nafnet,Bacterial,441,32.98112457855029,0.8931434750556946,0.9231976270675659,0.23288851976394653
nafnet,Bacterial,442,35.210780289719594,0.9270159006118774,0.9348125457763672,0.24269361793994904
nafnet,Bacterial,443,35.03748342957406,0.9233489036560059,0.9339688420295715,0.254347026348114
nafnet,Bacterial,444,34.25864657804166,0.9175909757614136,0.9308552145957947,0.2434389740228653
nafnet,Bacterial,445,34.671802328241014,0.9176548719406128,0.9277622103691101,0.2765029966831207
nafnet,Bacterial,446,34.165135731384304,0.9182199239730835,0.9260866641998291,0.28007030487060547
nafnet,Bacterial,447,35.693868056195626,0.9221096038818359,0.9259238243103027,0.2744547128677368
nafnet,Bacterial,448,35.321857132633376,0.9240872859954834,0.9370900392532349,0.31350046396255493
nafnet,Bacterial,449,33.40843351572972,0.8827341198921204,0.9190736413002014,0.24286314845085144
nafnet,Bacterial,450,33.58942025218997,0.9107159972190857,0.928394615650177,0.2534971833229065
nafnet,Bacterial,451,32.22155980715611,0.8791394829750061,0.9139417409896851,0.21253177523612976
nafnet,Bacterial,452,33.33301386612102,0.9041733741760254,0.9238466620445251,0.25622016191482544
nafnet,Bacterial,453,35.40921143216163,0.9303028583526611,0.9357172846794128,0.24534255266189575
nafnet,Bacterial,454,33.57861760782118,0.918013870716095,0.9326602816581726,0.237359881401062
nafnet,Bacterial,455,35.615434518084776,0.9299859404563904,0.9369356632232666,0.268743097782135
nafnet,Bacterial,456,31.99611209206526,0.8638270497322083,0.9129040837287903,0.2738577723503113
nafnet,Bacterial,457,35.055325407622774,0.922292172908783,0.9304674863815308,0.2739199697971344
nafnet,Bacterial,458,35.23992692539944,0.9370741844177246,0.937872588634491,0.2546570897102356
nafnet,Bacterial,459,36.112879879865524,0.9385285973548889,0.9384045004844666,0.2523326873779297
nafnet,Bacterial,460,34.23452822247652,0.9112363457679749,0.931076169013977,0.22447730600833893
nafnet,Bacterial,461,34.18542572682907,0.9213675856590271,0.9332367181777954,0.19849206507205963
nafnet,Bacterial,462,33.21623229172622,0.8942170739173889,0.9254061579704285,0.20957298576831818
nafnet,Bacterial,463,35.18231688354763,0.9224496483802795,0.9293355345726013,0.2763499915599823
nafnet,Bacterial,464,33.891140629785234,0.9077860116958618,0.9258638620376587,0.2362571805715561
nafnet,Bacterial,465,35.06608966613544,0.9204026460647583,0.9332882761955261,0.25530508160591125
nafnet,Bacterial,466,34.1102061409053,0.9079127311706543,0.9258629083633423,0.26429665088653564
nafnet,Bacterial,467,34.15101729596488,0.8976086974143982,0.9170777797698975,0.31862327456474304
nafnet,Bacterial,468,34.90736298831638,0.9280059337615967,0.9391711354255676,0.20444317162036896
nafnet,Bacterial,469,35.51348671890662,0.9220266938209534,0.9267247319221497,0.2509000301361084
nafnet,Bacterial,470,34.146529196556266,0.9192444086074829,0.9250323176383972,0.2630717158317566
nafnet,Bacterial,471,33.18826664265599,0.8881059885025024,0.9190915822982788,0.21418169140815735
nafnet,Bacterial,472,33.59809072857309,0.9011353254318237,0.9265958070755005,0.19865484535694122
nafnet,Bacterial,473,31.679295709387727,0.8914176225662231,0.9151630401611328,0.27342087030410767
nafnet,Bacterial,474,33.12471884505225,0.9139640927314758,0.9301624298095703,0.24900731444358826
nafnet,Bacterial,475,31.91712248006766,0.8757657408714294,0.9111063480377197,0.22962023317813873
nafnet,Viral,476,33.5760876539498,0.910067617893219,0.9352113604545593,0.24638782441616058
nafnet,Viral,477,33.92649977671995,0.917482852935791,0.9392271637916565,0.216884046792984
nafnet,Viral,478,33.884339275878034,0.916100263595581,0.9398994445800781,0.2235737293958664
nafnet,Viral,479,34.435259786161026,0.9126901626586914,0.9274035692214966,0.22984793782234192
nafnet,Viral,480,35.56642619413849,0.9267013072967529,0.9268156886100769,0.3054163455963135
nafnet,Viral,481,33.7726478817543,0.9249520301818848,0.9341612458229065,0.2647494673728943
nafnet,Viral,482,32.569009449768075,0.8788966536521912,0.9102833867073059,0.2395729124546051
nafnet,Viral,483,34.28421596637641,0.914691686630249,0.9256286025047302,0.25830525159835815
nafnet,Viral,484,33.870274138688515,0.9197489023208618,0.9237127900123596,0.2958555221557617
nafnet,Viral,485,33.92258418171717,0.9067427515983582,0.928055465221405,0.2666137218475342
nafnet,Viral,486,34.704565036743965,0.9075968265533447,0.9223369359970093,0.3030492067337036
nafnet,Viral,487,34.7681051143472,0.9119918346405029,0.930932343006134,0.23926538228988647
nafnet,Viral,488,33.68977146304191,0.9174212217330933,0.9360142946243286,0.201225146651268
nafnet,Viral,489,34.58161247215327,0.9179270267486572,0.9357216358184814,0.23455822467803955
nafnet,Viral,490,34.07092495008083,0.9059063196182251,0.9254958033561707,0.27943968772888184
nafnet,Viral,491,33.768378750752,0.9070020318031311,0.9312341213226318,0.25150343775749207
nafnet,Viral,492,33.73151814288331,0.9063119292259216,0.9327309131622314,0.23819991946220398
nafnet,Viral,493,33.920175547054306,0.9097675085067749,0.9327941536903381,0.22968266904354095
nafnet,Viral,494,33.872768402916705,0.9048579931259155,0.9319412112236023,0.24164941906929016
nafnet,Viral,495,33.17058887810503,0.9042527079582214,0.9299907684326172,0.2215457260608673
nafnet,Viral,496,34.28997203116346,0.9038985371589661,0.9266801476478577,0.28080546855926514
nafnet,Viral,497,33.8328010148355,0.9233856797218323,0.9368315935134888,0.19195210933685303
nafnet,Viral,498,34.7743868069223,0.9185015559196472,0.9364506006240845,0.2418200671672821
nafnet,Viral,499,34.79336585880511,0.9086076617240906,0.9254690408706665,0.23398521542549133
nafnet,Viral,500,33.501508290166356,0.8876288533210754,0.9207831025123596,0.27575403451919556
nafnet,Viral,501,32.824776972333886,0.9011616706848145,0.9254888296127319,0.20196497440338135
nafnet,Viral,502,34.084729303129066,0.9132466912269592,0.9361461997032166,0.21956905722618103
nafnet,Viral,503,33.35784647148502,0.9138946533203125,0.9350743889808655,0.2202751636505127
nafnet,Viral,504,33.5973761847025,0.9055501222610474,0.9299325346946716,0.24460896849632263
nafnet,Viral,505,34.56163518707614,0.9175247550010681,0.9345481395721436,0.21532322466373444
nafnet,Viral,506,33.67528323027821,0.8940549492835999,0.9219061136245728,0.2545126676559448
nafnet,Viral,507,32.422646533392204,0.8808568716049194,0.9143059849739075,0.2444663643836975
nafnet,Viral,508,35.27522320433615,0.9184530377388,0.932086706161499,0.2792397737503052
nafnet,Viral,509,33.373651652212004,0.9052338004112244,0.9267259836196899,0.22154030203819275
nafnet,Viral,510,31.32039198073382,0.8912662863731384,0.9196999073028564,0.2354021966457367
nafnet,Viral,511,33.61294679128393,0.9140744805335999,0.9364451169967651,0.2054731398820877
nafnet,Viral,512,35.626360088824924,0.923978328704834,0.9392179846763611,0.2382785677909851
nafnet,Viral,513,32.91202357530685,0.9061595797538757,0.9284421801567078,0.24483460187911987
nafnet,Viral,514,32.575966086188764,0.9070862531661987,0.9251077771186829,0.2084142565727234
nafnet,Viral,515,34.294909258997556,0.9110734462738037,0.9288462996482849,0.24839508533477783
nafnet,Viral,516,34.72236440765051,0.9158778190612793,0.9327366948127747,0.23147647082805634
nafnet,Viral,517,33.278143467155736,0.9046483635902405,0.9288409352302551,0.2437571883201599
nafnet,Viral,518,32.70753243543887,0.8918341994285583,0.92085200548172,0.19878751039505005
nafnet,Viral,519,35.07543663264643,0.9378703236579895,0.950546145439148,0.1805018186569214
nafnet,Viral,520,34.624779732876476,0.922507643699646,0.9395248293876648,0.23356488347053528
nafnet,Viral,521,34.09718328329805,0.9241921305656433,0.9352296590805054,0.19894389808177948
nafnet,Viral,522,34.820467276652785,0.9239345192909241,0.9373873472213745,0.2160056233406067
nafnet,Viral,523,35.26190856433217,0.9223796725273132,0.9409584403038025,0.26062342524528503
nafnet,Viral,524,35.032615522577444,0.9218442440032959,0.9366570711135864,0.28235867619514465
nafnet,Viral,525,35.211115545314286,0.92671799659729,0.9409466981887817,0.22434213757514954
nafnet,Viral,526,34.47824853491751,0.9082114100456238,0.9291834831237793,0.28597292304039
nafnet,Viral,527,34.24095233707773,0.8988158702850342,0.9201309084892273,0.3073016107082367
nafnet,Viral,528,34.229195877230126,0.9130561351776123,0.9302339553833008,0.2443658709526062
nafnet,Viral,529,32.17954276459583,0.8490277528762817,0.9022408723831177,0.2756234407424927
nafnet,Viral,530,34.427994980237315,0.9132610559463501,0.9364294409751892,0.2406659573316574
nafnet,Viral,531,34.0240905228556,0.9202950596809387,0.9347850680351257,0.2136974036693573
nafnet,Viral,532,33.97769449693137,0.9156396985054016,0.9313600063323975,0.24855732917785645
nafnet,Viral,533,33.59816192893531,0.9122296571731567,0.9306653738021851,0.22067555785179138
nafnet,Viral,534,32.27313074250236,0.89186030626297,0.9251071214675903,0.25353989005088806
nafnet,Viral,535,33.27971182348369,0.9104181528091431,0.9307214021682739,0.2245638519525528
nafnet,Viral,536,34.936701471307536,0.9110488891601562,0.9225771427154541,0.2867147624492645
nafnet,Viral,537,33.61698029853496,0.898184597492218,0.9247199892997742,0.30120760202407837
nafnet,Viral,538,35.13780871341289,0.9182056188583374,0.9318910241127014,0.30316224694252014
nafnet,Viral,539,33.98864169427158,0.9211931228637695,0.9368869662284851,0.1859084516763687
nafnet,Viral,540,34.51589683642763,0.9159922003746033,0.9360385537147522,0.2131190001964569
nafnet,Viral,541,33.598075388810486,0.9085068702697754,0.9331135749816895,0.22062140703201294
nafnet,Viral,542,35.06826423817749,0.9294792413711548,0.9396157264709473,0.2107965350151062
nafnet,Viral,543,35.74013867953066,0.9335826635360718,0.9333252906799316,0.2755894064903259
nafnet,Viral,544,32.87613581319926,0.9094164371490479,0.9238191246986389,0.22125348448753357
nafnet,Viral,545,33.03354902291425,0.9143840670585632,0.9289832711219788,0.22400438785552979
nafnet,Viral,546,34.839371495421844,0.9148668050765991,0.929474949836731,0.27282750606536865
nafnet,Viral,547,34.74859646086304,0.915730357170105,0.928615152835846,0.27042388916015625
nafnet,Viral,548,33.00976285196648,0.904171347618103,0.9250051379203796,0.23798002302646637
nafnet,Viral,549,36.01866728440492,0.9142137169837952,0.9291316270828247,0.2951214909553528
nafnet,Viral,550,36.1234234586603,0.9159515500068665,0.9292016625404358,0.29484090209007263
nafnet,Viral,551,33.805807487536015,0.9098888039588928,0.9293512105941772,0.2458372712135315
nafnet,Viral,552,34.98282025406578,0.9316635727882385,0.9396962523460388,0.24962306022644043
nafnet,Viral,553,35.08786985687085,0.9259443283081055,0.9329624772071838,0.2295416295528412
nafnet,Viral,554,33.708157933148286,0.9037792682647705,0.9299960136413574,0.24965356290340424
nafnet,Viral,555,33.27361691326545,0.9127210974693298,0.9354782104492188,0.2129216492176056
nafnet,Viral,556,34.13766651345278,0.9094716906547546,0.9321023225784302,0.218915194272995
nafnet,Viral,557,34.67041091841854,0.9101124405860901,0.9240217804908752,0.24359576404094696
nafnet,Viral,558,33.97659036713749,0.9187931418418884,0.9340059757232666,0.22301244735717773
nafnet,Viral,559,34.87950720878511,0.9073137640953064,0.9247686862945557,0.303893119096756
nafnet,Viral,560,35.01212395083237,0.9204086065292358,0.9357304573059082,0.2426583468914032
nafnet,Viral,561,33.87227325827134,0.916400134563446,0.931196391582489,0.20874911546707153
nafnet,Viral,562,34.355048620752186,0.9207826256752014,0.936730682849884,0.2133098840713501
nafnet,Viral,563,34.152600736799414,0.9102509617805481,0.933731734752655,0.21259476244449615
nafnet,Viral,564,34.192876716256485,0.9188452959060669,0.9366830587387085,0.22852589190006256
nafnet,Viral,565,34.95182424178485,0.9219091534614563,0.9323751330375671,0.26092201471328735
nafnet,Viral,566,33.65711287126708,0.9146186113357544,0.9355958700180054,0.2366860806941986
nafnet,Viral,567,34.00757507668146,0.9259410500526428,0.9404383301734924,0.21739399433135986
nafnet,Viral,568,33.67313774546587,0.9120079874992371,0.930809736251831,0.22640147805213928
nafnet,Viral,569,33.78837012353638,0.8982826471328735,0.9266139268875122,0.285519003868103
nafnet,Viral,570,33.33344710526704,0.9107233881950378,0.9328217506408691,0.2071642428636551
nafnet,Viral,571,34.52189763440106,0.9132469892501831,0.9343551993370056,0.21821677684783936
nafnet,Viral,572,33.490434786066665,0.897653341293335,0.9237556457519531,0.2634871304035187
nafnet,Viral,573,34.114825705103655,0.9140170216560364,0.9344649910926819,0.20902395248413086
nafnet,Viral,574,35.54674184585992,0.9339517951011658,0.9442161917686462,0.2822253406047821
nafnet,Viral,575,34.67104746551481,0.9243378639221191,0.9387115836143494,0.21303144097328186
nafnet,Viral,576,33.98060966174348,0.9124476909637451,0.9326352477073669,0.2343447059392929
nafnet,Viral,577,33.257579274232675,0.9115654230117798,0.9312139749526978,0.24879087507724762
nafnet,Viral,578,35.283839881215975,0.9298506379127502,0.9431231617927551,0.20780907571315765
nafnet,Viral,579,33.446141489335496,0.9169114828109741,0.9334838390350342,0.1961587369441986
nafnet,Viral,580,33.874395131513026,0.924718976020813,0.9401384592056274,0.21407727897167206
nafnet,Viral,581,33.79267137153434,0.9250755310058594,0.9369533061981201,0.1936085969209671
nafnet,Viral,582,33.83723458879394,0.9046953916549683,0.9267096519470215,0.24027711153030396
nafnet,Viral,583,34.180281039463175,0.9060572385787964,0.9271126985549927,0.2409568428993225
nafnet,Viral,584,35.117554271510215,0.9134033918380737,0.9292936325073242,0.2845391035079956
nafnet,Viral,585,35.077423021027485,0.9272290468215942,0.941076397895813,0.23136723041534424
nafnet,Viral,586,34.33461388403368,0.9024852514266968,0.9216161370277405,0.27056074142456055
nafnet,Viral,587,34.98280791229247,0.9177101850509644,0.9235737919807434,0.24118901789188385
nafnet,Viral,588,33.44108363659571,0.8945986032485962,0.9210874438285828,0.2624562382698059
nafnet,Viral,589,31.115331722780233,0.8664533495903015,0.9127359986305237,0.19854721426963806
nafnet,Viral,590,33.535945646344004,0.9126273989677429,0.9288538694381714,0.23527877032756805
nafnet,Viral,591,33.225991929318994,0.9144347906112671,0.9343994855880737,0.20919030904769897
nafnet,Viral,592,33.5939312965892,0.9245791435241699,0.9349997639656067,0.18913885951042175
nafnet,Viral,593,35.3925772643032,0.9019490480422974,0.9222829341888428,0.21804097294807434
nafnet,Viral,594,35.28673982101723,0.9221988320350647,0.9411960244178772,0.23397988080978394
nafnet,Viral,595,34.94254640247837,0.9220137596130371,0.9340955018997192,0.23228031396865845
nafnet,Viral,596,34.398861423581735,0.9118160009384155,0.9300044775009155,0.29698652029037476
nafnet,Viral,597,34.084807974659824,0.9148861169815063,0.9344213604927063,0.2503381371498108
nafnet,Viral,598,32.800774386741274,0.9037801623344421,0.9260109663009644,0.26291561126708984
nafnet,Viral,599,33.20876458665217,0.9104182720184326,0.9311800003051758,0.20160426199436188
nafnet,Viral,600,34.06476277482863,0.9077047109603882,0.9291549324989319,0.24547359347343445
nafnet,Viral,601,34.85606828039884,0.9200170040130615,0.9393788576126099,0.2374531626701355
nafnet,Viral,602,33.45546119473676,0.9115849137306213,0.9313417077064514,0.23122218251228333
nafnet,Viral,603,33.5576089944023,0.9214257001876831,0.9349319934844971,0.2288573682308197
nafnet,Viral,604,34.0793315672687,0.9252742528915405,0.9387381672859192,0.20978707075119019
nafnet,Viral,605,34.920642451042696,0.9217056035995483,0.9347980618476868,0.2318040132522583
nafnet,Viral,606,34.48225357933357,0.9120757579803467,0.9348686337471008,0.25456154346466064
nafnet,Viral,607,34.8268751509126,0.9185692071914673,0.9399815797805786,0.2283439040184021
nafnet,Viral,608,35.16267043053331,0.9253310561180115,0.9347475171089172,0.25454938411712646
nafnet,Viral,609,34.975559798444124,0.9293153882026672,0.9380971193313599,0.24998974800109863
nafnet,Viral,610,35.45743278096317,0.9273017048835754,0.9395103454589844,0.2404310405254364
nafnet,Viral,611,33.12724127996812,0.9100874066352844,0.9309111833572388,0.2187604010105133
nafnet,Viral,612,33.03108904369223,0.9011489152908325,0.92930668592453,0.22021138668060303
nafnet,Viral,613,34.091906577435786,0.9137020111083984,0.9369406700134277,0.22784636914730072
nafnet,Viral,614,34.75114947810124,0.9200785160064697,0.9363922476768494,0.26047611236572266
nafnet,Viral,615,35.08107232055815,0.9179067611694336,0.9314848184585571,0.2409578561782837
nafnet,Viral,616,34.98671723038519,0.9265251755714417,0.9361680150032043,0.22651928663253784
nafnet,Viral,617,34.24561472794663,0.910330593585968,0.9330976009368896,0.2565132975578308
nafnet,Viral,618,33.57294332527567,0.9071232676506042,0.9303338527679443,0.23709461092948914
nafnet,Viral,619,33.79044896685183,0.9038740396499634,0.9308823943138123,0.22785191237926483
nafnet,Viral,620,33.7224690145556,0.9167633056640625,0.934442937374115,0.214157372713089
nafnet,Viral,621,36.213415030650474,0.933330237865448,0.9403781890869141,0.29716700315475464
nafnet,Viral,622,34.362395595459915,0.9138035774230957,0.9339807033538818,0.22609162330627441
nafnet,Viral,623,34.305314545296845,0.9124870896339417,0.9328163862228394,0.2288626730442047
scunet,Normal,0,33.859152474221034,0.9151806235313416,0.940196692943573,0.17046931385993958
scunet,Normal,1,32.42478396191847,0.8767942786216736,0.9173166155815125,0.21459706127643585
scunet,Normal,2,33.30765699485782,0.9077168703079224,0.9323021769523621,0.1861189305782318
scunet,Normal,3,34.282205685764445,0.9334749579429626,0.9471074938774109,0.15499836206436157
scunet,Normal,4,32.979607194533436,0.8712825775146484,0.9176608920097351,0.22818955779075623
scunet,Normal,5,34.60230644007143,0.9269343018531799,0.9453330039978027,0.18617984652519226
scunet,Normal,6,34.206818770441494,0.9130608439445496,0.9392650723457336,0.22009339928627014
scunet,Normal,7,34.52876980209765,0.9277468323707581,0.943990170955658,0.18747390806674957
scunet,Normal,8,32.86746000686066,0.9097771644592285,0.9404252767562866,0.17174887657165527
scunet,Normal,9,32.909959487905354,0.8942892551422119,0.9338407516479492,0.19897902011871338
scunet,Normal,10,33.72210447508778,0.9212749004364014,0.9436601996421814,0.15168681740760803
scunet,Normal,11,33.65013901171374,0.8982024788856506,0.9343177676200867,0.21721696853637695
scunet,Normal,12,33.78244303713235,0.8997382521629333,0.9268540143966675,0.22454386949539185
scunet,Normal,13,34.8911218657035,0.9169303774833679,0.937587320804596,0.18886739015579224
scunet,Normal,14,34.44490440196346,0.9219837188720703,0.9485814571380615,0.13871139287948608
scunet,Normal,15,33.015264907204326,0.8861404061317444,0.9220815896987915,0.24868623912334442
scunet,Normal,16,34.42398853097064,0.9183868765830994,0.9396538138389587,0.2015519142150879
scunet,Normal,17,33.938074350953556,0.9074113965034485,0.9313350915908813,0.19458644092082977
scunet,Normal,18,33.55412300509657,0.9054396152496338,0.9329307079315186,0.16833102703094482
scunet,Normal,19,34.36514917001209,0.9188640117645264,0.9423602223396301,0.18785133957862854
scunet,Normal,20,35.63108272993623,0.9432684183120728,0.9501343965530396,0.1463630497455597
scunet,Normal,21,34.31455337437353,0.9195326566696167,0.9422778487205505,0.17814767360687256
scunet,Normal,22,34.368066908309835,0.913000226020813,0.9355461001396179,0.21636147797107697
scunet,Normal,23,32.09643317779415,0.8486121892929077,0.9010876417160034,0.298267662525177
scunet,Normal,24,33.39507749440325,0.9029608964920044,0.9323253035545349,0.20995086431503296
scunet,Normal,25,34.198655817541194,0.9268803596496582,0.9417238235473633,0.16485008597373962
scunet,Normal,26,32.30581879927972,0.8920937180519104,0.9267328381538391,0.18604430556297302
scunet,Normal,27,32.39471788822748,0.8931563496589661,0.9240813255310059,0.21008996665477753
scunet,Normal,28,34.37330689772776,0.9232669472694397,0.9408072233200073,0.18628811836242676
scunet,Normal,29,33.530630004369584,0.9070931077003479,0.9337652325630188,0.22339653968811035
scunet,Normal,30,32.40216140330971,0.8635162711143494,0.9153774380683899,0.2178526520729065
scunet,Normal,31,33.6875381512387,0.9170824289321899,0.9381063580513,0.1781303435564041
scunet,Normal,32,32.417363795068546,0.8875081539154053,0.924933135509491,0.20364031195640564
scunet,Normal,33,31.86288357038908,0.8683818578720093,0.9123700261116028,0.23397603631019592
scunet,Normal,34,32.36903253051689,0.8956703543663025,0.92805016040802,0.1755971610546112
scunet,Normal,35,33.97442776844119,0.9137877225875854,0.9392419457435608,0.17461884021759033
scunet,Normal,36,35.345215655030024,0.9407047033309937,0.9526697397232056,0.1360379159450531
scunet,Normal,37,35.0261354664858,0.930866003036499,0.9449048638343811,0.22189784049987793
scunet,Normal,38,33.079171302435476,0.909695029258728,0.9361820816993713,0.17450472712516785
scunet,Normal,39,31.828137175657826,0.8766022324562073,0.9156885743141174,0.19835256040096283
scunet,Normal,40,33.666103140617196,0.9164502620697021,0.9363086223602295,0.17727228999137878
scunet,Normal,41,34.311469420095676,0.9127697944641113,0.9376015067100525,0.20064987242221832
scunet,Normal,42,31.599667347606793,0.8719061017036438,0.9160585403442383,0.20755691826343536
scunet,Normal,43,33.39249706197988,0.9064119458198547,0.9282975792884827,0.1865214705467224
scunet,Normal,44,33.258160013458074,0.9018074870109558,0.9276593923568726,0.19482162594795227
scunet,Normal,45,32.86585808375663,0.8919273614883423,0.9292234778404236,0.21278062462806702
scunet,Normal,46,35.326422274504694,0.9085756540298462,0.9287375807762146,0.21957507729530334
scunet,Normal,47,32.34830107343083,0.9012978076934814,0.9270674586296082,0.17660698294639587
scunet,Normal,48,32.9645880134188,0.8959750533103943,0.9295791983604431,0.1973257064819336
scunet,Normal,49,33.352214483138255,0.9075265526771545,0.9339346885681152,0.18327584862709045
scunet,Normal,50,33.108107831307166,0.8977451920509338,0.9351141452789307,0.21594476699829102
scunet,Normal,51,34.00210429051461,0.9071358442306519,0.9354987740516663,0.20495577156543732
scunet,Normal,52,33.40403045407016,0.8976367712020874,0.9258226156234741,0.2181290090084076
scunet,Normal,53,33.37826832827047,0.914318323135376,0.938363790512085,0.16056516766548157
scunet,Normal,54,33.83989904933598,0.9055666327476501,0.9377886056900024,0.1945149004459381
scunet,Normal,55,34.468623389319596,0.9131171107292175,0.9385193586349487,0.18933585286140442
scunet,Normal,56,35.06289250231945,0.9374036192893982,0.9495007395744324,0.19410227239131927
scunet,Normal,57,32.915279582725624,0.8787268996238708,0.9176933765411377,0.22786958515644073
scunet,Normal,58,33.10840310592341,0.9032619595527649,0.9374849200248718,0.1937127709388733
scunet,Normal,59,33.600632957279004,0.9086316823959351,0.9363290667533875,0.19147518277168274
scunet,Normal,60,34.28211115906184,0.9125044941902161,0.9395619034767151,0.18915395438671112
scunet,Normal,61,34.36654319396769,0.9278371930122375,0.9459105730056763,0.1523418426513672
scunet,Normal,62,33.343202744901006,0.8878828883171082,0.9283723831176758,0.23548375070095062
scunet,Normal,63,33.232404756947375,0.9100522994995117,0.938604474067688,0.1709071397781372
scunet,Normal,64,34.18299402305428,0.915514349937439,0.9353340864181519,0.1913299262523651
scunet,Normal,65,32.161927447411934,0.8990591764450073,0.9332155585289001,0.1795203685760498
scunet,Normal,66,31.831463438184585,0.8634780645370483,0.914688229560852,0.2296290397644043
scunet,Normal,67,31.954782797319346,0.8750596642494202,0.9197224974632263,0.2240886688232422
scunet,Normal,68,31.4454840921656,0.8583067059516907,0.9123826622962952,0.23555758595466614
scunet,Normal,69,33.11237186901389,0.8894737362861633,0.9238076210021973,0.2204783409833908
scunet,Normal,70,35.237867775841366,0.9360989928245544,0.9466679096221924,0.17910191416740417
scunet,Normal,71,34.69251749265011,0.9039449095726013,0.9336714744567871,0.21761727333068848
scunet,Normal,72,34.4646050951078,0.9161902666091919,0.9442117214202881,0.19434207677841187
scunet,Normal,73,34.87103732484457,0.928877592086792,0.945518970489502,0.16847819089889526
scunet,Normal,74,33.88441130828272,0.9135726690292358,0.9277899265289307,0.2591412365436554
scunet,Normal,75,32.91436953380947,0.8949914574623108,0.9300968647003174,0.19183459877967834
scunet,Normal,76,32.327551890768255,0.8830731511116028,0.9151792526245117,0.22073853015899658
scunet,Normal,77,33.37721740233148,0.9134187698364258,0.9381363391876221,0.15429234504699707
scunet,Normal,78,34.70403780773023,0.9161844253540039,0.940115213394165,0.23543953895568848
scunet,Normal,79,33.37758987421158,0.9088752865791321,0.9402970671653748,0.17303912341594696
scunet,Normal,80,34.24974538364179,0.9019296765327454,0.9298596978187561,0.23125319182872772
scunet,Normal,81,34.27428275199689,0.915645956993103,0.942448616027832,0.18959510326385498
scunet,Normal,82,32.50063317421581,0.8837506175041199,0.9232199192047119,0.19710391759872437
scunet,Normal,83,32.827056387506666,0.9005572199821472,0.9320111870765686,0.19676300883293152
scunet,Normal,84,33.161304838372516,0.9031319618225098,0.9402416944503784,0.18275955319404602
scunet,Normal,85,35.54934651944697,0.9353584051132202,0.9458131790161133,0.2048390954732895
scunet,Normal,86,33.90919881516722,0.9160805344581604,0.9386253952980042,0.1729413866996765
scunet,Normal,87,34.266696305588304,0.9167574048042297,0.9403666257858276,0.1759178638458252
scunet,Normal,88,32.65153197600177,0.9080697298049927,0.9357799291610718,0.18307586014270782
scunet,Normal,89,34.153489702551745,0.9066203236579895,0.9349710941314697,0.22053837776184082
scunet,Normal,90,33.43520585506208,0.9115116596221924,0.9370783567428589,0.1624264419078827
scunet,Normal,91,32.43286126416178,0.891928493976593,0.925081193447113,0.19950801134109497
scunet,Normal,92,34.9979401554953,0.9331374168395996,0.9492405652999878,0.17604582011699677
scunet,Normal,93,32.836434724772914,0.8851974010467529,0.9275049567222595,0.21377679705619812
scunet,Normal,94,34.350892704242185,0.9254070520401001,0.9405434727668762,0.1747005730867386
scunet,Normal,95,32.072448038815,0.8754610419273376,0.9159276485443115,0.2155350297689438
scunet,Normal,96,33.841556060625514,0.9096512794494629,0.9386377930641174,0.18259063363075256
scunet,Normal,97,32.06890275792817,0.8761451840400696,0.9261417984962463,0.21799209713935852
scunet,Normal,98,33.15863358808846,0.9064874053001404,0.9363412857055664,0.1719008982181549
scunet,Normal,99,33.80947511925426,0.9142528176307678,0.9447540044784546,0.19392459094524384
scunet,Normal,100,34.372432665761465,0.9114054441452026,0.9405604600906372,0.19408415257930756
scunet,Normal,101,32.38762921549028,0.8882783651351929,0.9301815629005432,0.21224026381969452
scunet,Normal,102,33.96417120730052,0.9177209138870239,0.933599591255188,0.16152313351631165
scunet,Normal,103,34.29647466714786,0.9160107970237732,0.9351867437362671,0.1968686729669571
scunet,Normal,104,33.03891947252024,0.9033495187759399,0.9321919083595276,0.17208978533744812
scunet,Normal,105,33.46686276062976,0.9077444672584534,0.9401912093162537,0.1786009669303894
scunet,Normal,106,34.31996462634706,0.919574499130249,0.9412320256233215,0.16384844481945038
scunet,Normal,107,33.54281954132857,0.9072263240814209,0.9345701336860657,0.17331856489181519
scunet,Normal,108,32.10571540734009,0.861738920211792,0.9076628684997559,0.24573877453804016
scunet,Normal,109,32.8212051942935,0.8788548707962036,0.9223973155021667,0.21344906091690063
scunet,Normal,110,33.846647964186246,0.9012322425842285,0.9357994198799133,0.19252316653728485
scunet,Normal,111,34.46481145160031,0.9101808667182922,0.9299622178077698,0.1943545639514923
scunet,Normal,112,32.35051036038661,0.8887739181518555,0.924990177154541,0.20486804842948914
scunet,Normal,113,32.67902078336446,0.8795497417449951,0.9188970923423767,0.2003188282251358
scunet,Normal,114,33.419072161066566,0.8945433497428894,0.9234461188316345,0.21407067775726318
scunet,Normal,115,33.20929913749476,0.8996015787124634,0.9358071088790894,0.1946984827518463
scunet,Normal,116,32.35257129027476,0.895667552947998,0.9260667562484741,0.17517666518688202
scunet,Normal,117,33.65290124259018,0.9017941355705261,0.9344362616539001,0.18507078289985657
scunet,Normal,118,33.59360138563074,0.9071710705757141,0.9328371286392212,0.18532860279083252
scunet,Normal,119,35.53701172922232,0.939787745475769,0.9532082676887512,0.15780507028102875
scunet,Normal,120,34.64642364374326,0.9414283037185669,0.953630805015564,0.128875270485878
scunet,Normal,121,34.02200243077455,0.9146059155464172,0.9386301040649414,0.16506874561309814
scunet,Normal,122,34.433348164442684,0.9222176671028137,0.9477094411849976,0.16382348537445068
scunet,Normal,123,34.559941625842384,0.9206416606903076,0.942581057548523,0.15758952498435974
scunet,Normal,124,33.71745332715883,0.9066048860549927,0.9320535063743591,0.20046813786029816
scunet,Normal,125,32.75766996015029,0.8927437663078308,0.9268237352371216,0.2144213169813156
scunet,Normal,126,33.68663445480259,0.8964042663574219,0.9329004287719727,0.23273301124572754
scunet,Normal,127,32.262565529780225,0.8638325929641724,0.9132882952690125,0.23949980735778809
scunet,Normal,128,32.677035930844426,0.9002071022987366,0.9290874600410461,0.19356298446655273
scunet,Normal,129,33.67650666640694,0.9135938286781311,0.9385311007499695,0.16788770258426666
scunet,Normal,130,33.233330202319245,0.9095540642738342,0.936848521232605,0.1747901439666748
scunet,Normal,131,33.24001640095829,0.9028030633926392,0.9364222288131714,0.18702052533626556
scunet,Normal,132,32.7267694478913,0.8950173854827881,0.9328638911247253,0.19222722947597504
scunet,Normal,133,33.32656831198997,0.903741717338562,0.9376949667930603,0.18027324974536896
scunet,Normal,134,34.86121133841472,0.9282143115997314,0.942909836769104,0.17421728372573853
scunet,Normal,135,33.96954646569162,0.914032518863678,0.9354800581932068,0.17315813899040222
scunet,Normal,136,33.28375634207656,0.9147456884384155,0.9411104917526245,0.16959479451179504
scunet,Normal,137,33.09661497251327,0.9093760251998901,0.9364767074584961,0.16801871359348297
scunet,Normal,138,34.119284733614535,0.9165697693824768,0.941757082939148,0.1699291467666626
scunet,Normal,139,32.386211029099606,0.8881963491439819,0.9254419803619385,0.2020772099494934
scunet,Normal,140,32.69662906083519,0.8872561454772949,0.9240629076957703,0.19162651896476746
scunet,Normal,141,33.57092746644141,0.9009225964546204,0.934307336807251,0.20111210644245148
scunet,Normal,142,31.860631055922187,0.8657854795455933,0.9151516556739807,0.2225801944732666
scunet,Normal,143,35.04638717629781,0.934224545955658,0.9491154551506042,0.16182437539100647
scunet,Normal,144,33.740655852816985,0.9145662188529968,0.9424583315849304,0.1754847764968872
scunet,Normal,145,32.943856459668204,0.9127418994903564,0.9391750693321228,0.15232184529304504
scunet,Normal,146,32.142694539965085,0.8809453248977661,0.9241517186164856,0.22844281792640686
scunet,Normal,147,32.48194170644384,0.8707700371742249,0.9179401993751526,0.2253478765487671
scunet,Normal,148,33.920515636984305,0.9049375653266907,0.9371145963668823,0.17789597809314728
scunet,Normal,149,32.91853605302194,0.9008713364601135,0.9369218349456787,0.1853186935186386
scunet,Normal,150,33.12100899053411,0.8756341934204102,0.9228650331497192,0.2213723063468933
scunet,Normal,151,32.30479666705303,0.8576905131340027,0.9109404683113098,0.2245493233203888
scunet,Normal,152,31.837553544943503,0.8624926209449768,0.9076436758041382,0.21460185945034027
scunet,Normal,153,33.916355963017615,0.9183939695358276,0.9390989542007446,0.19123542308807373
scunet,Normal,154,35.05522906041266,0.9298282861709595,0.9434543251991272,0.2041553258895874
scunet,Normal,155,32.8669796124705,0.897518515586853,0.925271213054657,0.20002613961696625
scunet,Normal,156,32.627430330158276,0.8834988474845886,0.919879674911499,0.21491315960884094
scunet,Normal,157,34.03919249187078,0.9245726466178894,0.9413978457450867,0.15522627532482147
scunet,Normal,158,33.61002438939469,0.9180283546447754,0.9411172270774841,0.15472789108753204
scunet,Normal,159,33.93941794722362,0.9041796326637268,0.9353757500648499,0.21776233613491058
scunet,Normal,160,34.48187185222226,0.9252170324325562,0.9386433959007263,0.23340503871440887
scunet,Normal,161,34.28772466391219,0.9157288670539856,0.9399648904800415,0.17379702627658844
scunet,Normal,162,34.074178225788174,0.9243090748786926,0.9407336711883545,0.16225498914718628
scunet,Normal,163,34.0687181006014,0.9187783002853394,0.9323952794075012,0.18307630717754364
scunet,Normal,164,35.37672054274198,0.9328734278678894,0.9476717710494995,0.238714337348938
scunet,Normal,165,35.33392641734025,0.9225479364395142,0.9343992471694946,0.2531164586544037
scunet,Normal,166,35.3053468888468,0.929100751876831,0.944585382938385,0.161482036113739
scunet,Normal,167,33.28696180166692,0.8790159821510315,0.9195144176483154,0.2608198821544647
scunet,Normal,168,33.34067094536378,0.9177753329277039,0.9416304230690002,0.1638462096452713
scunet,Normal,169,30.940557570396724,0.8775230050086975,0.9195292592048645,0.19395971298217773
scunet,Normal,170,33.14927063688989,0.8846593499183655,0.9232016801834106,0.23400893807411194
scunet,Normal,171,33.009790655809226,0.8838352560997009,0.9268271327018738,0.2147698998451233
scunet,Normal,172,33.64281721862517,0.8974427580833435,0.9306765198707581,0.21469679474830627
scunet,Normal,173,32.83263737732454,0.8707070350646973,0.9191876649856567,0.22907455265522003
scunet,Normal,174,34.73790903692126,0.9178709983825684,0.9398921728134155,0.19973339140415192
scunet,Normal,175,34.36720962364872,0.9294309616088867,0.937340497970581,0.1756429821252823
scunet,Normal,176,34.11041586649815,0.9307498931884766,0.9440177083015442,0.1524643748998642
scunet,Normal,177,32.34971778837046,0.8727057576179504,0.9165814518928528,0.21099799871444702
scunet,Normal,178,33.38531885548184,0.8957902193069458,0.9325255155563354,0.20305034518241882
scunet,Normal,179,32.12521208082569,0.8547828197479248,0.9038681983947754,0.25049036741256714
scunet,Normal,180,32.025766579170686,0.8830788731575012,0.9191663861274719,0.19660069048404694
scunet,Normal,181,34.00309927519441,0.906898021697998,0.9363365769386292,0.18554674088954926
scunet,Normal,182,34.61087132018782,0.9149872064590454,0.9381584525108337,0.20527306199073792
scunet,Normal,183,33.54319220121,0.9057047963142395,0.9342319965362549,0.1958441585302353
scunet,Normal,184,33.70970157751987,0.9064581990242004,0.9380579590797424,0.19857105612754822
scunet,Normal,185,34.24327904530669,0.9139220118522644,0.9373918771743774,0.187997967004776
scunet,Normal,186,32.569285327175564,0.8809534311294556,0.9237036108970642,0.21905039250850677
scunet,Normal,187,34.49144999736774,0.9281524419784546,0.9459658861160278,0.1786690205335617
scunet,Normal,188,34.15753032663681,0.9026403427124023,0.9283854365348816,0.2302038073539734
scunet,Normal,189,33.69053862547719,0.8940134048461914,0.9244293570518494,0.23168529570102692
scunet,Normal,190,31.916313997661018,0.8735635876655579,0.9149544835090637,0.21599280834197998
scunet,Normal,191,34.52495847101535,0.9316355586051941,0.9431678056716919,0.16605022549629211
scunet,Normal,192,36.055460315725945,0.9402819275856018,0.9469276070594788,0.20035028457641602
scunet,Normal,193,32.79203900910276,0.90146404504776,0.935221254825592,0.18787401914596558
scunet,Normal,194,33.112958359376,0.8916566967964172,0.9307412505149841,0.2007492184638977
scunet,Normal,195,33.23711465915706,0.8997240662574768,0.9316706657409668,0.1875852793455124
scunet,Normal,196,33.568932954849295,0.9005995392799377,0.9298459887504578,0.2121046781539917
scunet,Normal,197,33.86171447457865,0.9117755889892578,0.93681800365448,0.18266624212265015
scunet,Normal,198,34.42805209184966,0.9215256571769714,0.9401518702507019,0.2175024449825287
scunet,Normal,199,32.697836163950086,0.8969602584838867,0.9278693199157715,0.18374088406562805
scunet,Normal,200,33.51460446030929,0.907346248626709,0.9370384216308594,0.18833887577056885
scunet,Normal,201,33.10919232716098,0.9017417430877686,0.9325989484786987,0.18818369507789612
scunet,Normal,202,32.90093341191604,0.8879512548446655,0.92678302526474,0.21602477133274078
scunet,Normal,203,33.80207408987334,0.9143368601799011,0.9415625333786011,0.1713401973247528
scunet,Normal,204,33.15055370349234,0.9061665534973145,0.9387067556381226,0.1696723997592926
scunet,Normal,205,34.93254724161843,0.9223783016204834,0.9395908117294312,0.18576514720916748
scunet,Normal,206,34.710078262961446,0.9163838028907776,0.939241349697113,0.1900082677602768
scunet,Normal,207,34.33507788282344,0.909456193447113,0.9297118186950684,0.18976542353630066
scunet,Normal,208,33.31067426483516,0.9040610790252686,0.935811460018158,0.17715485394001007
scunet,Normal,209,32.57061197587076,0.8946428894996643,0.93597012758255,0.18461933732032776
scunet,Normal,210,32.565728583239235,0.8737257122993469,0.9119598269462585,0.25499123334884644
scunet,Normal,211,33.708760598782234,0.9232441782951355,0.9406652450561523,0.14755812287330627
scunet,Normal,212,34.74547382924477,0.9308657050132751,0.9454878568649292,0.1653958410024643
scunet,Normal,213,34.87622728596758,0.9320118427276611,0.9432784914970398,0.18253004550933838
scunet,Normal,214,33.338613359732896,0.9027480483055115,0.9318557977676392,0.19356873631477356
scunet,Normal,215,32.658696773890156,0.8663932681083679,0.9081801176071167,0.2537422180175781
scunet,Normal,216,32.79128373119731,0.8892478942871094,0.9312904477119446,0.18946708738803864
scunet,Normal,217,34.77981732689318,0.9171984791755676,0.9370059967041016,0.21917465329170227
scunet,Normal,218,32.83862161147567,0.8784425854682922,0.9184036254882812,0.2148246467113495
scunet,Normal,219,33.86024712707995,0.9193574786186218,0.942232608795166,0.16362997889518738
scunet,Normal,220,35.30875343803549,0.9177815318107605,0.9380918741226196,0.24150758981704712
scunet,Normal,221,33.968838101232166,0.9216252565383911,0.9420287609100342,0.16081106662750244
scunet,Normal,222,33.46837914704021,0.9056975245475769,0.933853268623352,0.17243501543998718
scunet,Normal,223,32.69128251574206,0.8818619251251221,0.9262133836746216,0.23726409673690796
scunet,Normal,224,34.40695237347849,0.9309912323951721,0.94620281457901,0.14522835612297058
scunet,Normal,225,32.04151056636802,0.849751353263855,0.901969850063324,0.2608427405357361
scunet,Normal,226,34.29723072410659,0.9171350002288818,0.9414055347442627,0.18144947290420532
scunet,Normal,227,33.2037792324057,0.9057220816612244,0.9373111724853516,0.1773858368396759
scunet,Normal,228,34.785061398274436,0.9266723394393921,0.9399859309196472,0.17394989728927612
scunet,Normal,229,33.64781912272955,0.9201330542564392,0.940767228603363,0.17654314637184143
scunet,Normal,230,33.25960390176362,0.8972174525260925,0.9342262148857117,0.1965331733226776
scunet,Normal,231,33.18696527862598,0.8877557516098022,0.9250310063362122,0.20419669151306152
scunet,Normal,232,34.89055434769334,0.9209036827087402,0.9440410137176514,0.18422359228134155
scunet,Normal,233,34.223012037224734,0.9099679589271545,0.9372068047523499,0.2067231982946396
scunet,Bacterial,234,35.107314459752025,0.9251512289047241,0.9342826008796692,0.24555081129074097
scunet,Bacterial,235,33.246462531289744,0.900436282157898,0.9251405000686646,0.251120924949646
scunet,Bacterial,236,35.231822661459724,0.9256739616394043,0.9387609958648682,0.2326044738292694
scunet,Bacterial,237,34.98269843035509,0.9282322525978088,0.9365487098693848,0.23378580808639526
scunet,Bacterial,238,35.16924290171587,0.9169122576713562,0.9267600774765015,0.3021823465824127
scunet,Bacterial,239,34.82149176329938,0.9314058423042297,0.9422686100006104,0.21319277584552765
scunet,Bacterial,240,35.06760529728582,0.9268324971199036,0.9337103366851807,0.23633795976638794
scunet,Bacterial,241,34.13459556513827,0.9200237989425659,0.930102527141571,0.26563960313796997
scunet,Bacterial,242,35.24054874736086,0.9251694083213806,0.9351149797439575,0.2442794144153595
scunet,Bacterial,243,34.112936296624184,0.9069899916648865,0.9239934682846069,0.2575666904449463
scunet,Bacterial,244,32.82972012812279,0.893036961555481,0.9214211702346802,0.20772656798362732
scunet,Bacterial,245,34.163805529930016,0.9214823842048645,0.940528392791748,0.19038204848766327
scunet,Bacterial,246,34.6492549880804,0.9261609315872192,0.9440576434135437,0.21701869368553162
scunet,Bacterial,247,34.14573325679475,0.9233706593513489,0.9403342008590698,0.2140478640794754
scunet,Bacterial,248,35.66519226463326,0.9346857666969299,0.9419263005256653,0.22110214829444885
scunet,Bacterial,249,35.757536322284466,0.9404497146606445,0.940993070602417,0.2480599284172058
scunet,Bacterial,250,35.4140113910291,0.9218454957008362,0.9266042113304138,0.25678277015686035
scunet,Bacterial,251,33.19587802667127,0.9031703472137451,0.9284465909004211,0.20712479948997498
scunet,Bacterial,252,35.88988916852386,0.9299025535583496,0.934126079082489,0.24855831265449524
scunet,Bacterial,253,34.899569339543824,0.9231400489807129,0.9376430511474609,0.25351837277412415
scunet,Bacterial,254,33.595737142858475,0.8992052674293518,0.9242680072784424,0.21668048202991486
scunet,Bacterial,255,33.91157336948383,0.907088041305542,0.9272136688232422,0.24600820243358612
scunet,Bacterial,256,33.09730714300365,0.8946563005447388,0.9172411561012268,0.2438722848892212
scunet,Bacterial,257,34.322717753526405,0.9206904768943787,0.9303764700889587,0.25886401534080505
scunet,Bacterial,258,34.31323053404896,0.9008851647377014,0.9161359071731567,0.3076401650905609
scunet,Bacterial,259,34.494651681958395,0.9038743376731873,0.9267560839653015,0.2842678427696228
scunet,Bacterial,260,34.70009271653226,0.9224526882171631,0.9345370531082153,0.24489060044288635
scunet,Bacterial,261,32.844446208268174,0.9015642404556274,0.927100658416748,0.20153217017650604
scunet,Bacterial,262,36.50906763276009,0.9373856782913208,0.9416865706443787,0.23300260305404663
scunet,Bacterial,263,36.162149641942555,0.9358422160148621,0.9426542520523071,0.2553935647010803
scunet,Bacterial,264,35.7862282840265,0.9251713156700134,0.9327656626701355,0.24333462119102478
scunet,Bacterial,265,35.90249907636832,0.9351210594177246,0.9406260251998901,0.26632148027420044
scunet,Bacterial,266,35.53683759358542,0.929702877998352,0.9316478967666626,0.246419295668602
scunet,Bacterial,267,33.76113000391088,0.8969773650169373,0.9176034927368164,0.27660831809043884
scunet,Bacterial,268,34.978540955993076,0.9143460392951965,0.925571858882904,0.28024956583976746
scunet,Bacterial,269,34.92674128913745,0.9262924194335938,0.9379866719245911,0.23426350951194763
scunet,Bacterial,270,36.10925028579612,0.943195641040802,0.9518128037452698,0.2085750252008438
scunet,Bacterial,271,35.21063092259466,0.9312994480133057,0.9392133355140686,0.2016044557094574
scunet,Bacterial,272,36.11761152565623,0.9362529516220093,0.9417487382888794,0.2577459216117859
scunet,Bacterial,273,35.91427632056204,0.9390437602996826,0.9426433444023132,0.22502820193767548
scunet,Bacterial,274,33.90904055769888,0.9043071866035461,0.926518976688385,0.22903624176979065
scunet,Bacterial,275,33.19645083685352,0.9015325307846069,0.9221487641334534,0.2586095333099365
scunet,Bacterial,276,32.530394680129895,0.8938027620315552,0.9245157241821289,0.18800774216651917
scunet,Bacterial,277,34.039188006673776,0.9044488072395325,0.9209986329078674,0.26355189085006714
scunet,Bacterial,278,34.38155173334678,0.9085981845855713,0.9262837767601013,0.25685590505599976
scunet,Bacterial,279,34.50209024685522,0.9192967414855957,0.9314793944358826,0.22621257603168488
scunet,Bacterial,280,35.48612228940254,0.9153155088424683,0.928703248500824,0.24428680539131165
scunet,Bacterial,281,34.566580927772755,0.902373194694519,0.9188833236694336,0.27988678216934204
scunet,Bacterial,282,33.521562647187864,0.903904378414154,0.922074019908905,0.24989013373851776
scunet,Bacterial,283,34.79502446414729,0.9202066659927368,0.9306852221488953,0.2466064691543579
scunet,Bacterial,284,32.726338937378586,0.8979865312576294,0.9170033931732178,0.3009730875492096
scunet,Bacterial,285,35.92495386025102,0.9298141598701477,0.9336192011833191,0.26493486762046814
scunet,Bacterial,286,33.781461711685886,0.9188411235809326,0.934438169002533,0.2318030595779419
scunet,Bacterial,287,33.599223126330685,0.8912014365196228,0.923532247543335,0.2762833833694458
scunet,Bacterial,288,35.25129599039301,0.9272960424423218,0.9352148175239563,0.23020905256271362
scunet,Bacterial,289,34.191971356404466,0.9095867276191711,0.9235827922821045,0.23791742324829102
scunet,Bacterial,290,35.70274438888767,0.9316234588623047,0.9384351968765259,0.2546893358230591
scunet,Bacterial,291,34.08297558938572,0.9117188453674316,0.9264125227928162,0.2544669508934021
scunet,Bacterial,292,33.56597651758198,0.8998553156852722,0.9256726503372192,0.21769949793815613
scunet,Bacterial,293,35.83672628409202,0.9342929124832153,0.9402832388877869,0.24148689210414886
scunet,Bacterial,294,34.897472521054034,0.9250295758247375,0.9390221834182739,0.23517277836799622
scunet,Bacterial,295,33.94226084163789,0.9192861318588257,0.9344031810760498,0.23304903507232666
scunet,Bacterial,296,35.270221494921806,0.9322161674499512,0.9403986930847168,0.23469214141368866
scunet,Bacterial,297,34.61824603837191,0.9229803681373596,0.9365109801292419,0.25121572613716125
scunet,Bacterial,298,32.27889356265089,0.8865388035774231,0.91129469871521,0.25483787059783936
scunet,Bacterial,299,32.66201366067898,0.8919177651405334,0.9158431887626648,0.26967525482177734
scunet,Bacterial,300,32.687241955917585,0.9062526226043701,0.92128986120224,0.23763015866279602
scunet,Bacterial,301,32.30556861684531,0.8758509159088135,0.9184544086456299,0.2138943374156952
scunet,Bacterial,302,34.12924608667866,0.9078801870346069,0.9267497658729553,0.21562591195106506
scunet,Bacterial,303,33.69286577465134,0.92433762550354,0.9380611181259155,0.2557322680950165
scunet,Bacterial,304,34.883551840454324,0.9218466281890869,0.9294567108154297,0.2595590054988861
scunet,Bacterial,305,35.67113508840134,0.9286526441574097,0.9342830181121826,0.22956956923007965
scunet,Bacterial,306,34.01154421425537,0.9203625917434692,0.9313095808029175,0.2502419948577881
scunet,Bacterial,307,33.9684614257572,0.9228600859642029,0.9342933893203735,0.24511674046516418
scunet,Bacterial,308,33.81827852279465,0.8938025832176208,0.9286004900932312,0.24261927604675293
scunet,Bacterial,309,34.11203734805605,0.9125887155532837,0.9333467483520508,0.21982407569885254
scunet,Bacterial,310,32.64645822164486,0.8918538689613342,0.9272782206535339,0.1947277933359146
scunet,Bacterial,311,33.74758318516941,0.8998150825500488,0.921883225440979,0.24699312448501587
scunet,Bacterial,312,33.12411701065728,0.9100587964057922,0.931224524974823,0.22017093002796173
scunet,Bacterial,313,34.79830122280927,0.9142014980316162,0.9263189435005188,0.30304956436157227
scunet,Bacterial,314,33.92268679271473,0.8943467140197754,0.921722412109375,0.23940487205982208
scunet,Bacterial,315,36.146816425632736,0.9375028014183044,0.9469015598297119,0.25579833984375
scunet,Bacterial,316,35.60173035528126,0.9305641055107117,0.9379944801330566,0.2562885582447052
scunet,Bacterial,317,35.79021942942883,0.9428344368934631,0.9401371479034424,0.26954764127731323
scunet,Bacterial,318,35.1923040988096,0.929649829864502,0.9392206072807312,0.21437957882881165
scunet,Bacterial,319,35.212495023044355,0.9231076836585999,0.9357325434684753,0.21338805556297302
scunet,Bacterial,320,35.66674198527645,0.9330193400382996,0.9345174431800842,0.24586237967014313
scunet,Bacterial,321,32.57100721644869,0.9034177660942078,0.9287313222885132,0.24881896376609802
scunet,Bacterial,322,33.75148858750676,0.9112304449081421,0.9283381104469299,0.24559134244918823
scunet,Bacterial,323,33.73395664943093,0.9127614498138428,0.9344002604484558,0.21743324398994446
scunet,Bacterial,324,32.99642793847772,0.9068509936332703,0.9306279420852661,0.2170698046684265
scunet,Bacterial,325,32.37832747577369,0.9042184948921204,0.9256625771522522,0.2207869589328766
scunet,Bacterial,326,33.68411106815802,0.9111848473548889,0.9283421039581299,0.25055259466171265
scunet,Bacterial,327,35.04707240143962,0.9352542161941528,0.9392663836479187,0.224419504404068
scunet,Bacterial,328,35.182510300173476,0.9319826364517212,0.939124584197998,0.2478029429912567
scunet,Bacterial,329,34.44471165132549,0.9241028428077698,0.939358651638031,0.16190113127231598
scunet,Bacterial,330,36.271520169287285,0.9331825375556946,0.9363449811935425,0.23090822994709015
scunet,Bacterial,331,35.60120334020934,0.9413905143737793,0.9444393515586853,0.2106178104877472
scunet,Bacterial,332,36.2108019337733,0.9394263625144958,0.94297856092453,0.2360643744468689
scunet,Bacterial,333,35.78171726331787,0.9388989806175232,0.9454309940338135,0.2323656529188156
scunet,Bacterial,334,36.058939118393624,0.9433366060256958,0.94675612449646,0.22494077682495117
scunet,Bacterial,335,33.350549739686386,0.8919594883918762,0.9248639941215515,0.2544514536857605
scunet,Bacterial,336,35.584707270410554,0.9317940473556519,0.9398901462554932,0.2249421626329422
scunet,Bacterial,337,34.439852097990375,0.9143494367599487,0.9280996322631836,0.2345442771911621
scunet,Bacterial,338,35.63523493028981,0.9280595183372498,0.9345999360084534,0.25183799862861633
scunet,Bacterial,339,33.78097445276232,0.9110568761825562,0.9311807751655579,0.18486149609088898
scunet,Bacterial,340,35.34048287762816,0.9263727068901062,0.9320153594017029,0.2388644516468048
scunet,Bacterial,341,34.72748508894299,0.9347745180130005,0.9358988404273987,0.24157053232192993
scunet,Bacterial,342,34.63807047960281,0.9261822700500488,0.9345515370368958,0.2276313453912735
scunet,Bacterial,343,35.231904455667205,0.9358235001564026,0.9337591528892517,0.2546156346797943
scunet,Bacterial,344,35.63121631172598,0.9308448433876038,0.9419876933097839,0.25581204891204834
scunet,Bacterial,345,34.518461509999575,0.9216889142990112,0.93333899974823,0.2592320442199707
scunet,Bacterial,346,33.421421939121856,0.9143489003181458,0.9283536672592163,0.2368161976337433
scunet,Bacterial,347,35.29300045550498,0.9336027503013611,0.9420385956764221,0.2471073567867279
scunet,Bacterial,348,34.453898268162945,0.9075280427932739,0.9246889352798462,0.25236907601356506
scunet,Bacterial,349,36.15208546302807,0.935219943523407,0.9424246549606323,0.23357754945755005
scunet,Bacterial,350,36.421343354372496,0.9372625350952148,0.9436407089233398,0.26752370595932007
scunet,Bacterial,351,32.961716288385155,0.8908513784408569,0.9264651536941528,0.2224414050579071
scunet,Bacterial,352,35.68407909845368,0.9295628666877747,0.9418931007385254,0.22502559423446655
scunet,Bacterial,353,34.530573939591086,0.9266959428787231,0.9393235445022583,0.21479561924934387
scunet,Bacterial,354,36.39150369591439,0.9294353723526001,0.9412462711334229,0.27124977111816406
scunet,Bacterial,355,35.19768363550415,0.9143924117088318,0.9353247284889221,0.24015384912490845
scunet,Bacterial,356,35.018327826714895,0.9221673607826233,0.9340613484382629,0.219593346118927
scunet,Bacterial,357,35.4636296871812,0.9172064661979675,0.9327750205993652,0.2579112648963928
scunet,Bacterial,358,35.304669844011876,0.919313907623291,0.9306647181510925,0.31992805004119873
scunet,Bacterial,359,34.089985945546026,0.9138336181640625,0.9341966509819031,0.19902515411376953
scunet,Bacterial,360,35.018219452593115,0.9274434447288513,0.9349350333213806,0.23995360732078552
scunet,Bacterial,361,35.52087980714611,0.9303873777389526,0.9385582804679871,0.234565868973732
scunet,Bacterial,362,35.33639829050995,0.9277459979057312,0.9431171417236328,0.2694118022918701
scunet,Bacterial,363,34.04894914046061,0.9305827021598816,0.9461639523506165,0.2176113724708557
scunet,Bacterial,364,36.145523969994166,0.9379581212997437,0.9429382681846619,0.22026771306991577
scunet,Bacterial,365,32.66216064930421,0.9099652767181396,0.9284030199050903,0.21330046653747559
scunet,Bacterial,366,35.452106885164476,0.9331995248794556,0.9394770264625549,0.2624439299106598
scunet,Bacterial,367,33.85361795961467,0.9123479127883911,0.9324175715446472,0.20470799505710602
scunet,Bacterial,368,34.50959726930945,0.9118983745574951,0.9280649423599243,0.23596328496932983
scunet,Bacterial,369,33.5578699398964,0.906748354434967,0.9289811849594116,0.20317551493644714
scunet,Bacterial,370,32.57241803885715,0.8952569961547852,0.9283390045166016,0.1907898187637329
scunet,Bacterial,371,35.20476226121148,0.9313530921936035,0.9402198791503906,0.2130003273487091
scunet,Bacterial,372,34.118035052447865,0.9024020433425903,0.9228745698928833,0.30882498621940613
scunet,Bacterial,373,34.99867611666674,0.921872615814209,0.9356124997138977,0.23255687952041626
scunet,Bacterial,374,34.11682258551067,0.9155116081237793,0.9319259524345398,0.22179722785949707
scunet,Bacterial,375,34.83000345874623,0.9285252094268799,0.9356117844581604,0.2413022816181183
scunet,Bacterial,376,33.25616174029325,0.914283812046051,0.9313498139381409,0.24495187401771545
scunet,Bacterial,377,34.62145285958509,0.9332634210586548,0.9340512752532959,0.2414158135652542
scunet,Bacterial,378,33.55724255016702,0.9037288427352905,0.9259928464889526,0.19312070310115814
scunet,Bacterial,379,34.34167902821697,0.9158152937889099,0.9327509999275208,0.24906906485557556
scunet,Bacterial,380,35.25789845136674,0.9338119029998779,0.9426377415657043,0.23373205959796906
scunet,Bacterial,381,32.577389045895046,0.8978343605995178,0.9270906448364258,0.19819018244743347
scunet,Bacterial,382,34.20603068157351,0.9188525080680847,0.9296391606330872,0.22889018058776855
scunet,Bacterial,383,32.9481196579217,0.8981251120567322,0.9195707440376282,0.22190821170806885
scunet,Bacterial,384,32.33260056926849,0.897891104221344,0.9226080775260925,0.1939897984266281
scunet,Bacterial,385,32.34262018848554,0.8867043852806091,0.9245946407318115,0.22205476462841034
scunet,Bacterial,386,35.0170644327494,0.9300801753997803,0.9427472352981567,0.21280325949192047
scunet,Bacterial,387,35.35586659688025,0.9372507333755493,0.9461898803710938,0.1981547623872757
scunet,Bacterial,388,33.59539147515912,0.9208712577819824,0.9389594793319702,0.16163860261440277
scunet,Bacterial,389,32.39901688316873,0.8853011727333069,0.9205964803695679,0.23444914817810059
scunet,Bacterial,390,34.59233247065222,0.9127030372619629,0.9323290586471558,0.22122344374656677
scunet,Bacterial,391,32.800701157957036,0.8955420851707458,0.9185975790023804,0.3037720322608948
scunet,Bacterial,392,35.04814449467749,0.9267122149467468,0.9360499382019043,0.23909685015678406
scunet,Bacterial,393,34.9813968020753,0.9156978130340576,0.933199942111969,0.2641053795814514
scunet,Bacterial,394,35.162407356725936,0.9317197203636169,0.9414322972297668,0.2291591316461563
scunet,Bacterial,395,34.562858082949546,0.926040768623352,0.936177670955658,0.2139912247657776
scunet,Bacterial,396,32.92548815522362,0.8790110349655151,0.9137439727783203,0.2468147873878479
scunet,Bacterial,397,36.3933466007571,0.9263873100280762,0.9338961243629456,0.2695479989051819
scunet,Bacterial,398,35.23409913930628,0.9156938791275024,0.9272265434265137,0.29471343755722046
scunet,Bacterial,399,33.30224702951679,0.906597912311554,0.9294773936271667,0.2500303089618683
scunet,Bacterial,400,34.31968814513597,0.9182630181312561,0.9312000274658203,0.2047022134065628
scunet,Bacterial,401,32.44851685077234,0.8808984756469727,0.9139673709869385,0.2414552867412567
scunet,Bacterial,402,35.45932948884149,0.9275102019309998,0.9357674717903137,0.2538028061389923
scunet,Bacterial,403,34.79952658974584,0.9297440052032471,0.9384894967079163,0.2263067066669464
scunet,Bacterial,404,34.444752803571916,0.9163646697998047,0.9249082803726196,0.2418322116136551
scunet,Bacterial,405,33.49817507068919,0.895068883895874,0.9241007566452026,0.261180579662323
scunet,Bacterial,406,36.61201470265025,0.945186197757721,0.9479957818984985,0.21007011830806732
scunet,Bacterial,407,33.87587004471657,0.9167123436927795,0.9323772192001343,0.2473500370979309
scunet,Bacterial,408,34.373192376124194,0.9215155243873596,0.9347942471504211,0.22114309668540955
scunet,Bacterial,409,33.432439607783216,0.9058022499084473,0.9217295050621033,0.21990834176540375
scunet,Bacterial,410,32.45854021057141,0.8831632733345032,0.9207798838615417,0.22472485899925232
scunet,Bacterial,411,34.047801067516524,0.9084271192550659,0.9237455129623413,0.247033953666687
scunet,Bacterial,412,35.08949878604974,0.9252325892448425,0.9322927594184875,0.23561623692512512
scunet,Bacterial,413,32.44203181552686,0.8831407427787781,0.9132250547409058,0.21392425894737244
scunet,Bacterial,414,35.78008196691894,0.9320436120033264,0.9349222779273987,0.25492578744888306
scunet,Bacterial,415,34.58104805801686,0.9190670847892761,0.9302948117256165,0.2638455629348755
scunet,Bacterial,416,36.432900597334864,0.940753698348999,0.9433797597885132,0.23797208070755005
scunet,Bacterial,417,34.81232715572844,0.9101038575172424,0.9262459874153137,0.23502381145954132
scunet,Bacterial,418,35.78652241473499,0.9292481541633606,0.9451678395271301,0.2076534777879715
scunet,Bacterial,419,34.7149340513092,0.9192173480987549,0.9413430690765381,0.16644302010536194
scunet,Bacterial,420,35.15732908990466,0.9317106604576111,0.9454218745231628,0.20391401648521423
scunet,Bacterial,421,34.75939079701736,0.9224726557731628,0.940599799156189,0.20456787943840027
scunet,Bacterial,422,33.85967440570204,0.9106140732765198,0.9254793524742126,0.23921817541122437
scunet,Bacterial,423,34.76360817373027,0.925667941570282,0.9403559565544128,0.23130348324775696
scunet,Bacterial,424,34.76210644373539,0.9243286848068237,0.938529908657074,0.23620657622814178
scunet,Bacterial,425,35.60241997855837,0.9270179271697998,0.9379987120628357,0.2530266046524048
scunet,Bacterial,426,37.321094733826826,0.9490497708320618,0.9428898692131042,0.25198233127593994
scunet,Bacterial,427,36.69673975284483,0.9372472167015076,0.9346160888671875,0.2985565662384033
scunet,Bacterial,428,35.52855996305658,0.9271484017372131,0.9345709085464478,0.2840825319290161
scunet,Bacterial,429,33.23173727084871,0.8973278999328613,0.9306523203849792,0.2190828025341034
scunet,Bacterial,430,35.88587256042175,0.9396836757659912,0.9429290294647217,0.22732645273208618
scunet,Bacterial,431,36.025043546579276,0.932272732257843,0.9299684166908264,0.2624994218349457
scunet,Bacterial,432,35.49338874678153,0.9296467900276184,0.9378378391265869,0.2335897833108902
scunet,Bacterial,433,34.112119773793296,0.9047083258628845,0.9240090847015381,0.2664755582809448
scunet,Bacterial,434,34.8743226480861,0.9237255454063416,0.9338002800941467,0.2266213297843933
scunet,Bacterial,435,33.88850087416464,0.9200991988182068,0.9340717196464539,0.22274479269981384
scunet,Bacterial,436,33.39982568384725,0.9126784205436707,0.9336730241775513,0.17055962979793549
scunet,Bacterial,437,36.2605923392359,0.9300857186317444,0.9396830797195435,0.2027990072965622
scunet,Bacterial,438,33.24228991146411,0.8957447409629822,0.9198967814445496,0.2530372738838196
scunet,Bacterial,439,34.59292419281664,0.9137850403785706,0.9294866323471069,0.2505123019218445
scunet,Bacterial,440,33.57721490438353,0.9066522717475891,0.9290862083435059,0.2253182828426361
scunet,Bacterial,441,33.21756048668082,0.8969601392745972,0.9263699650764465,0.23298875987529755
scunet,Bacterial,442,35.65994521434377,0.9318850636482239,0.9400815963745117,0.22970572113990784
scunet,Bacterial,443,35.33912048953788,0.9277552366256714,0.9382799863815308,0.23859509825706482
scunet,Bacterial,444,34.629085215074184,0.9235051274299622,0.9361990094184875,0.24047397077083588
scunet,Bacterial,445,35.030866085521666,0.9212732315063477,0.9309577941894531,0.266765296459198
scunet,Bacterial,446,34.62536012615003,0.9229152202606201,0.9314187169075012,0.2689253091812134
scunet,Bacterial,447,35.89347002765026,0.9254640936851501,0.9288867115974426,0.26622527837753296
scunet,Bacterial,448,35.50508236260648,0.9274405241012573,0.9406318068504333,0.3006850779056549
scunet,Bacterial,449,33.760080176587714,0.8900309205055237,0.9243980050086975,0.2325405776500702
scunet,Bacterial,450,33.917625876882866,0.9171918630599976,0.9334381818771362,0.23781999945640564
scunet,Bacterial,451,32.645107274549936,0.8881069421768188,0.921057403087616,0.20415295660495758
scunet,Bacterial,452,33.68916019515584,0.9108989834785461,0.9304372072219849,0.23921513557434082
scunet,Bacterial,453,35.7302762007768,0.9344866871833801,0.9397721290588379,0.2273356318473816
scunet,Bacterial,454,33.86528036200585,0.922029972076416,0.9360570311546326,0.22979578375816345
scunet,Bacterial,455,35.799021721554794,0.9328148365020752,0.9404856562614441,0.25540250539779663
scunet,Bacterial,456,32.31648859847601,0.8717159032821655,0.9188957214355469,0.26726770401000977
scunet,Bacterial,457,35.372270775015146,0.9273318648338318,0.9347156882286072,0.26077720522880554
scunet,Bacterial,458,35.65735661571487,0.9434641599655151,0.9441255331039429,0.24150869250297546
scunet,Bacterial,459,36.47418344680415,0.9421955943107605,0.9418482184410095,0.2480107694864273
scunet,Bacterial,460,34.61799748685754,0.9188010692596436,0.9359052777290344,0.2149425446987152
scunet,Bacterial,461,34.49484132474246,0.9252987504005432,0.9373557567596436,0.19023454189300537
scunet,Bacterial,462,33.4545608340143,0.9002346396446228,0.9302886724472046,0.2007310390472412
scunet,Bacterial,463,35.412783101956926,0.9244514107704163,0.931287407875061,0.26787441968917847
scunet,Bacterial,464,34.24167126459897,0.9150216579437256,0.9293310642242432,0.21762260794639587
scunet,Bacterial,465,35.23157307216352,0.9231213927268982,0.9368131160736084,0.2503886818885803
scunet,Bacterial,466,34.38845275026512,0.9115732908248901,0.9288421869277954,0.26413851976394653
scunet,Bacterial,467,34.575174521220326,0.9035230875015259,0.9244283437728882,0.30647897720336914
scunet,Bacterial,468,35.23697068727847,0.9324619174003601,0.9435219168663025,0.18874341249465942
scunet,Bacterial,469,35.760920122341766,0.9256062507629395,0.9300685524940491,0.24412041902542114
scunet,Bacterial,470,34.64037498540837,0.9244847893714905,0.9310927987098694,0.2540751099586487
scunet,Bacterial,471,33.48931910749346,0.8949704170227051,0.9245992302894592,0.20732568204402924
scunet,Bacterial,472,33.91062774632103,0.9071020483970642,0.9308345913887024,0.19538140296936035
scunet,Bacterial,473,32.15856685789741,0.9008045792579651,0.9222110509872437,0.2569395899772644
scunet,Bacterial,474,33.49983570153385,0.9206140041351318,0.9351220726966858,0.236088365316391
scunet,Bacterial,475,32.24220490061562,0.8818199634552002,0.9166149497032166,0.22706454992294312
scunet,Viral,476,33.916237307181966,0.9144524335861206,0.938376784324646,0.23665335774421692
scunet,Viral,477,34.32513899359916,0.9229711294174194,0.9432733654975891,0.20260551571846008
scunet,Viral,478,34.25125994430939,0.9212689399719238,0.9435239434242249,0.2108972668647766
scunet,Viral,479,34.844474367911644,0.9186111092567444,0.9331367015838623,0.22216792404651642
scunet,Viral,480,35.96066547884344,0.9314725995063782,0.9321726560592651,0.2947835326194763
scunet,Viral,481,34.17125449489726,0.9292380213737488,0.938999593257904,0.24850071966648102
scunet,Viral,482,32.899548268121265,0.8862214684486389,0.9159427285194397,0.23205013573169708
scunet,Viral,483,34.719329889995365,0.9201672077178955,0.930902361869812,0.2482454627752304
scunet,Viral,484,34.2390961614919,0.923172652721405,0.928027868270874,0.2840401530265808
scunet,Viral,485,34.39268891981369,0.9122196435928345,0.933358907699585,0.2540510594844818
scunet,Viral,486,35.03071633907557,0.911444902420044,0.9253496527671814,0.2887803614139557
scunet,Viral,487,35.00696928932273,0.9170377254486084,0.9353435635566711,0.23125988245010376
scunet,Viral,488,34.0965008638712,0.9231290221214294,0.9406002163887024,0.19183894991874695
scunet,Viral,489,34.90672918561498,0.9229973554611206,0.9402743577957153,0.21745991706848145
scunet,Viral,490,34.31267366917102,0.9087439775466919,0.9301647543907166,0.2671378254890442
scunet,Viral,491,34.08913224385347,0.9112904667854309,0.9345278143882751,0.2477983832359314
scunet,Viral,492,33.858133689781766,0.9075953364372253,0.9337653517723083,0.2325173318386078
scunet,Viral,493,34.24352451168663,0.9133363962173462,0.936322033405304,0.2215614914894104
scunet,Viral,494,34.22679072895014,0.910741925239563,0.9356420040130615,0.2285955399274826
scunet,Viral,495,33.52515578374416,0.908778190612793,0.9326149821281433,0.2129509449005127
scunet,Viral,496,34.5353590704621,0.9068217873573303,0.929794192314148,0.28121864795684814
scunet,Viral,497,34.230859648518496,0.9281535148620605,0.9414673447608948,0.18151457607746124
scunet,Viral,498,35.14480604341141,0.9248212575912476,0.9415910840034485,0.2332450896501541
scunet,Viral,499,35.188900808359136,0.9149472117424011,0.930268406867981,0.2283356785774231
scunet,Viral,500,33.66346383828215,0.8928263187408447,0.9245254993438721,0.27014532685279846
scunet,Viral,501,33.16794127232753,0.9059551954269409,0.9298297166824341,0.18853135406970978
scunet,Viral,502,34.34852105524323,0.9170112013816833,0.9394167065620422,0.20577633380889893
scunet,Viral,503,33.89668382625953,0.9210318326950073,0.9397556781768799,0.20319215953350067
scunet,Viral,504,33.88586117579306,0.9108833074569702,0.9332626461982727,0.23516687750816345
scunet,Viral,505,34.862710560269484,0.9220835566520691,0.9366340637207031,0.2086961716413498
scunet,Viral,506,34.11595511447281,0.9034256339073181,0.9294471740722656,0.23895959556102753
scunet,Viral,507,32.735778274432015,0.8883141875267029,0.919037401676178,0.23618310689926147
scunet,Viral,508,35.6116582588549,0.922914981842041,0.9365920424461365,0.2674139142036438
scunet,Viral,509,33.572511420613125,0.9087582230567932,0.9290187954902649,0.21435827016830444
scunet,Viral,510,31.768714629050066,0.9000994563102722,0.9233251810073853,0.2256866693496704
scunet,Viral,511,33.90220089149778,0.9183887243270874,0.9394495487213135,0.19354842603206635
scunet,Viral,512,35.93921797618534,0.9284597039222717,0.9421276450157166,0.23025062680244446
scunet,Viral,513,33.18570062744022,0.9120739102363586,0.9315170049667358,0.23828434944152832
scunet,Viral,514,33.02553241639596,0.913503885269165,0.9303451180458069,0.19264397025108337
scunet,Viral,515,34.60998191901427,0.9168190956115723,0.9338425993919373,0.24060234427452087
scunet,Viral,516,34.92981811039574,0.9197837114334106,0.9353139400482178,0.22743898630142212
scunet,Viral,517,33.59542040027162,0.9071802496910095,0.9321586489677429,0.23141619563102722
scunet,Viral,518,33.01995299348995,0.8982446193695068,0.9264959096908569,0.1928660273551941
scunet,Viral,519,35.50764598961773,0.9422005414962769,0.9536570906639099,0.17353320121765137
scunet,Viral,520,34.87975369166857,0.9263218641281128,0.9427064657211304,0.23045563697814941
scunet,Viral,521,34.576922984827874,0.9287287592887878,0.9394897222518921,0.18840718269348145
scunet,Viral,522,35.05837521304891,0.9276277422904968,0.9417458176612854,0.20688965916633606
scunet,Viral,523,35.59121134558318,0.9261266589164734,0.9439113140106201,0.25285831093788147
scunet,Viral,524,35.4994340725822,0.92878258228302,0.9428436160087585,0.2660762369632721
scunet,Viral,525,35.368838424678856,0.9299440383911133,0.9431506395339966,0.21888338029384613
scunet,Viral,526,34.79320235789816,0.9114685654640198,0.9330602884292603,0.2763344943523407
scunet,Viral,527,34.44793044184656,0.90200275182724,0.9241276979446411,0.29247578978538513
scunet,Viral,528,34.361500783463256,0.913516104221344,0.9318634867668152,0.2298380732536316
scunet,Viral,529,32.410198022146545,0.8562406897544861,0.9085558652877808,0.2649356722831726
scunet,Viral,530,34.75492515436236,0.9184830188751221,0.9395976662635803,0.23045535385608673
scunet,Viral,531,34.51305389718306,0.9258739352226257,0.9391091465950012,0.19811919331550598
scunet,Viral,532,34.282609903799,0.9183833599090576,0.9326820373535156,0.24417534470558167
scunet,Viral,533,34.018211832107504,0.9181258678436279,0.9347001910209656,0.206781804561615
scunet,Viral,534,32.65950302335846,0.8979453444480896,0.9302429556846619,0.23888425529003143
scunet,Viral,535,33.685728879062474,0.9149834513664246,0.9328156113624573,0.21394968032836914
scunet,Viral,536,35.18098904421422,0.9152374863624573,0.9269706606864929,0.2831767201423645
scunet,Viral,537,33.71043484491358,0.9000192880630493,0.9261201620101929,0.3006753921508789
scunet,Viral,538,35.39852277549662,0.9206656813621521,0.9361497759819031,0.2968112826347351
scunet,Viral,539,34.430563292533535,0.9269433617591858,0.9407774209976196,0.1728629767894745
scunet,Viral,540,34.869043432912235,0.9204050302505493,0.9397894144058228,0.2067079246044159
scunet,Viral,541,33.9827791365551,0.9135203957557678,0.9365724921226501,0.20793893933296204
scunet,Viral,542,35.36059011949588,0.9321073889732361,0.9439388513565063,0.2073696404695511
scunet,Viral,543,36.06246359021423,0.9360693693161011,0.9368658065795898,0.27104198932647705
scunet,Viral,544,33.35798066202478,0.9159595966339111,0.9300990700721741,0.21423569321632385
scunet,Viral,545,33.511040464572716,0.9171932935714722,0.9310591220855713,0.2220258116722107
scunet,Viral,546,34.9668598321345,0.9188678860664368,0.9323182702064514,0.25774526596069336
scunet,Viral,547,35.11097872267431,0.9206292629241943,0.9337931871414185,0.2610751986503601
scunet,Viral,548,33.4817670227942,0.9097662568092346,0.9289780855178833,0.2307443916797638
scunet,Viral,549,36.43795198551163,0.9205207824707031,0.9341650009155273,0.29028964042663574
scunet,Viral,550,36.361572610988155,0.9198554158210754,0.9328075647354126,0.29010480642318726
scunet,Viral,551,33.98798244995401,0.9122054576873779,0.9309741258621216,0.24213962256908417
scunet,Viral,552,34.988124091521385,0.9328530430793762,0.9410649538040161,0.2486846148967743
scunet,Viral,553,35.476185677343786,0.9307825565338135,0.938011646270752,0.21697844564914703
scunet,Viral,554,33.875501655105055,0.9061205983161926,0.9341776371002197,0.24139608442783356
scunet,Viral,555,33.76922224600567,0.9187224507331848,0.9388852715492249,0.2053980827331543
scunet,Viral,556,34.48402677976152,0.9152337908744812,0.9357916116714478,0.20657822489738464
scunet,Viral,557,34.98721296740665,0.9148050546646118,0.9282743334770203,0.2347327619791031
scunet,Viral,558,34.49871676080155,0.9242205619812012,0.9383229613304138,0.20982767641544342
scunet,Viral,559,35.15798271955764,0.9123751521110535,0.9303562045097351,0.2941797971725464
scunet,Viral,560,35.27564992712923,0.9241973161697388,0.9392749667167664,0.23348835110664368
scunet,Viral,561,34.389934505487616,0.9218787550926208,0.9352433085441589,0.20050442218780518
scunet,Viral,562,34.62790773429575,0.9249886870384216,0.9396926164627075,0.20850533246994019
scunet,Viral,563,34.56416809098359,0.9181270003318787,0.9389992952346802,0.2038722038269043
scunet,Viral,564,34.66525750847518,0.9257333874702454,0.941582441329956,0.2168717086315155
scunet,Viral,565,35.26428964947077,0.9263896942138672,0.9372552037239075,0.24905575811862946
scunet,Viral,566,33.94990676474193,0.9178538918495178,0.9383277893066406,0.2270444929599762
scunet,Viral,567,34.31311451464432,0.9291181564331055,0.9436573386192322,0.20940238237380981
scunet,Viral,568,34.09530055935636,0.9199573397636414,0.9360648393630981,0.21592548489570618
scunet,Viral,569,34.00791062974478,0.9010825753211975,0.9277847409248352,0.2876296639442444
scunet,Viral,570,33.8208670907258,0.9175522327423096,0.9380107522010803,0.19444814324378967
scunet,Viral,571,34.89016227348457,0.9190464615821838,0.9385616183280945,0.2058434635400772
scunet,Viral,572,33.68346015714781,0.9035112857818604,0.928544282913208,0.24751001596450806
scunet,Viral,573,34.56764420204265,0.9208679795265198,0.9397444725036621,0.19617895781993866
scunet,Viral,574,35.859177835538645,0.9381332993507385,0.9481958746910095,0.2578244209289551
scunet,Viral,575,35.193869028892465,0.9329196810722351,0.9452879428863525,0.19536684453487396
scunet,Viral,576,34.27345189486669,0.9171609282493591,0.9360284805297852,0.22405850887298584
scunet,Viral,577,33.6565006088724,0.9178946018218994,0.9373461008071899,0.2389494925737381
scunet,Viral,578,35.72336376585719,0.9355455636978149,0.9468752145767212,0.20486173033714294
scunet,Viral,579,33.86257875653001,0.9220055937767029,0.9370081424713135,0.18753573298454285
scunet,Viral,580,34.19176163720515,0.9269449710845947,0.9417284727096558,0.20394495129585266
scunet,Viral,581,34.21473855809393,0.9298334121704102,0.9418953657150269,0.18353456258773804
scunet,Viral,582,34.07717021319058,0.9101781249046326,0.9300228357315063,0.2376360148191452
scunet,Viral,583,34.44101516789683,0.9112894535064697,0.9300259351730347,0.23212262988090515
scunet,Viral,584,35.44567791520326,0.9182878136634827,0.9330822825431824,0.2726765275001526
scunet,Viral,585,35.40629177901363,0.9310489892959595,0.9445784091949463,0.22632822394371033
scunet,Viral,586,34.53538636560216,0.9061281085014343,0.9227812886238098,0.271026074886322
scunet,Viral,587,35.25380728587775,0.9216605424880981,0.9280639290809631,0.2374563366174698
scunet,Viral,588,33.66217768628947,0.8997011780738831,0.924943745136261,0.25224971771240234
scunet,Viral,589,31.424246732717293,0.8744513988494873,0.9175664186477661,0.19358763098716736
scunet,Viral,590,34.054853858918584,0.9177165627479553,0.9333725571632385,0.2311094105243683
scunet,Viral,591,33.63661840898823,0.9188392162322998,0.9378922581672668,0.19579684734344482
scunet,Viral,592,34.06704016148173,0.9296932816505432,0.9393996596336365,0.17750754952430725
scunet,Viral,593,35.75218180701783,0.9093220829963684,0.9267319440841675,0.20508360862731934
scunet,Viral,594,35.49875433217999,0.9249750971794128,0.9441174268722534,0.22217866778373718
scunet,Viral,595,35.16363074368245,0.9254633784294128,0.9365640878677368,0.22495239973068237
scunet,Viral,596,34.61330366982967,0.9142349362373352,0.9335723519325256,0.3008676767349243
scunet,Viral,597,34.34952227547675,0.9194838404655457,0.9382064342498779,0.2449471801519394
scunet,Viral,598,33.14563416570431,0.909808337688446,0.9317640066146851,0.24723048508167267
scunet,Viral,599,33.57645770774166,0.9159585237503052,0.9366573691368103,0.1852579414844513
scunet,Viral,600,34.33568907883354,0.9119881987571716,0.9327954053878784,0.22719034552574158
scunet,Viral,601,35.18158539640428,0.925021767616272,0.9432996511459351,0.2212488055229187
scunet,Viral,602,33.77808221432552,0.9178721308708191,0.9361960887908936,0.22224995493888855
scunet,Viral,603,34.06350548576003,0.926607072353363,0.9391251802444458,0.2161659449338913
scunet,Viral,604,34.43654660450015,0.9296858310699463,0.9423525929450989,0.193342924118042
scunet,Viral,605,35.1017101044886,0.9246906042098999,0.9380093216896057,0.23038017749786377
scunet,Viral,606,34.864330006960465,0.9165975451469421,0.9383293986320496,0.2484409511089325
scunet,Viral,607,35.00405617554294,0.922001838684082,0.9422211647033691,0.22051997482776642
scunet,Viral,608,35.417476563262596,0.9278393387794495,0.9374147653579712,0.254866361618042
scunet,Viral,609,35.24529645312759,0.9328296780586243,0.9412675499916077,0.24005934596061707
scunet,Viral,610,35.58257721258629,0.9296436309814453,0.9418606162071228,0.2294897586107254
scunet,Viral,611,33.5699309588252,0.9181509017944336,0.9371182322502136,0.20223453640937805
scunet,Viral,612,33.476844850987646,0.9091460108757019,0.934636652469635,0.20767468214035034
scunet,Viral,613,34.403520953791514,0.9168993234634399,0.9408116936683655,0.21639923751354218
scunet,Viral,614,34.98226212248718,0.9225587248802185,0.9385578036308289,0.25739869475364685
scunet,Viral,615,35.205583572563214,0.9212134480476379,0.9343739151954651,0.23673096299171448
scunet,Viral,616,35.29494731272109,0.9294124245643616,0.9404103755950928,0.21952581405639648
scunet,Viral,617,34.551761291301275,0.9146287441253662,0.9375110268592834,0.23843960464000702
scunet,Viral,618,33.84303364150884,0.9123392701148987,0.9338501691818237,0.22441938519477844
scunet,Viral,619,34.06219251958747,0.9078493714332581,0.9349110722541809,0.21681010723114014
scunet,Viral,620,34.22102487078867,0.9225738644599915,0.9400532245635986,0.20200753211975098
scunet,Viral,621,36.51318189261295,0.9370833039283752,0.9446775913238525,0.27352088689804077
scunet,Viral,622,34.56790146742249,0.9176267385482788,0.9377245903015137,0.22166353464126587
scunet,Viral,623,34.64178256764761,0.9175512194633484,0.9370701313018799,0.22161847352981567
