model,noise_level,class,image,psnr,ssim,ms_ssim,fsim,lpips
nafnet,low,Normal,0,35.29990821476592,0.9298194646835327,0.9818474650382996,0.9504872560501099,0.15262994170188904
nafnet,low,Normal,1,33.91048467653888,0.9004788994789124,0.9766424894332886,0.9338626265525818,0.194708451628685
nafnet,low,Normal,2,34.750659964333444,0.9234916567802429,0.9815371632575989,0.9434400200843811,0.17252087593078613
nafnet,low,Normal,3,35.8997760973428,0.9468729496002197,0.9865596294403076,0.9581751823425293,0.14009317755699158
nafnet,low,Normal,4,34.75528556149179,0.9000076651573181,0.9731984734535217,0.9362296462059021,0.20503714680671692
nafnet,low,Normal,5,36.00366683431808,0.9372443556785583,0.9854017496109009,0.9533603191375732,0.16946008801460266
nafnet,low,Normal,6,35.5494449508715,0.9236649870872498,0.9796596765518188,0.947961688041687,0.20373597741127014
nafnet,low,Normal,7,35.97858970429905,0.9408707022666931,0.9836890697479248,0.9552316069602966,0.1654810756444931
nafnet,low,Normal,8,34.22110270970178,0.9233138561248779,0.9808849096298218,0.9496979117393494,0.15718713402748108
nafnet,low,Normal,9,34.35882814315181,0.9127844572067261,0.9791731834411621,0.9454899430274963,0.18136823177337646
nafnet,low,Normal,10,35.10997504661734,0.9345939755439758,0.9848889708518982,0.9533612728118896,0.13596469163894653
nafnet,low,Normal,11,34.84834984880921,0.9135702252388,0.9792601466178894,0.9447442293167114,0.19873064756393433
nafnet,low,Normal,12,35.14694184209504,0.9170935750007629,0.9794655442237854,0.9400254487991333,0.20408371090888977
nafnet,low,Normal,13,36.37197083970024,0.933352530002594,0.9795347452163696,0.9513826966285706,0.16901454329490662
nafnet,low,Normal,14,36.0961628137159,0.9422445893287659,0.977157711982727,0.9584173560142517,0.12864172458648682
nafnet,low,Normal,15,34.39874448601952,0.9054511785507202,0.976713240146637,0.9363765716552734,0.22694119811058044
nafnet,low,Normal,16,35.929461258187835,0.9355783462524414,0.9818962812423706,0.9518402814865112,0.17455396056175232
nafnet,low,Normal,17,35.318503520082125,0.9232246279716492,0.979751706123352,0.9439021348953247,0.17753173410892487
nafnet,low,Normal,18,34.92905833468263,0.9231671094894409,0.982683002948761,0.945423424243927,0.15143218636512756
nafnet,low,Normal,19,35.6337819716809,0.9309777617454529,0.9835339188575745,0.9511450529098511,0.17642787098884583
nafnet,low,Normal,20,36.98298706302904,0.9514819383621216,0.9871482849121094,0.9596067070960999,0.132784903049469
nafnet,low,Normal,21,35.625292743546304,0.9311875700950623,0.9828675985336304,0.9513780474662781,0.16269835829734802
nafnet,low,Normal,22,35.745555710397255,0.9267029762268066,0.9824867248535156,0.9470742344856262,0.19282016158103943
nafnet,low,Normal,23,33.76035778225769,0.8802240490913391,0.9672579169273376,0.9221694469451904,0.2658887505531311
nafnet,low,Normal,24,34.63141102617228,0.9171318411827087,0.9805351495742798,0.9422631859779358,0.19224999845027924
nafnet,low,Normal,25,35.63891969537274,0.9389598965644836,0.9854209423065186,0.9520179629325867,0.1462106704711914
nafnet,low,Normal,26,33.82690302154736,0.9141446948051453,0.9815271496772766,0.9409440755844116,0.15953600406646729
nafnet,low,Normal,27,33.962418283001604,0.9138332605361938,0.9790188670158386,0.939229428768158,0.18476396799087524
nafnet,low,Normal,28,35.83644472526592,0.936896026134491,0.9841946959495544,0.9521436095237732,0.1691949963569641
nafnet,low,Normal,29,35.075817323996894,0.9271795749664307,0.9798398017883301,0.9479838609695435,0.20257551968097687
nafnet,low,Normal,30,34.01469945596958,0.892314076423645,0.9727271199226379,0.9317043423652649,0.19339416921138763
nafnet,low,Normal,31,35.04938704761915,0.9304492473602295,0.9839040637016296,0.9475721716880798,0.1593513786792755
nafnet,low,Normal,32,33.96951682997172,0.9085232615470886,0.9748185873031616,0.9398095011711121,0.18245340883731842
nafnet,low,Normal,33,33.47032743715022,0.8944641947746277,0.9756386876106262,0.9298331141471863,0.2010425627231598
nafnet,low,Normal,34,33.53240486832381,0.9119469523429871,0.982404351234436,0.940227210521698,0.15898606181144714
nafnet,low,Normal,35,35.25761682176177,0.9256398677825928,0.9831364154815674,0.9480579495429993,0.15695397555828094
nafnet,low,Normal,36,36.642132055727934,0.9517300724983215,0.9852155447006226,0.9597277641296387,0.12597504258155823
nafnet,low,Normal,37,36.439175804877095,0.9430583715438843,0.9823801517486572,0.955224871635437,0.20017191767692566
nafnet,low,Normal,38,34.736170914214235,0.9276646971702576,0.9827426671981812,0.9488306641578674,0.1507590115070343
nafnet,low,Normal,39,33.480280039121546,0.9039337038993835,0.9776684641838074,0.9346160888671875,0.16917681694030762
nafnet,low,Normal,40,35.17980450075594,0.9313156008720398,0.9816882610321045,0.9477713704109192,0.16419538855552673
nafnet,low,Normal,41,35.69812628163106,0.9264528751373291,0.9806458950042725,0.9483300447463989,0.18474331498146057
nafnet,low,Normal,42,33.245076371324046,0.8995046019554138,0.9774909019470215,0.9335077404975891,0.1808622032403946
nafnet,low,Normal,43,34.85296635587224,0.9220680594444275,0.9814291596412659,0.9406996965408325,0.16881515085697174
nafnet,low,Normal,44,34.87025905498767,0.919456422328949,0.9779632687568665,0.9406992793083191,0.17485642433166504
nafnet,low,Normal,45,34.43708271580583,0.9136783480644226,0.9797109365463257,0.944153904914856,0.18646329641342163
nafnet,low,Normal,46,36.66157388698401,0.9236814379692078,0.9761278629302979,0.9420725703239441,0.200576514005661
nafnet,low,Normal,47,33.83335675917834,0.9210960865020752,0.9825355410575867,0.9417133927345276,0.15671366453170776
nafnet,low,Normal,48,34.66341135225256,0.916426420211792,0.9794809818267822,0.9430465698242188,0.17744842171669006
nafnet,low,Normal,49,34.805838257584284,0.9235430359840393,0.9799107909202576,0.9445797801017761,0.16499951481819153
nafnet,low,Normal,50,34.44648964316087,0.9138232469558716,0.9805827140808105,0.9466266632080078,0.1971711367368698
nafnet,low,Normal,51,35.47145332250259,0.9241622090339661,0.9790869355201721,0.9479995965957642,0.17690551280975342
nafnet,low,Normal,52,34.89834704853084,0.9148862361907959,0.9766753315925598,0.9381645917892456,0.19946810603141785
nafnet,low,Normal,53,34.69521808629657,0.9285325407981873,0.9850484132766724,0.9478906989097595,0.14083799719810486
nafnet,low,Normal,54,35.09100750805995,0.9207497239112854,0.9809437394142151,0.9486054182052612,0.1768171191215515
nafnet,low,Normal,55,35.90178570330949,0.9288915395736694,0.9828605651855469,0.9491409659385681,0.17008742690086365
nafnet,low,Normal,56,36.676014448932555,0.9481586217880249,0.985835075378418,0.9584782719612122,0.17198655009269714
nafnet,low,Normal,57,34.37415016033813,0.9003689289093018,0.9754326939582825,0.9326325058937073,0.20465077459812164
nafnet,low,Normal,58,34.499039068614806,0.9183294177055359,0.9809809923171997,0.9465804696083069,0.17521174252033234
nafnet,low,Normal,59,35.08770100209559,0.9237144589424133,0.9808453917503357,0.9473607540130615,0.17683309316635132
nafnet,low,Normal,60,35.72949647166052,0.9274354577064514,0.9810329079627991,0.9504028558731079,0.17163124680519104
nafnet,low,Normal,61,35.80474172866673,0.9406616687774658,0.9857381582260132,0.9553418755531311,0.1371578872203827
nafnet,low,Normal,62,34.73731039708412,0.9065005779266357,0.9764001965522766,0.9397880434989929,0.21402941644191742
nafnet,low,Normal,63,34.59225096050962,0.9253679513931274,0.9829542636871338,0.9495999217033386,0.15287335216999054
nafnet,low,Normal,64,35.45892298169921,0.9280959367752075,0.9825989603996277,0.9457268118858337,0.17121991515159607
nafnet,low,Normal,65,33.53657909828957,0.9152417778968811,0.9805132746696472,0.9458568096160889,0.16235625743865967
nafnet,low,Normal,66,33.4526366762439,0.8911951780319214,0.9732171893119812,0.9315788149833679,0.20224341750144958
nafnet,low,Normal,67,33.483553315857705,0.9000726342201233,0.9771362543106079,0.9355510473251343,0.19120928645133972
nafnet,low,Normal,68,33.064301474917144,0.8877329230308533,0.9724985361099243,0.9289432764053345,0.20483924448490143
nafnet,low,Normal,69,34.490374999757904,0.9082275032997131,0.9767609238624573,0.9371957182884216,0.20284266769886017
nafnet,low,Normal,70,36.68800741064086,0.9479441046714783,0.985912561416626,0.9568576812744141,0.16977818310260773
nafnet,low,Normal,71,36.14661656036177,0.9198707938194275,0.9758197665214539,0.9460707902908325,0.19839318096637726
nafnet,low,Normal,72,35.75513479591504,0.9281818866729736,0.9815037250518799,0.953080952167511,0.17466704547405243
nafnet,low,Normal,73,36.43396367639458,0.9418217539787292,0.9840071797370911,0.9555259943008423,0.15097638964653015
nafnet,low,Normal,74,35.732082551411054,0.9337069392204285,0.9775964021682739,0.944692075252533,0.2291196584701538
nafnet,low,Normal,75,34.17334126748879,0.9138067364692688,0.9773558974266052,0.9419804811477661,0.17772330343723297
nafnet,low,Normal,76,33.86741852915773,0.9059607982635498,0.9772194623947144,0.9309070110321045,0.20390716195106506
nafnet,low,Normal,77,34.74103677590611,0.9295168519020081,0.9839066863059998,0.9492666125297546,0.13695958256721497
nafnet,low,Normal,78,35.950022750792876,0.9269115924835205,0.9798938035964966,0.9488796591758728,0.21771623194217682
nafnet,low,Normal,79,34.74631337436099,0.9250367879867554,0.9837181568145752,0.9504156112670898,0.1573180854320526
nafnet,low,Normal,80,35.85789490285564,0.9204123616218567,0.9766821265220642,0.9443821907043457,0.2089366614818573
nafnet,low,Normal,81,35.650110702007254,0.9288249611854553,0.9824560880661011,0.9523073434829712,0.17028139531612396
nafnet,low,Normal,82,34.07568898479225,0.9073814749717712,0.9773539900779724,0.9381974935531616,0.17593038082122803
nafnet,low,Normal,83,34.21833744442537,0.9165126085281372,0.9805628657341003,0.9434976577758789,0.17899490892887115
nafnet,low,Normal,84,34.66867367157056,0.9213427901268005,0.9833250641822815,0.9516241550445557,0.15731346607208252
nafnet,low,Normal,85,37.091630909628506,0.9476622939109802,0.9868349432945251,0.9554919004440308,0.17975808680057526
nafnet,low,Normal,86,35.351386560928255,0.9302375316619873,0.9834933280944824,0.949888288974762,0.15501511096954346
nafnet,low,Normal,87,35.548028569776584,0.929032027721405,0.9819045662879944,0.9494861960411072,0.16457176208496094
nafnet,low,Normal,88,34.24851239731471,0.9279530644416809,0.9820525050163269,0.9489189386367798,0.16112297773361206
nafnet,low,Normal,89,35.567675945664114,0.9218174815177917,0.9786794781684875,0.9475496411323547,0.19609075784683228
nafnet,low,Normal,90,35.068493246592645,0.9294885396957397,0.9836097359657288,0.9496756792068481,0.14465689659118652
nafnet,low,Normal,91,34.00250454430168,0.9130657911300659,0.9805226922035217,0.9390814900398254,0.17915508151054382
nafnet,low,Normal,92,36.4205147956583,0.944563627243042,0.9853649735450745,0.9580624103546143,0.16066467761993408
nafnet,low,Normal,93,34.32080579793907,0.907043993473053,0.9770342707633972,0.9415759444236755,0.1892378181219101
nafnet,low,Normal,94,35.71562237922321,0.9410233497619629,0.9847396016120911,0.9520009756088257,0.1531519889831543
nafnet,low,Normal,95,33.93098759597058,0.9065103530883789,0.9759413003921509,0.9353038668632507,0.18931421637535095
nafnet,low,Normal,96,35.10966718431598,0.9241223335266113,0.9814878702163696,0.9487026333808899,0.16595977544784546
nafnet,low,Normal,97,33.60332272110222,0.901343047618866,0.9780717492103577,0.9410668611526489,0.1937931329011917
nafnet,low,Normal,98,34.412643804197835,0.9222431182861328,0.9834038615226746,0.9485054612159729,0.15462054312229156
nafnet,low,Normal,99,35.344515491416786,0.9287129044532776,0.9826847314834595,0.954929769039154,0.1773276925086975
nafnet,low,Normal,100,35.59119531597745,0.9247675538063049,0.980408787727356,0.9498722553253174,0.17948055267333984
nafnet,low,Normal,101,33.90801559935076,0.9091528654098511,0.9779912829399109,0.9430476427078247,0.1933969408273697
nafnet,low,Normal,102,35.39263939176918,0.9307602643966675,0.9828695058822632,0.9444619417190552,0.14580494165420532
nafnet,low,Normal,103,35.566337395306384,0.9293203353881836,0.9820325374603271,0.946857750415802,0.17757511138916016
nafnet,low,Normal,104,34.350054289133325,0.9197744131088257,0.9822090864181519,0.943402111530304,0.1563265025615692
nafnet,low,Normal,105,35.19407048409012,0.9280209541320801,0.9796396493911743,0.9524416923522949,0.15382367372512817
nafnet,low,Normal,106,35.54936239533229,0.9308856129646301,0.9831132292747498,0.949817955493927,0.15007877349853516
nafnet,low,Normal,107,34.87601635202289,0.9227015972137451,0.9811131954193115,0.9461055994033813,0.1606370508670807
nafnet,low,Normal,108,33.649202648849304,0.8902937173843384,0.9728692173957825,0.9252193570137024,0.22041895985603333
nafnet,low,Normal,109,34.24039325349525,0.9008427858352661,0.9765701293945312,0.9362878799438477,0.18666882812976837
nafnet,low,Normal,110,35.107711886885696,0.9143649339675903,0.9767681956291199,0.9460034370422363,0.1852264553308487
nafnet,low,Normal,111,35.823788118696676,0.9248819351196289,0.9797530770301819,0.9416333436965942,0.17636656761169434
nafnet,low,Normal,112,33.67372261193654,0.9078136086463928,0.9774546027183533,0.9382602572441101,0.1788674294948578
nafnet,low,Normal,113,34.12565847806428,0.9028790593147278,0.9772052764892578,0.9346144795417786,0.1831815093755722
nafnet,low,Normal,114,34.67438660478671,0.9105770587921143,0.9798028469085693,0.9361597895622253,0.1998848170042038
nafnet,low,Normal,115,34.71214673363185,0.9199076294898987,0.9817584753036499,0.9489046931266785,0.17376136779785156
nafnet,low,Normal,116,33.889443548280575,0.9183140993118286,0.9827432632446289,0.9420374035835266,0.15454722940921783
nafnet,low,Normal,117,34.97384868458096,0.921516478061676,0.9780589938163757,0.9486219882965088,0.16315823793411255
nafnet,low,Normal,118,34.95442999080285,0.9226638078689575,0.9815388321876526,0.9453039169311523,0.16985876858234406
nafnet,low,Normal,119,36.887745111347755,0.949242115020752,0.9857597947120667,0.9603232145309448,0.14811380207538605
nafnet,low,Normal,120,35.642394874857644,0.9467494487762451,0.9862550497055054,0.9586458802223206,0.13090048730373383
nafnet,low,Normal,121,35.4913311964097,0.9302573204040527,0.9806908369064331,0.9493653178215027,0.14779093861579895
nafnet,low,Normal,122,35.8364752548587,0.9352338910102844,0.98459792137146,0.9563175439834595,0.14742623269557953
nafnet,low,Normal,123,35.753638319558604,0.9310689568519592,0.9834190011024475,0.9506617784500122,0.14718496799468994
nafnet,low,Normal,124,35.10641567107594,0.9225612282752991,0.98125159740448,0.9445883631706238,0.18150167167186737
nafnet,low,Normal,125,34.09307058761536,0.9116970896720886,0.9814754724502563,0.9402427077293396,0.19321653246879578
nafnet,low,Normal,126,35.2296847531551,0.9150371551513672,0.977226734161377,0.9464055895805359,0.21256890892982483
nafnet,low,Normal,127,33.95001818369248,0.8927881121635437,0.9730423092842102,0.9304024577140808,0.21507307887077332
nafnet,low,Normal,128,34.14677877866745,0.9183297157287598,0.9820995330810547,0.942234456539154,0.17201372981071472
nafnet,low,Normal,129,35.18399164022601,0.9295041561126709,0.9841167330741882,0.9500619173049927,0.1480093002319336
nafnet,low,Normal,130,34.697609047201624,0.9273712038993835,0.9846514463424683,0.9476969242095947,0.15166115760803223
nafnet,low,Normal,131,34.685306016395295,0.921279788017273,0.9816092848777771,0.9483692646026611,0.16583837568759918
nafnet,low,Normal,132,34.1717796448057,0.9152209758758545,0.9796777367591858,0.945806086063385,0.1728219985961914
nafnet,low,Normal,133,34.69897227902158,0.9207313656806946,0.9827579259872437,0.9474263191223145,0.15784955024719238
nafnet,low,Normal,134,36.297472450251,0.940353274345398,0.9838973879814148,0.9546064734458923,0.15620994567871094
nafnet,low,Normal,135,35.53914398688725,0.9297287464141846,0.9809135794639587,0.9484990835189819,0.15841858088970184
nafnet,low,Normal,136,34.55330957322742,0.9280913472175598,0.9839749932289124,0.9491866230964661,0.1545809805393219
nafnet,low,Normal,137,34.3495762997638,0.9241891503334045,0.9827531576156616,0.9461925029754639,0.15395531058311462
nafnet,low,Normal,138,35.466796881974815,0.9307326078414917,0.9833838939666748,0.9511899352073669,0.1534842997789383
nafnet,low,Normal,139,33.80021101962521,0.9093219041824341,0.9797000885009766,0.940737783908844,0.1780368983745575
nafnet,low,Normal,140,34.26069857333525,0.910213053226471,0.9784722328186035,0.9388045072555542,0.17318077385425568
nafnet,low,Normal,141,35.25949186878475,0.9208298921585083,0.9784737825393677,0.948183000087738,0.18222838640213013
nafnet,low,Normal,142,33.43088029460241,0.8927633166313171,0.9736355543136597,0.9311659336090088,0.19539774954319
nafnet,low,Normal,143,36.24591960756251,0.9431853890419006,0.9854450821876526,0.9569165706634521,0.141246497631073
nafnet,low,Normal,144,35.09588536297289,0.9277030825614929,0.9820681214332581,0.9527979493141174,0.15754833817481995
nafnet,low,Normal,145,34.07337961261298,0.9245948195457458,0.9819727540016174,0.9475748538970947,0.14237745106220245
nafnet,low,Normal,146,33.705648418419955,0.9033144116401672,0.9777629375457764,0.9393680095672607,0.202991783618927
nafnet,low,Normal,147,33.99394017975639,0.8952140808105469,0.9739109873771667,0.9333691596984863,0.19993147253990173
nafnet,low,Normal,148,35.48773551044954,0.9237220883369446,0.9799043536186218,0.9489182233810425,0.165674090385437
nafnet,low,Normal,149,34.47121195553629,0.919257402420044,0.9827994108200073,0.9483751058578491,0.1659361720085144
nafnet,low,Normal,150,34.73153969404311,0.9003358483314514,0.9740046858787537,0.9376388192176819,0.20147013664245605
nafnet,low,Normal,151,33.86806341855604,0.8859092593193054,0.969917893409729,0.9301273822784424,0.20306150615215302
nafnet,low,Normal,152,33.47566202952657,0.8916964530944824,0.9724164605140686,0.9276378154754639,0.18572908639907837
nafnet,low,Normal,153,35.292962399551065,0.9325035810470581,0.983483076095581,0.9493106603622437,0.16979466378688812
nafnet,low,Normal,154,36.55742532582061,0.9420778155326843,0.9830182790756226,0.9544771313667297,0.18434205651283264
nafnet,low,Normal,155,34.20279791771517,0.9128716588020325,0.9774108529090881,0.9377190470695496,0.17767249047756195
nafnet,low,Normal,156,34.087269526944546,0.9039797782897949,0.9771791100502014,0.9336510896682739,0.19450341165065765
nafnet,low,Normal,157,35.40721575766996,0.9358810186386108,0.9861008524894714,0.9501773715019226,0.14077593386173248
nafnet,low,Normal,158,34.98136973871604,0.9315766096115112,0.9831501841545105,0.9509234428405762,0.14348796010017395
nafnet,low,Normal,159,35.63652546888051,0.9236319065093994,0.9788810014724731,0.9507362842559814,0.19210964441299438
nafnet,low,Normal,160,36.25987775775289,0.939285397529602,0.9804513454437256,0.9514221549034119,0.20921164751052856
nafnet,low,Normal,161,35.579570210590525,0.9289683699607849,0.9826899766921997,0.9493692517280579,0.1576535999774933
nafnet,low,Normal,162,35.50440577798538,0.9375439882278442,0.9849241375923157,0.9499794840812683,0.14723742008209229
nafnet,low,Normal,163,35.54736657116975,0.9321035146713257,0.983174741268158,0.9435633420944214,0.16413182020187378
nafnet,low,Normal,164,36.77828380803347,0.94287109375,0.9833341240882874,0.9557418823242188,0.21750086545944214
nafnet,low,Normal,165,36.83927807053272,0.9354667067527771,0.9793440699577332,0.9473104476928711,0.23763780295848846
nafnet,low,Normal,166,36.580599294671046,0.9387474060058594,0.9845855236053467,0.9509356617927551,0.15332531929016113
nafnet,low,Normal,167,34.66301854411657,0.8997003436088562,0.9711528420448303,0.9353965520858765,0.23932601511478424
nafnet,low,Normal,168,34.76288222226663,0.9324710369110107,0.9839751124382019,0.952796459197998,0.14692121744155884
nafnet,low,Normal,169,32.34181691814293,0.9001995325088501,0.979209303855896,0.9344302415847778,0.1715802550315857
nafnet,low,Normal,170,34.47784128689639,0.9043043851852417,0.9772258996963501,0.936662495136261,0.21052096784114838
nafnet,low,Normal,171,34.475665691262535,0.9074662923812866,0.978200376033783,0.9413120150566101,0.19643914699554443
nafnet,low,Normal,172,34.96079870710064,0.9137619137763977,0.9757832288742065,0.942023515701294,0.19714558124542236
nafnet,low,Normal,173,34.37558273258102,0.8956570625305176,0.9730032086372375,0.9337183237075806,0.20652808248996735
nafnet,low,Normal,174,36.07706442256508,0.929945707321167,0.9819564819335938,0.948916494846344,0.186700701713562
nafnet,low,Normal,175,35.7173717228196,0.941923201084137,0.985875129699707,0.9499930143356323,0.15838637948036194
nafnet,low,Normal,176,35.666698179203216,0.9433633685112,0.9859606623649597,0.9546924233436584,0.14039310812950134
nafnet,low,Normal,177,33.91281979136516,0.8969791531562805,0.974821150302887,0.9318965077400208,0.18496698141098022
nafnet,low,Normal,178,34.739877491847054,0.9121015071868896,0.9771114587783813,0.9443467259407043,0.18478766083717346
nafnet,low,Normal,179,33.70214328326205,0.886580765247345,0.9712043404579163,0.9255416989326477,0.21884557604789734
nafnet,low,Normal,180,33.542703234554246,0.9067268371582031,0.9773740172386169,0.9351425766944885,0.16714581847190857
nafnet,low,Normal,181,35.560293780680894,0.9261475801467896,0.980362057685852,0.9497293829917908,0.1715148538351059
nafnet,low,Normal,182,36.02254260023236,0.9283625483512878,0.9801210165023804,0.948981761932373,0.1874161809682846
nafnet,low,Normal,183,34.84751041445904,0.92011559009552,0.981344997882843,0.9451074004173279,0.178181990981102
nafnet,low,Normal,184,34.981935716431614,0.9203831553459167,0.9807994365692139,0.9498060345649719,0.17726826667785645
nafnet,low,Normal,185,35.55334499297019,0.9277169108390808,0.9823665618896484,0.9476894736289978,0.17033641040325165
nafnet,low,Normal,186,33.88467749847797,0.9022997617721558,0.975594699382782,0.93702632188797,0.19602636992931366
nafnet,low,Normal,187,36.041617611428904,0.943023145198822,0.9843490719795227,0.9565354585647583,0.16826653480529785
nafnet,low,Normal,188,35.65524455084035,0.9195305705070496,0.9780448079109192,0.9415080547332764,0.20776429772377014
nafnet,low,Normal,189,35.13773733648221,0.9119913578033447,0.9762759208679199,0.9379652142524719,0.21238458156585693
nafnet,low,Normal,190,33.66992268128714,0.9017201066017151,0.9765218496322632,0.9334266781806946,0.18851235508918762
nafnet,low,Normal,191,35.99440913213611,0.944726288318634,0.9861171841621399,0.9545817375183105,0.1498086303472519
nafnet,low,Normal,192,37.48622602416562,0.9500526785850525,0.9844372272491455,0.9565041065216064,0.18479779362678528
nafnet,low,Normal,193,34.148596563108235,0.9177187085151672,0.9817125797271729,0.945465624332428,0.1685137152671814
nafnet,low,Normal,194,34.36143315379902,0.908201277256012,0.9765603542327881,0.9419650435447693,0.1806357502937317
nafnet,low,Normal,195,34.538347470254436,0.9139778017997742,0.9778603911399841,0.9430751800537109,0.1727786362171173
nafnet,low,Normal,196,34.990939181755564,0.9161756634712219,0.9772341251373291,0.9429473280906677,0.19317737221717834
nafnet,low,Normal,197,35.2826606539097,0.9262601733207703,0.9829990267753601,0.9471525549888611,0.16343480348587036
nafnet,low,Normal,198,35.925440052103,0.936371386051178,0.9832930564880371,0.9505466818809509,0.19909903407096863
nafnet,low,Normal,199,34.07007434135633,0.9137421250343323,0.9800206422805786,0.9413771629333496,0.16464073956012726
nafnet,low,Normal,200,34.89938655978031,0.92117840051651,0.9818880558013916,0.9472460150718689,0.1728138029575348
nafnet,low,Normal,201,34.879241302874945,0.923368513584137,0.9814216494560242,0.946389377117157,0.1648339331150055
nafnet,low,Normal,202,34.45570611942109,0.9092907309532166,0.9758071303367615,0.9422402381896973,0.1860601007938385
nafnet,low,Normal,203,35.14188037772362,0.9286750555038452,0.9835948944091797,0.9510263204574585,0.1562345325946808
nafnet,low,Normal,204,34.43864613723023,0.9204543828964233,0.9809280633926392,0.9490822553634644,0.15240949392318726
nafnet,low,Normal,205,36.223356566882124,0.9345366954803467,0.9826882481575012,0.9489826560020447,0.1710280478000641
nafnet,low,Normal,206,36.27912672292347,0.9312621355056763,0.9810214042663574,0.9513017535209656,0.17213456332683563
nafnet,low,Normal,207,35.52184832422661,0.9210957288742065,0.9763544797897339,0.9400730729103088,0.17572934925556183
nafnet,low,Normal,208,34.66000967323971,0.9204182028770447,0.9819414019584656,0.9458197355270386,0.16117480397224426
nafnet,low,Normal,209,34.07556686415684,0.9160070419311523,0.9816896915435791,0.9488081932067871,0.16678759455680847
nafnet,low,Normal,210,34.10615170033529,0.8991817831993103,0.9735352993011475,0.9323357343673706,0.22434979677200317
nafnet,low,Normal,211,35.32370242253156,0.9382153153419495,0.9849674105644226,0.9508486986160278,0.13229742646217346
nafnet,low,Normal,212,36.18951148527613,0.9443971514701843,0.9854983687400818,0.9560432434082031,0.15043112635612488
nafnet,low,Normal,213,36.169974741835325,0.9422914981842041,0.9852089285850525,0.9535655975341797,0.16548416018486023
nafnet,low,Normal,214,34.718271156454506,0.918057382106781,0.979814350605011,0.9424332976341248,0.17594289779663086
nafnet,low,Normal,215,34.47674768354579,0.8969364762306213,0.9721618294715881,0.9300609230995178,0.2223058044910431
nafnet,low,Normal,216,34.29180661994186,0.9112026691436768,0.9796773195266724,0.9447612762451172,0.1664319485425949
nafnet,low,Normal,217,36.14982306136434,0.9304004907608032,0.9801662564277649,0.9481978416442871,0.20181307196617126
nafnet,low,Normal,218,34.599646223988266,0.9061136245727539,0.9762316942214966,0.9376963376998901,0.18055585026741028
nafnet,low,Normal,219,35.03785677639694,0.9295701384544373,0.9828933477401733,0.9506173729896545,0.1521541178226471
nafnet,low,Normal,220,36.601000592886315,0.9281328916549683,0.9790753722190857,0.9478320479393005,0.22474068403244019
nafnet,low,Normal,221,35.41756677031473,0.9351326823234558,0.9842237234115601,0.9526764750480652,0.14358192682266235
nafnet,low,Normal,222,34.686062246259816,0.9206123948097229,0.9828280210494995,0.9441526532173157,0.15737119317054749
nafnet,low,Normal,223,34.206445184506215,0.9032756686210632,0.9754638671875,0.9391781091690063,0.21047289669513702
nafnet,low,Normal,224,35.79015230492547,0.9434826374053955,0.9872294068336487,0.9554586410522461,0.13495618104934692
nafnet,low,Normal,225,33.357215831481774,0.8782641887664795,0.972583532333374,0.9227504134178162,0.22754904627799988
nafnet,low,Normal,226,35.92670994715246,0.9335282444953918,0.9831815361976624,0.9532954692840576,0.160851389169693
nafnet,low,Normal,227,34.289762616851405,0.9165844917297363,0.9811400771141052,0.9443722367286682,0.1652485430240631
nafnet,low,Normal,228,36.242857965210945,0.9397616386413574,0.9847577214241028,0.9498775601387024,0.15526121854782104
nafnet,low,Normal,229,34.943711361896916,0.9323243498802185,0.9852795004844666,0.949402391910553,0.1638159602880478
nafnet,low,Normal,230,34.538631759157624,0.9151545166969299,0.9807024002075195,0.9462178945541382,0.16952425241470337
nafnet,low,Normal,231,34.54610145650611,0.9067835807800293,0.976967453956604,0.9381312131881714,0.188673198223114
nafnet,low,Normal,232,36.21932598865194,0.9334878325462341,0.9839085936546326,0.9538889527320862,0.16663122177124023
nafnet,low,Normal,233,35.61675235498186,0.9247751235961914,0.9807880520820618,0.9486247897148132,0.18535277247428894
nafnet,low,Bacterial,234,36.87497615778012,0.9399139881134033,0.9766725897789001,0.9491556286811829,0.21526741981506348
nafnet,low,Bacterial,235,34.59736285918295,0.9159528613090515,0.9758102893829346,0.9372486472129822,0.22873756289482117
nafnet,low,Bacterial,236,36.70561015157006,0.9373714923858643,0.9799038767814636,0.9492787718772888,0.2173953801393509
nafnet,low,Bacterial,237,36.471407852861596,0.9402218461036682,0.9804172515869141,0.9471803307533264,0.21073047816753387
nafnet,low,Bacterial,238,36.92316642576803,0.9327831864356995,0.9745743274688721,0.9418516755104065,0.2655717134475708
nafnet,low,Bacterial,239,36.42812828907732,0.9423702955245972,0.9806146025657654,0.9517200589179993,0.1934051811695099
nafnet,low,Bacterial,240,36.6667718174112,0.9386594295501709,0.9785842895507812,0.946053683757782,0.21181082725524902
nafnet,low,Bacterial,241,35.64915910774721,0.9324954748153687,0.9782995581626892,0.9418632984161377,0.24594202637672424
nafnet,low,Bacterial,242,36.75517141682212,0.9385084509849548,0.980783998966217,0.9476646184921265,0.22103269398212433
nafnet,low,Bacterial,243,35.41272596024223,0.9217612147331238,0.9792019724845886,0.9378872513771057,0.2370234727859497
nafnet,low,Bacterial,244,34.441064368052345,0.9140668511390686,0.9766432642936707,0.936263382434845,0.1837138831615448
nafnet,low,Bacterial,245,35.58525149650639,0.9371166825294495,0.9838166236877441,0.9518107771873474,0.1714497059583664
nafnet,low,Bacterial,246,36.009524837658944,0.9389463067054749,0.9841137528419495,0.9550930261611938,0.19846662878990173
nafnet,low,Bacterial,247,35.50130076720987,0.9347777366638184,0.9828375577926636,0.9502643346786499,0.19909518957138062
nafnet,low,Bacterial,248,37.08385200301466,0.9447268843650818,0.9816740155220032,0.9516468048095703,0.19908204674720764
nafnet,low,Bacterial,249,37.45979068829251,0.9498981237411499,0.9803292155265808,0.9514409303665161,0.23203030228614807
nafnet,low,Bacterial,250,36.94135036313498,0.9361591339111328,0.9741961359977722,0.9428507685661316,0.22608380019664764
nafnet,low,Bacterial,251,34.71986984606869,0.9201791882514954,0.9803124070167542,0.9412926435470581,0.18200744688510895
nafnet,low,Bacterial,252,37.296174461038795,0.9397476315498352,0.9795827269554138,0.9464862942695618,0.22955317795276642
nafnet,low,Bacterial,253,36.152174055406306,0.9340879917144775,0.9788991808891296,0.9464585781097412,0.23487839102745056
nafnet,low,Bacterial,254,34.96877414746002,0.9148155450820923,0.9779415726661682,0.9374088644981384,0.1972075253725052
nafnet,low,Bacterial,255,35.659402248273,0.9279212355613708,0.9773076176643372,0.9440608620643616,0.21256369352340698
nafnet,low,Bacterial,256,34.859374800141076,0.916991651058197,0.9753979444503784,0.9352703094482422,0.21967098116874695
nafnet,low,Bacterial,257,35.970588591223695,0.9351612329483032,0.9778149724006653,0.9447172284126282,0.2330183982849121
nafnet,low,Bacterial,258,35.95622721616142,0.9177279472351074,0.9704126119613647,0.9327529668807983,0.27228736877441406
nafnet,low,Bacterial,259,36.16508354577742,0.9223818182945251,0.974090576171875,0.943236231803894,0.25097227096557617
nafnet,low,Bacterial,260,36.457791258042114,0.9376330375671387,0.9774101376533508,0.9483646154403687,0.22196665406227112
nafnet,low,Bacterial,261,34.368707304283326,0.9192626476287842,0.9792054891586304,0.9392541646957397,0.1729554533958435
nafnet,low,Bacterial,262,37.90656482615095,0.9470686316490173,0.9827322363853455,0.9522582292556763,0.21082043647766113
nafnet,low,Bacterial,263,37.468257776090255,0.9447318911552429,0.9827308058738708,0.9525482058525085,0.2365843802690506
nafnet,low,Bacterial,264,37.380635460014446,0.9383842945098877,0.9775505661964417,0.9457835555076599,0.21606120467185974
nafnet,low,Bacterial,265,37.49863482800748,0.9458123445510864,0.9822005033493042,0.95247483253479,0.23519006371498108
nafnet,low,Bacterial,266,37.13813359797369,0.9414243698120117,0.9823961853981018,0.9448637366294861,0.22496452927589417
nafnet,low,Bacterial,267,35.55167363615728,0.9190342426300049,0.9771736264228821,0.9369933605194092,0.2322104573249817
nafnet,low,Bacterial,268,36.60536343450161,0.9303838610649109,0.9781254529953003,0.9406867027282715,0.2472253441810608
nafnet,low,Bacterial,269,36.32806582347421,0.939382016658783,0.9811806082725525,0.9485580921173096,0.21394279599189758
nafnet,low,Bacterial,270,37.523172346358564,0.9500038027763367,0.9839452505111694,0.9590818881988525,0.19324807822704315
nafnet,low,Bacterial,271,36.7157264584511,0.9438958764076233,0.9853911399841309,0.9512331485748291,0.17848941683769226
nafnet,low,Bacterial,272,37.47399069952238,0.9455441832542419,0.9829707145690918,0.950621485710144,0.2371937781572342
nafnet,low,Bacterial,273,37.415622198415114,0.9491974115371704,0.9814873933792114,0.9540224671363831,0.20773127675056458
nafnet,low,Bacterial,274,35.352806126309815,0.922528862953186,0.9788784384727478,0.9410032033920288,0.19859519600868225
nafnet,low,Bacterial,275,34.677607703019206,0.9184281826019287,0.9756568670272827,0.937311053276062,0.2399585098028183
nafnet,low,Bacterial,276,34.12781729249122,0.9147776961326599,0.9795088171958923,0.9374815225601196,0.16149114072322845
nafnet,low,Bacterial,277,35.78377733082117,0.9234100580215454,0.9745869040489197,0.938913106918335,0.23114478588104248
nafnet,low,Bacterial,278,35.940536578226016,0.9256252646446228,0.9777897596359253,0.9412750601768494,0.2248935103416443
nafnet,low,Bacterial,279,36.133811064784375,0.9351507425308228,0.9812102913856506,0.9454787373542786,0.19819533824920654
nafnet,low,Bacterial,280,36.89995305023946,0.9295598864555359,0.9796409010887146,0.9424740076065063,0.21598133444786072
nafnet,low,Bacterial,281,35.950182927963745,0.9178836345672607,0.9756972789764404,0.935045063495636,0.25187796354293823
nafnet,low,Bacterial,282,34.81760413829551,0.9175142645835876,0.9772482514381409,0.9337902665138245,0.22770196199417114
nafnet,low,Bacterial,283,36.28685977582813,0.9334816336631775,0.9806816577911377,0.9428896307945251,0.22266964614391327
nafnet,low,Bacterial,284,34.414021028283024,0.920030415058136,0.9733554720878601,0.9356659650802612,0.2623480558395386
nafnet,low,Bacterial,285,37.4872425266448,0.9416794776916504,0.9784910082817078,0.9451608657836914,0.24757058918476105
nafnet,low,Bacterial,286,35.39981890893619,0.9330061674118042,0.9804806113243103,0.9458447694778442,0.21037399768829346
nafnet,low,Bacterial,287,35.220803813225935,0.9099346995353699,0.9726492762565613,0.9372915029525757,0.24951806664466858
nafnet,low,Bacterial,288,36.89183893291665,0.940973699092865,0.9800562262535095,0.947693943977356,0.20849034190177917
nafnet,low,Bacterial,289,35.645328845314594,0.9254440069198608,0.977216362953186,0.9381384253501892,0.2173435091972351
nafnet,low,Bacterial,290,37.3088751826573,0.9431239366531372,0.9799999594688416,0.9507546424865723,0.22193709015846252
nafnet,low,Bacterial,291,35.698412627711946,0.9289909601211548,0.9755502343177795,0.940879762172699,0.22929611802101135
nafnet,low,Bacterial,292,35.21698776190952,0.9194263219833374,0.9775969386100769,0.9400458931922913,0.19961905479431152
nafnet,low,Bacterial,293,37.1462099258561,0.9425386786460876,0.9834886789321899,0.9505452513694763,0.2200552076101303
nafnet,low,Bacterial,294,36.483314118206195,0.9380457997322083,0.9807533025741577,0.9502578973770142,0.20568375289440155
nafnet,low,Bacterial,295,35.479635217219574,0.9346391558647156,0.980278730392456,0.9471641778945923,0.21018382906913757
nafnet,low,Bacterial,296,36.6344697738234,0.9409383535385132,0.9829753041267395,0.9490435123443604,0.21213945746421814
nafnet,low,Bacterial,297,36.051602375094504,0.9358106851577759,0.9824000000953674,0.9479575157165527,0.22312402725219727
nafnet,low,Bacterial,298,33.96966217304482,0.9087417125701904,0.9712687730789185,0.9294145703315735,0.23041680455207825
nafnet,low,Bacterial,299,34.34597466094753,0.9148845672607422,0.9727200865745544,0.9342018365859985,0.23936614394187927
nafnet,low,Bacterial,300,34.36585648799178,0.9249255061149597,0.978936493396759,0.9381026029586792,0.21327216923236847
nafnet,low,Bacterial,301,33.9147255855079,0.9010620713233948,0.9718774557113647,0.9347890019416809,0.1885540783405304
nafnet,low,Bacterial,302,35.72546813166103,0.9271287322044373,0.9795330762863159,0.9435792565345764,0.18418702483177185
nafnet,low,Bacterial,303,35.06746117997825,0.9362980127334595,0.980897068977356,0.9480721950531006,0.2347189337015152
nafnet,low,Bacterial,304,36.47809961810302,0.9363069534301758,0.9803456664085388,0.9443972110748291,0.22341281175613403
nafnet,low,Bacterial,305,37.113565793288224,0.9402124881744385,0.9803882837295532,0.9474345445632935,0.20748767256736755
nafnet,low,Bacterial,306,35.69055201046367,0.9375097751617432,0.9809711575508118,0.9465347528457642,0.2207747846841812
nafnet,low,Bacterial,307,35.519229904625576,0.9374582767486572,0.9811733961105347,0.9475555419921875,0.22270521521568298
nafnet,low,Bacterial,308,35.25443872724729,0.9112125039100647,0.9736433625221252,0.9401121735572815,0.21991097927093506
nafnet,low,Bacterial,309,35.70775974691171,0.9294779300689697,0.9788771271705627,0.9485576748847961,0.1935568004846573
nafnet,low,Bacterial,310,34.15049859476071,0.9125044941902161,0.9777219891548157,0.941410481929779,0.174672931432724
nafnet,low,Bacterial,311,35.53428967972765,0.9211230278015137,0.9743706583976746,0.9394596219062805,0.21276581287384033
nafnet,low,Bacterial,312,34.64560797530121,0.9282863140106201,0.9808604717254639,0.9451533555984497,0.1929740309715271
nafnet,low,Bacterial,313,36.198969569287605,0.9268655776977539,0.9746183156967163,0.9393211603164673,0.2762153148651123
nafnet,low,Bacterial,314,35.18389406386768,0.9103508591651917,0.9754993915557861,0.9344074130058289,0.21542418003082275
nafnet,low,Bacterial,315,37.70453520498033,0.9471034407615662,0.9812685251235962,0.9559550285339355,0.23665745556354523
nafnet,low,Bacterial,316,37.21846816604866,0.9431788921356201,0.9805676341056824,0.951170802116394,0.23232188820838928
nafnet,low,Bacterial,317,37.31810682799588,0.9510173201560974,0.9811161756515503,0.9501000642776489,0.24008145928382874
nafnet,low,Bacterial,318,36.684735646788795,0.9423390030860901,0.981055736541748,0.9508931040763855,0.201822429895401
nafnet,low,Bacterial,319,36.66474702181247,0.9360414147377014,0.9785192608833313,0.9471331834793091,0.20761922001838684
nafnet,low,Bacterial,320,37.17901448122619,0.943669319152832,0.9802656173706055,0.946252167224884,0.22670945525169373
nafnet,low,Bacterial,321,34.19607951406241,0.9216083884239197,0.9779030084609985,0.9428567290306091,0.22388873994350433
nafnet,low,Bacterial,322,35.30396504056391,0.9286869168281555,0.9794777631759644,0.943045437335968,0.2089398205280304
nafnet,low,Bacterial,323,35.49921973661745,0.9315078854560852,0.981995165348053,0.9495249390602112,0.18310056626796722
nafnet,low,Bacterial,324,34.70996759332917,0.9278564453125,0.9827219247817993,0.946152925491333,0.18584880232810974
nafnet,low,Bacterial,325,34.12579541518142,0.9246425628662109,0.9831406474113464,0.9416202902793884,0.18330824375152588
nafnet,low,Bacterial,326,35.54090604961827,0.9312317371368408,0.9790739417076111,0.9454755783081055,0.21432214975357056
nafnet,low,Bacterial,327,36.60972718912386,0.9466038346290588,0.9841719269752502,0.9515640735626221,0.20012007653713226
nafnet,low,Bacterial,328,36.60251142304302,0.9434898495674133,0.9828608632087708,0.9502825736999512,0.22770071029663086
nafnet,low,Bacterial,329,35.911763882247364,0.9371340870857239,0.9837849736213684,0.9489997625350952,0.14950516819953918
nafnet,low,Bacterial,330,37.63243681963467,0.943535566329956,0.9809025526046753,0.9480260610580444,0.21068529784679413
nafnet,low,Bacterial,331,36.9667064396082,0.9493849873542786,0.9858757853507996,0.9533122777938843,0.1949118971824646
nafnet,low,Bacterial,332,37.715054318569834,0.9490264654159546,0.9820556640625,0.9534924030303955,0.21120688319206238
nafnet,low,Bacterial,333,37.553207638017085,0.9505730271339417,0.9825403094291687,0.9555590152740479,0.20556771755218506
nafnet,low,Bacterial,334,37.68139855745987,0.9524045586585999,0.9833126664161682,0.9566230773925781,0.20628470182418823
nafnet,low,Bacterial,335,34.87353214244096,0.91061931848526,0.9756957292556763,0.9381393790245056,0.2286037653684616
nafnet,low,Bacterial,336,37.26454280539598,0.9455284476280212,0.9840560555458069,0.9529914259910583,0.19985085725784302
nafnet,low,Bacterial,337,35.8495509697378,0.9290398955345154,0.9791191816329956,0.9399527311325073,0.2129727005958557
nafnet,low,Bacterial,338,37.065544490594085,0.9399793744087219,0.9799750447273254,0.9472951292991638,0.22520560026168823
nafnet,low,Bacterial,339,35.26818704943541,0.9270009398460388,0.9816504120826721,0.9438592195510864,0.1665271818637848
nafnet,low,Bacterial,340,37.0028589668921,0.9411064386367798,0.9791717529296875,0.9464389085769653,0.21135538816452026
nafnet,low,Bacterial,341,36.41780458101098,0.948317289352417,0.9815139770507812,0.9499074220657349,0.21295110881328583
nafnet,low,Bacterial,342,36.215401729649905,0.938003420829773,0.9785960912704468,0.9454005360603333,0.2075202763080597
nafnet,low,Bacterial,343,37.04296946239555,0.949061930179596,0.9810270071029663,0.9476277232170105,0.22930756211280823
nafnet,low,Bacterial,344,37.37729364449054,0.9442077875137329,0.9815667867660522,0.9539304375648499,0.22367563843727112
nafnet,low,Bacterial,345,35.9673840781904,0.9337041974067688,0.9751814007759094,0.9446172714233398,0.23345869779586792
nafnet,low,Bacterial,346,35.08500959298236,0.9309211373329163,0.9777500629425049,0.9413167834281921,0.2066214680671692
nafnet,low,Bacterial,347,36.743839443172746,0.9433096051216125,0.9824976325035095,0.951560378074646,0.22176571190357208
nafnet,low,Bacterial,348,36.05523352297658,0.9258238673210144,0.9772069454193115,0.9410859942436218,0.22854581475257874
nafnet,low,Bacterial,349,37.56824324948359,0.9447002410888672,0.9791079163551331,0.951770007610321,0.2161019742488861
nafnet,low,Bacterial,350,37.86761117458971,0.9468534588813782,0.982847273349762,0.9529129862785339,0.24995683133602142
nafnet,low,Bacterial,351,34.57786439420372,0.9126678109169006,0.9744868874549866,0.9404069185256958,0.2002309262752533
nafnet,low,Bacterial,352,37.08519812582148,0.9411017894744873,0.9818575382232666,0.9531908631324768,0.20182496309280396
nafnet,low,Bacterial,353,36.19102295353672,0.9409191012382507,0.9843218922615051,0.9518122673034668,0.18527987599372864
nafnet,low,Bacterial,354,37.679221023064734,0.9388446807861328,0.9788302183151245,0.9511105418205261,0.2548856735229492
nafnet,low,Bacterial,355,36.776901040341826,0.9305359125137329,0.9794251322746277,0.9483749270439148,0.21969924867153168
nafnet,low,Bacterial,356,36.693176590797236,0.9379708766937256,0.9822134971618652,0.9486765265464783,0.19045928120613098
nafnet,low,Bacterial,357,36.885618971196166,0.9311872720718384,0.9779466390609741,0.9451571106910706,0.2325378656387329
nafnet,low,Bacterial,358,36.73151763258759,0.9301474690437317,0.9763436913490295,0.9438497424125671,0.2933677136898041
nafnet,low,Bacterial,359,35.59362882931582,0.9286015033721924,0.9801446795463562,0.9451619982719421,0.1763576865196228
nafnet,low,Bacterial,360,36.682238177158546,0.9412790536880493,0.9792563915252686,0.9487881660461426,0.21808525919914246
nafnet,low,Bacterial,361,37.30435164113476,0.9455133080482483,0.9813210964202881,0.9518776535987854,0.20930705964565277
nafnet,low,Bacterial,362,36.98736276601211,0.9395776391029358,0.9785161018371582,0.9523674845695496,0.24587780237197876
nafnet,low,Bacterial,363,35.62733625614055,0.9422405362129211,0.9846024513244629,0.9558767676353455,0.18978294730186462
nafnet,low,Bacterial,364,37.69070371227599,0.9481722116470337,0.9821072816848755,0.9536982178688049,0.20454886555671692
nafnet,low,Bacterial,365,34.195844353811935,0.9274924397468567,0.9825398921966553,0.9433562159538269,0.19508931040763855
nafnet,low,Bacterial,366,36.879652517091614,0.9424527883529663,0.98167484998703,0.9499907493591309,0.24488355219364166
nafnet,low,Bacterial,367,35.39420380927443,0.9275346994400024,0.9810962677001953,0.944011390209198,0.180180162191391
nafnet,low,Bacterial,368,36.07146403769028,0.9279032945632935,0.9788060188293457,0.9425606727600098,0.21032866835594177
nafnet,low,Bacterial,369,35.0236245952587,0.9236366152763367,0.9809058308601379,0.9421148300170898,0.18501421809196472
nafnet,low,Bacterial,370,33.97019534947985,0.9140278100967407,0.9798117876052856,0.941738486289978,0.1660911738872528
nafnet,low,Bacterial,371,36.63013200384591,0.9417559504508972,0.9824697971343994,0.9506903886795044,0.1948653757572174
nafnet,low,Bacterial,372,35.4609163414948,0.9170013666152954,0.9770610332489014,0.9360899925231934,0.29034048318862915
nafnet,low,Bacterial,373,36.631937887238855,0.9375349283218384,0.9795870780944824,0.948495626449585,0.20352520048618317
nafnet,low,Bacterial,374,35.60250538559934,0.9303274154663086,0.977962076663971,0.9448480606079102,0.19796647131443024
nafnet,low,Bacterial,375,36.395805116199,0.9415719509124756,0.9825539588928223,0.9485692381858826,0.21891579031944275
nafnet,low,Bacterial,376,34.89888590760054,0.9321625232696533,0.981536328792572,0.9450729489326477,0.21258696913719177
nafnet,low,Bacterial,377,36.30200507083612,0.9468503594398499,0.9843350648880005,0.9483800530433655,0.2161398082971573
nafnet,low,Bacterial,378,35.231826877618325,0.9234538674354553,0.9800252318382263,0.9425842761993408,0.16446542739868164
nafnet,low,Bacterial,379,35.94377746432348,0.9293529391288757,0.9796072840690613,0.9445937275886536,0.22558774054050446
nafnet,low,Bacterial,380,36.86325552501596,0.9441875219345093,0.9800571799278259,0.9527091979980469,0.22097285091876984
nafnet,low,Bacterial,381,34.17785452915017,0.9180548787117004,0.9792981743812561,0.9407100677490234,0.17118018865585327
nafnet,low,Bacterial,382,35.7115541453918,0.9333850741386414,0.9789610505104065,0.9429528117179871,0.20322468876838684
nafnet,low,Bacterial,383,34.50725155858221,0.9191325902938843,0.9780094623565674,0.9363743662834167,0.193511962890625
nafnet,low,Bacterial,384,34.093446549446114,0.9196528792381287,0.9802970290184021,0.9380958080291748,0.16684217751026154
nafnet,low,Bacterial,385,33.94902398830566,0.9088508486747742,0.9775141477584839,0.9393160939216614,0.19015751779079437
nafnet,low,Bacterial,386,36.88819485083155,0.9455587863922119,0.9809812307357788,0.9547857642173767,0.18465079367160797
nafnet,low,Bacterial,387,36.981682339585404,0.9492982625961304,0.9849552512168884,0.9560897350311279,0.17665927112102509
nafnet,low,Bacterial,388,35.19363331309795,0.9363110661506653,0.9853777289390564,0.9499146938323975,0.14112088084220886
nafnet,low,Bacterial,389,34.0976859138451,0.9087617993354797,0.9769225716590881,0.9372966885566711,0.20804601907730103
nafnet,low,Bacterial,390,36.131685495573215,0.929447591304779,0.979692816734314,0.9463567733764648,0.19226250052452087
nafnet,low,Bacterial,391,34.29400921789205,0.9158478379249573,0.9767600893974304,0.9346717596054077,0.26433634757995605
nafnet,low,Bacterial,392,36.48555990587069,0.9380005598068237,0.9792377948760986,0.9485052824020386,0.21603906154632568
nafnet,low,Bacterial,393,36.35005666276967,0.9274583458900452,0.9775075316429138,0.9444820284843445,0.24046871066093445
nafnet,low,Bacterial,394,36.93996905378567,0.9447180032730103,0.9821167588233948,0.9543086886405945,0.2035222202539444
nafnet,low,Bacterial,395,36.51891331137507,0.941624641418457,0.9793177247047424,0.949796199798584,0.19107410311698914
nafnet,low,Bacterial,396,34.48650238036787,0.9029821157455444,0.9734941124916077,0.93112713098526,0.2225143313407898
nafnet,low,Bacterial,397,37.86964457359791,0.9388627409934998,0.9769245386123657,0.9462672472000122,0.23728781938552856
nafnet,low,Bacterial,398,36.958615468566514,0.9318996667861938,0.9770520925521851,0.9420748949050903,0.2642432749271393
nafnet,low,Bacterial,399,34.83720227892539,0.9239357113838196,0.980014443397522,0.9404771327972412,0.22280068695545197
nafnet,low,Bacterial,400,35.73325360420019,0.9312204718589783,0.9816636443138123,0.944639265537262,0.1848980337381363
nafnet,low,Bacterial,401,34.24224091959981,0.9080860018730164,0.9759916067123413,0.9350054264068604,0.2057596743106842
nafnet,low,Bacterial,402,36.9213678276016,0.9390867352485657,0.9782686233520508,0.9464427828788757,0.22981391847133636
nafnet,low,Bacterial,403,36.158844517084276,0.9408606886863708,0.982772946357727,0.9495437741279602,0.20237694680690765
nafnet,low,Bacterial,404,36.06184901282276,0.9309638738632202,0.9782646894454956,0.9397122859954834,0.2144230604171753
nafnet,low,Bacterial,405,35.30805483691657,0.9158523082733154,0.9756858348846436,0.9403592944145203,0.23334982991218567
nafnet,low,Bacterial,406,38.18061810709808,0.9549444317817688,0.9841712117195129,0.9581774473190308,0.1839384138584137
nafnet,low,Bacterial,407,35.59440470670797,0.9339209794998169,0.9781277179718018,0.9464788436889648,0.21234294772148132
nafnet,low,Bacterial,408,35.9855653016158,0.9368723034858704,0.982567310333252,0.9472545981407166,0.20100945234298706
nafnet,low,Bacterial,409,35.03155007378467,0.9254404902458191,0.9805716276168823,0.9393682479858398,0.19133490324020386
nafnet,low,Bacterial,410,34.021675997803264,0.9054372906684875,0.9752285480499268,0.9363605976104736,0.2028687298297882
nafnet,low,Bacterial,411,35.63146314840404,0.925946831703186,0.9770752787590027,0.9397287368774414,0.2216048538684845
nafnet,low,Bacterial,412,36.5688142983426,0.9376570582389832,0.9806542992591858,0.9450150728225708,0.21846932172775269
nafnet,low,Bacterial,413,34.14350940474414,0.9075562953948975,0.9735665917396545,0.931949257850647,0.18729591369628906
nafnet,low,Bacterial,414,37.351508441760764,0.9440640211105347,0.9808517694473267,0.946846604347229,0.22990180552005768
nafnet,low,Bacterial,415,36.15042677417342,0.9336520433425903,0.9797124862670898,0.9459003210067749,0.23568004369735718
nafnet,low,Bacterial,416,37.952804547894516,0.9504840970039368,0.9848520159721375,0.9537221789360046,0.2174295336008072
nafnet,low,Bacterial,417,36.38026932283652,0.9266005754470825,0.9781807661056519,0.9424530267715454,0.209465891122818
nafnet,low,Bacterial,418,37.141096370260776,0.9417186975479126,0.9845837354660034,0.955642580986023,0.19153757393360138
nafnet,low,Bacterial,419,36.06775336674974,0.932637095451355,0.9831465482711792,0.9516454339027405,0.15333090722560883
nafnet,low,Bacterial,420,36.55264971773298,0.9432758092880249,0.9845839738845825,0.9553080201148987,0.18629033863544464
nafnet,low,Bacterial,421,36.21485130503909,0.9359015822410583,0.9824152588844299,0.9518741369247437,0.18023280799388885
nafnet,low,Bacterial,422,35.53074046604066,0.9285688400268555,0.979363203048706,0.9424238204956055,0.21336378157138824
nafnet,low,Bacterial,423,36.29734096865707,0.9380336403846741,0.9802062511444092,0.9509345889091492,0.21227872371673584
nafnet,low,Bacterial,424,36.31247020163782,0.9374276399612427,0.9806720614433289,0.9506317973136902,0.214803084731102
nafnet,low,Bacterial,425,36.975188215634915,0.937670111656189,0.9810435175895691,0.9480870366096497,0.23120568692684174
nafnet,low,Bacterial,426,38.98535552763729,0.9576515555381775,0.9838743209838867,0.9554297924041748,0.22078166902065277
nafnet,low,Bacterial,427,38.2142465077234,0.9468040466308594,0.9790801405906677,0.9486753344535828,0.273875892162323
nafnet,low,Bacterial,428,36.97717466076702,0.9390215873718262,0.9781043529510498,0.9455987215042114,0.26475462317466736
nafnet,low,Bacterial,429,34.68740363265605,0.9138534665107727,0.9778072834014893,0.9422294497489929,0.20112206041812897
nafnet,low,Bacterial,430,37.41584527696623,0.9493647217750549,0.984332799911499,0.9541080594062805,0.20568031072616577
nafnet,low,Bacterial,431,37.61216546700274,0.9439648985862732,0.9786986112594604,0.9440994262695312,0.23782911896705627
nafnet,low,Bacterial,432,37.05456817386331,0.9423101544380188,0.9805670380592346,0.9519280195236206,0.21014463901519775
nafnet,low,Bacterial,433,35.57020615372709,0.9197507500648499,0.9779098033905029,0.9383997917175293,0.2466771900653839
nafnet,low,Bacterial,434,36.402127378472244,0.9374259114265442,0.9816358089447021,0.9462364315986633,0.20422175526618958
nafnet,low,Bacterial,435,35.512674336964515,0.9360994696617126,0.9831438660621643,0.9471823573112488,0.19752511382102966
nafnet,low,Bacterial,436,34.94293140021002,0.9285875558853149,0.983148455619812,0.9451747536659241,0.15138578414916992
nafnet,low,Bacterial,437,37.65767467016812,0.9415311813354492,0.9801819920539856,0.9506675004959106,0.18334157764911652
nafnet,low,Bacterial,438,34.80487898055384,0.9163865447044373,0.9769765138626099,0.9377642869949341,0.21402089297771454
nafnet,low,Bacterial,439,36.1363221537287,0.9293591380119324,0.9799761176109314,0.9438326358795166,0.2265760600566864
nafnet,low,Bacterial,440,34.9331883660505,0.921403706073761,0.9810872077941895,0.9423233270645142,0.20555570721626282
nafnet,low,Bacterial,441,34.835229629435695,0.9167112708091736,0.9777502417564392,0.9412235021591187,0.2050439864397049
nafnet,low,Bacterial,442,36.98949697571982,0.9424832463264465,0.9829884767532349,0.9499361515045166,0.211440771818161
nafnet,low,Bacterial,443,36.9632355091913,0.9408403635025024,0.9777690172195435,0.950145423412323,0.21731901168823242
nafnet,low,Bacterial,444,36.00491094868122,0.9360312223434448,0.9835991263389587,0.9464208483695984,0.20934119820594788
nafnet,low,Bacterial,445,36.52286039518878,0.9350733160972595,0.9795495867729187,0.9446403980255127,0.23424114286899567
nafnet,low,Bacterial,446,36.28078512003245,0.9370673894882202,0.980186939239502,0.94429612159729,0.23596832156181335
nafnet,low,Bacterial,447,37.30103845562466,0.9364225268363953,0.9818477630615234,0.9418726563453674,0.2462066113948822
nafnet,low,Bacterial,448,36.81941197131572,0.9377239942550659,0.9825661778450012,0.9495953917503357,0.276434987783432
nafnet,low,Bacterial,449,35.01519209114878,0.9061846137046814,0.9759842157363892,0.9374865889549255,0.215352863073349
nafnet,low,Bacterial,450,35.356874504496496,0.932719349861145,0.9810701012611389,0.9471904635429382,0.21185380220413208
nafnet,low,Bacterial,451,34.17569120158105,0.9107592105865479,0.9769017100334167,0.9359153509140015,0.1796269714832306
nafnet,low,Bacterial,452,35.17239292331764,0.9260149002075195,0.9768874645233154,0.9415906071662903,0.21348674595355988
nafnet,low,Bacterial,453,37.301867533690974,0.9448866844177246,0.9804102778434753,0.9503782391548157,0.21143123507499695
nafnet,low,Bacterial,454,35.50660742155746,0.9369859099388123,0.9814392328262329,0.948824405670166,0.20326833426952362
nafnet,low,Bacterial,455,37.37567533154251,0.9433056116104126,0.9790441989898682,0.9501379728317261,0.23251551389694214
nafnet,low,Bacterial,456,33.82535558712466,0.8932558298110962,0.9715411067008972,0.932992696762085,0.23936374485492706
nafnet,low,Bacterial,457,36.95087243891041,0.9385966658592224,0.9787729382514954,0.9462112188339233,0.24158647656440735
nafnet,low,Bacterial,458,37.296909003815585,0.9526368379592896,0.9843177199363708,0.9542301893234253,0.2222515046596527
nafnet,low,Bacterial,459,37.91517834189917,0.9507293701171875,0.9830147624015808,0.9524886012077332,0.2228049635887146
nafnet,low,Bacterial,460,36.059342601199575,0.9326572418212891,0.980204164981842,0.9486529231071472,0.19405139982700348
nafnet,low,Bacterial,461,36.044550997379915,0.9395613670349121,0.9837684035301208,0.9503101706504822,0.1723046600818634
nafnet,low,Bacterial,462,35.04196651829421,0.9194263219833374,0.9790938496589661,0.9438469409942627,0.181278795003891
nafnet,low,Bacterial,463,37.17936502960226,0.9396935701370239,0.9789618849754333,0.9463855624198914,0.23356734216213226
nafnet,low,Bacterial,464,35.76037152774684,0.9300097227096558,0.9801068902015686,0.9438508152961731,0.20433397591114044
nafnet,low,Bacterial,465,36.80618468903533,0.9372034072875977,0.9801833629608154,0.9491592049598694,0.22432735562324524
nafnet,low,Bacterial,466,35.96564791417541,0.9282191395759583,0.9784036874771118,0.9433582425117493,0.22903190553188324
nafnet,low,Bacterial,467,35.88429312072096,0.9182686805725098,0.9775317311286926,0.9362501502037048,0.2810686230659485
nafnet,low,Bacterial,468,36.81932780831226,0.9443386793136597,0.9817383289337158,0.9533282518386841,0.1707352101802826
nafnet,low,Bacterial,469,37.25645999240022,0.9382869601249695,0.9792139530181885,0.9436712861061096,0.22145774960517883
nafnet,low,Bacterial,470,36.19725549362239,0.9379432797431946,0.9772642850875854,0.9441671967506409,0.2209796905517578
nafnet,low,Bacterial,471,35.01969919365085,0.9148627519607544,0.9770151972770691,0.9389963150024414,0.18314704298973083
nafnet,low,Bacterial,472,35.41754520845869,0.9243869185447693,0.9796617031097412,0.944188117980957,0.1744706928730011
nafnet,low,Bacterial,473,33.83326082022193,0.9214406609535217,0.9779812693595886,0.9386565089225769,0.22795191407203674
nafnet,low,Bacterial,474,35.06295900985982,0.9331390857696533,0.9809827208518982,0.946117639541626,0.21411292254924774
nafnet,low,Bacterial,475,33.7721360030807,0.9057688117027283,0.9771521687507629,0.9326885938644409,0.19600698351860046
nafnet,low,Viral,476,35.342063645038834,0.9303745031356812,0.981966495513916,0.9507610201835632,0.21314287185668945
nafnet,low,Viral,477,35.75233912867178,0.937279999256134,0.9825933575630188,0.9543502926826477,0.1822584569454193
nafnet,low,Viral,478,35.83162809988842,0.9358327388763428,0.9819713830947876,0.9543019533157349,0.19013118743896484
nafnet,low,Viral,479,36.14451384818506,0.9315077662467957,0.9813950061798096,0.9434095025062561,0.19909235835075378
nafnet,low,Viral,480,37.45950548515762,0.9430583715438843,0.979004442691803,0.9454035758972168,0.26243630051612854
nafnet,low,Viral,481,35.69026430795418,0.9422147274017334,0.9831244349479675,0.9491193890571594,0.21733641624450684
nafnet,low,Viral,482,34.450818405096044,0.907810628414154,0.975388765335083,0.9316798448562622,0.20578044652938843
nafnet,low,Viral,483,36.211665658989695,0.9349120259284973,0.9770034551620483,0.9437969923019409,0.21595171093940735
nafnet,low,Viral,484,35.99674559193743,0.936935544013977,0.9759395122528076,0.9408198595046997,0.25656378269195557
nafnet,low,Viral,485,35.87356051262118,0.9285250902175903,0.9786036610603333,0.945705235004425,0.2276661992073059
nafnet,low,Viral,486,36.55556466153194,0.9273349046707153,0.9751417636871338,0.9407443404197693,0.26479971408843994
nafnet,low,Viral,487,36.48100597035924,0.9310296773910522,0.9807714819908142,0.9476771950721741,0.20926058292388916
nafnet,low,Viral,488,35.56167868695116,0.9375166296958923,0.9842092990875244,0.951309859752655,0.17197999358177185
nafnet,low,Viral,489,36.331257662807744,0.9356281161308289,0.9820668697357178,0.9512393474578857,0.2028605341911316
nafnet,low,Viral,490,35.998589809441896,0.9277181029319763,0.9799864292144775,0.9442609548568726,0.2402026653289795
nafnet,low,Viral,491,35.563775306490825,0.9275628924369812,0.9803472757339478,0.9478229284286499,0.21871209144592285
nafnet,low,Viral,492,35.500898835331505,0.9276500940322876,0.9818231463432312,0.9492767453193665,0.20642337203025818
nafnet,low,Viral,493,35.8383762658372,0.9314932227134705,0.9816130995750427,0.950153648853302,0.19906631112098694
nafnet,low,Viral,494,35.72223502569657,0.9269007444381714,0.9804088473320007,0.948314368724823,0.2060960829257965
nafnet,low,Viral,495,35.01849520983916,0.9275804162025452,0.9811801314353943,0.9479436278343201,0.18715772032737732
nafnet,low,Viral,496,36.20891554247817,0.9243442416191101,0.97935551404953,0.9439602494239807,0.25058624148368835
nafnet,low,Viral,497,35.737187814245246,0.9410510659217834,0.9842560887336731,0.9514768123626709,0.16292181611061096
nafnet,low,Viral,498,36.671161332668404,0.9373061656951904,0.9830823540687561,0.9521607756614685,0.20690204203128815
nafnet,low,Viral,499,36.592719730810224,0.9304256439208984,0.9796038269996643,0.9451916813850403,0.1927582174539566
nafnet,low,Viral,500,35.185000891844794,0.9112184047698975,0.9756331443786621,0.9398576021194458,0.24449589848518372
nafnet,low,Viral,501,34.855377741388146,0.9271458983421326,0.9821420907974243,0.9456721544265747,0.16126954555511475
nafnet,low,Viral,502,35.78170290754011,0.9331570267677307,0.9811534881591797,0.9507343173027039,0.18328073620796204
nafnet,low,Viral,503,35.33494910566726,0.9353839755058289,0.982869565486908,0.9520924687385559,0.18469224870204926
nafnet,low,Viral,504,35.37494104713813,0.9257825016975403,0.9820031523704529,0.9465542435646057,0.21731865406036377
nafnet,low,Viral,505,36.48455303955468,0.936296820640564,0.9831042289733887,0.9494883418083191,0.18184396624565125
nafnet,low,Viral,506,35.42704807110429,0.9177260398864746,0.9777513146400452,0.9413697719573975,0.22195836901664734
nafnet,low,Viral,507,34.317786404050935,0.9093308448791504,0.9764690399169922,0.9363217949867249,0.20719629526138306
nafnet,low,Viral,508,36.90929473654614,0.9345150589942932,0.980038046836853,0.9474493861198425,0.2482057362794876
nafnet,low,Viral,509,35.171631919571965,0.9274076819419861,0.982196569442749,0.9445533156394958,0.19392046332359314
nafnet,low,Viral,510,33.44519891019742,0.9214462041854858,0.9780538082122803,0.9412099719047546,0.19279423356056213
nafnet,low,Viral,511,35.44814510651045,0.9344478249549866,0.9823312163352966,0.9517237544059753,0.1716233789920807
nafnet,low,Viral,512,37.39489217027835,0.9403257966041565,0.9815002083778381,0.9534226059913635,0.20494674146175385
nafnet,low,Viral,513,34.919622951867055,0.9291540384292603,0.9811052083969116,0.9465874433517456,0.21073147654533386
nafnet,low,Viral,514,34.555349070812554,0.9316707849502563,0.9814192056655884,0.9440575242042542,0.1757928729057312
nafnet,low,Viral,515,36.02412051300299,0.9302384257316589,0.9818457961082458,0.9448526501655579,0.22110602259635925
nafnet,low,Viral,516,36.51925242398059,0.9346134662628174,0.9808152318000793,0.9478556513786316,0.19916559755802155
nafnet,low,Viral,517,35.155160423995405,0.9265471696853638,0.9808583855628967,0.9468797445297241,0.21383395791053772
nafnet,low,Viral,518,34.54497973261374,0.9190932512283325,0.9813616871833801,0.9412938952445984,0.17026029527187347
nafnet,low,Viral,519,36.94970631936053,0.9518942832946777,0.9860008358955383,0.9616694450378418,0.15123048424720764
nafnet,low,Viral,520,36.38785626856005,0.9380481839179993,0.9823954105377197,0.9526852369308472,0.21099230647087097
nafnet,low,Viral,521,36.03816584902172,0.9410163164138794,0.983096718788147,0.9507259726524353,0.1674608290195465
nafnet,low,Viral,522,36.648735626059946,0.9412474632263184,0.9851394891738892,0.9528716206550598,0.18071794509887695
nafnet,low,Viral,523,36.852153881117985,0.9356369972229004,0.9827718734741211,0.9525305032730103,0.24004429578781128
nafnet,low,Viral,524,36.94888796808368,0.9383660554885864,0.9818111658096313,0.9512670636177063,0.24964280426502228
nafnet,low,Viral,525,37.025621942335654,0.943127453327179,0.9840630292892456,0.9544849991798401,0.19245308637619019
nafnet,low,Viral,526,36.28652865645078,0.9269972443580627,0.9788908958435059,0.9465035796165466,0.25142383575439453
nafnet,low,Viral,527,36.07961798576436,0.9207221269607544,0.9755159616470337,0.9387204051017761,0.2694138288497925
nafnet,low,Viral,528,36.08800242013324,0.9324274063110352,0.9810624718666077,0.9458211660385132,0.21186210215091705
nafnet,low,Viral,529,33.77206219388765,0.8799954652786255,0.9712659120559692,0.9246575236320496,0.24401235580444336
nafnet,low,Viral,530,36.089148688236094,0.9318779706954956,0.9808170199394226,0.9506688117980957,0.21226729452610016
nafnet,low,Viral,531,35.941482228129416,0.9397042393684387,0.9827194809913635,0.9510226845741272,0.17638596892356873
nafnet,low,Viral,532,36.038131837649836,0.9342575073242188,0.97801274061203,0.9488083124160767,0.2138700783252716
nafnet,low,Viral,533,35.58087309578197,0.933459460735321,0.9810556769371033,0.9478888511657715,0.18611423671245575
nafnet,low,Viral,534,34.20715975392703,0.9187899231910706,0.9786315560340881,0.9446514248847961,0.21725423634052277
nafnet,low,Viral,535,35.29634298332938,0.931290864944458,0.9800190329551697,0.9477070569992065,0.1880161464214325
nafnet,low,Viral,536,36.68642293618397,0.9285441040992737,0.9783361554145813,0.939865231513977,0.26269471645355225
nafnet,low,Viral,537,35.372026916809084,0.9177709221839905,0.9803276062011719,0.9418600797653198,0.27492624521255493
nafnet,low,Viral,538,36.81457448729257,0.9334660172462463,0.9806820154190063,0.9465667605400085,0.27472594380378723
nafnet,low,Viral,539,35.857065630597546,0.9402520060539246,0.9840269088745117,0.9522871971130371,0.15609246492385864
nafnet,low,Viral,540,36.18696394628625,0.933829665184021,0.9839313626289368,0.9505703449249268,0.19062454998493195
nafnet,low,Viral,541,35.312933660226726,0.929648220539093,0.9822103977203369,0.9495055675506592,0.18469233810901642
nafnet,low,Viral,542,37.050529934952465,0.9464598894119263,0.9859467148780823,0.9558491706848145,0.18401211500167847
nafnet,low,Viral,543,37.62917750429828,0.9475844502449036,0.9801995754241943,0.9481523633003235,0.24106672406196594
nafnet,low,Viral,544,34.76772545533545,0.9298803210258484,0.9831876754760742,0.9419750571250916,0.19394081830978394
nafnet,low,Viral,545,34.97276061427301,0.9341815114021301,0.983612060546875,0.9461198449134827,0.19523867964744568
nafnet,low,Viral,546,36.6032121087507,0.9328276515007019,0.9801976084709167,0.9446640610694885,0.23374658823013306
nafnet,low,Viral,547,36.54685936516681,0.9323817491531372,0.9782764911651611,0.9440951943397522,0.2486432045698166
nafnet,low,Viral,548,35.058854483542426,0.9276275634765625,0.9794580936431885,0.943657636642456,0.20717516541481018
nafnet,low,Viral,549,37.646457135983226,0.9317086338996887,0.9809815287590027,0.9448180198669434,0.26758256554603577
nafnet,low,Viral,550,37.729090706964854,0.9328135848045349,0.9817829728126526,0.9453631639480591,0.2642180323600769
nafnet,low,Viral,551,35.64384700971401,0.9292136430740356,0.9829685091972351,0.9459472894668579,0.214944526553154
nafnet,low,Viral,552,36.72452993105601,0.9443044066429138,0.9825347065925598,0.952324628829956,0.23207852244377136
nafnet,low,Viral,553,36.964582455053744,0.9426172971725464,0.9820537567138672,0.9495097994804382,0.19804567098617554
nafnet,low,Viral,554,35.53891636948323,0.9253959655761719,0.9792347550392151,0.9475460648536682,0.2111039161682129
nafnet,low,Viral,555,35.106299341926224,0.9324902296066284,0.9822792410850525,0.9506571888923645,0.18552333116531372
nafnet,low,Viral,556,35.993491078573776,0.9305999279022217,0.9803863167762756,0.9485490322113037,0.18370115756988525
nafnet,low,Viral,557,36.44285769169834,0.9296430945396423,0.9810778498649597,0.9420329332351685,0.21368682384490967
nafnet,low,Viral,558,35.799371493927445,0.9370827078819275,0.9825515747070312,0.9499446749687195,0.1943446695804596
nafnet,low,Viral,559,36.714112860511904,0.925561785697937,0.9760802388191223,0.9428357481956482,0.26150450110435486
nafnet,low,Viral,560,37.012742872162136,0.9376566410064697,0.9808679223060608,0.9514908194541931,0.2090717852115631
nafnet,low,Viral,561,35.699941378019176,0.9354822039604187,0.9821413159370422,0.9479442238807678,0.1809498518705368
nafnet,low,Viral,562,36.071228223464196,0.9382127523422241,0.9834772348403931,0.9516178965568542,0.18402306735515594
nafnet,low,Viral,563,36.05307983702863,0.9311995506286621,0.9821322560310364,0.9497610926628113,0.1831226348876953
nafnet,low,Viral,564,36.04940061133263,0.9382206797599792,0.9812483191490173,0.952627956867218,0.19149655103683472
nafnet,low,Viral,565,36.8106738076033,0.9384896159172058,0.9827823638916016,0.9488598704338074,0.22798141837120056
nafnet,low,Viral,566,35.29062623163259,0.9338048696517944,0.9838518500328064,0.950325608253479,0.20532403886318207
nafnet,low,Viral,567,35.921274317290155,0.9435986876487732,0.9854040145874023,0.9546676874160767,0.18176685273647308
nafnet,low,Viral,568,35.49394717545831,0.9329061508178711,0.9830114841461182,0.9477434754371643,0.19560104608535767
nafnet,low,Viral,569,35.608671986059555,0.9199124574661255,0.9791046380996704,0.9435999393463135,0.25064170360565186
nafnet,low,Viral,570,35.08830303610015,0.9311239123344421,0.981521487236023,0.9492565989494324,0.17665353417396545
nafnet,low,Viral,571,36.3462716551891,0.9339818358421326,0.9821950197219849,0.9510166049003601,0.18626900017261505
nafnet,low,Viral,572,35.25783652521856,0.9202106595039368,0.9774202108383179,0.9417440891265869,0.22836163640022278
nafnet,low,Viral,573,36.141350510990016,0.9363287687301636,0.9823952317237854,0.9519926905632019,0.17229658365249634
nafnet,low,Viral,574,37.54361740602568,0.9483608603477478,0.980403482913971,0.9583820700645447,0.23600754141807556
nafnet,low,Viral,575,36.50931969137044,0.941891610622406,0.9842976331710815,0.953385055065155,0.18614113330841064
nafnet,low,Viral,576,35.79945413656922,0.9347708225250244,0.9817345142364502,0.9508795142173767,0.18736636638641357
nafnet,low,Viral,577,35.22048589110747,0.9320211410522461,0.9778631925582886,0.9471344947814941,0.2105814665555954
nafnet,low,Viral,578,37.135020580533485,0.9446239471435547,0.9854187965393066,0.9569398760795593,0.18832480907440186
nafnet,low,Viral,579,35.34800401435089,0.936968982219696,0.9832360148429871,0.9493348598480225,0.1641560196876526
nafnet,low,Viral,580,35.78789608684033,0.9414837956428528,0.9833856225013733,0.9543425440788269,0.18278101086616516
nafnet,low,Viral,581,35.70957369775791,0.9432200193405151,0.9847727417945862,0.9530847072601318,0.1601792424917221
nafnet,low,Viral,582,35.64245511976142,0.9267219305038452,0.9794837236404419,0.9445993304252625,0.20794305205345154
nafnet,low,Viral,583,36.07962618581726,0.9272586703300476,0.9772129654884338,0.9448492527008057,0.20943860709667206
nafnet,low,Viral,584,36.85004080578569,0.9317442178726196,0.9803145527839661,0.9457703232765198,0.24773970246315002
nafnet,low,Viral,585,36.87213468221398,0.9418918490409851,0.9841068983078003,0.9544572830200195,0.2069079577922821
nafnet,low,Viral,586,36.062554457042204,0.9226546883583069,0.9777497053146362,0.9382416009902954,0.23820284008979797
nafnet,low,Viral,587,36.86654084785903,0.937144935131073,0.9789638519287109,0.9433286190032959,0.20072777569293976
nafnet,low,Viral,588,35.27907203937178,0.9197961091995239,0.9795118570327759,0.9417734742164612,0.22415560483932495
nafnet,low,Viral,589,33.01118158063637,0.9026646018028259,0.9781703948974609,0.9356316924095154,0.16405102610588074
nafnet,low,Viral,590,35.493818197582684,0.9317523837089539,0.9815070033073425,0.9455646872520447,0.20488877594470978
nafnet,low,Viral,591,35.08803586301347,0.9342808127403259,0.9839099645614624,0.9507895708084106,0.17767900228500366
nafnet,low,Viral,592,35.48577316494851,0.9419599175453186,0.9858498573303223,0.9510453343391418,0.16497892141342163
nafnet,low,Viral,593,37.0654287313641,0.9246980547904968,0.975756824016571,0.9416055679321289,0.18309718370437622
nafnet,low,Viral,594,37.0505405097468,0.9390241503715515,0.983269989490509,0.9554116725921631,0.19931389391422272
nafnet,low,Viral,595,36.753948325695625,0.9389469623565674,0.9815027117729187,0.9501617550849915,0.2019699066877365
nafnet,low,Viral,596,36.242793311522696,0.9295168519020081,0.9771695137023926,0.9463752508163452,0.26591992378234863
nafnet,low,Viral,597,35.92510915875142,0.9343032836914062,0.9812499284744263,0.9496108889579773,0.21685439348220825
nafnet,low,Viral,598,34.74955659055719,0.9257274270057678,0.9785628914833069,0.9446055889129639,0.2272476851940155
nafnet,low,Viral,599,35.11136951387418,0.9331988096237183,0.983796238899231,0.9479161500930786,0.16606831550598145
nafnet,low,Viral,600,35.9520343481458,0.9288507699966431,0.9785559773445129,0.9466958045959473,0.21171371638774872
nafnet,low,Viral,601,36.508507837734655,0.9365108013153076,0.9828868508338928,0.9535976648330688,0.20736220479011536
nafnet,low,Viral,602,35.2848427323156,0.9326747059822083,0.9820640683174133,0.9489817023277283,0.1924188882112503
nafnet,low,Viral,603,35.64060459242099,0.9403989911079407,0.9830272197723389,0.9512680172920227,0.19270634651184082
nafnet,low,Viral,604,35.9236108093875,0.9427711367607117,0.9840973019599915,0.9538252949714661,0.1776905059814453
nafnet,low,Viral,605,36.7157080648026,0.9383338689804077,0.9848882555961609,0.950427234172821,0.2032167911529541
nafnet,low,Viral,606,36.344615576495585,0.9314647316932678,0.9819403290748596,0.9502548575401306,0.22316902875900269
nafnet,low,Viral,607,36.516925952063986,0.9351516962051392,0.9821556210517883,0.9540491700172424,0.19812935590744019
nafnet,low,Viral,608,37.03330545279,0.9407957792282104,0.9795680642127991,0.9498313665390015,0.22265419363975525
nafnet,low,Viral,609,36.974013030840666,0.9448906183242798,0.9775444269180298,0.9530824422836304,0.218674898147583
nafnet,low,Viral,610,37.14264201375373,0.9415025115013123,0.9820584058761597,0.9527280926704407,0.2082788646221161
nafnet,low,Viral,611,35.04803739468719,0.9332262873649597,0.9810787439346313,0.9491751194000244,0.1848793476819992
nafnet,low,Viral,612,34.738338784024386,0.9228731393814087,0.9818038940429688,0.9452421069145203,0.19168992340564728
nafnet,low,Viral,613,35.705269915869664,0.9318450093269348,0.9817371964454651,0.9519383311271667,0.19417798519134521
nafnet,low,Viral,614,36.60060072122863,0.9366620779037476,0.9811323285102844,0.951326847076416,0.23255985975265503
nafnet,low,Viral,615,36.7677455654933,0.9342270493507385,0.9818796515464783,0.9478551149368286,0.21299070119857788
nafnet,low,Viral,616,36.730465798417406,0.9423816800117493,0.984049379825592,0.9507279992103577,0.20014001429080963
nafnet,low,Viral,617,36.029447862042986,0.9310324192047119,0.9795981049537659,0.9494332075119019,0.21849557757377625
nafnet,low,Viral,618,35.40848287175867,0.9289071559906006,0.9805870652198792,0.947102963924408,0.19871488213539124
nafnet,low,Viral,619,35.592157655147304,0.9257650375366211,0.9791378378868103,0.9478126168251038,0.1963869333267212
nafnet,low,Viral,620,35.60017474328174,0.9363412857055664,0.984251081943512,0.9501333832740784,0.1833595335483551
nafnet,low,Viral,621,38.28211514236943,0.9491313099861145,0.9819954037666321,0.9566605687141418,0.2606061100959778
nafnet,low,Viral,622,36.079728687784936,0.9318199753761292,0.980676531791687,0.9486903548240662,0.20043793320655823
nafnet,low,Viral,623,36.186452043956876,0.9323365688323975,0.9830622673034668,0.9484185576438904,0.19576188921928406
scunet,low,Normal,0,35.89984592121158,0.9380117654800415,0.9840694069862366,0.9564374685287476,0.1413077712059021
scunet,low,Normal,1,34.25216193565427,0.9075132608413696,0.978402316570282,0.9387136101722717,0.18113771080970764
scunet,low,Normal,2,35.13628983443104,0.929681122303009,0.9829326868057251,0.948188841342926,0.1600877344608307
scunet,low,Normal,3,36.233361797299736,0.9503687620162964,0.9872888922691345,0.9605871438980103,0.12795543670654297
scunet,low,Normal,4,34.93784870882606,0.9046382904052734,0.9744553565979004,0.9406837224960327,0.19112420082092285
scunet,low,Normal,5,36.39483730399381,0.942552924156189,0.9864920377731323,0.9575049877166748,0.1613878607749939
scunet,low,Normal,6,35.914838785000214,0.9294654130935669,0.9815673232078552,0.9520726203918457,0.1984413117170334
scunet,low,Normal,7,36.35085388391529,0.9452106356620789,0.9848265647888184,0.9582470059394836,0.15444035828113556
scunet,low,Normal,8,34.65574987141717,0.9305656552314758,0.9825477004051208,0.9542885422706604,0.14659647643566132
scunet,low,Normal,9,34.70230945327184,0.919517993927002,0.9807828664779663,0.9492394328117371,0.16766521334648132
scunet,low,Normal,10,35.48630379156373,0.9396559000015259,0.9861466884613037,0.9570629000663757,0.12619028985500336
scunet,low,Normal,11,35.23145334184888,0.9194454550743103,0.9812101125717163,0.9487179517745972,0.1913653314113617
scunet,low,Normal,12,35.522593900500084,0.9228634834289551,0.9811375737190247,0.9448492527008057,0.19419291615486145
scunet,low,Normal,13,36.750398642894815,0.9379717707633972,0.9811318516731262,0.9541597366333008,0.15869444608688354
scunet,low,Normal,14,36.84302734603148,0.9497989416122437,0.9811679720878601,0.9632077813148499,0.10393493622541428
scunet,low,Normal,15,34.75354726955346,0.9110461473464966,0.9783877730369568,0.9404669404029846,0.2169826626777649
scunet,low,Normal,16,36.27830822341732,0.9402503371238708,0.9835182428359985,0.9556365013122559,0.16395063698291779
scunet,low,Normal,17,35.69425870437297,0.9285269975662231,0.9810271859169006,0.9483109712600708,0.16701841354370117
scunet,low,Normal,18,35.292124825411946,0.9275761842727661,0.9839012026786804,0.9490084052085876,0.14437095820903778
scunet,low,Normal,19,36.035368161868675,0.9365854263305664,0.9848474860191345,0.9555259346961975,0.16054293513298035
scunet,low,Normal,20,37.482804827178896,0.9558919072151184,0.988150954246521,0.9627472758293152,0.12392561137676239
scunet,low,Normal,21,36.103414504794856,0.937009334564209,0.9841319918632507,0.955416202545166,0.15486037731170654
scunet,low,Normal,22,35.97825323465946,0.929835319519043,0.9832060933113098,0.9490495920181274,0.19138047099113464
scunet,low,Normal,23,33.97702901667703,0.8855316042900085,0.9687985181808472,0.9263147115707397,0.25337928533554077
scunet,low,Normal,24,35.07874113698361,0.9246724843978882,0.9824328422546387,0.9476509094238281,0.18223530054092407
scunet,low,Normal,25,36.010759533808105,0.9438608884811401,0.9865793585777283,0.9554381966590881,0.14158028364181519
scunet,low,Normal,26,34.08534025899788,0.918549120426178,0.9824190139770508,0.9442139267921448,0.157492533326149
scunet,low,Normal,27,34.33554673313422,0.9195843935012817,0.9806638360023499,0.9437182545661926,0.18301163613796234
scunet,low,Normal,28,36.190880984569134,0.9425560235977173,0.984856367111206,0.9553356766700745,0.15605835616588593
scunet,low,Normal,29,35.292830275288544,0.9305510520935059,0.9806311726570129,0.950432538986206,0.18541067838668823
scunet,low,Normal,30,34.26382224423166,0.8984293341636658,0.974185585975647,0.9373084902763367,0.18132761120796204
scunet,low,Normal,31,35.44815264003611,0.9360591173171997,0.9848278164863586,0.9520952105522156,0.15436342358589172
scunet,low,Normal,32,34.348791121129125,0.9154059886932373,0.9770095944404602,0.9449448585510254,0.17246495187282562
scunet,low,Normal,33,33.77948131747323,0.9009047746658325,0.9774061441421509,0.9342530965805054,0.1960107982158661
scunet,low,Normal,34,34.077748753258234,0.9205752611160278,0.9841693043708801,0.945907711982727,0.14722862839698792
scunet,low,Normal,35,35.723065855705045,0.9330120086669922,0.9853115081787109,0.9537301063537598,0.1473132222890854
scunet,low,Normal,36,37.28737605431121,0.9561269879341125,0.986767053604126,0.9645648002624512,0.11154742538928986
scunet,low,Normal,37,36.82813395775669,0.9474706053733826,0.9834932088851929,0.9593186974525452,0.18671149015426636
scunet,low,Normal,38,34.987384336612365,0.9323118925094604,0.9838723540306091,0.9518830180168152,0.14377352595329285
scunet,low,Normal,39,33.851164425817956,0.9103282690048218,0.979088306427002,0.9385524392127991,0.16363009810447693
scunet,low,Normal,40,35.544390184788945,0.936089277267456,0.9830871820449829,0.9518083930015564,0.15273821353912354
scunet,low,Normal,41,36.10069756393676,0.9333105683326721,0.98234623670578,0.953279435634613,0.17568913102149963
scunet,low,Normal,42,33.5906991915572,0.9079128503799438,0.9795699715614319,0.9396123886108398,0.1723954826593399
scunet,low,Normal,43,35.18545304591221,0.927625298500061,0.9828988909721375,0.9450082182884216,0.1613319367170334
scunet,low,Normal,44,35.16191735163084,0.9250759482383728,0.9790918827056885,0.9451593160629272,0.1675647497177124
scunet,low,Normal,45,34.7153304604393,0.9184371829032898,0.980930745601654,0.9473840594291687,0.18238121271133423
scunet,low,Normal,46,37.06466801274797,0.9296354055404663,0.9783253073692322,0.9471281170845032,0.1828458607196808
scunet,low,Normal,47,34.19458639631011,0.9268003106117249,0.984007716178894,0.9462504386901855,0.15013985335826874
scunet,low,Normal,48,34.94653293929331,0.9220522046089172,0.9805009961128235,0.9473804235458374,0.16571372747421265
scunet,low,Normal,49,35.20340911242524,0.9297478795051575,0.9818983674049377,0.9497976303100586,0.15631797909736633
scunet,low,Normal,50,34.76065213782506,0.9196985960006714,0.981889009475708,0.9496508240699768,0.19192764163017273
scunet,low,Normal,51,35.85804587373883,0.9295580983161926,0.9811661243438721,0.9515550136566162,0.17021313309669495
scunet,low,Normal,52,35.24378940733351,0.9213864207267761,0.9788110852241516,0.944244921207428,0.18874868750572205
scunet,low,Normal,53,35.13561059469702,0.9345921277999878,0.9863497018814087,0.9527042508125305,0.13531948626041412
scunet,low,Normal,54,35.57388357435811,0.9276891350746155,0.9826425909996033,0.952940821647644,0.16580283641815186
scunet,low,Normal,55,36.22232129592691,0.9330752491950989,0.9838736653327942,0.9533863663673401,0.16486069560050964
scunet,low,Normal,56,37.010477827176146,0.9517267942428589,0.9868035912513733,0.9613834619522095,0.1612432897090912
scunet,low,Normal,57,34.66127759642969,0.9062119126319885,0.9766291975975037,0.9370823502540588,0.19855636358261108
scunet,low,Normal,58,34.9501192912727,0.927045464515686,0.9832088947296143,0.9527596831321716,0.1614735871553421
scunet,low,Normal,59,35.43328962682472,0.9294400811195374,0.9823505878448486,0.9515020847320557,0.1663057506084442
scunet,low,Normal,60,36.18548986240278,0.9341476559638977,0.98320472240448,0.9548292756080627,0.15660539269447327
scunet,low,Normal,61,36.20233411573237,0.9453253149986267,0.9868324398994446,0.9588505029678345,0.131380096077919
scunet,low,Normal,62,34.98913388497457,0.9105406403541565,0.9778344631195068,0.9436072707176208,0.20749899744987488
scunet,low,Normal,63,35.037290720987,0.9312772154808044,0.9844396114349365,0.9531583786010742,0.14698649942874908
scunet,low,Normal,64,35.84156166964012,0.9340219497680664,0.9841707944869995,0.9500622153282166,0.1671791821718216
scunet,low,Normal,65,33.97378140784363,0.9234364032745361,0.9827430844306946,0.9499266743659973,0.15132197737693787
scunet,low,Normal,66,33.713321896173184,0.8974779844284058,0.9744197130203247,0.9357365369796753,0.19336239993572235
scunet,low,Normal,67,33.74731747809598,0.9051558971405029,0.9782557487487793,0.939301609992981,0.19146671891212463
scunet,low,Normal,68,33.40348384444145,0.8946359753608704,0.9741525650024414,0.9353319406509399,0.19859491288661957
scunet,low,Normal,69,34.89747056918074,0.9148004055023193,0.9784831404685974,0.9421179294586182,0.18653222918510437
scunet,low,Normal,70,37.09810012585789,0.9517301917076111,0.9871812462806702,0.9599676132202148,0.15113115310668945
scunet,low,Normal,71,36.62158933686049,0.9271411299705505,0.9780609607696533,0.9518888592720032,0.18126025795936584
scunet,low,Normal,72,36.172417825907694,0.9337462782859802,0.9827306270599365,0.9569101929664612,0.16686135530471802
scunet,low,Normal,73,36.89112871467862,0.9467991590499878,0.9854696393013,0.9590035676956177,0.14188440144062042
scunet,low,Normal,74,35.97951162447012,0.9367915391921997,0.9781444072723389,0.9481027722358704,0.20992301404476166
scunet,low,Normal,75,34.99346035557819,0.9207795858383179,0.9789454340934753,0.9496788382530212,0.164133682847023
scunet,low,Normal,76,34.318496299089574,0.9128723740577698,0.9788810014724731,0.9371957778930664,0.1888282597064972
scunet,low,Normal,77,35.10281255267192,0.9346670508384705,0.9852741360664368,0.9530661106109619,0.13166527450084686
scunet,low,Normal,78,36.427199884775696,0.9321526885032654,0.9816105961799622,0.9526358842849731,0.2129068374633789
scunet,low,Normal,79,35.13261075604288,0.9304200410842896,0.984738290309906,0.9544647932052612,0.149833545088768
scunet,low,Normal,80,36.155435512513485,0.9247733354568481,0.977786660194397,0.9469647407531738,0.19647729396820068
scunet,low,Normal,81,36.0727727579975,0.9346944093704224,0.9837997555732727,0.9564471244812012,0.16139526665210724
scunet,low,Normal,82,34.446367193792604,0.914347767829895,0.9788170456886292,0.9439237117767334,0.1649722456932068
scunet,low,Normal,83,34.51510567336698,0.9212128520011902,0.9816091656684875,0.9467293620109558,0.17610934376716614
scunet,low,Normal,84,34.953991767657996,0.9261942505836487,0.984287440776825,0.9548976421356201,0.15330687165260315
scunet,low,Normal,85,37.399707611924555,0.9512848258018494,0.9878085255622864,0.9593427181243896,0.17018941044807434
scunet,low,Normal,86,35.67983321491595,0.9350709915161133,0.9848287105560303,0.9537248015403748,0.14724957942962646
scunet,low,Normal,87,35.92968652813075,0.9350932836532593,0.9832398295402527,0.9544122815132141,0.15408682823181152
scunet,low,Normal,88,34.69413950990544,0.9338458180427551,0.9830377697944641,0.9540308713912964,0.15140531957149506
scunet,low,Normal,89,35.89040824936701,0.9265027046203613,0.979773223400116,0.9501724243164062,0.19439342617988586
scunet,low,Normal,90,35.50766440937232,0.9358097910881042,0.9850731492042542,0.9537293314933777,0.13190807402133942
scunet,low,Normal,91,34.29565688681254,0.9182324409484863,0.98187655210495,0.9437223672866821,0.17090362310409546
scunet,low,Normal,92,36.81452987269087,0.9488711953163147,0.9868028163909912,0.9616975784301758,0.14936621487140656
scunet,low,Normal,93,34.615512753768776,0.9127389192581177,0.9783080220222473,0.9451671838760376,0.18052899837493896
scunet,low,Normal,94,36.14463870243567,0.9445558190345764,0.9859458208084106,0.9563353657722473,0.14406195282936096
scunet,low,Normal,95,34.139043477631375,0.9109798073768616,0.976589024066925,0.9389412999153137,0.1797512173652649
scunet,low,Normal,96,35.54086077833509,0.930808424949646,0.9831571578979492,0.9535365700721741,0.15796203911304474
scunet,low,Normal,97,33.87990679061735,0.9071866869926453,0.9795094728469849,0.944478452205658,0.18719640374183655
scunet,low,Normal,98,34.86517463634841,0.9285675287246704,0.9849159717559814,0.9522789716720581,0.15071581304073334
scunet,low,Normal,99,35.685417933803706,0.9339333772659302,0.9839957356452942,0.9587081074714661,0.16840854287147522
scunet,low,Normal,100,36.05234842800225,0.9316646456718445,0.982315182685852,0.9552406072616577,0.16839289665222168
scunet,low,Normal,101,34.170136038172274,0.9135901927947998,0.9791136980056763,0.9464043974876404,0.18760378658771515
scunet,low,Normal,102,35.777527869097895,0.9369795322418213,0.9846426844596863,0.9496386647224426,0.1380397379398346
scunet,low,Normal,103,36.10013831382198,0.935177206993103,0.9838509559631348,0.9507873058319092,0.1762058585882187
scunet,low,Normal,104,34.73393194340512,0.9257612824440002,0.9835637211799622,0.9476883411407471,0.14673268795013428
scunet,low,Normal,105,35.51355239983379,0.9316304922103882,0.9801872968673706,0.9544012546539307,0.14717575907707214
scunet,low,Normal,106,35.90755163431457,0.9363970756530762,0.9844228029251099,0.9537407755851746,0.13968491554260254
scunet,low,Normal,107,35.341970235783855,0.9300991892814636,0.9830601215362549,0.9513985514640808,0.1456325352191925
scunet,low,Normal,108,34.052986499768174,0.8992865681648254,0.9750162959098816,0.9324907660484314,0.20746789872646332
scunet,low,Normal,109,34.66209991125612,0.909649133682251,0.9788257479667664,0.9427006244659424,0.176396906375885
scunet,low,Normal,110,35.73867105097621,0.9254199266433716,0.9794020056724548,0.9535542130470276,0.16304804384708405
scunet,low,Normal,111,36.172977560228816,0.9304871559143066,0.9812256097793579,0.9463181495666504,0.17059113085269928
scunet,low,Normal,112,34.19710068238699,0.9153975248336792,0.9799114465713501,0.9438365697860718,0.1724272072315216
scunet,low,Normal,113,34.49892973057631,0.9093725681304932,0.978859007358551,0.9402311444282532,0.1686573624610901
scunet,low,Normal,114,35.01017681433758,0.9164520502090454,0.9810572266578674,0.9401950240135193,0.19101257622241974
scunet,low,Normal,115,34.95992497929949,0.922935426235199,0.9823802709579468,0.9514182806015015,0.1696287840604782
scunet,low,Normal,116,34.22435080461067,0.9234504699707031,0.9839208126068115,0.945900559425354,0.15251173079013824
scunet,low,Normal,117,35.63470984776695,0.9270446300506592,0.9793708324432373,0.9526668190956116,0.1547757387161255
scunet,low,Normal,118,35.385943929188116,0.9300953149795532,0.983386218547821,0.9501845240592957,0.15973937511444092
scunet,low,Normal,119,37.34461242234612,0.9545776844024658,0.9874695539474487,0.9644839763641357,0.13042572140693665
scunet,low,Normal,120,36.55180686963313,0.9560282230377197,0.9885138273239136,0.9651862978935242,0.1062055230140686
scunet,low,Normal,121,35.843661491787856,0.9359023571014404,0.9820645451545715,0.9541898965835571,0.13536104559898376
scunet,low,Normal,122,36.20355578877438,0.9408838748931885,0.9861344695091248,0.9603463411331177,0.1404004991054535
scunet,low,Normal,123,36.185891620808725,0.9373475909233093,0.9848083257675171,0.9556800127029419,0.13522525131702423
scunet,low,Normal,124,35.54171920222273,0.9290801286697388,0.9831660389900208,0.9492102265357971,0.17379653453826904
scunet,low,Normal,125,34.462037059889816,0.917242169380188,0.982619047164917,0.9443730711936951,0.18571673333644867
scunet,low,Normal,126,35.474552218209006,0.9199924468994141,0.9786009788513184,0.9493674039840698,0.20648109912872314
scunet,low,Normal,127,34.22792186609018,0.8988269567489624,0.974138617515564,0.9365131855010986,0.19960761070251465
scunet,low,Normal,128,34.47069036817121,0.9234766364097595,0.983367383480072,0.9462917447090149,0.16911719739437103
scunet,low,Normal,129,35.468106877799684,0.9345114827156067,0.9850711822509766,0.9535248279571533,0.13904467225074768
scunet,low,Normal,130,35.04260059091849,0.9319781064987183,0.9857662916183472,0.9512776136398315,0.1472976952791214
scunet,low,Normal,131,35.00309850453003,0.9254154562950134,0.9827831387519836,0.9516327977180481,0.1593516767024994
scunet,low,Normal,132,34.47464842508896,0.9201963543891907,0.9808986783027649,0.949135959148407,0.16556425392627716
scunet,low,Normal,133,35.14261635939524,0.927358865737915,0.9841812252998352,0.9524373412132263,0.1495264172554016
scunet,low,Normal,134,36.68462459799904,0.9456797242164612,0.9854880571365356,0.9579882621765137,0.14317819476127625
scunet,low,Normal,135,35.77003540305228,0.9338268041610718,0.9817723035812378,0.9510766863822937,0.15071067214012146
scunet,low,Normal,136,35.018221459496715,0.9340336918830872,0.9852343797683716,0.954704225063324,0.1467616707086563
scunet,low,Normal,137,34.808889479059026,0.9306738972663879,0.9842721223831177,0.9511751532554626,0.14747120440006256
scunet,low,Normal,138,35.85446489526987,0.9357098340988159,0.9844456315040588,0.9552520513534546,0.14277151226997375
scunet,low,Normal,139,34.15245078493089,0.9161702394485474,0.9814807176589966,0.9446907639503479,0.17403461039066315
scunet,low,Normal,140,34.614910264643015,0.9160327315330505,0.9796120524406433,0.9435722231864929,0.16664119064807892
scunet,low,Normal,141,35.50717294317532,0.9260290861129761,0.9796396493911743,0.9519360661506653,0.1697746068239212
scunet,low,Normal,142,33.781267586492724,0.899870753288269,0.9758158326148987,0.9362280368804932,0.18606042861938477
scunet,low,Normal,143,36.814425166752216,0.9488956928253174,0.9871614575386047,0.9613715410232544,0.13583555817604065
scunet,low,Normal,144,35.51962903164748,0.9343933463096619,0.9838161468505859,0.9566782712936401,0.1500127911567688
scunet,low,Normal,145,34.777348791831244,0.9339016079902649,0.9836354851722717,0.954150378704071,0.12680691480636597
scunet,low,Normal,146,33.981995256329604,0.9087289571762085,0.9792608022689819,0.9429899454116821,0.20100662112236023
scunet,low,Normal,147,34.38448710677961,0.9022226333618164,0.9757871031761169,0.9396094679832458,0.1911599040031433
scunet,low,Normal,148,35.917802300428,0.9297663569450378,0.9809159636497498,0.9536061882972717,0.1510246992111206
scunet,low,Normal,149,34.77218759804939,0.9253031611442566,0.9840947985649109,0.9520394206047058,0.15761803090572357
scunet,low,Normal,150,34.97830669922861,0.9064425826072693,0.975187361240387,0.9427485466003418,0.1901869922876358
scunet,low,Normal,151,34.22478745570491,0.8941898941993713,0.9723586440086365,0.935144305229187,0.18949174880981445
scunet,low,Normal,152,33.81037921442412,0.899262011051178,0.9744652509689331,0.9327210783958435,0.17513781785964966
scunet,low,Normal,153,35.68616919136392,0.9370577931404114,0.9846664667129517,0.9536346793174744,0.16037248075008392
scunet,low,Normal,154,36.84954818833444,0.9458527565002441,0.9844276309013367,0.9569272398948669,0.17333921790122986
scunet,low,Normal,155,34.58234940615376,0.9192779064178467,0.9793099761009216,0.9422265887260437,0.17420794069766998
scunet,low,Normal,156,34.47975735124286,0.9117557406425476,0.9790849089622498,0.9395090937614441,0.17754143476486206
scunet,low,Normal,157,35.79565132138352,0.941580593585968,0.9873754978179932,0.9546521306037903,0.13270598649978638
scunet,low,Normal,158,35.396798264663026,0.9376465082168579,0.9844290614128113,0.9557297229766846,0.13345283269882202
scunet,low,Normal,159,35.87821888271708,0.9280428290367126,0.9800554513931274,0.9530861377716064,0.1831548810005188
scunet,low,Normal,160,36.497251737432414,0.9429886937141418,0.9816664457321167,0.954519510269165,0.19742028415203094
scunet,low,Normal,161,36.04508940654378,0.93535315990448,0.9841844439506531,0.9543641209602356,0.14696045219898224
scunet,low,Normal,162,35.93064616045722,0.9428834319114685,0.9860498309135437,0.9552687406539917,0.13767530024051666
scunet,low,Normal,163,35.9862414074605,0.9386064410209656,0.9848045706748962,0.9486798644065857,0.15580080449581146
scunet,low,Normal,164,37.162362403452214,0.9467272162437439,0.9846451878547668,0.9585853219032288,0.20798540115356445
scunet,low,Normal,165,37.1609898522384,0.9396488070487976,0.981035590171814,0.951791524887085,0.22529934346675873
scunet,low,Normal,166,37.05186929332921,0.9447969794273376,0.9861525893211365,0.9566548466682434,0.13784241676330566
scunet,low,Normal,167,34.98319092173118,0.9043385982513428,0.9728145003318787,0.9379236698150635,0.23156428337097168
scunet,low,Normal,168,35.18226811390483,0.9377126693725586,0.9850001931190491,0.9558302760124207,0.13905343413352966
scunet,low,Normal,169,32.75413100185434,0.9086151719093323,0.9813027381896973,0.9396384954452515,0.16444504261016846
scunet,low,Normal,170,34.81822046606702,0.9102109670639038,0.9787434935569763,0.9402925968170166,0.2049553096294403
scunet,low,Normal,171,34.79008025262969,0.9130379557609558,0.9795907735824585,0.9456124901771545,0.1831284463405609
scunet,low,Normal,172,35.35933212404994,0.9200454950332642,0.9779868721961975,0.9472872614860535,0.18725359439849854
scunet,low,Normal,173,34.668378519799234,0.902042031288147,0.9747219085693359,0.9392566680908203,0.19580408930778503
scunet,low,Normal,174,36.5099817331473,0.9361483454704285,0.9836711883544922,0.9540796875953674,0.17395657300949097
scunet,low,Normal,175,36.164887019405725,0.9467817544937134,0.9871603846549988,0.9535818696022034,0.1447945535182953
scunet,low,Normal,176,36.00488374560881,0.9478107690811157,0.9868607521057129,0.9582201838493347,0.1300409436225891
scunet,low,Normal,177,34.2424601408738,0.904921293258667,0.9767282605171204,0.938742995262146,0.1774289309978485
scunet,low,Normal,178,35.11266515827024,0.9180276989936829,0.9789686799049377,0.948033332824707,0.17593857645988464
scunet,low,Normal,179,34.03043692376188,0.8937540054321289,0.9731578230857849,0.930778443813324,0.20805200934410095
scunet,low,Normal,180,33.98628761922105,0.9135979413986206,0.9793896079063416,0.9404774904251099,0.1619141846895218
scunet,low,Normal,181,35.891862300368956,0.9300215840339661,0.981354832649231,0.9528088569641113,0.15655644237995148
scunet,low,Normal,182,36.4036241363556,0.9336870312690735,0.9817478060722351,0.9534441232681274,0.18490248918533325
scunet,low,Normal,183,35.242745268738545,0.9262072443962097,0.9828360080718994,0.9493762850761414,0.1692899912595749
scunet,low,Normal,184,35.40238997311293,0.9272778630256653,0.9826066493988037,0.9536560773849487,0.17050059139728546
scunet,low,Normal,185,36.018007839175986,0.9337247610092163,0.984080970287323,0.9524058103561401,0.1613117754459381
scunet,low,Normal,186,34.3697785283713,0.9107041358947754,0.9783132672309875,0.9430447816848755,0.18402403593063354
scunet,low,Normal,187,36.480190399512146,0.9474828243255615,0.985764741897583,0.960517406463623,0.152178555727005
scunet,low,Normal,188,35.95417732854254,0.9243000149726868,0.9796702265739441,0.9456336498260498,0.20218630135059357
scunet,low,Normal,189,35.38910959868445,0.9169667959213257,0.9778181314468384,0.9420323967933655,0.20465153455734253
scunet,low,Normal,190,33.98091879785564,0.9070717692375183,0.9776757955551147,0.9379633665084839,0.18112845718860626
scunet,low,Normal,191,36.34126448760985,0.9484841823577881,0.9871910214424133,0.9572654366493225,0.1434991955757141
scunet,low,Normal,192,37.92544708693381,0.9537444710731506,0.9856469035148621,0.9601998925209045,0.16886939108371735
scunet,low,Normal,193,34.595781314419774,0.9244329333305359,0.9833326935768127,0.9507312178611755,0.1604796051979065
scunet,low,Normal,194,34.79324885403324,0.9156203269958496,0.9783496260643005,0.9477025866508484,0.17245453596115112
scunet,low,Normal,195,34.920423462215545,0.9213385581970215,0.979953944683075,0.9481837749481201,0.16314518451690674
scunet,low,Normal,196,35.31171773491061,0.9224194884300232,0.9792052507400513,0.946908175945282,0.18574362993240356
scunet,low,Normal,197,35.6525115027173,0.931397557258606,0.9840888977050781,0.9517079591751099,0.15846392512321472
scunet,low,Normal,198,36.257605769298785,0.9401294589042664,0.984440803527832,0.9542549252510071,0.18663734197616577
scunet,low,Normal,199,34.47929358967683,0.9219335913658142,0.981782853603363,0.9464660882949829,0.15581554174423218
scunet,low,Normal,200,35.27276887198066,0.9271435737609863,0.9833653569221497,0.9514603614807129,0.16233964264392853
scunet,low,Normal,201,35.17045200368422,0.9283043146133423,0.9824381470680237,0.9507688283920288,0.154758483171463
scunet,low,Normal,202,34.72135366578775,0.9126299619674683,0.9770110249519348,0.9436096549034119,0.19015321135520935
scunet,low,Normal,203,35.47863144019617,0.9337261319160461,0.9847607016563416,0.9548032879829407,0.14618384838104248
scunet,low,Normal,204,34.861389034216444,0.9270630478858948,0.9822806119918823,0.953052818775177,0.1452079713344574
scunet,low,Normal,205,36.66204885965225,0.9392566680908203,0.9838922619819641,0.9539732336997986,0.1560569852590561
scunet,low,Normal,206,36.83131755400074,0.9375596046447754,0.9821385145187378,0.9559324979782104,0.15446558594703674
scunet,low,Normal,207,36.078636653738265,0.9298971891403198,0.9800637364387512,0.9466788172721863,0.16345642507076263
scunet,low,Normal,208,35.02475000643375,0.9261974096298218,0.9830573201179504,0.9503375887870789,0.1519014537334442
scunet,low,Normal,209,34.39163114039393,0.9212225079536438,0.9827826619148254,0.9520081281661987,0.15510207414627075
scunet,low,Normal,210,34.44141721978565,0.9054975509643555,0.9756476283073425,0.9357585310935974,0.21741065382957458
scunet,low,Normal,211,35.67742941370919,0.9433630704879761,0.9862004518508911,0.955748975276947,0.12037806957960129
scunet,low,Normal,212,36.63398587087433,0.9498306512832642,0.9869872331619263,0.9598218202590942,0.13376930356025696
scunet,low,Normal,213,36.67459685354161,0.9471701979637146,0.9866290092468262,0.9577022790908813,0.15501508116722107
scunet,low,Normal,214,35.11372607804482,0.9250121116638184,0.9816092848777771,0.9480199217796326,0.16337384283542633
scunet,low,Normal,215,34.64577301237944,0.901573657989502,0.9732974767684937,0.9343079924583435,0.21216264367103577
scunet,low,Normal,216,34.59952229531336,0.9160260558128357,0.9806980490684509,0.9480480551719666,0.15697571635246277
scunet,low,Normal,217,36.39877989826302,0.9340393543243408,0.9812829494476318,0.9509820938110352,0.19409358501434326
scunet,low,Normal,218,34.85568124025142,0.9113984107971191,0.977307915687561,0.9407742023468018,0.1731092929840088
scunet,low,Normal,219,35.54944268284122,0.9374926090240479,0.984879732131958,0.9556401371955872,0.14200621843338013
scunet,low,Normal,220,36.96235117492931,0.9329889416694641,0.9810734391212463,0.9513447284698486,0.2177489995956421
scunet,low,Normal,221,35.748043110713255,0.940005362033844,0.9854147434234619,0.9556890726089478,0.13559672236442566
scunet,low,Normal,222,35.09790361312346,0.9269481301307678,0.9842700362205505,0.9490155577659607,0.14945104718208313
scunet,low,Normal,223,34.51149632400076,0.9084169864654541,0.9770503044128418,0.9434585571289062,0.20575785636901855
scunet,low,Normal,224,36.23305649981765,0.9481348991394043,0.9880962371826172,0.9594995379447937,0.1245705634355545
scunet,low,Normal,225,33.63543826878693,0.8838499784469604,0.974276065826416,0.9267529249191284,0.22345823049545288
scunet,low,Normal,226,36.235223248839,0.9380157589912415,0.9841815233230591,0.9565991163253784,0.14795422554016113
scunet,low,Normal,227,34.83000230567535,0.9257663488388062,0.9835414290428162,0.9508859515190125,0.15439759194850922
scunet,low,Normal,228,36.57669221385902,0.9439531564712524,0.9855961203575134,0.954304575920105,0.14998763799667358
scunet,low,Normal,229,35.39037318945092,0.9379462003707886,0.9864758253097534,0.9542196989059448,0.1546463817358017
scunet,low,Normal,230,34.91059721321246,0.9209631085395813,0.9820327758789062,0.9497228264808655,0.16266292333602905
scunet,low,Normal,231,34.97436043803427,0.9145210981369019,0.978972852230072,0.9432606101036072,0.17439892888069153
scunet,low,Normal,232,36.610119215647885,0.9388386011123657,0.9852616190910339,0.9578823447227478,0.15679126977920532
scunet,low,Normal,233,35.960846993404715,0.9294605255126953,0.9819726943969727,0.9521246552467346,0.17668499052524567
scunet,low,Bacterial,234,37.1774749780609,0.9429532885551453,0.9777504205703735,0.951539933681488,0.20404258370399475
scunet,low,Bacterial,235,35.09483328572715,0.9224359393119812,0.977912962436676,0.9427717328071594,0.21856525540351868
scunet,low,Bacterial,236,37.16386300781434,0.941970944404602,0.9812266230583191,0.953564465045929,0.20924465358257294
scunet,low,Bacterial,237,36.946070938461986,0.9448263049125671,0.9818374514579773,0.9514976739883423,0.19996142387390137
scunet,low,Bacterial,238,37.13620616658671,0.9343521595001221,0.9748826026916504,0.9435627460479736,0.2626810669898987
scunet,low,Bacterial,239,36.83588794402634,0.9463945627212524,0.9818328619003296,0.955757737159729,0.18215909600257874
scunet,low,Bacterial,240,37.017985715257716,0.9435431361198425,0.9798081517219543,0.9492587447166443,0.20034638047218323
scunet,low,Bacterial,241,36.08628717808047,0.9380605816841125,0.9796061515808105,0.9476579427719116,0.2302095741033554
scunet,low,Bacterial,242,37.091990003912166,0.9417572021484375,0.9814245104789734,0.9510868191719055,0.208319753408432
scunet,low,Bacterial,243,35.78547723930693,0.9265451431274414,0.980496346950531,0.9412346482276917,0.2263488471508026
scunet,low,Bacterial,244,34.733546237993046,0.9189478754997253,0.9777392148971558,0.9408330321311951,0.1747523546218872
scunet,low,Bacterial,245,36.19900222993151,0.9434219002723694,0.9854921102523804,0.9570637941360474,0.15653228759765625
scunet,low,Bacterial,246,36.41898422120874,0.9432843923568726,0.9852168560028076,0.9581632018089294,0.1825568974018097
scunet,low,Bacterial,247,35.99185393762353,0.9407617449760437,0.9842441082000732,0.95573890209198,0.1874910295009613
scunet,low,Bacterial,248,37.528178729683184,0.9495857357978821,0.9837895035743713,0.9561159610748291,0.18921494483947754
scunet,low,Bacterial,249,37.83404175921022,0.9530993700027466,0.9817386865615845,0.9551217555999756,0.2152874618768692
scunet,low,Bacterial,250,37.3100357197712,0.9404458403587341,0.9756865501403809,0.9465217590332031,0.2138805389404297
scunet,low,Bacterial,251,35.07810054533155,0.925489068031311,0.9818349480628967,0.9462088942527771,0.17337489128112793
scunet,low,Bacterial,252,37.60421198833934,0.9433070421218872,0.980640172958374,0.9490547776222229,0.21911677718162537
scunet,low,Bacterial,253,36.60931088064441,0.9382494688034058,0.979683518409729,0.9509669542312622,0.22413736581802368
scunet,low,Bacterial,254,35.29991249754329,0.9209861159324646,0.9795370697975159,0.9417926669120789,0.1903226524591446
scunet,low,Bacterial,255,36.00202937768053,0.9306357502937317,0.9781574606895447,0.9456215500831604,0.20565165579319
scunet,low,Bacterial,256,35.114571389114175,0.9208882451057434,0.9762304425239563,0.938186764717102,0.20800985395908356
scunet,low,Bacterial,257,36.288307375682,0.9379315972328186,0.9787911176681519,0.9476391673088074,0.22412091493606567
scunet,low,Bacterial,258,36.17794738315186,0.9204588532447815,0.9707211852073669,0.934731662273407,0.27365371584892273
scunet,low,Bacterial,259,36.456345306389316,0.9254850745201111,0.975635826587677,0.9454759955406189,0.24447089433670044
scunet,low,Bacterial,260,36.70974728774067,0.9399144053459167,0.9782177805900574,0.9501907825469971,0.21603521704673767
scunet,low,Bacterial,261,34.68650734574594,0.9241538643836975,0.9809021353721619,0.9435896873474121,0.16991128027439117
scunet,low,Bacterial,262,38.27972737710483,0.9500401616096497,0.9834216237068176,0.9551671743392944,0.20661398768424988
scunet,low,Bacterial,263,37.842701311933034,0.9476870894432068,0.9833846092224121,0.9551302194595337,0.2273343950510025
scunet,low,Bacterial,264,37.79313582396047,0.942755401134491,0.9790545105934143,0.9492877125740051,0.20553410053253174
scunet,low,Bacterial,265,37.80545062423307,0.949312686920166,0.9834895133972168,0.955558180809021,0.22784054279327393
scunet,low,Bacterial,266,37.416133901844695,0.9441199898719788,0.9834181070327759,0.9474351406097412,0.21803542971611023
scunet,low,Bacterial,267,35.790348886758046,0.9241077303886414,0.9783686399459839,0.9398581981658936,0.22711355984210968
scunet,low,Bacterial,268,36.92875208430247,0.9347609877586365,0.9793181419372559,0.9443520903587341,0.24254725873470306
scunet,low,Bacterial,269,36.67817097464051,0.9427868723869324,0.982448399066925,0.9521574974060059,0.20404985547065735
scunet,low,Bacterial,270,38.070866147090655,0.9550325274467468,0.9860250353813171,0.9628610014915466,0.1842435896396637
scunet,low,Bacterial,271,37.09950771099989,0.9474341869354248,0.9864068031311035,0.9544018507003784,0.17237114906311035
scunet,low,Bacterial,272,37.862791459454584,0.9485264420509338,0.9847255349159241,0.9543101787567139,0.2288966029882431
scunet,low,Bacterial,273,37.846808530617714,0.952549397945404,0.9827293753623962,0.9567315578460693,0.19662490487098694
scunet,low,Bacterial,274,35.66492300697463,0.9273400902748108,0.9798411130905151,0.94492107629776,0.19403457641601562
scunet,low,Bacterial,275,35.0316897832822,0.9238342642784119,0.976438581943512,0.9417533874511719,0.22576269507408142
scunet,low,Bacterial,276,34.44650442176638,0.9210788011550903,0.9808192253112793,0.9426046013832092,0.15601371228694916
scunet,low,Bacterial,277,36.09286124239431,0.9275757670402527,0.9754891991615295,0.9421065449714661,0.22096437215805054
scunet,low,Bacterial,278,36.21877294972637,0.9296379089355469,0.9788179397583008,0.9442347288131714,0.2177020013332367
scunet,low,Bacterial,279,36.449305793748586,0.9383625388145447,0.9821918606758118,0.9483382105827332,0.19092926383018494
scunet,low,Bacterial,280,37.21160510585366,0.9336280226707458,0.9810511469841003,0.9460040330886841,0.21080225706100464
scunet,low,Bacterial,281,36.27931990164833,0.9221992492675781,0.9773516654968262,0.9378534555435181,0.25008425116539
scunet,low,Bacterial,282,35.21222723495623,0.9235626459121704,0.979171633720398,0.9390712976455688,0.2107573300600052
scunet,low,Bacterial,283,36.56462037478536,0.9357401728630066,0.9811994433403015,0.9460777044296265,0.21917524933815002
scunet,low,Bacterial,284,34.797072005522786,0.9240062236785889,0.9754225611686707,0.9387683868408203,0.24442782998085022
scunet,low,Bacterial,285,37.79201740429186,0.9448040127754211,0.9797734618186951,0.949175238609314,0.23044732213020325
scunet,low,Bacterial,286,35.66863632154493,0.9363237023353577,0.9813903570175171,0.9489214420318604,0.19994878768920898
scunet,low,Bacterial,287,35.41110960072952,0.9129563570022583,0.9736082553863525,0.9406830072402954,0.2415238618850708
scunet,low,Bacterial,288,37.120337738209884,0.9430962800979614,0.9804157018661499,0.9498976469039917,0.20272110402584076
scunet,low,Bacterial,289,36.039288881512164,0.9301508069038391,0.9787853956222534,0.9425373673439026,0.20781175792217255
scunet,low,Bacterial,290,37.6236416541705,0.9460293054580688,0.9809226393699646,0.953692615032196,0.2138214409351349
scunet,low,Bacterial,291,35.980681708270964,0.9326756000518799,0.9769930243492126,0.9440584778785706,0.21989670395851135
scunet,low,Bacterial,292,35.44184412412011,0.9230382442474365,0.9786324501037598,0.9435567855834961,0.18932515382766724
scunet,low,Bacterial,293,37.53714808282863,0.9469115138053894,0.9849178791046143,0.9533583521842957,0.21376216411590576
scunet,low,Bacterial,294,36.83180841248945,0.9416586756706238,0.9820882678031921,0.9534336924552917,0.1996729075908661
scunet,low,Bacterial,295,36.00640032503465,0.9387527704238892,0.9814819693565369,0.9510725736618042,0.20308750867843628
scunet,low,Bacterial,296,36.97461569843089,0.9448199272155762,0.9843341708183289,0.952721118927002,0.2004576474428177
scunet,low,Bacterial,297,36.42247126877324,0.9391281604766846,0.9832348823547363,0.9508492350578308,0.2174907624721527
scunet,low,Bacterial,298,34.37382556962667,0.9166226983070374,0.9740618467330933,0.9360747933387756,0.21300108730793
scunet,low,Bacterial,299,34.62766963504528,0.9188341498374939,0.9735791683197021,0.9372001886367798,0.23657089471817017
scunet,low,Bacterial,300,34.76015020511034,0.9303296804428101,0.9803426861763,0.9421965479850769,0.20343920588493347
scunet,low,Bacterial,301,34.234233670844944,0.9069767594337463,0.9735147953033447,0.9387820959091187,0.18424779176712036
scunet,low,Bacterial,302,36.05750351329576,0.9320194721221924,0.9808269739151001,0.9463755488395691,0.18200820684432983
scunet,low,Bacterial,303,35.55817702384663,0.9414919018745422,0.982187032699585,0.9527819752693176,0.21970577538013458
scunet,low,Bacterial,304,36.88996586339786,0.9402046799659729,0.9817267656326294,0.9475166201591492,0.21848690509796143
scunet,low,Bacterial,305,37.45608098949762,0.943867564201355,0.9815302491188049,0.9503477215766907,0.19747769832611084
scunet,low,Bacterial,306,36.02648111668913,0.941332221031189,0.9820423722267151,0.9493857026100159,0.21260450780391693
scunet,low,Bacterial,307,35.97063557236089,0.9418945908546448,0.9824365377426147,0.9508494734764099,0.21356746554374695
scunet,low,Bacterial,308,35.54569116808828,0.9161038994789124,0.9750458002090454,0.9444431662559509,0.2121841460466385
scunet,low,Bacterial,309,36.02885617438922,0.9332838654518127,0.9796472191810608,0.9505695700645447,0.18243622779846191
scunet,low,Bacterial,310,34.5515363423699,0.9183498024940491,0.9791156649589539,0.9459542632102966,0.16642285883426666
scunet,low,Bacterial,311,35.87752171646345,0.9259571433067322,0.9758487939834595,0.9431884288787842,0.20374178886413574
scunet,low,Bacterial,312,35.1459802513445,0.9338518977165222,0.9823712110519409,0.9495313167572021,0.18183627724647522
scunet,low,Bacterial,313,36.65048526042598,0.9311498999595642,0.9763966798782349,0.9428213238716125,0.2683655619621277
scunet,low,Bacterial,314,35.50420601038015,0.9148849248886108,0.9769107103347778,0.9383808374404907,0.21536293625831604
scunet,low,Bacterial,315,37.99799197772563,0.9493109583854675,0.9820913076400757,0.95819491147995,0.22727876901626587
scunet,low,Bacterial,316,37.50703282533919,0.9456965923309326,0.981238603591919,0.9529048204421997,0.2224915772676468
scunet,low,Bacterial,317,37.83515301176602,0.9540777206420898,0.9827022552490234,0.9534040093421936,0.23336443305015564
scunet,low,Bacterial,318,37.110726034927964,0.945793867111206,0.9818679690361023,0.9549140930175781,0.18650096654891968
scunet,low,Bacterial,319,37.07027911361327,0.9419034719467163,0.9801345467567444,0.9525098204612732,0.18306370079517365
scunet,low,Bacterial,320,37.60806867580559,0.9483205676078796,0.9816581010818481,0.951581597328186,0.2143886387348175
scunet,low,Bacterial,321,34.6553322803736,0.9265184998512268,0.9793756604194641,0.9463939070701599,0.2122800201177597
scunet,low,Bacterial,322,35.7695863422235,0.9326980113983154,0.9808133840560913,0.9464520215988159,0.20252397656440735
scunet,low,Bacterial,323,35.78638732291326,0.934942364692688,0.9830166697502136,0.9521417021751404,0.18058156967163086
scunet,low,Bacterial,324,35.177520489953004,0.9327266216278076,0.9840458631515503,0.9496442675590515,0.17640326917171478
scunet,low,Bacterial,325,34.4940251724575,0.9299439787864685,0.9844275116920471,0.9450616240501404,0.17847341299057007
scunet,low,Bacterial,326,35.81944452733759,0.934298574924469,0.979512095451355,0.9474856853485107,0.2101726084947586
scunet,low,Bacterial,327,37.02863198834289,0.9505028128623962,0.9856027364730835,0.9545472860336304,0.18994006514549255
scunet,low,Bacterial,328,36.90875937402555,0.9463936686515808,0.9841426014900208,0.9528475403785706,0.21658281981945038
scunet,low,Bacterial,329,36.222194982749386,0.9407153129577637,0.9849827885627747,0.9523153305053711,0.14142543077468872
scunet,low,Bacterial,330,38.0403557822861,0.9469860792160034,0.9819231033325195,0.951764702796936,0.1965762972831726
scunet,low,Bacterial,331,37.561080786604904,0.9545528888702393,0.9870923757553101,0.9580960869789124,0.1841515600681305
scunet,low,Bacterial,332,38.180831359683815,0.9518288969993591,0.9830455183982849,0.9565127491950989,0.20422309637069702
scunet,low,Bacterial,333,37.7514881136829,0.9531171917915344,0.9831352829933167,0.9584482908248901,0.2003190815448761
scunet,low,Bacterial,334,38.13650573906449,0.9565795063972473,0.9849986433982849,0.9604554772377014,0.1960800588130951
scunet,low,Bacterial,335,35.08626437063453,0.9141721725463867,0.9768154621124268,0.9412824511528015,0.226109579205513
scunet,low,Bacterial,336,37.50602627192471,0.9484503269195557,0.9847879409790039,0.9554368257522583,0.1924918293952942
scunet,low,Bacterial,337,36.182315702589996,0.9334564805030823,0.9803035259246826,0.9438841938972473,0.19645030796527863
scunet,low,Bacterial,338,37.446195733016225,0.9438897967338562,0.9809624552726746,0.950852632522583,0.2180173248052597
scunet,low,Bacterial,339,35.59952723313968,0.9321446418762207,0.9830138683319092,0.9486560225486755,0.1577412486076355
scunet,low,Bacterial,340,37.34143525768114,0.9437301158905029,0.980310320854187,0.9486812949180603,0.20343080163002014
scunet,low,Bacterial,341,36.94256300305169,0.9503267407417297,0.9819002151489258,0.9522919058799744,0.20608967542648315
scunet,low,Bacterial,342,36.71344297823188,0.942564070224762,0.9799566268920898,0.9501842260360718,0.196004718542099
scunet,low,Bacterial,343,37.5240553014078,0.9513763189315796,0.9817591905593872,0.9501882791519165,0.22634601593017578
scunet,low,Bacterial,344,37.73082975691433,0.9474322199821472,0.9828545451164246,0.9568328261375427,0.2143116593360901
scunet,low,Bacterial,345,36.536025851482954,0.9403511881828308,0.9778278470039368,0.9510762095451355,0.21892595291137695
scunet,low,Bacterial,346,35.549639552280475,0.9372443556785583,0.9796518683433533,0.947324812412262,0.19096066057682037
scunet,low,Bacterial,347,37.16308419421756,0.9480271339416504,0.9839082360267639,0.9565958976745605,0.20755457878112793
scunet,low,Bacterial,348,36.26997320067818,0.9280099272727966,0.978118896484375,0.9429923295974731,0.22020429372787476
scunet,low,Bacterial,349,37.94011728044952,0.9477341771125793,0.980105459690094,0.954992949962616,0.2051454484462738
scunet,low,Bacterial,350,38.08556415033973,0.9483457803726196,0.9831633567810059,0.9551082253456116,0.24229766428470612
scunet,low,Bacterial,351,34.870305607587724,0.9161227941513062,0.9751930832862854,0.9437309503555298,0.1925538033246994
scunet,low,Bacterial,352,37.41362023278073,0.9441828727722168,0.9825052618980408,0.9556921720504761,0.19701263308525085
scunet,low,Bacterial,353,36.42941239049429,0.943548321723938,0.9849382042884827,0.9539439678192139,0.17778721451759338
scunet,low,Bacterial,354,38.136094272578326,0.9440219402313232,0.9805850982666016,0.9561216831207275,0.24209490418434143
scunet,low,Bacterial,355,36.957879189777415,0.9333451390266418,0.9803400039672852,0.9498988389968872,0.21465714275836945
scunet,low,Bacterial,356,36.97416699595465,0.9418407678604126,0.9830285310745239,0.9521244168281555,0.18286070227622986
scunet,low,Bacterial,357,37.24568815631289,0.935454785823822,0.9790899753570557,0.9490499496459961,0.22564207017421722
scunet,low,Bacterial,358,37.086080049539504,0.9334976077079773,0.9776773452758789,0.9462649822235107,0.29140639305114746
scunet,low,Bacterial,359,35.9186388080911,0.9328415989875793,0.9816879630088806,0.9488319158554077,0.17152851819992065
scunet,low,Bacterial,360,37.06914550001076,0.9439374208450317,0.9798600673675537,0.9513216614723206,0.20381790399551392
scunet,low,Bacterial,361,37.66005860284464,0.9487391114234924,0.9820436239242554,0.9555249810218811,0.2002510130405426
scunet,low,Bacterial,362,37.33373285833044,0.9432680606842041,0.9798802733421326,0.9561771750450134,0.2362440675497055
scunet,low,Bacterial,363,36.013498503311546,0.9468407034873962,0.9859505891799927,0.959793746471405,0.18463167548179626
scunet,low,Bacterial,364,38.14542108619517,0.9517642855644226,0.9834885597229004,0.9570001363754272,0.19458520412445068
scunet,low,Bacterial,365,34.74926984983331,0.933728039264679,0.9840267300605774,0.9472522139549255,0.18032662570476532
scunet,low,Bacterial,366,37.23631903170466,0.9457883238792419,0.9827746152877808,0.953057050704956,0.2350391447544098
scunet,low,Bacterial,367,35.72262681777197,0.9316808581352234,0.9825780987739563,0.9472833871841431,0.17795933783054352
scunet,low,Bacterial,368,36.46652303314311,0.9334178566932678,0.9806742668151855,0.9470051527023315,0.1959238499403
scunet,low,Bacterial,369,35.349728316042714,0.9282417893409729,0.9823173880577087,0.9456329941749573,0.17944657802581787
scunet,low,Bacterial,370,34.33837531361971,0.9201866388320923,0.980975329875946,0.9463562965393066,0.1590851992368698
scunet,low,Bacterial,371,36.984986864424336,0.9455645680427551,0.9831708073616028,0.9540066719055176,0.18644925951957703
scunet,low,Bacterial,372,35.8670351722437,0.9218418598175049,0.9779965877532959,0.9408729076385498,0.2759571075439453
scunet,low,Bacterial,373,37.01310122081121,0.941525399684906,0.9805436134338379,0.9523996710777283,0.1948591023683548
scunet,low,Bacterial,374,36.04584654613786,0.935888946056366,0.9794337749481201,0.9497807025909424,0.18881137669086456
scunet,low,Bacterial,375,36.92345895117334,0.9455130696296692,0.9830187559127808,0.9526998400688171,0.205656498670578
scunet,low,Bacterial,376,35.20294796516187,0.9359334707260132,0.9824671149253845,0.9482963681221008,0.2031395137310028
scunet,low,Bacterial,377,36.75757969187034,0.9497154951095581,0.9849345684051514,0.9511978626251221,0.20848527550697327
scunet,low,Bacterial,378,35.51715872721825,0.9280838966369629,0.9814389944076538,0.9453849196434021,0.16173024475574493
scunet,low,Bacterial,379,36.218857356376716,0.9334712624549866,0.9807128310203552,0.9474142789840698,0.21641406416893005
scunet,low,Bacterial,380,37.36059928303871,0.9487536549568176,0.9822424650192261,0.9567162394523621,0.20438380539417267
scunet,low,Bacterial,381,34.52564034354044,0.9241095185279846,0.980646550655365,0.9456911683082581,0.16348476707935333
scunet,low,Bacterial,382,36.095457547735556,0.9379925727844238,0.9800933599472046,0.9470714330673218,0.1950783133506775
scunet,low,Bacterial,383,34.8345062284358,0.9236946105957031,0.9791891574859619,0.940891683101654,0.1895536631345749
scunet,low,Bacterial,384,34.403111595155444,0.9250442385673523,0.98140549659729,0.94240403175354,0.1623585969209671
scunet,low,Bacterial,385,34.23975237586718,0.914032518863678,0.9788618087768555,0.9430473446846008,0.18778276443481445
scunet,low,Bacterial,386,37.12120207375982,0.9477192759513855,0.9815489649772644,0.9570027589797974,0.1796063631772995
scunet,low,Bacterial,387,37.33042965988902,0.9521289467811584,0.9855185151100159,0.959545910358429,0.17202246189117432
scunet,low,Bacterial,388,35.51703761260128,0.9397354125976562,0.9862679839134216,0.9527173042297363,0.13776539266109467
scunet,low,Bacterial,389,34.391098178340854,0.913659930229187,0.978564977645874,0.9409379363059998,0.20157000422477722
scunet,low,Bacterial,390,36.54134774550886,0.9342639446258545,0.9810952544212341,0.9498973488807678,0.1914685219526291
scunet,low,Bacterial,391,34.55560272227912,0.9205926656723022,0.9781515002250671,0.938226580619812,0.24608521163463593
scunet,low,Bacterial,392,36.97037738847207,0.9425660371780396,0.980206310749054,0.9522539377212524,0.20614169538021088
scunet,low,Bacterial,393,36.79555383088121,0.9327606558799744,0.9793380498886108,0.9484295845031738,0.23361513018608093
scunet,low,Bacterial,394,37.30704453189358,0.9474294185638428,0.9828894734382629,0.9566735029220581,0.199408620595932
scunet,low,Bacterial,395,36.82383966450413,0.9454466700553894,0.9807014465332031,0.9532433152198792,0.17613908648490906
scunet,low,Bacterial,396,34.874646501866565,0.9098737835884094,0.9748910069465637,0.9373360872268677,0.214124858379364
scunet,low,Bacterial,397,38.155524231312164,0.9417492747306824,0.9780371189117432,0.9498894214630127,0.22967630624771118
scunet,low,Bacterial,398,37.149645697171295,0.934504508972168,0.9774882793426514,0.9450114965438843,0.25129979848861694
scunet,low,Bacterial,399,35.144970520861065,0.9287093877792358,0.9806358814239502,0.9456130862236023,0.2159234881401062
scunet,low,Bacterial,400,36.1400513657801,0.9369260668754578,0.983134925365448,0.9490188956260681,0.1719767153263092
scunet,low,Bacterial,401,34.41883041969065,0.9110120534896851,0.9767128825187683,0.9367356896400452,0.20358626544475555
scunet,low,Bacterial,402,37.2404883289722,0.9423537850379944,0.9794760346412659,0.9500541687011719,0.22269625961780548
scunet,low,Bacterial,403,36.71111476235686,0.9441722631454468,0.983635663986206,0.9527004361152649,0.19929984211921692
scunet,low,Bacterial,404,36.401448182880145,0.9356138706207275,0.9798918962478638,0.9433276653289795,0.2064300924539566
scunet,low,Bacterial,405,35.50000583636574,0.9196435809135437,0.9767450094223022,0.9425209760665894,0.2245001494884491
scunet,low,Bacterial,406,38.58679723563566,0.9574896693229675,0.9846380949020386,0.9611069560050964,0.17968827486038208
scunet,low,Bacterial,407,35.87537123565143,0.9372529983520508,0.97905433177948,0.9493715167045593,0.20886248350143433
scunet,low,Bacterial,408,36.33610133808778,0.9410489797592163,0.9838802814483643,0.9510498642921448,0.19228419661521912
scunet,low,Bacterial,409,35.502231274577944,0.9307956099510193,0.9822185039520264,0.9438347816467285,0.18261472880840302
scunet,low,Bacterial,410,34.27823598063651,0.9105040431022644,0.9769018888473511,0.939471423625946,0.1958804875612259
scunet,low,Bacterial,411,36.05517287703483,0.9307339191436768,0.9786952137947083,0.9435276389122009,0.21283122897148132
scunet,low,Bacterial,412,36.87664141992134,0.9421858191490173,0.9820883274078369,0.9488627910614014,0.20121566951274872
scunet,low,Bacterial,413,34.42305119125009,0.9134150147438049,0.9754167199134827,0.9362185001373291,0.18004652857780457
scunet,low,Bacterial,414,37.73976643177272,0.9470813274383545,0.9819550514221191,0.9506706595420837,0.2203463762998581
scunet,low,Bacterial,415,36.50126162781607,0.9375243782997131,0.9805064797401428,0.9483851194381714,0.22561237215995789
scunet,low,Bacterial,416,38.37402123098136,0.9547070264816284,0.9860581755638123,0.9576405882835388,0.19978493452072144
scunet,low,Bacterial,417,36.56265753110838,0.9298165440559387,0.9790909290313721,0.9447526335716248,0.20492494106292725
scunet,low,Bacterial,418,37.51721325491157,0.9455169439315796,0.9855541586875916,0.9584980607032776,0.1858685314655304
scunet,low,Bacterial,419,36.44775416274978,0.9372175335884094,0.9842411279678345,0.9553351402282715,0.14621494710445404
scunet,low,Bacterial,420,36.95295432104413,0.9473278522491455,0.9856547713279724,0.9582675099372864,0.17755630612373352
scunet,low,Bacterial,421,36.58591249047565,0.9409734010696411,0.9837272763252258,0.9556936025619507,0.17358538508415222
scunet,low,Bacterial,422,35.90766542515262,0.9336910247802734,0.9809130430221558,0.9459823369979858,0.2002909779548645
scunet,low,Bacterial,423,36.71029126290432,0.9431224465370178,0.981254518032074,0.9555367827415466,0.19411513209342957
scunet,low,Bacterial,424,36.68481282295169,0.9419601559638977,0.9817410707473755,0.9539690017700195,0.1984899640083313
scunet,low,Bacterial,425,37.264264080893824,0.9416279792785645,0.9821710586547852,0.9519206881523132,0.22181336581707
scunet,low,Bacterial,426,39.386848406325335,0.9612317681312561,0.98514723777771,0.9588161110877991,0.2070285528898239
scunet,low,Bacterial,427,38.662094795164904,0.9511353969573975,0.9806973338127136,0.9520604014396667,0.2629724144935608
scunet,low,Bacterial,428,37.350605622624336,0.9441645741462708,0.9803363680839539,0.9506006836891174,0.24949952960014343
scunet,low,Bacterial,429,35.126007450711676,0.9217033982276917,0.9797812104225159,0.9475229382514954,0.1899586319923401
scunet,low,Bacterial,430,37.86125675257191,0.953816294670105,0.9855334162712097,0.9581775069236755,0.18990366160869598
scunet,low,Bacterial,431,37.893306666538734,0.9463546872138977,0.9791532158851624,0.9463461637496948,0.23036175966262817
scunet,low,Bacterial,432,37.400417850165994,0.9460561275482178,0.9818028211593628,0.954465925693512,0.20106124877929688
scunet,low,Bacterial,433,35.9456614375793,0.9247902631759644,0.9791987538337708,0.9425950646400452,0.23995785415172577
scunet,low,Bacterial,434,36.77585380031856,0.9413395524024963,0.9826831221580505,0.9498816728591919,0.19326548278331757
scunet,low,Bacterial,435,35.822553756934276,0.9406063556671143,0.9842947721481323,0.9514929056167603,0.1893763244152069
scunet,low,Bacterial,436,35.27769042896714,0.9334757328033447,0.9844187498092651,0.949539065361023,0.14545850455760956
scunet,low,Bacterial,437,38.114096519015476,0.9466577768325806,0.9816683530807495,0.954940915107727,0.17078247666358948
scunet,low,Bacterial,438,35.21722811033722,0.9220178127288818,0.9786180853843689,0.9413765072822571,0.21062599122524261
scunet,low,Bacterial,439,36.53950250144636,0.9336747527122498,0.9811514616012573,0.9477024674415588,0.2163354456424713
scunet,low,Bacterial,440,35.302757194572834,0.9271676540374756,0.9824293851852417,0.9464870095252991,0.19330690801143646
scunet,low,Bacterial,441,35.07274752706145,0.9199473261833191,0.9789420366287231,0.9437936544418335,0.20413604378700256
scunet,low,Bacterial,442,37.332954785500775,0.9458434581756592,0.9839762449264526,0.9530780911445618,0.2006261646747589
scunet,low,Bacterial,443,37.36917982605691,0.9453244805335999,0.9795019626617432,0.954265296459198,0.20269359648227692
scunet,low,Bacterial,444,36.31281114608467,0.9399895071983337,0.9852493405342102,0.9499906897544861,0.20713698863983154
scunet,low,Bacterial,445,36.83360290988252,0.9375983476638794,0.9801352620124817,0.9464876055717468,0.2271239161491394
scunet,low,Bacterial,446,36.71607565587876,0.9405753016471863,0.9813833832740784,0.9485557079315186,0.2287263423204422
scunet,low,Bacterial,447,37.58706521370898,0.9392555356025696,0.9824877381324768,0.9447365999221802,0.2389203906059265
scunet,low,Bacterial,448,37.10046450717515,0.9415205717086792,0.9840112924575806,0.9534801840782166,0.25938504934310913
scunet,low,Bacterial,449,35.31913196389199,0.9116449356079102,0.9775192141532898,0.9412727952003479,0.20671112835407257
scunet,low,Bacterial,450,35.7018624691186,0.9376875162124634,0.9824581146240234,0.9508681893348694,0.19729666411876678
scunet,low,Bacterial,451,34.54356035362601,0.9168955087661743,0.9789859056472778,0.9408084750175476,0.17500697076320648
scunet,low,Bacterial,452,35.529491814632614,0.9317498207092285,0.9792677164077759,0.9461899399757385,0.19482997059822083
scunet,low,Bacterial,453,37.735051563523626,0.9491081237792969,0.9817482829093933,0.9547924995422363,0.19400835037231445
scunet,low,Bacterial,454,35.90810238997272,0.94147127866745,0.9826767444610596,0.9529199004173279,0.19415001571178436
scunet,low,Bacterial,455,37.68600320222079,0.9464228749275208,0.9800463914871216,0.9534907937049866,0.22121620178222656
scunet,low,Bacterial,456,34.12288863461499,0.8985692262649536,0.9730446338653564,0.937368631362915,0.23491951823234558
scunet,low,Bacterial,457,37.291372135181874,0.9423179030418396,0.9802369475364685,0.9496974349021912,0.23096168041229248
scunet,low,Bacterial,458,37.74686282825676,0.9571117758750916,0.9862136840820312,0.9584036469459534,0.2021232396364212
scunet,low,Bacterial,459,38.35686779214624,0.9540956616401672,0.9842742681503296,0.9555925726890564,0.21832185983657837
scunet,low,Bacterial,460,36.50688543384697,0.9389612078666687,0.982460618019104,0.9528932571411133,0.1862887591123581
scunet,low,Bacterial,461,36.479437074036426,0.943662703037262,0.9848532676696777,0.9541600346565247,0.1622801125049591
scunet,low,Bacterial,462,35.335832549970235,0.9245139360427856,0.9802379608154297,0.9477641582489014,0.1753624826669693
scunet,low,Bacterial,463,37.437060738722,0.9416493773460388,0.9791887998580933,0.9489721059799194,0.22677050530910492
scunet,low,Bacterial,464,36.13197233740412,0.9358662962913513,0.9819110035896301,0.9477301239967346,0.18569166958332062
scunet,low,Bacterial,465,37.121837896825724,0.9407294988632202,0.9812476634979248,0.9527480602264404,0.21853983402252197
scunet,low,Bacterial,466,36.26292175608749,0.9317474961280823,0.9797857999801636,0.9459310173988342,0.2256752848625183
scunet,low,Bacterial,467,36.262008225645616,0.9223374724388123,0.97886723279953,0.9414652585983276,0.27066850662231445
scunet,low,Bacterial,468,37.196374500383904,0.9486188888549805,0.9830536246299744,0.9576592445373535,0.15496428310871124
scunet,low,Bacterial,469,37.61184965901122,0.9421626925468445,0.9801869988441467,0.9478603601455688,0.2142232358455658
scunet,low,Bacterial,470,36.60235187675291,0.9417965412139893,0.9786300659179688,0.9481855034828186,0.21151265501976013
scunet,low,Bacterial,471,35.33660257982263,0.9206728935241699,0.9787900447845459,0.943622350692749,0.17944814264774323
scunet,low,Bacterial,472,35.70258180523681,0.9285385608673096,0.9806274175643921,0.9472014307975769,0.1709061712026596
scunet,low,Bacterial,473,34.32212274151101,0.9274700880050659,0.9793820381164551,0.9438608288764954,0.21737900376319885
scunet,low,Bacterial,474,35.50239909220798,0.9382594227790833,0.9825193881988525,0.9499455690383911,0.20172707736492157
scunet,low,Bacterial,475,34.08655983756128,0.9107207655906677,0.9783956408500671,0.9369443655014038,0.19249145686626434
scunet,low,Viral,476,35.765179325495076,0.9349921345710754,0.9830523133277893,0.9543097019195557,0.20150348544120789
scunet,low,Viral,477,36.17925214750501,0.9417764544487,0.9837012887001038,0.9575023651123047,0.16856975853443146
scunet,low,Viral,478,36.12802849675052,0.9400794506072998,0.9830794930458069,0.9572015404701233,0.1801357865333557
scunet,low,Viral,479,36.49127581144028,0.9359980225563049,0.9828512072563171,0.9478581547737122,0.19309823215007782
scunet,low,Viral,480,37.842349829826894,0.9467260241508484,0.9804402589797974,0.9494330883026123,0.251951664686203
scunet,low,Viral,481,36.208758204192286,0.946839451789856,0.9845892786979675,0.953474760055542,0.20340114831924438
scunet,low,Viral,482,34.78246176151944,0.913874626159668,0.9771077036857605,0.9363874793052673,0.2009977549314499
scunet,low,Viral,483,36.77443872772565,0.9404425024986267,0.9788611531257629,0.9490418434143066,0.20381157100200653
scunet,low,Viral,484,36.39993231222763,0.9401556849479675,0.9770991802215576,0.9443827867507935,0.24517397582530975
scunet,low,Viral,485,36.41013670105877,0.9343045949935913,0.9801801443099976,0.9502497911453247,0.21150600910186768
scunet,low,Viral,486,36.904890968887244,0.9311649203300476,0.9766399264335632,0.9437848329544067,0.2520757019519806
scunet,low,Viral,487,36.78040289979803,0.9349275231361389,0.9818642139434814,0.9515464305877686,0.19944855570793152
scunet,low,Viral,488,35.96214723844003,0.9420879483222961,0.9854278564453125,0.9550671577453613,0.16389504075050354
scunet,low,Viral,489,36.65902556860439,0.9397745132446289,0.9833744168281555,0.9543135762214661,0.18951261043548584
scunet,low,Viral,490,36.24568770636673,0.9304602146148682,0.9810712337493896,0.9479049444198608,0.23048749566078186
scunet,low,Viral,491,35.86379056086089,0.9311177134513855,0.981198251247406,0.9506743550300598,0.21568310260772705
scunet,low,Viral,492,35.68940506246237,0.9294213652610779,0.9819751977920532,0.9506729245185852,0.20099686086177826
scunet,low,Viral,493,36.151941634545025,0.9345142841339111,0.9822788834571838,0.9526491761207581,0.19126376509666443
scunet,low,Viral,494,36.05541801415735,0.9309655427932739,0.9817238450050354,0.9510180354118347,0.19650740921497345
scunet,low,Viral,495,35.4017954025261,0.9317729473114014,0.9819169044494629,0.9506833553314209,0.17707717418670654
scunet,low,Viral,496,36.43346324065499,0.9265236258506775,0.9799737930297852,0.9465527534484863,0.24901551008224487
scunet,low,Viral,497,36.12293374360092,0.9447222352027893,0.9851542115211487,0.9551610350608826,0.1560225784778595
scunet,low,Viral,498,37.08512706284277,0.9422792792320251,0.9845548272132874,0.9560511708259583,0.20208780467510223
scunet,low,Viral,499,37.01245634159094,0.9358137845993042,0.9813874959945679,0.9492713809013367,0.1862170249223709
scunet,low,Viral,500,35.39703694834347,0.9154985547065735,0.9767223000526428,0.9431021809577942,0.23743723332881927
scunet,low,Viral,501,35.2233564442415,0.9315553307533264,0.9832556247711182,0.9497901797294617,0.1527513712644577
scunet,low,Viral,502,36.06032162364366,0.936234176158905,0.981880247592926,0.9542648792266846,0.1737532615661621
scunet,low,Viral,503,35.80715929912192,0.9396358728408813,0.9838119149208069,0.9554943442344666,0.1715218871831894
scunet,low,Viral,504,35.65563964226022,0.9298843741416931,0.9828586578369141,0.949500560760498,0.20866894721984863
scunet,low,Viral,505,36.774019257080425,0.9393749833106995,0.9839663505554199,0.9513459205627441,0.17749373614788055
scunet,low,Viral,506,35.810968354751026,0.9244904518127441,0.9794711470603943,0.9462001323699951,0.21215611696243286
scunet,low,Viral,507,34.62609975416865,0.9144918918609619,0.9779949188232422,0.940166711807251,0.20274797081947327
scunet,low,Viral,508,37.28654872279408,0.9391645193099976,0.9819015264511108,0.9517738223075867,0.23896248638629913
scunet,low,Viral,509,35.44971768094569,0.9308262467384338,0.9830576777458191,0.9470897912979126,0.1859438121318817
scunet,low,Viral,510,33.931492293273564,0.9284754991531372,0.9807784557342529,0.9442855715751648,0.18208171427249908
scunet,low,Viral,511,35.8407195025973,0.9383124709129333,0.9835694432258606,0.9548397660255432,0.15975961089134216
scunet,low,Viral,512,37.72012996462886,0.9438773989677429,0.9825840592384338,0.9558373689651489,0.19603310525417328
scunet,low,Viral,513,35.22001073344457,0.9344190955162048,0.9818240404129028,0.9492251873016357,0.2035960704088211
scunet,low,Viral,514,35.00627715278209,0.9363846778869629,0.9824942946434021,0.9482535719871521,0.16279393434524536
scunet,low,Viral,515,36.30242773468544,0.9339887499809265,0.9829907417297363,0.9483795166015625,0.21585875749588013
scunet,low,Viral,516,36.78098290253102,0.9381914138793945,0.9820970296859741,0.9506485462188721,0.19233767688274384
scunet,low,Viral,517,35.485540728890555,0.9293012022972107,0.9810415506362915,0.9498323202133179,0.20160579681396484
scunet,low,Viral,518,34.85576630106277,0.9240261912345886,0.9825010895729065,0.9455267190933228,0.165692999958992
scunet,low,Viral,519,37.42147517977265,0.9551050066947937,0.9867908358573914,0.9643123745918274,0.14697237312793732
scunet,low,Viral,520,36.68053250155068,0.9414193034172058,0.9832981824874878,0.9555132389068604,0.20661281049251556
scunet,low,Viral,521,36.513568698162324,0.9449686408042908,0.9842898845672607,0.9546055197715759,0.1567428559064865
scunet,low,Viral,522,36.89863218613423,0.9441811442375183,0.9857621788978577,0.9562463164329529,0.1733347326517105
scunet,low,Viral,523,37.16884242648451,0.9385830163955688,0.9835464954376221,0.9551050662994385,0.23153173923492432
scunet,low,Viral,524,37.325212437703016,0.9427139759063721,0.9837770462036133,0.9553516507148743,0.236263245344162
scunet,low,Viral,525,37.20452809434177,0.9459450244903564,0.9846184849739075,0.9566619992256165,0.18745066225528717
scunet,low,Viral,526,36.553006620341854,0.9299108982086182,0.9798064827919006,0.9498379230499268,0.24585923552513123
scunet,low,Viral,527,36.264618364196565,0.9238157868385315,0.976450502872467,0.9419505000114441,0.256058931350708
scunet,low,Viral,528,36.28067400373422,0.9342353343963623,0.9813116788864136,0.9482429623603821,0.1995827555656433
scunet,low,Viral,529,34.02341981092485,0.8859682083129883,0.9726642966270447,0.9298244714736938,0.23651525378227234
scunet,low,Viral,530,36.40583681554323,0.935770571231842,0.9820172786712646,0.9537578225135803,0.20331716537475586
scunet,low,Viral,531,36.44736229762441,0.9445076584815979,0.9841628670692444,0.9548779726028442,0.16624070703983307
scunet,low,Viral,532,36.40121168988428,0.9367124438285828,0.9786549806594849,0.9502676129341125,0.2081303894519806
scunet,low,Viral,533,36.005620807600415,0.9377302527427673,0.982323944568634,0.9512056708335876,0.17747335135936737
scunet,low,Viral,534,34.556119091309505,0.9233080148696899,0.9795534014701843,0.9484143853187561,0.20500794053077698
scunet,low,Viral,535,35.815991686224464,0.9356462359428406,0.9812014698982239,0.9504351019859314,0.17789699137210846
scunet,low,Viral,536,36.90106749358198,0.9308573603630066,0.9789977669715881,0.9425967931747437,0.2631744146347046
scunet,low,Viral,537,35.520876202088154,0.9196652173995972,0.9808703064918518,0.9432195425033569,0.269613653421402
scunet,low,Viral,538,37.078731636200935,0.9355860352516174,0.9811777472496033,0.9498765468597412,0.2701641619205475
scunet,low,Viral,539,36.27139830911496,0.9439045190811157,0.9848127961158752,0.955341100692749,0.1457226276397705
scunet,low,Viral,540,36.52603200684199,0.9373876452445984,0.9851145148277283,0.9541600942611694,0.18505162000656128
scunet,low,Viral,541,35.691950497372694,0.9334521889686584,0.9833711385726929,0.9521582126617432,0.1733212172985077
scunet,low,Viral,542,37.30416920754851,0.9486452341079712,0.98652184009552,0.9589126110076904,0.180210143327713
scunet,low,Viral,543,37.88172646871977,0.949499249458313,0.9812452793121338,0.9514581561088562,0.2306298315525055
scunet,low,Viral,544,35.24463293334525,0.9349422454833984,0.9844396114349365,0.9467366337776184,0.18958018720149994
scunet,low,Viral,545,35.39128241521147,0.9368122220039368,0.9842361211776733,0.9481419920921326,0.19100885093212128
scunet,low,Viral,546,36.84948516181052,0.937487781047821,0.9818320274353027,0.94853276014328,0.21858951449394226
scunet,low,Viral,547,36.90230764793902,0.9365625977516174,0.9799962639808655,0.948520302772522,0.23570001125335693
scunet,low,Viral,548,35.424286520954674,0.9314272403717041,0.9805312752723694,0.946979284286499,0.20074382424354553
scunet,low,Viral,549,37.98621748135752,0.9358716607093811,0.9824070334434509,0.9484952688217163,0.2614746391773224
scunet,low,Viral,550,38.08649678503565,0.9374167919158936,0.9831417202949524,0.9497515559196472,0.25684642791748047
scunet,low,Viral,551,35.86551476683184,0.9316465854644775,0.9834309220314026,0.9471898078918457,0.2118484526872635
scunet,low,Viral,552,36.774153663693234,0.9459148645401001,0.9827905297279358,0.9542093873023987,0.22860342264175415
scunet,low,Viral,553,37.34689398302367,0.9461125731468201,0.9836799502372742,0.9530424475669861,0.19078928232192993
scunet,low,Viral,554,35.77577515725403,0.9280257225036621,0.9803932905197144,0.9503905177116394,0.20450018346309662
scunet,low,Viral,555,35.55518550045622,0.936987578868866,0.9836602807044983,0.9541471004486084,0.17873167991638184
scunet,low,Viral,556,36.33197838382644,0.9346345067024231,0.9815959930419922,0.9517077207565308,0.17618483304977417
scunet,low,Viral,557,36.73357648742068,0.9331608414649963,0.9819310903549194,0.9460777640342712,0.20447799563407898
scunet,low,Viral,558,36.332055242446756,0.941983163356781,0.984446108341217,0.9536036252975464,0.18306007981300354
scunet,low,Viral,559,36.987029587837405,0.9294779300689697,0.9774460792541504,0.9469574689865112,0.25237441062927246
scunet,low,Viral,560,37.29102394430648,0.9409751296043396,0.9825142621994019,0.9541844129562378,0.20140627026557922
scunet,low,Viral,561,36.17904396713528,0.9394593834877014,0.9833356738090515,0.9514865875244141,0.17077575623989105
scunet,low,Viral,562,36.40136180763272,0.9416828751564026,0.9838491678237915,0.9539347887039185,0.17712798714637756
scunet,low,Viral,563,36.47102506446509,0.9370225071907043,0.9832037091255188,0.9538218379020691,0.17412927746772766
scunet,low,Viral,564,36.509039061382815,0.9433269500732422,0.9832342863082886,0.9564422965049744,0.1803477555513382
scunet,low,Viral,565,37.10104283579423,0.9418716430664062,0.9835781455039978,0.9528730511665344,0.21907350420951843
scunet,low,Viral,566,35.667802786368846,0.9366950392723083,0.9845064282417297,0.9532560110092163,0.19428202509880066
scunet,low,Viral,567,36.32221862305411,0.9473499655723572,0.9860735535621643,0.9579174518585205,0.17384859919548035
scunet,low,Viral,568,35.95551691717531,0.9390952587127686,0.9845501184463501,0.9521749019622803,0.18528711795806885
scunet,low,Viral,569,35.83057443376376,0.9222833514213562,0.979677677154541,0.9444756507873535,0.25293368101119995
scunet,low,Viral,570,35.6004175271063,0.9365552067756653,0.9829660654067993,0.9534585475921631,0.16389504075050354
scunet,low,Viral,571,36.69039936419595,0.9382060170173645,0.9833577275276184,0.9542979598045349,0.17618237435817719
scunet,low,Viral,572,35.55633570273397,0.9255586266517639,0.9787526726722717,0.9461491703987122,0.2110554575920105
scunet,low,Viral,573,36.54098980489036,0.9410748481750488,0.9838154315948486,0.9552984237670898,0.15830783545970917
scunet,low,Viral,574,37.920797715698086,0.9521798491477966,0.9817154407501221,0.9614291191101074,0.21579058468341827
scunet,low,Viral,575,37.06980464647471,0.9480552673339844,0.9859373569488525,0.9583615064620972,0.1701551228761673
scunet,low,Viral,576,36.11175366357617,0.9380811452865601,0.9825608134269714,0.9539118409156799,0.17915582656860352
scunet,low,Viral,577,35.674069406636846,0.9375684857368469,0.9793680906295776,0.9519431591033936,0.20274481177330017
scunet,low,Viral,578,37.527356091158744,0.948714017868042,0.986690878868103,0.9597581028938293,0.18380486965179443
scunet,low,Viral,579,35.775491788145686,0.9408536553382874,0.9842128157615662,0.9525685906410217,0.15750367939472198
scunet,low,Viral,580,36.12507212320606,0.9432946443557739,0.9835046529769897,0.9557806253433228,0.17456871271133423
scunet,low,Viral,581,36.122025380384834,0.9468962550163269,0.9856273531913757,0.9563102722167969,0.1487455815076828
scunet,low,Viral,582,35.91121266208645,0.931076169013977,0.9806897640228271,0.9476366639137268,0.204757958650589
scunet,low,Viral,583,36.41005513000459,0.9322912096977234,0.9790215492248535,0.9480400085449219,0.20295259356498718
scunet,low,Viral,584,37.20029564226193,0.9338648915290833,0.9817274808883667,0.9486921429634094,0.23881086707115173
scunet,low,Viral,585,37.24074443956473,0.9450480341911316,0.9853381514549255,0.9576887488365173,0.20168620347976685
scunet,low,Viral,586,36.28755918722898,0.9258309006690979,0.9784414172172546,0.9401662349700928,0.2339475303888321
scunet,low,Viral,587,37.14963717320039,0.9401280879974365,0.979765772819519,0.9467238187789917,0.19769492745399475
scunet,low,Viral,588,35.47242157345597,0.9230586290359497,0.980256974697113,0.9446641802787781,0.2159160077571869
scunet,low,Viral,589,33.365454497367075,0.909783124923706,0.9797566533088684,0.9400617480278015,0.1602472960948944
scunet,low,Viral,590,35.97956220804611,0.9362360835075378,0.9827141165733337,0.9493823051452637,0.1993393748998642
scunet,low,Viral,591,35.542361772905295,0.9379197955131531,0.9846888780593872,0.9539074897766113,0.16617923974990845
scunet,low,Viral,592,35.93813590004417,0.9460015892982483,0.9868441820144653,0.9545491933822632,0.15567047894001007
scunet,low,Viral,593,37.47764289985575,0.9314730167388916,0.9775658845901489,0.9467558860778809,0.17106400430202484
scunet,low,Viral,594,37.30292533027576,0.9415392279624939,0.9838509559631348,0.9574624300003052,0.18961010873317719
scunet,low,Viral,595,36.995520178326665,0.9418458938598633,0.9822978973388672,0.9525728225708008,0.19345249235630035
scunet,low,Viral,596,36.4166194456569,0.9312038421630859,0.977180004119873,0.9484817385673523,0.2696995437145233
scunet,low,Viral,597,36.19446685949073,0.9378553628921509,0.9825943112373352,0.9521569013595581,0.2117856740951538
scunet,low,Viral,598,35.11290800643621,0.9303905367851257,0.979909360408783,0.9490247368812561,0.21387332677841187
scunet,low,Viral,599,35.51172719973948,0.9378918409347534,0.9849188923835754,0.952793300151825,0.15019848942756653
scunet,low,Viral,600,36.301740218858804,0.933258056640625,0.9794396758079529,0.9502575397491455,0.19632627069950104
scunet,low,Viral,601,36.81781406427305,0.9402375817298889,0.9840405583381653,0.9565579295158386,0.19358082115650177
scunet,low,Viral,602,35.6489794887126,0.9369936585426331,0.9830316305160522,0.952256977558136,0.18734243512153625
scunet,low,Viral,603,36.091914946272695,0.9444841146469116,0.9843227863311768,0.9552318453788757,0.1806347668170929
scunet,low,Viral,604,36.287187157304025,0.9461711049079895,0.9849187731742859,0.9564999938011169,0.16652712225914001
scunet,low,Viral,605,36.90316620939107,0.940578043460846,0.9848374128341675,0.9528098106384277,0.20376664400100708
scunet,low,Viral,606,36.65929233967992,0.9349220991134644,0.9831122756004333,0.9527373909950256,0.21913346648216248
scunet,low,Viral,607,36.779649252885875,0.9391722679138184,0.9830714464187622,0.9566987156867981,0.19170424342155457
scunet,low,Viral,608,37.36007136882,0.9434860944747925,0.9808436632156372,0.9526990652084351,0.22307780385017395
scunet,low,Viral,609,37.3497558597676,0.94833904504776,0.9791295528411865,0.9563657641410828,0.2079963982105255
scunet,low,Viral,610,37.35215794199948,0.9447192549705505,0.9830968379974365,0.9550134539604187,0.1978471279144287
scunet,low,Viral,611,35.54713625559015,0.939383864402771,0.9828947186470032,0.9540373086929321,0.17209459841251373
scunet,low,Viral,612,35.164143357284,0.9289102554321289,0.9832523465156555,0.9498275518417358,0.18033736944198608
scunet,low,Viral,613,36.00878207073704,0.935387909412384,0.982761025428772,0.954834520816803,0.18410658836364746
scunet,low,Viral,614,36.84047322433411,0.938481867313385,0.9819273948669434,0.9528391361236572,0.22905988991260529
scunet,low,Viral,615,36.99723896597699,0.937152087688446,0.982594907283783,0.9503015875816345,0.20840975642204285
scunet,low,Viral,616,37.08740068556504,0.9457343220710754,0.9848834276199341,0.9545581936836243,0.19269049167633057
scunet,low,Viral,617,36.365171749392275,0.9345257878303528,0.9804982542991638,0.9534510970115662,0.20489026606082916
scunet,low,Viral,618,35.67080248945298,0.9328893423080444,0.9812402725219727,0.9499409198760986,0.18474802374839783
scunet,low,Viral,619,35.82709774587015,0.9286075830459595,0.9800178408622742,0.9504683613777161,0.1871364712715149
scunet,low,Viral,620,36.03035074632455,0.9403215050697327,0.9849805235862732,0.9538238644599915,0.17167606949806213
scunet,low,Viral,621,38.56701140361223,0.9519376754760742,0.9830465912818909,0.9589115381240845,0.238662451505661
scunet,low,Viral,622,36.325220417363425,0.9353806972503662,0.9815853238105774,0.952100396156311,0.19349902868270874
scunet,low,Viral,623,36.507706882116906,0.9359427690505981,0.9842256307601929,0.9519949555397034,0.18904948234558105
sharpxr,low,Normal,0,35.107483259411055,0.9273684024810791,0.9809412956237793,0.9475945830345154,0.15451058745384216
sharpxr,low,Normal,1,33.67565181601473,0.8973544239997864,0.9751607179641724,0.9313231706619263,0.2001410573720932
sharpxr,low,Normal,2,34.61930299872654,0.9218980073928833,0.9807327389717102,0.941912055015564,0.17246346175670624
sharpxr,low,Normal,3,35.65796815794717,0.9427605867385864,0.9847391843795776,0.9549131989479065,0.14612707495689392
sharpxr,low,Normal,4,34.363452836176485,0.8929763436317444,0.9703513383865356,0.9324072599411011,0.21157076954841614
sharpxr,low,Normal,5,35.6511897371955,0.934772253036499,0.9846386313438416,0.9515642523765564,0.17106564342975616
sharpxr,low,Normal,6,35.22183848281361,0.9192602038383484,0.9781160354614258,0.9446307420730591,0.2074815332889557
sharpxr,low,Normal,7,35.87518494663582,0.9404613375663757,0.9828906059265137,0.9549763798713684,0.1720169484615326
sharpxr,low,Normal,8,34.063506774439965,0.9209898710250854,0.9799794554710388,0.9478743672370911,0.15466266870498657
sharpxr,low,Normal,9,34.05137502513254,0.9081518054008484,0.9772807955741882,0.9420374035835266,0.19312644004821777
sharpxr,low,Normal,10,34.925168729784595,0.9332218766212463,0.9842087626457214,0.9516828060150146,0.13785788416862488
sharpxr,low,Normal,11,34.66426958779119,0.9107877612113953,0.9781676530838013,0.9421600699424744,0.19932374358177185
sharpxr,low,Normal,12,34.95451028377139,0.9143940806388855,0.978922426700592,0.9384047985076904,0.20788317918777466
sharpxr,low,Normal,13,36.211338109942155,0.931873083114624,0.9789534211158752,0.9503525495529175,0.17368170619010925
sharpxr,low,Normal,14,36.04004247117254,0.9367614984512329,0.9760505557060242,0.9586341381072998,0.1332099437713623
sharpxr,low,Normal,15,34.19226902904868,0.9023153185844421,0.9752565026283264,0.93358314037323,0.22466692328453064
sharpxr,low,Normal,16,35.836798494029736,0.9342974424362183,0.9809614419937134,0.9516834616661072,0.17837268114089966
sharpxr,low,Normal,17,35.10979098251148,0.9211356043815613,0.9788503050804138,0.9413540959358215,0.18043197691440582
sharpxr,low,Normal,18,34.80932554288941,0.9216737151145935,0.9820935726165771,0.9442797899246216,0.15177132189273834
sharpxr,low,Normal,19,35.50723268883843,0.9293529391288757,0.9827146530151367,0.9501182436943054,0.17615248262882233
sharpxr,low,Normal,20,36.70273031258856,0.948042631149292,0.9860027432441711,0.9574739933013916,0.1400260478258133
sharpxr,low,Normal,21,35.432296061869756,0.9292975068092346,0.9821889400482178,0.949381411075592,0.16485853493213654
sharpxr,low,Normal,22,35.532547017089556,0.9249799847602844,0.9816455245018005,0.9452666640281677,0.19218046963214874
sharpxr,low,Normal,23,33.49246926579009,0.8746228218078613,0.9653308391571045,0.919192910194397,0.2680620849132538
sharpxr,low,Normal,24,34.553111229626914,0.9166357517242432,0.9798709154129028,0.9421438574790955,0.18793371319770813
sharpxr,low,Normal,25,35.36118124698567,0.9366630911827087,0.984601616859436,0.9502641558647156,0.15100011229515076
sharpxr,low,Normal,26,33.5911337757719,0.9113179445266724,0.9805187582969666,0.937531054019928,0.16637611389160156
sharpxr,low,Normal,27,33.66121111968753,0.9092106819152832,0.9776037335395813,0.9351963400840759,0.19434663653373718
sharpxr,low,Normal,28,35.67605661030157,0.9356766939163208,0.982339084148407,0.9505617022514343,0.17599153518676758
sharpxr,low,Normal,29,34.94677930750155,0.9270727038383484,0.9790399074554443,0.9471346735954285,0.19694089889526367
sharpxr,low,Normal,30,33.776235738259615,0.8898024559020996,0.9714131951332092,0.9308507442474365,0.1969718039035797
sharpxr,low,Normal,31,34.86160351770033,0.9280316233634949,0.9829346537590027,0.9460961222648621,0.16073642671108246
sharpxr,low,Normal,32,33.74839298804908,0.9052876830101013,0.9730954766273499,0.9383449554443359,0.18730959296226501
sharpxr,low,Normal,33,33.15765749631746,0.8898988366127014,0.9737188220024109,0.9263597130775452,0.20526814460754395
sharpxr,low,Normal,34,33.47017989397245,0.9114386439323425,0.9819341897964478,0.9399394392967224,0.16013705730438232
sharpxr,low,Normal,35,34.99337694471527,0.9219945073127747,0.982168972492218,0.946784257888794,0.15681326389312744
sharpxr,low,Normal,36,36.37135471722461,0.9481128454208374,0.9837865233421326,0.9590995907783508,0.12917301058769226
sharpxr,low,Normal,37,36.265488045881405,0.9402689933776855,0.9806261658668518,0.9543706774711609,0.2005796581506729
sharpxr,low,Normal,38,34.5591319265713,0.9256511926651001,0.981596827507019,0.9475101232528687,0.152221217751503
sharpxr,low,Normal,39,33.03144263394301,0.8963433504104614,0.9743625521659851,0.9284635186195374,0.17473085224628448
sharpxr,low,Normal,40,34.953137596935015,0.9271242022514343,0.980127215385437,0.9452390074729919,0.1760578453540802
sharpxr,low,Normal,41,35.40729741084293,0.9224866032600403,0.9786359071731567,0.9455921649932861,0.1902017593383789
sharpxr,low,Normal,42,32.98403982477297,0.8959324359893799,0.9752813577651978,0.9306156039237976,0.18915307521820068
sharpxr,low,Normal,43,34.733445494073464,0.9204353094100952,0.9804537892341614,0.9395720958709717,0.16940617561340332
sharpxr,low,Normal,44,34.65062893991466,0.91583651304245,0.9760403037071228,0.9389516711235046,0.17097456753253937
sharpxr,low,Normal,45,34.17754858204292,0.9104883670806885,0.9786840081214905,0.941940426826477,0.19146180152893066
sharpxr,low,Normal,46,36.36743337081437,0.920877993106842,0.9746659398078918,0.9411431550979614,0.20236128568649292
sharpxr,low,Normal,47,33.72271354714585,0.9192772507667542,0.9820019006729126,0.939117968082428,0.1590770035982132
sharpxr,low,Normal,48,34.34276593721732,0.9129582643508911,0.977444052696228,0.9409617781639099,0.17986878752708435
sharpxr,low,Normal,49,34.514844367391014,0.9187862277030945,0.9780900478363037,0.9407517910003662,0.16955944895744324
sharpxr,low,Normal,50,34.30984540675331,0.9120411276817322,0.9798718094825745,0.9448089003562927,0.19703233242034912
sharpxr,low,Normal,51,35.408840329764246,0.9228923916816711,0.9788603186607361,0.9471317529678345,0.17456376552581787
sharpxr,low,Normal,52,34.75352536592378,0.9126461148262024,0.9757992029190063,0.9373117685317993,0.20258799195289612
sharpxr,low,Normal,53,34.67618178577872,0.9280576705932617,0.9848130941390991,0.947347104549408,0.14261513948440552
sharpxr,low,Normal,54,34.97023554620438,0.9183504581451416,0.9799672365188599,0.9477543234825134,0.18407794833183289
sharpxr,low,Normal,55,35.76705509960172,0.9267647862434387,0.9815307855606079,0.9476181268692017,0.17369332909584045
sharpxr,low,Normal,56,36.40676867642782,0.9450252056121826,0.9845018982887268,0.9553887248039246,0.1736202836036682
sharpxr,low,Normal,57,34.11451569057328,0.8962909579277039,0.9737709760665894,0.9312183856964111,0.20822204649448395
sharpxr,low,Normal,58,34.374482735258226,0.9174414873123169,0.9802213311195374,0.9458829760551453,0.1727595329284668
sharpxr,low,Normal,59,35.023963795637926,0.9230613708496094,0.9804713726043701,0.9473769664764404,0.1729412078857422
sharpxr,low,Normal,60,35.39002293248192,0.9241479635238647,0.9797149896621704,0.9470129013061523,0.1748141348361969
sharpxr,low,Normal,61,35.523173230404545,0.9368694424629211,0.9841852188110352,0.9526594877243042,0.14108414947986603
sharpxr,low,Normal,62,34.474704028538866,0.9033492207527161,0.9754353761672974,0.9375433921813965,0.2194310873746872
sharpxr,low,Normal,63,34.55481439462869,0.9240821599960327,0.9825391173362732,0.9481756687164307,0.15695971250534058
sharpxr,low,Normal,64,35.34885633414373,0.9276115298271179,0.9819353818893433,0.9447983503341675,0.16981394588947296
sharpxr,low,Normal,65,33.07888263122662,0.9101605415344238,0.9785363078117371,0.9408947825431824,0.16726943850517273
sharpxr,low,Normal,66,33.188652755637364,0.8874534964561462,0.9716997146606445,0.9292278289794922,0.20607306063175201
sharpxr,low,Normal,67,33.231856447770255,0.8967097997665405,0.9752879738807678,0.9337721467018127,0.20010432600975037
sharpxr,low,Normal,68,32.76198622219863,0.8838487267494202,0.9707698822021484,0.9255527257919312,0.20721188187599182
sharpxr,low,Normal,69,34.361849990120234,0.9072530269622803,0.9760555624961853,0.9357678294181824,0.20373448729515076
sharpxr,low,Normal,70,36.445001535583344,0.9446861147880554,0.9843006134033203,0.9546709656715393,0.16432443261146545
sharpxr,low,Normal,71,35.84640341626793,0.9170239567756653,0.9738661646842957,0.9441588521003723,0.19496102631092072
sharpxr,low,Normal,72,35.50091184370491,0.9269827008247375,0.9807390570640564,0.9520402550697327,0.17374108731746674
sharpxr,low,Normal,73,36.23550054327511,0.9392215013504028,0.9828205108642578,0.9535260200500488,0.15936872363090515
sharpxr,low,Normal,74,35.5888469311317,0.931810200214386,0.9762700796127319,0.9432130455970764,0.22028201818466187
sharpxr,low,Normal,75,33.87501051756025,0.9139483571052551,0.9772874116897583,0.9409465789794922,0.17606671154499054
sharpxr,low,Normal,76,33.663745914312805,0.9034833908081055,0.9759227633476257,0.9301644563674927,0.20899321138858795
sharpxr,low,Normal,77,34.63884243560234,0.9276768565177917,0.9831231236457825,0.9487449526786804,0.1419774740934372
sharpxr,low,Normal,78,35.810572365573734,0.9253920912742615,0.9794589877128601,0.9476746320724487,0.22037538886070251
sharpxr,low,Normal,79,34.66655139541913,0.9243314266204834,0.9828735589981079,0.949871301651001,0.15655425190925598
sharpxr,low,Normal,80,35.73856634086851,0.9185829758644104,0.9755237102508545,0.9431091547012329,0.2057914435863495
sharpxr,low,Normal,81,35.34309300969363,0.9246557354927063,0.9810392260551453,0.950514554977417,0.1692943572998047
sharpxr,low,Normal,82,33.78384112945314,0.9029656648635864,0.9746519923210144,0.93492591381073,0.18323585391044617
sharpxr,low,Normal,83,34.133622382920834,0.915073812007904,0.9799010157585144,0.9423329830169678,0.1813335120677948
sharpxr,low,Normal,84,34.526337375921905,0.9187780022621155,0.9823859930038452,0.9492142796516418,0.16128754615783691
sharpxr,low,Normal,85,36.78696843941749,0.9442848563194275,0.9856877326965332,0.9536411166191101,0.1793898046016693
sharpxr,low,Normal,86,35.140263473348284,0.9276781678199768,0.9827739000320435,0.9482682347297668,0.15421020984649658
sharpxr,low,Normal,87,35.444636347529624,0.9275615811347961,0.9811039566993713,0.9490724802017212,0.16139169037342072
sharpxr,low,Normal,88,33.90397998234617,0.9234023094177246,0.9805595874786377,0.9472334384918213,0.1714753806591034
sharpxr,low,Normal,89,35.38565430961884,0.9182081818580627,0.9772971868515015,0.9445245265960693,0.19026176631450653
sharpxr,low,Normal,90,34.88014521611019,0.9276842474937439,0.9829158782958984,0.9483234882354736,0.14542755484580994
sharpxr,low,Normal,91,33.84431139187158,0.9118240475654602,0.9798499941825867,0.937843382358551,0.17850139737129211
sharpxr,low,Normal,92,36.08296284192196,0.9405140280723572,0.9839510321617126,0.9552997946739197,0.15721964836120605
sharpxr,low,Normal,93,34.28620479588949,0.9073895812034607,0.976691484451294,0.9416378736495972,0.18757453560829163
sharpxr,low,Normal,94,35.62723789064735,0.9381917715072632,0.9834136366844177,0.9507374167442322,0.15494966506958008
sharpxr,low,Normal,95,33.667089910911116,0.9033623933792114,0.9743977189064026,0.9321238398551941,0.19287455081939697
sharpxr,low,Normal,96,34.88764464434499,0.9216570854187012,0.9805917143821716,0.9464768767356873,0.16816005110740662
sharpxr,low,Normal,97,33.439964375946666,0.8999391794204712,0.9775310754776001,0.9396424889564514,0.19279524683952332
sharpxr,low,Normal,98,34.370399468453556,0.9211832284927368,0.9828137159347534,0.9484720826148987,0.15813027322292328
sharpxr,low,Normal,99,35.18021778347797,0.9270665645599365,0.9819780588150024,0.9539074897766113,0.17510004341602325
sharpxr,low,Normal,100,35.501576668321654,0.9245250821113586,0.9798116087913513,0.9497969746589661,0.1734551191329956
sharpxr,low,Normal,101,33.72482347318656,0.9062497019767761,0.9767583012580872,0.9408493041992188,0.20078058540821075
sharpxr,low,Normal,102,35.27881545787805,0.9294936656951904,0.9824731945991516,0.9431834816932678,0.1458379626274109
sharpxr,low,Normal,103,35.35029673630464,0.9257053136825562,0.980991542339325,0.9435849189758301,0.1800069659948349
sharpxr,low,Normal,104,34.29156044671248,0.9180625081062317,0.9813550710678101,0.9424329996109009,0.1573672890663147
sharpxr,low,Normal,105,34.72760859408664,0.9201890230178833,0.976923942565918,0.9476985931396484,0.16936811804771423
sharpxr,low,Normal,106,35.44409839063539,0.9292105436325073,0.9825996160507202,0.948839545249939,0.14683398604393005
sharpxr,low,Normal,107,34.78053243478314,0.9230872988700867,0.9809267520904541,0.9459180235862732,0.15846532583236694
sharpxr,low,Normal,108,33.43259005345778,0.8889803290367126,0.9719460010528564,0.9234738945960999,0.21851423382759094
sharpxr,low,Normal,109,34.02562962522383,0.8988951444625854,0.9757608771324158,0.9363659620285034,0.18159031867980957
sharpxr,low,Normal,110,35.02883931093378,0.9138442873954773,0.975188136100769,0.9452241063117981,0.1741664707660675
sharpxr,low,Normal,111,35.622653206372995,0.9225314855575562,0.9789495468139648,0.9383056163787842,0.1795000433921814
sharpxr,low,Normal,112,33.46823616449916,0.9042673707008362,0.9760395884513855,0.9353318214416504,0.18639802932739258
sharpxr,low,Normal,113,33.76900187383471,0.8974795341491699,0.9752470254898071,0.9307566285133362,0.18740352988243103
sharpxr,low,Normal,114,34.4559074692434,0.9084138870239258,0.9785383343696594,0.9336666464805603,0.20454570651054382
sharpxr,low,Normal,115,34.59535597643389,0.9175823926925659,0.9807467460632324,0.9469828009605408,0.17617402970790863
sharpxr,low,Normal,116,33.778147075437126,0.9166511297225952,0.982007622718811,0.9411114454269409,0.15950340032577515
sharpxr,low,Normal,117,35.134551324722416,0.921600341796875,0.9777052402496338,0.9495048522949219,0.16793325543403625
sharpxr,low,Normal,118,34.888302936298,0.9220351576805115,0.9810177683830261,0.9448221325874329,0.1655731201171875
sharpxr,low,Normal,119,36.71416861455808,0.9481294751167297,0.9848275780677795,0.9595380425453186,0.1462792456150055
sharpxr,low,Normal,120,35.38380347207181,0.9448233842849731,0.9852245450019836,0.9569301605224609,0.1279318779706955
sharpxr,low,Normal,121,35.255997805853944,0.92574143409729,0.9789815545082092,0.946794867515564,0.15255790948867798
sharpxr,low,Normal,122,35.56283834553997,0.9317247271537781,0.983083963394165,0.953921914100647,0.1498221904039383
sharpxr,low,Normal,123,35.64031508449095,0.9290298223495483,0.9828429818153381,0.950732409954071,0.14568431675434113
sharpxr,low,Normal,124,35.01369223268119,0.9208372831344604,0.9806123971939087,0.9440127015113831,0.18448489904403687
sharpxr,low,Normal,125,33.93765276278505,0.9098598957061768,0.9805102348327637,0.9377506971359253,0.19385313987731934
sharpxr,low,Normal,126,35.086632148702016,0.9134073257446289,0.9762542247772217,0.9455435276031494,0.21335849165916443
sharpxr,low,Normal,127,33.581296650073945,0.887175977230072,0.9712534546852112,0.9250021576881409,0.220869243144989
sharpxr,low,Normal,128,33.987736762972354,0.9157058596611023,0.9810671806335449,0.9400928020477295,0.17972123622894287
sharpxr,low,Normal,129,35.06271163940334,0.9273620247840881,0.9831281304359436,0.9490341544151306,0.1498580276966095
sharpxr,low,Normal,130,34.58334936778588,0.9265506863594055,0.9839862585067749,0.9467628598213196,0.1512560248374939
sharpxr,low,Normal,131,34.51584999899294,0.9188998937606812,0.9806811809539795,0.9460281133651733,0.17112252116203308
sharpxr,low,Normal,132,33.999584174469874,0.9120091199874878,0.977870762348175,0.9440630078315735,0.17800962924957275
sharpxr,low,Normal,133,34.50901143678532,0.9181853532791138,0.9817517399787903,0.9466586112976074,0.16034956276416779
sharpxr,low,Normal,134,36.014673741919175,0.9372738003730774,0.9831336736679077,0.9512109160423279,0.16828571259975433
sharpxr,low,Normal,135,35.33518009647906,0.9277247786521912,0.9796944856643677,0.9463170766830444,0.15736140310764313
sharpxr,low,Normal,136,34.36309625185916,0.9253519773483276,0.9825889468193054,0.9478610157966614,0.15548300743103027
sharpxr,low,Normal,137,34.36980895098404,0.9245714545249939,0.9826902151107788,0.946418821811676,0.1517498791217804
sharpxr,low,Normal,138,35.18993040968986,0.9283201098442078,0.9824440479278564,0.9496989846229553,0.15606752038002014
sharpxr,low,Normal,139,33.61751229675873,0.9067358374595642,0.978550910949707,0.9385225772857666,0.185165673494339
sharpxr,low,Normal,140,34.04621654480492,0.9074162244796753,0.9772643446922302,0.9367315769195557,0.17625018954277039
sharpxr,low,Normal,141,35.02628425080872,0.9183289408683777,0.9771578907966614,0.9460076093673706,0.18306304514408112
sharpxr,low,Normal,142,33.11902772206379,0.8879823088645935,0.9717488288879395,0.9290239810943604,0.19214725494384766
sharpxr,low,Normal,143,35.85204760346812,0.9407055974006653,0.9842722415924072,0.9543946385383606,0.14731372892856598
sharpxr,low,Normal,144,34.900860733692724,0.9255825281143188,0.9809316992759705,0.9520341753959656,0.16067008674144745
sharpxr,low,Normal,145,34.05568090967862,0.9237763285636902,0.9810411930084229,0.9473012685775757,0.14025098085403442
sharpxr,low,Normal,146,33.641204203218294,0.9024627208709717,0.9774698615074158,0.9372509717941284,0.20213691890239716
sharpxr,low,Normal,147,33.75592062064871,0.8919798135757446,0.9725098013877869,0.9314275979995728,0.20692849159240723
sharpxr,low,Normal,148,35.38558267216194,0.9225016236305237,0.9790346026420593,0.947729766368866,0.16541829705238342
sharpxr,low,Normal,149,34.31219056484339,0.9187954664230347,0.9823777079582214,0.947624683380127,0.16179245710372925
sharpxr,low,Normal,150,34.49023708942936,0.8975929617881775,0.9727203845977783,0.935480535030365,0.20021271705627441
sharpxr,low,Normal,151,33.65423185417096,0.8838776350021362,0.9690876603126526,0.9297121167182922,0.20244106650352478
sharpxr,low,Normal,152,33.20898475011944,0.8869292736053467,0.9710389375686646,0.9244532585144043,0.18964412808418274
sharpxr,low,Normal,153,35.08708437085677,0.926871657371521,0.9820943474769592,0.9475017189979553,0.171779066324234
sharpxr,low,Normal,154,36.40907529105131,0.9391196966171265,0.98164963722229,0.9525437951087952,0.18233737349510193
sharpxr,low,Normal,155,34.0133215422439,0.9105324745178223,0.9764946699142456,0.9345276951789856,0.1839776486158371
sharpxr,low,Normal,156,33.751894584003196,0.8996323943138123,0.9754382967948914,0.9314035177230835,0.1911415159702301
sharpxr,low,Normal,157,35.32172068292367,0.9353126883506775,0.985707700252533,0.9501805305480957,0.13951563835144043
sharpxr,low,Normal,158,34.96119958756255,0.9319496750831604,0.9828177690505981,0.9521539807319641,0.14377474784851074
sharpxr,low,Normal,159,35.38183514790078,0.9203275442123413,0.9775551557540894,0.9483659267425537,0.19121748208999634
sharpxr,low,Normal,160,36.05164311187701,0.9376452565193176,0.980087161064148,0.9496844410896301,0.205156147480011
sharpxr,low,Normal,161,35.397091256187046,0.9264799952507019,0.9819535613059998,0.9479007720947266,0.1547962725162506
sharpxr,low,Normal,162,35.20702752950322,0.9340156316757202,0.9836500287055969,0.9483487010002136,0.14677578210830688
sharpxr,low,Normal,163,35.357516337697604,0.9309417605400085,0.9825854897499084,0.9426735043525696,0.16839778423309326
sharpxr,low,Normal,164,36.674704413497665,0.9395313262939453,0.9820106625556946,0.9547576904296875,0.21401453018188477
sharpxr,low,Normal,165,36.667192790756644,0.933478057384491,0.9775974154472351,0.9443707466125488,0.2388308048248291
sharpxr,low,Normal,166,36.33622394000825,0.9347229599952698,0.9830523133277893,0.9480812549591064,0.15389379858970642
sharpxr,low,Normal,167,34.359568577134894,0.8948202729225159,0.9690035581588745,0.9301326274871826,0.24957171082496643
sharpxr,low,Normal,168,34.43946564823619,0.9293698668479919,0.9827893376350403,0.9494461417198181,0.150080144405365
sharpxr,low,Normal,169,32.01816517251667,0.8954570889472961,0.9774116277694702,0.9292886257171631,0.18041573464870453
sharpxr,low,Normal,170,34.249317984956534,0.8997835516929626,0.9759547710418701,0.932758092880249,0.2213222086429596
sharpxr,low,Normal,171,34.287278925555555,0.9043170809745789,0.9771386981010437,0.9387490749359131,0.194954514503479
sharpxr,low,Normal,172,34.77116254105181,0.9111049175262451,0.9747949242591858,0.9392340183258057,0.1970946490764618
sharpxr,low,Normal,173,34.1415130111733,0.8921921253204346,0.9716166853904724,0.9324554800987244,0.20497435331344604
sharpxr,low,Normal,174,35.78542216141958,0.9291924238204956,0.9814826250076294,0.948472261428833,0.1777847558259964
sharpxr,low,Normal,175,35.640277102482614,0.9397169351577759,0.9845930337905884,0.9475203156471252,0.1634102463722229
sharpxr,low,Normal,176,35.46349582520436,0.9413399696350098,0.9850017428398132,0.9530812501907349,0.1511620283126831
sharpxr,low,Normal,177,33.69541615782336,0.8939084410667419,0.973744809627533,0.9302141666412354,0.19168072938919067
sharpxr,low,Normal,178,34.52543394308048,0.9086254835128784,0.9755282998085022,0.9405580759048462,0.19171389937400818
sharpxr,low,Normal,179,33.46237147762498,0.8801751136779785,0.9692503213882446,0.9199232459068298,0.22322160005569458
sharpxr,low,Normal,180,33.09767803085472,0.8991425633430481,0.9742496609687805,0.9305921196937561,0.18419349193572998
sharpxr,low,Normal,181,35.29994761647699,0.9234853386878967,0.9785168170928955,0.9489181637763977,0.17503011226654053
sharpxr,low,Normal,182,35.90316384873432,0.9269258975982666,0.9796411395072937,0.9485353827476501,0.18889325857162476
sharpxr,low,Normal,183,34.6959607645438,0.9180022478103638,0.9803630113601685,0.943313717842102,0.18121787905693054
sharpxr,low,Normal,184,34.86453030099816,0.9196110963821411,0.9799832701683044,0.9485903382301331,0.18089458346366882
sharpxr,low,Normal,185,35.4553375931713,0.925780177116394,0.981713056564331,0.9459399580955505,0.1695542335510254
sharpxr,low,Normal,186,33.711404112040675,0.8999150991439819,0.9746268391609192,0.9341436624526978,0.20334522426128387
sharpxr,low,Normal,187,35.5591543499326,0.9361544847488403,0.9822196960449219,0.9530245661735535,0.16845175623893738
sharpxr,low,Normal,188,35.46052524023567,0.916620135307312,0.9767418503761292,0.9395142197608948,0.21418248116970062
sharpxr,low,Normal,189,35.00158442315599,0.9103075861930847,0.9751225709915161,0.93694669008255,0.21103620529174805
sharpxr,low,Normal,190,33.373964995319916,0.8975652456283569,0.9750422835350037,0.9308336973190308,0.1942330300807953
sharpxr,low,Normal,191,35.73934864799261,0.9410692453384399,0.9847886562347412,0.951404333114624,0.1564130187034607
sharpxr,low,Normal,192,37.29776646665912,0.9489477276802063,0.98362135887146,0.9562768936157227,0.1812673807144165
sharpxr,low,Normal,193,33.958517355398314,0.9152076840400696,0.9807778000831604,0.9436588287353516,0.17255841195583344
sharpxr,low,Normal,194,34.24120975449672,0.905769944190979,0.9752112030982971,0.9407972097396851,0.18541787564754486
sharpxr,low,Normal,195,34.374369220872175,0.9122962355613708,0.9771773219108582,0.9420173764228821,0.1749836653470993
sharpxr,low,Normal,196,34.8106783843792,0.9146357774734497,0.9763248562812805,0.941409707069397,0.1951243281364441
sharpxr,low,Normal,197,35.085471429663805,0.9239286184310913,0.9821712374687195,0.9459642171859741,0.1673806607723236
sharpxr,low,Normal,198,35.92938254023752,0.9353290796279907,0.9824528694152832,0.9496973156929016,0.19780918955802917
sharpxr,low,Normal,199,33.98426254035617,0.9122556447982788,0.9793798327445984,0.9400370121002197,0.16668713092803955
sharpxr,low,Normal,200,34.71093978787254,0.9180627465248108,0.9805149435997009,0.945674479007721,0.1730402261018753
sharpxr,low,Normal,201,34.53684079818749,0.918655514717102,0.9797002673149109,0.9432716369628906,0.16546861827373505
sharpxr,low,Normal,202,34.259891883315625,0.905962347984314,0.9745453000068665,0.9389665722846985,0.20174360275268555
sharpxr,low,Normal,203,34.94029942254294,0.9268836379051208,0.9825904965400696,0.9499516487121582,0.15229611098766327
sharpxr,low,Normal,204,34.237379267972834,0.918134868144989,0.9795638918876648,0.9468397498130798,0.15656426548957825
sharpxr,low,Normal,205,36.03245617870203,0.9319246411323547,0.981485903263092,0.9478593468666077,0.17239150404930115
sharpxr,low,Normal,206,36.228734993815415,0.9281507730484009,0.9789087772369385,0.9499641060829163,0.16678263247013092
sharpxr,low,Normal,207,35.43041465190142,0.9199075102806091,0.9752101898193359,0.9403871297836304,0.17125582695007324
sharpxr,low,Normal,208,34.43263257542456,0.9167885184288025,0.9805537462234497,0.9442620277404785,0.16274575889110565
sharpxr,low,Normal,209,33.913000903888936,0.9141535758972168,0.9809381365776062,0.9473043084144592,0.1711607277393341
sharpxr,low,Normal,210,34.07159626122711,0.8989507555961609,0.9730738401412964,0.9327002763748169,0.2255040556192398
sharpxr,low,Normal,211,35.129981572696565,0.9332634806632996,0.983912467956543,0.9490435719490051,0.13481925427913666
sharpxr,low,Normal,212,35.94504329297944,0.940538227558136,0.9838666915893555,0.9540953040122986,0.15743063390254974
sharpxr,low,Normal,213,36.13555271080603,0.9409570693969727,0.9840041995048523,0.9537429213523865,0.16714002192020416
sharpxr,low,Normal,214,34.64060200768613,0.9172391891479492,0.979459822177887,0.941952645778656,0.1794554591178894
sharpxr,low,Normal,215,34.18699723686383,0.8926877975463867,0.9703491926193237,0.925453245639801,0.224165141582489
sharpxr,low,Normal,216,34.114816577125154,0.9085410833358765,0.9786562919616699,0.9424780011177063,0.16778725385665894
sharpxr,low,Normal,217,35.90506572849233,0.9269480109214783,0.9786863327026367,0.9454840421676636,0.21092049777507782
sharpxr,low,Normal,218,34.29346772017904,0.900989830493927,0.974362313747406,0.9332051277160645,0.19323793053627014
sharpxr,low,Normal,219,34.936510031915034,0.9271296858787537,0.9817103743553162,0.9483550190925598,0.15122203528881073
sharpxr,low,Normal,220,36.41184617447668,0.9259087443351746,0.9779181480407715,0.9459509253501892,0.22706039249897003
sharpxr,low,Normal,221,35.132163245791695,0.9322373270988464,0.9832854866981506,0.9507681727409363,0.14548316597938538
sharpxr,low,Normal,222,34.602934541323116,0.919475257396698,0.9822754263877869,0.9432912468910217,0.15290112793445587
sharpxr,low,Normal,223,34.0287289628441,0.9016043543815613,0.9747171401977539,0.9378530979156494,0.20902785658836365
sharpxr,low,Normal,224,35.52796772722138,0.9418603777885437,0.9864515662193298,0.9539123177528381,0.13426102697849274
sharpxr,low,Normal,225,33.35453847974297,0.8781465888023376,0.9719433784484863,0.9221866130828857,0.23223483562469482
sharpxr,low,Normal,226,35.713458712366595,0.9301267266273499,0.9815523624420166,0.9513055682182312,0.16355514526367188
sharpxr,low,Normal,227,34.1293196811635,0.9154109358787537,0.9797321557998657,0.9434276819229126,0.16741099953651428
sharpxr,low,Normal,228,36.05860656656296,0.9367066621780396,0.9837173223495483,0.9485611915588379,0.16118337213993073
sharpxr,low,Normal,229,34.43327309221569,0.9274806380271912,0.9833078384399414,0.9452077150344849,0.16767103970050812
sharpxr,low,Normal,230,34.4576152628445,0.9136640429496765,0.9799573421478271,0.9446241855621338,0.17383848130702972
sharpxr,low,Normal,231,34.4181630137582,0.9041295051574707,0.9755470752716064,0.9360749125480652,0.1894809901714325
sharpxr,low,Normal,232,36.107017561477285,0.9314839839935303,0.9829011559486389,0.9523820877075195,0.17048704624176025
sharpxr,low,Normal,233,35.375738962464766,0.9221036434173584,0.979785680770874,0.9465299844741821,0.18583396077156067
sharpxr,low,Bacterial,234,36.63607880395182,0.9378068447113037,0.9759227633476257,0.9466935992240906,0.21771211922168732
sharpxr,low,Bacterial,235,34.566122993271875,0.9155976176261902,0.9749534726142883,0.9375668168067932,0.22357694804668427
sharpxr,low,Bacterial,236,36.71369443144534,0.9359844326972961,0.9793090224266052,0.9482850432395935,0.21802034974098206
sharpxr,low,Bacterial,237,36.33224644434994,0.9391235113143921,0.9798312783241272,0.9450972676277161,0.2177073359489441
sharpxr,low,Bacterial,238,36.77598134492007,0.9311724901199341,0.9733328223228455,0.9401722550392151,0.2722961902618408
sharpxr,low,Bacterial,239,36.26351600147252,0.9406032562255859,0.9798984527587891,0.950617790222168,0.1918201595544815
sharpxr,low,Bacterial,240,36.5541249527043,0.937565803527832,0.9780005812644958,0.9436262249946594,0.21795473992824554
sharpxr,low,Bacterial,241,35.54424384288981,0.9297471046447754,0.9766141772270203,0.9408725500106812,0.24988417327404022
sharpxr,low,Bacterial,242,36.6636810401251,0.9369701743125916,0.9798787832260132,0.9446067810058594,0.221591979265213
sharpxr,low,Bacterial,243,35.32838676183403,0.9204652905464172,0.9780296683311462,0.9353750944137573,0.24602249264717102
sharpxr,low,Bacterial,244,34.288171465846204,0.9121205806732178,0.9756712317466736,0.9348204135894775,0.1832406222820282
sharpxr,low,Bacterial,245,35.36971268738864,0.9349985122680664,0.9829855561256409,0.950833261013031,0.16697175800800323
sharpxr,low,Bacterial,246,35.78878271216249,0.9365155696868896,0.983249306678772,0.9533472061157227,0.18778061866760254
sharpxr,low,Bacterial,247,35.31444942633291,0.933082640171051,0.9819405674934387,0.9494292140007019,0.19807285070419312
sharpxr,low,Bacterial,248,37.03886976138457,0.9438643455505371,0.9815759658813477,0.9506796002388,0.20132291316986084
sharpxr,low,Bacterial,249,37.471726492677476,0.9491429924964905,0.9797662496566772,0.9489064812660217,0.23629294335842133
sharpxr,low,Bacterial,250,36.89561749134978,0.9343169331550598,0.9733583927154541,0.9410296082496643,0.22689923644065857
sharpxr,low,Bacterial,251,34.59797931496458,0.918495237827301,0.979141116142273,0.9400827288627625,0.18490278720855713
sharpxr,low,Bacterial,252,37.073432707778686,0.9366989135742188,0.9782944917678833,0.9417226314544678,0.23599332571029663
sharpxr,low,Bacterial,253,36.11642877690831,0.9331685304641724,0.9780086278915405,0.9452674984931946,0.23981623351573944
sharpxr,low,Bacterial,254,34.892907536549515,0.9142777323722839,0.977247416973114,0.93632572889328,0.19656595587730408
sharpxr,low,Bacterial,255,35.472505798769404,0.9258768558502197,0.9767755270004272,0.9414562582969666,0.2140151560306549
sharpxr,low,Bacterial,256,34.64580690469851,0.9152665734291077,0.9745559692382812,0.9329692721366882,0.21798723936080933
sharpxr,low,Bacterial,257,35.7685328302165,0.9324629902839661,0.9766150712966919,0.9419243335723877,0.23510031402111053
sharpxr,low,Bacterial,258,35.86151672891192,0.9148717522621155,0.9698069095611572,0.9291038513183594,0.2792515754699707
sharpxr,low,Bacterial,259,36.02870319977216,0.9193739891052246,0.973383367061615,0.9402790069580078,0.25781381130218506
sharpxr,low,Bacterial,260,36.22813700286311,0.9358460307121277,0.9765204787254333,0.9470188021659851,0.21802879869937897
sharpxr,low,Bacterial,261,34.11523876620755,0.9157811403274536,0.9777606129646301,0.9366773366928101,0.17663279175758362
sharpxr,low,Bacterial,262,37.833106531405136,0.9449255466461182,0.981477677822113,0.9492068886756897,0.2193412184715271
sharpxr,low,Bacterial,263,37.324023266462206,0.9424535632133484,0.9813201427459717,0.9502837061882019,0.23416604101657867
sharpxr,low,Bacterial,264,37.21696289588613,0.9363008737564087,0.9757739901542664,0.9442603588104248,0.2220696210861206
sharpxr,low,Bacterial,265,37.32668672478929,0.943676769733429,0.9805788993835449,0.9498652219772339,0.23736605048179626
sharpxr,low,Bacterial,266,37.06643594002918,0.9400116801261902,0.9814778566360474,0.9435632228851318,0.22899311780929565
sharpxr,low,Bacterial,267,35.2781911160724,0.9150506258010864,0.9758152961730957,0.9322751760482788,0.2410980612039566
sharpxr,low,Bacterial,268,36.38063815250965,0.9264968037605286,0.9762583374977112,0.9366163015365601,0.24871759116649628
sharpxr,low,Bacterial,269,36.26980801260323,0.9382632970809937,0.9802061319351196,0.9488303065299988,0.21233488619327545
sharpxr,low,Bacterial,270,37.29496338110532,0.9479576945304871,0.9826509952545166,0.9576280117034912,0.19030670821666718
sharpxr,low,Bacterial,271,36.413046056369986,0.9399628043174744,0.9837920069694519,0.947976291179657,0.1858348697423935
sharpxr,low,Bacterial,272,37.00375507617709,0.9413419961929321,0.9806966185569763,0.9482506513595581,0.24016129970550537
sharpxr,low,Bacterial,273,37.242233528007965,0.9463212490081787,0.9793936610221863,0.9507184028625488,0.21596021950244904
sharpxr,low,Bacterial,274,35.232597660180424,0.9200194478034973,0.9778292775154114,0.9376512765884399,0.20786862075328827
sharpxr,low,Bacterial,275,34.59607667206474,0.9174507856369019,0.9745929837226868,0.9373053312301636,0.22907716035842896
sharpxr,low,Bacterial,276,33.88738360921505,0.9099286794662476,0.9783045649528503,0.934675931930542,0.16325578093528748
sharpxr,low,Bacterial,277,35.59448766459015,0.920363187789917,0.9727203249931335,0.9350663423538208,0.23827899992465973
sharpxr,low,Bacterial,278,35.87931647363126,0.9236849546432495,0.9767860174179077,0.9391416311264038,0.22522439062595367
sharpxr,low,Bacterial,279,35.891512361063214,0.9322222471237183,0.9797655344009399,0.9438366889953613,0.2002999186515808
sharpxr,low,Bacterial,280,36.71164438552762,0.9259687662124634,0.9775192737579346,0.9401190280914307,0.22367829084396362
sharpxr,low,Bacterial,281,35.704317911632984,0.9134702086448669,0.9739885926246643,0.9302628636360168,0.2621784806251526
sharpxr,low,Bacterial,282,34.54032493944013,0.9136499762535095,0.9757694005966187,0.9315783381462097,0.22709183394908905
sharpxr,low,Bacterial,283,36.19789980559475,0.9306168556213379,0.9792593717575073,0.9404001832008362,0.2267225831747055
sharpxr,low,Bacterial,284,34.15043351495334,0.9164077639579773,0.9715739488601685,0.9319660067558289,0.27073216438293457
sharpxr,low,Bacterial,285,37.27230343988485,0.9387397170066833,0.9764617681503296,0.942817211151123,0.24684451520442963
sharpxr,low,Bacterial,286,35.110549425972415,0.9305689334869385,0.9792654514312744,0.9433791637420654,0.21511156857013702
sharpxr,low,Bacterial,287,34.99323247610183,0.9071887731552124,0.9710955023765564,0.9349488019943237,0.25214698910713196
sharpxr,low,Bacterial,288,36.63926658914676,0.9374837279319763,0.9784883856773376,0.9449375867843628,0.21102064847946167
sharpxr,low,Bacterial,289,35.45262631634734,0.9218587279319763,0.9754684567451477,0.935333251953125,0.21487385034561157
sharpxr,low,Bacterial,290,37.10566347667429,0.939857006072998,0.9782931804656982,0.9477149844169617,0.23083555698394775
sharpxr,low,Bacterial,291,35.58527344991434,0.9268245697021484,0.9747496247291565,0.9384357333183289,0.22762559354305267
sharpxr,low,Bacterial,292,35.073949571825736,0.9174548983573914,0.9768736362457275,0.9386465549468994,0.19839799404144287
sharpxr,low,Bacterial,293,37.08758134696733,0.9416666030883789,0.9831582307815552,0.9491286277770996,0.2227553427219391
sharpxr,low,Bacterial,294,36.30543153196572,0.9354596138000488,0.9795698523521423,0.9477420449256897,0.20849476754665375
sharpxr,low,Bacterial,295,35.41691996119598,0.9330698251724243,0.9797108769416809,0.9461238980293274,0.2126884162425995
sharpxr,low,Bacterial,296,36.501309067554295,0.9388523697853088,0.982241690158844,0.9464753866195679,0.21055743098258972
sharpxr,low,Bacterial,297,35.8937425411835,0.9328866600990295,0.9808899760246277,0.9455004930496216,0.22600753605365753
sharpxr,low,Bacterial,298,33.626041590837175,0.9040874242782593,0.9694557189941406,0.9252350330352783,0.23089797794818878
sharpxr,low,Bacterial,299,34.05434233675927,0.9107534289360046,0.9707586169242859,0.9308744668960571,0.24854156374931335
sharpxr,low,Bacterial,300,34.099680449823865,0.9217298626899719,0.9774810075759888,0.9349024891853333,0.20993313193321228
sharpxr,low,Bacterial,301,33.726853031895,0.8988665342330933,0.9706860184669495,0.9323564767837524,0.19176389276981354
sharpxr,low,Bacterial,302,35.553406739272944,0.9244549870491028,0.9781482815742493,0.940758228302002,0.19532427191734314
sharpxr,low,Bacterial,303,34.879696151825826,0.9336543679237366,0.979649543762207,0.9455589056015015,0.2293643057346344
sharpxr,low,Bacterial,304,36.31045401245036,0.9334238171577454,0.978981077671051,0.9410931468009949,0.23401588201522827
sharpxr,low,Bacterial,305,36.970604841580375,0.938308596611023,0.9790464043617249,0.9455281496047974,0.2096708118915558
sharpxr,low,Bacterial,306,35.51604180931347,0.9354985356330872,0.9800018072128296,0.9447897672653198,0.2277858555316925
sharpxr,low,Bacterial,307,35.40093000055342,0.9356082677841187,0.9805592894554138,0.9452710151672363,0.23123489320278168
sharpxr,low,Bacterial,308,35.085974084441816,0.907784104347229,0.9724434614181519,0.9386213421821594,0.21840304136276245
sharpxr,low,Bacterial,309,35.512089210236574,0.928230345249176,0.9779312610626221,0.9461831450462341,0.19130924344062805
sharpxr,low,Bacterial,310,34.04544294803539,0.9098662734031677,0.9765695929527283,0.9389464259147644,0.17543672025203705
sharpxr,low,Bacterial,311,35.398588054914505,0.9201171398162842,0.9740256071090698,0.938785970211029,0.21260175108909607
sharpxr,low,Bacterial,312,34.400113827400325,0.9250519275665283,0.9792993664741516,0.9427608847618103,0.18993930518627167
sharpxr,low,Bacterial,313,36.194059308274625,0.925216019153595,0.9741155505180359,0.9371724724769592,0.27439308166503906
sharpxr,low,Bacterial,314,35.11298800162631,0.9089518189430237,0.9747413396835327,0.9332659840583801,0.21480458974838257
sharpxr,low,Bacterial,315,37.4677148487423,0.9434990882873535,0.9794432520866394,0.9532358050346375,0.24184702336788177
sharpxr,low,Bacterial,316,37.04156696880635,0.9404414296150208,0.9789313077926636,0.9481038451194763,0.22966322302818298
sharpxr,low,Bacterial,317,37.03441793587937,0.9464263916015625,0.9782887697219849,0.9448912143707275,0.2580285966396332
sharpxr,low,Bacterial,318,36.51736807573457,0.9398756623268127,0.9796963334083557,0.9487841129302979,0.20145578682422638
sharpxr,low,Bacterial,319,36.34052725750872,0.9318904280662537,0.9760651588439941,0.9427798986434937,0.2102353423833847
sharpxr,low,Bacterial,320,37.05102601666901,0.9408193230628967,0.9781054854393005,0.9418658018112183,0.23241347074508667
sharpxr,low,Bacterial,321,33.74742411844083,0.916048526763916,0.9755920767784119,0.9388986229896545,0.22764864563941956
sharpxr,low,Bacterial,322,35.126719347290106,0.9259818196296692,0.978121280670166,0.9406905174255371,0.22335755825042725
sharpxr,low,Bacterial,323,35.14773947076477,0.9272509813308716,0.9803956151008606,0.9463918209075928,0.1908605396747589
sharpxr,low,Bacterial,324,34.425499971050904,0.9227783679962158,0.9809783697128296,0.9424519538879395,0.19454799592494965
sharpxr,low,Bacterial,325,33.75234320329532,0.9214649200439453,0.9822220206260681,0.938732385635376,0.18725958466529846
sharpxr,low,Bacterial,326,35.339684497485464,0.9282382130622864,0.9774911403656006,0.9429348111152649,0.22040942311286926
sharpxr,low,Bacterial,327,36.34084347008005,0.9443750977516174,0.9829661846160889,0.9482839107513428,0.20671071112155914
sharpxr,low,Bacterial,328,36.39304995373137,0.9411284923553467,0.9813050031661987,0.9475260972976685,0.22718383371829987
sharpxr,low,Bacterial,329,35.821570866503535,0.9353606700897217,0.9830555319786072,0.9469678401947021,0.15164372324943542
sharpxr,low,Bacterial,330,37.55290903898643,0.9423859715461731,0.9802020788192749,0.9461958408355713,0.21452771127223969
sharpxr,low,Bacterial,331,36.71954542055047,0.9485256671905518,0.9852239489555359,0.9521815776824951,0.19302985072135925
sharpxr,low,Bacterial,332,37.5409933616095,0.9464939832687378,0.9804301261901855,0.9510530233383179,0.2140483856201172
sharpxr,low,Bacterial,333,37.36448593555532,0.9482114315032959,0.9812854528427124,0.954079806804657,0.199071004986763
sharpxr,low,Bacterial,334,37.49770800738751,0.9505769610404968,0.9820523262023926,0.9546059966087341,0.20983244478702545
sharpxr,low,Bacterial,335,34.650376684297406,0.9070163369178772,0.9740158915519714,0.9362099170684814,0.22863413393497467
sharpxr,low,Bacterial,336,37.03373604730353,0.9439445734024048,0.9829932451248169,0.9515103697776794,0.20058315992355347
sharpxr,low,Bacterial,337,35.683033025755506,0.9263392686843872,0.9777922630310059,0.9372036457061768,0.21045631170272827
sharpxr,low,Bacterial,338,36.87218911918145,0.9369028210639954,0.978556215763092,0.9438386559486389,0.231308251619339
sharpxr,low,Bacterial,339,35.14285345300345,0.9247680306434631,0.9805293679237366,0.9426183104515076,0.17037078738212585
sharpxr,low,Bacterial,340,36.86406833427182,0.938625156879425,0.9777665734291077,0.9446465373039246,0.21320095658302307
sharpxr,low,Bacterial,341,36.25101550597008,0.9462990164756775,0.9803133606910706,0.9481960535049438,0.2119513899087906
sharpxr,low,Bacterial,342,36.15343617191169,0.9360648393630981,0.9774023294448853,0.9444618225097656,0.20838995277881622
sharpxr,low,Bacterial,343,36.718898747815146,0.9461957216262817,0.9789414405822754,0.9439789652824402,0.24163514375686646
sharpxr,low,Bacterial,344,37.24296268779046,0.9422030448913574,0.9802805781364441,0.951231837272644,0.2253340780735016
sharpxr,low,Bacterial,345,35.95187808385952,0.9319173693656921,0.9740442037582397,0.9442800283432007,0.2395474910736084
sharpxr,low,Bacterial,346,34.82597534410276,0.9284765124320984,0.9761090278625488,0.9400017261505127,0.2066602110862732
sharpxr,low,Bacterial,347,36.59775645425603,0.9416309595108032,0.9813021421432495,0.9509223699569702,0.21962693333625793
sharpxr,low,Bacterial,348,35.92474960666596,0.9236348271369934,0.9763021469116211,0.9387486577033997,0.23049668967723846
sharpxr,low,Bacterial,349,37.38418262202133,0.9421102404594421,0.9775485992431641,0.9499367475509644,0.21906732022762299
sharpxr,low,Bacterial,350,37.631472578129824,0.9447099566459656,0.9816277027130127,0.9513229727745056,0.25451308488845825
sharpxr,low,Bacterial,351,34.47937017074192,0.9105413556098938,0.9731435179710388,0.9399529099464417,0.20015984773635864
sharpxr,low,Bacterial,352,36.87464872109182,0.9393036365509033,0.9809093475341797,0.9507954120635986,0.2082337588071823
sharpxr,low,Bacterial,353,35.887110344777284,0.9377884864807129,0.983479917049408,0.9488019347190857,0.19387158751487732
sharpxr,low,Bacterial,354,37.45765317699323,0.9352859258651733,0.9771818518638611,0.9476990103721619,0.25919783115386963
sharpxr,low,Bacterial,355,36.491175516960105,0.926324188709259,0.9776362180709839,0.943015992641449,0.22182124853134155
sharpxr,low,Bacterial,356,36.38759850780393,0.9361721873283386,0.981356143951416,0.946517288684845,0.19080302119255066
sharpxr,low,Bacterial,357,36.699323012597404,0.9271049499511719,0.9756287932395935,0.9413648843765259,0.23298698663711548
sharpxr,low,Bacterial,358,36.57036417935058,0.9277120232582092,0.9745317697525024,0.9407606720924377,0.2949637770652771
sharpxr,low,Bacterial,359,35.36829498221386,0.9248774647712708,0.9792742729187012,0.9423385262489319,0.17302431166172028
sharpxr,low,Bacterial,360,36.36928635811965,0.9375819563865662,0.9769667387008667,0.9459947943687439,0.22032427787780762
sharpxr,low,Bacterial,361,37.12961895550782,0.9429376125335693,0.9802328944206238,0.949974000453949,0.2102968692779541
sharpxr,low,Bacterial,362,36.87058459145847,0.9371405243873596,0.9775119423866272,0.9509724974632263,0.2445557415485382
sharpxr,low,Bacterial,363,35.25193892674258,0.9395222663879395,0.983445942401886,0.9546441435813904,0.18812969326972961
sharpxr,low,Bacterial,364,37.563468885288955,0.9459642171859741,0.9809203147888184,0.9513972401618958,0.19996239244937897
sharpxr,low,Bacterial,365,33.98072471596694,0.9240986704826355,0.9809829592704773,0.9399181604385376,0.19783341884613037
sharpxr,low,Bacterial,366,36.67124766475699,0.9403280019760132,0.9802435040473938,0.9477231502532959,0.24360120296478271
sharpxr,low,Bacterial,367,35.17898388451512,0.925349771976471,0.9804226756095886,0.9417795538902283,0.18359839916229248
sharpxr,low,Bacterial,368,35.76614047507392,0.9230824112892151,0.976922333240509,0.938647985458374,0.21489942073822021
sharpxr,low,Bacterial,369,34.80448310168339,0.9212979078292847,0.9793860912322998,0.9399783611297607,0.18417754769325256
sharpxr,low,Bacterial,370,33.71622068246988,0.9094972610473633,0.9776439666748047,0.9385529160499573,0.17491015791893005
sharpxr,low,Bacterial,371,36.35113320503763,0.9387799501419067,0.9806013107299805,0.9477977752685547,0.19954434037208557
sharpxr,low,Bacterial,372,35.38887178741456,0.9146086573600769,0.9750249981880188,0.9339591264724731,0.28320837020874023
sharpxr,low,Bacterial,373,36.46513073925302,0.9356375932693481,0.9785745739936829,0.94757479429245,0.21059519052505493
sharpxr,low,Bacterial,374,35.46200627764888,0.9273849725723267,0.9758381843566895,0.9436048865318298,0.2034476399421692
sharpxr,low,Bacterial,375,36.41428335806113,0.9404192566871643,0.981357216835022,0.9472625255584717,0.22002393007278442
sharpxr,low,Bacterial,376,34.648502190769236,0.9292725324630737,0.9801557660102844,0.9419762492179871,0.22068116068840027
sharpxr,low,Bacterial,377,36.232410401833576,0.9447363615036011,0.9832975268363953,0.9450690150260925,0.2195005714893341
sharpxr,low,Bacterial,378,35.08124376853448,0.9189562201499939,0.9786450862884521,0.9392428398132324,0.17418938875198364
sharpxr,low,Bacterial,379,35.88761928678405,0.9281502962112427,0.9787306189537048,0.9434302449226379,0.22025129199028015
sharpxr,low,Bacterial,380,36.6567441886224,0.9428686499595642,0.9798848032951355,0.9515149593353271,0.2136976420879364
sharpxr,low,Bacterial,381,34.007164178764775,0.9155397415161133,0.9781963229179382,0.9395744800567627,0.17525126039981842
sharpxr,low,Bacterial,382,35.54811835544075,0.9307944178581238,0.9775092005729675,0.9415554404258728,0.20473134517669678
sharpxr,low,Bacterial,383,34.32181569248695,0.915112316608429,0.9768719673156738,0.9325330257415771,0.1986553966999054
sharpxr,low,Bacterial,384,33.985088278811844,0.9189290404319763,0.9796202182769775,0.9371195435523987,0.16643178462982178
sharpxr,low,Bacterial,385,33.78168815172413,0.9060698747634888,0.9765732288360596,0.9375391006469727,0.19138705730438232
sharpxr,low,Bacterial,386,36.63375936924714,0.9421283602714539,0.9795304536819458,0.951744019985199,0.1862505078315735
sharpxr,low,Bacterial,387,36.71778941471351,0.9455409646034241,0.9829311370849609,0.9532324075698853,0.17946642637252808
sharpxr,low,Bacterial,388,34.92052471374165,0.9338696002960205,0.9846068620681763,0.9475401043891907,0.14928777515888214
sharpxr,low,Bacterial,389,33.87392108152385,0.9059461951255798,0.9760293364524841,0.9347471594810486,0.2100735902786255
sharpxr,low,Bacterial,390,35.89829088504931,0.9259927272796631,0.9783215522766113,0.9431188106536865,0.19348184764385223
sharpxr,low,Bacterial,391,34.08102687834387,0.9114639759063721,0.9736820459365845,0.9312266111373901,0.2655333876609802
sharpxr,low,Bacterial,392,36.439690541057566,0.9362951517105103,0.9778643846511841,0.9458157420158386,0.22240036725997925
sharpxr,low,Bacterial,393,36.27299535031324,0.9252193570137024,0.9760406613349915,0.941490888595581,0.24467280507087708
sharpxr,low,Bacterial,394,36.80883480518319,0.9421865344047546,0.980666995048523,0.951615571975708,0.21278399229049683
sharpxr,low,Bacterial,395,36.297404553521034,0.9387994408607483,0.9778458476066589,0.9474141001701355,0.19092725217342377
sharpxr,low,Bacterial,396,34.177668312289875,0.8977428674697876,0.9711408615112305,0.9259847402572632,0.23366588354110718
sharpxr,low,Bacterial,397,37.73829372914172,0.9368683695793152,0.9760333299636841,0.9439736008644104,0.24581825733184814
sharpxr,low,Bacterial,398,36.749759021275146,0.9287721514701843,0.9754264950752258,0.9391457438468933,0.2699905335903168
sharpxr,low,Bacterial,399,34.57172099099821,0.9191824793815613,0.9780007004737854,0.9388322830200195,0.22826653718948364
sharpxr,low,Bacterial,400,35.45925795859667,0.9285738468170166,0.9805998206138611,0.9418904781341553,0.18798622488975525
sharpxr,low,Bacterial,401,34.07278228266964,0.9059191942214966,0.9752363562583923,0.9328412413597107,0.20806103944778442
sharpxr,low,Bacterial,402,36.80365183413223,0.9367193579673767,0.9765791296958923,0.9430580139160156,0.23524418473243713
sharpxr,low,Bacterial,403,36.24200982789974,0.9397369623184204,0.9819674491882324,0.9473440051078796,0.20742803812026978
sharpxr,low,Bacterial,404,35.89607851169676,0.9288826584815979,0.9772982597351074,0.9375807046890259,0.21377268433570862
sharpxr,low,Bacterial,405,35.0689870363213,0.9117815494537354,0.9735731482505798,0.9369794726371765,0.23978903889656067
sharpxr,low,Bacterial,406,38.01283451814594,0.9517686367034912,0.9824171662330627,0.9540510773658752,0.18944846093654633
sharpxr,low,Bacterial,407,35.462884381931495,0.9318553805351257,0.9773747324943542,0.9443743228912354,0.21134725213050842
sharpxr,low,Bacterial,408,35.73277473556537,0.9337939620018005,0.9817614555358887,0.9453238844871521,0.20249921083450317
sharpxr,low,Bacterial,409,34.86939714616351,0.9223096370697021,0.9796182513237,0.9367238879203796,0.19395583868026733
sharpxr,low,Bacterial,410,33.88290444146884,0.9044929146766663,0.9745346903800964,0.934490978717804,0.19944703578948975
sharpxr,low,Bacterial,411,35.532711039802514,0.9234051704406738,0.9759202599525452,0.9364510178565979,0.22210261225700378
sharpxr,low,Bacterial,412,36.335036396506396,0.9342257380485535,0.9792945384979248,0.9412919282913208,0.22043092548847198
sharpxr,low,Bacterial,413,33.9280240345213,0.9046957492828369,0.9719854593276978,0.9285101294517517,0.19033724069595337
sharpxr,low,Bacterial,414,37.338109420986775,0.9434089064598083,0.9799640774726868,0.9465765953063965,0.2294793426990509
sharpxr,low,Bacterial,415,36.05689779461366,0.9313597679138184,0.9780207276344299,0.9429947733879089,0.24222995340824127
sharpxr,low,Bacterial,416,37.829211212378084,0.9495053291320801,0.9838650822639465,0.9534552693367004,0.21587499976158142
sharpxr,low,Bacterial,417,36.1807689666625,0.9244652986526489,0.9769706130027771,0.9391133189201355,0.21150237321853638
sharpxr,low,Bacterial,418,36.926704192644266,0.9383747577667236,0.983284056186676,0.9515966176986694,0.20047339797019958
sharpxr,low,Bacterial,419,35.81383866932047,0.9301440715789795,0.9817283749580383,0.9492366313934326,0.15483489632606506
sharpxr,low,Bacterial,420,36.44886775473022,0.9412765502929688,0.9834585785865784,0.9540231823921204,0.18085885047912598
sharpxr,low,Bacterial,421,35.970602085753626,0.9339322447776794,0.9808277487754822,0.9501350522041321,0.1854955554008484
sharpxr,low,Bacterial,422,35.36946113931679,0.926867663860321,0.9787011742591858,0.9401811957359314,0.21386544406414032
sharpxr,low,Bacterial,423,36.169128946363465,0.9365397691726685,0.9791173338890076,0.9497561454772949,0.21230435371398926
sharpxr,low,Bacterial,424,36.21385691064238,0.9359302520751953,0.980107843875885,0.9485267996788025,0.21792106330394745
sharpxr,low,Bacterial,425,36.689764684015685,0.9346778988838196,0.9797987341880798,0.9450258612632751,0.23210738599300385
sharpxr,low,Bacterial,426,38.49787223981931,0.9547194838523865,0.9821212291717529,0.9514371156692505,0.22525860369205475
sharpxr,low,Bacterial,427,37.875282018529134,0.9443031549453735,0.9772059321403503,0.9430206418037415,0.27769243717193604
sharpxr,low,Bacterial,428,36.74959457091214,0.9356807470321655,0.976434588432312,0.9452223777770996,0.2706121504306793
sharpxr,low,Bacterial,429,34.595572281813624,0.9119967818260193,0.9764273166656494,0.9396490454673767,0.20154891908168793
sharpxr,low,Bacterial,430,37.25010265978896,0.947411835193634,0.9832390546798706,0.9531184434890747,0.20395898818969727
sharpxr,low,Bacterial,431,37.48102358563597,0.9413868188858032,0.9765973091125488,0.9414653778076172,0.25073957443237305
sharpxr,low,Bacterial,432,36.869987887901885,0.9398090839385986,0.9795898199081421,0.9483427405357361,0.20190398395061493
sharpxr,low,Bacterial,433,35.3683406653115,0.9175851941108704,0.9767789244651794,0.935053288936615,0.2538459897041321
sharpxr,low,Bacterial,434,36.25271360169612,0.9353774785995483,0.9805098176002502,0.9443045854568481,0.202312171459198
sharpxr,low,Bacterial,435,35.2227109933661,0.931749165058136,0.9810115694999695,0.9439035058021545,0.19927236437797546
sharpxr,low,Bacterial,436,34.856789094442306,0.9275749325752258,0.9826300740242004,0.9439308643341064,0.1475224643945694
sharpxr,low,Bacterial,437,37.450902568022606,0.938500702381134,0.9783737063407898,0.946886420249939,0.18340301513671875
sharpxr,low,Bacterial,438,34.479187229326605,0.9107852578163147,0.9737404584884644,0.9320420026779175,0.22666357457637787
sharpxr,low,Bacterial,439,36.10957074084208,0.9282097220420837,0.9793839454650879,0.9423493146896362,0.223046213388443
sharpxr,low,Bacterial,440,34.762299807759554,0.9190659523010254,0.9795788526535034,0.939509928226471,0.21713727712631226
sharpxr,low,Bacterial,441,34.6297384894899,0.913914144039154,0.976356029510498,0.9383894205093384,0.20822420716285706
sharpxr,low,Bacterial,442,36.792658742055714,0.9397400617599487,0.981692910194397,0.9476378560066223,0.2024448812007904
sharpxr,low,Bacterial,443,36.64456628579468,0.9364091157913208,0.9758409261703491,0.9460026621818542,0.21818113327026367
sharpxr,low,Bacterial,444,35.791456623899094,0.9326100945472717,0.9821447730064392,0.9438109397888184,0.21413403749465942
sharpxr,low,Bacterial,445,36.394643326583044,0.9328476190567017,0.9781126379966736,0.9431062936782837,0.2372087836265564
sharpxr,low,Bacterial,446,35.96077468587091,0.9341363906860352,0.9789387583732605,0.9416944980621338,0.244741752743721
sharpxr,low,Bacterial,447,37.13977140992324,0.9342149496078491,0.9801133871078491,0.939350426197052,0.2557936906814575
sharpxr,low,Bacterial,448,36.6939443072782,0.9349172115325928,0.9814112782478333,0.9480924606323242,0.27419108152389526
sharpxr,low,Bacterial,449,34.85994367628435,0.9042033553123474,0.9748485684394836,0.9359127879142761,0.2182585597038269
sharpxr,low,Bacterial,450,35.19110101133616,0.9301614165306091,0.979729175567627,0.9436099529266357,0.21079319715499878
sharpxr,low,Bacterial,451,34.06685476689289,0.9079450964927673,0.9760019779205322,0.9336826801300049,0.18257659673690796
sharpxr,low,Bacterial,452,34.94890955392044,0.9235328435897827,0.9760600328445435,0.9382873773574829,0.21637751162052155
sharpxr,low,Bacterial,453,37.21877461238498,0.9425134062767029,0.978904128074646,0.9482631683349609,0.2091728001832962
sharpxr,low,Bacterial,454,35.2884694380218,0.9350683689117432,0.9807408452033997,0.946610152721405,0.20846930146217346
sharpxr,low,Bacterial,455,37.2662485311899,0.9414094090461731,0.9779007434844971,0.9477054476737976,0.23513786494731903
sharpxr,low,Bacterial,456,33.62791475440653,0.8901462554931641,0.9699742197990417,0.9310979247093201,0.23653188347816467
sharpxr,low,Bacterial,457,36.73176358357785,0.9364226460456848,0.977543294429779,0.9444254636764526,0.24620193243026733
sharpxr,low,Bacterial,458,37.004572735135774,0.9495732188224792,0.9824634790420532,0.9500588774681091,0.21580523252487183
sharpxr,low,Bacterial,459,37.78222624267404,0.9497010707855225,0.981970489025116,0.9503345489501953,0.2285839021205902
sharpxr,low,Bacterial,460,36.024580993170765,0.9325562119483948,0.9806771874427795,0.9470486044883728,0.19465716183185577
sharpxr,low,Bacterial,461,35.90665766717204,0.9378329515457153,0.9826995134353638,0.9493972063064575,0.17238564789295197
sharpxr,low,Bacterial,462,34.83927751081269,0.9180004596710205,0.9783743023872375,0.9424759745597839,0.18042629957199097
sharpxr,low,Bacterial,463,36.975362379128775,0.9359908103942871,0.9767877459526062,0.9431219696998596,0.2387237846851349
sharpxr,low,Bacterial,464,35.52526757774854,0.9275743961334229,0.97889244556427,0.9419153928756714,0.21186479926109314
sharpxr,low,Bacterial,465,36.62362837887409,0.9352274537086487,0.9793153405189514,0.9471634030342102,0.2305278778076172
sharpxr,low,Bacterial,466,35.76318237836279,0.9246286153793335,0.9768809080123901,0.9402511715888977,0.23663246631622314
sharpxr,low,Bacterial,467,35.75262289240896,0.9142551422119141,0.9757084846496582,0.9333152174949646,0.28866952657699585
sharpxr,low,Bacterial,468,36.353841969486815,0.9401175379753113,0.9799436330795288,0.9498561024665833,0.1776016354560852
sharpxr,low,Bacterial,469,37.048114429479185,0.9367762207984924,0.9784349799156189,0.9401668906211853,0.23529165983200073
sharpxr,low,Bacterial,470,35.891863772823925,0.934207022190094,0.9754546284675598,0.9402996301651001,0.2274131178855896
sharpxr,low,Bacterial,471,34.97095968040222,0.9147071838378906,0.9765415787696838,0.9390553832054138,0.18081822991371155
sharpxr,low,Bacterial,472,35.356670127222706,0.9237335920333862,0.9792261719703674,0.9423810243606567,0.17096711695194244
sharpxr,low,Bacterial,473,33.003452448012034,0.9142505526542664,0.9755702018737793,0.9329904317855835,0.23667611181735992
sharpxr,low,Bacterial,474,34.767270817555264,0.9300263524055481,0.9799930453300476,0.9438028931617737,0.2150312066078186
sharpxr,low,Bacterial,475,33.541793177292305,0.9023367166519165,0.975989818572998,0.9292678236961365,0.19810545444488525
sharpxr,low,Viral,476,35.26556969837023,0.9272035956382751,0.9801111221313477,0.9491666555404663,0.21555843949317932
sharpxr,low,Viral,477,35.55466819045897,0.9362454414367676,0.9821945428848267,0.9520782232284546,0.1879499852657318
sharpxr,low,Viral,478,35.528901709045584,0.9319629073143005,0.9801478981971741,0.9524067640304565,0.19381830096244812
sharpxr,low,Viral,479,36.07548303206669,0.9309353232383728,0.9805616736412048,0.9429819583892822,0.20141607522964478
sharpxr,low,Viral,480,37.1854942940046,0.9405386447906494,0.9769430756568909,0.9438052177429199,0.26323598623275757
sharpxr,low,Viral,481,35.738677210472936,0.9404304623603821,0.9822953939437866,0.9476740956306458,0.2117622196674347
sharpxr,low,Viral,482,34.42444747418686,0.9072532653808594,0.9750930070877075,0.9307418465614319,0.20359282195568085
sharpxr,low,Viral,483,36.16806232260974,0.9338343143463135,0.9761068224906921,0.9432152509689331,0.21393617987632751
sharpxr,low,Viral,484,35.69803474875134,0.9336237907409668,0.9736431241035461,0.9373183250427246,0.2603504955768585
sharpxr,low,Viral,485,35.799789047560175,0.9266825914382935,0.977745532989502,0.9439857602119446,0.22878913581371307
sharpxr,low,Viral,486,36.41954146189943,0.9252088069915771,0.9736667275428772,0.9387208223342896,0.2638407349586487
sharpxr,low,Viral,487,36.197785523428664,0.9276295900344849,0.9789551496505737,0.9442806839942932,0.2161259651184082
sharpxr,low,Viral,488,35.60302612938158,0.9364440441131592,0.9836738705635071,0.9506654739379883,0.1713377833366394
sharpxr,low,Viral,489,36.161588167726435,0.9326435327529907,0.981045663356781,0.950282096862793,0.19576245546340942
sharpxr,low,Viral,490,35.716781458610136,0.9228175282478333,0.9765828251838684,0.9399690628051758,0.24884626269340515
sharpxr,low,Viral,491,35.230466957132364,0.9223862290382385,0.9779200553894043,0.9434383511543274,0.2302670031785965
sharpxr,low,Viral,492,35.185615732784214,0.9226060509681702,0.9795920252799988,0.945207953453064,0.21699708700180054
sharpxr,low,Viral,493,35.60984518261387,0.9277831315994263,0.9800769090652466,0.9465860724449158,0.20473454892635345
sharpxr,low,Viral,494,35.493015754633525,0.9228895306587219,0.9792277216911316,0.9440474510192871,0.21401530504226685
sharpxr,low,Viral,495,34.88662195786653,0.9249290227890015,0.9799198508262634,0.9462013244628906,0.1904129534959793
sharpxr,low,Viral,496,36.07625675579563,0.9202824234962463,0.978239893913269,0.9399306774139404,0.2619238495826721
sharpxr,low,Viral,497,35.75726603667934,0.9396271109580994,0.983427882194519,0.95094895362854,0.1676819622516632
sharpxr,low,Viral,498,36.50639150860729,0.9352446794509888,0.9818649888038635,0.9507886171340942,0.2081013023853302
sharpxr,low,Viral,499,36.39300092766896,0.9271926283836365,0.978285551071167,0.9424387216567993,0.1987440288066864
sharpxr,low,Viral,500,35.003872145507074,0.9089472889900208,0.9744709134101868,0.9378407001495361,0.251633882522583
sharpxr,low,Viral,501,34.88113176537762,0.9249221682548523,0.9815932512283325,0.9452211260795593,0.1626480221748352
sharpxr,low,Viral,502,35.665637647853245,0.9305902123451233,0.9795175790786743,0.9498942494392395,0.18836918473243713
sharpxr,low,Viral,503,35.320048768840174,0.9321725368499756,0.9809947609901428,0.9496390223503113,0.18822909891605377
sharpxr,low,Viral,504,35.15119258915277,0.9226468801498413,0.9809281826019287,0.9434563517570496,0.22178976237773895
sharpxr,low,Viral,505,36.43931471360653,0.9349479675292969,0.9826406836509705,0.9477232694625854,0.18234489858150482
sharpxr,low,Viral,506,35.33047764546839,0.9161437749862671,0.9772688150405884,0.939481258392334,0.22089505195617676
sharpxr,low,Viral,507,34.14343655387534,0.9068066477775574,0.9754315614700317,0.9332895278930664,0.20999345183372498
sharpxr,low,Viral,508,36.71228523589511,0.9314059019088745,0.9783872961997986,0.9454061388969421,0.24884560704231262
sharpxr,low,Viral,509,34.83116091193522,0.9205306768417358,0.9796062111854553,0.9386717081069946,0.20940062403678894
sharpxr,low,Viral,510,33.006725217014484,0.9128338694572449,0.9754682779312134,0.9344850778579712,0.2006390392780304
sharpxr,low,Viral,511,35.3867753276439,0.9327253103256226,0.9807581901550293,0.9511916041374207,0.17406511306762695
sharpxr,low,Viral,512,37.22276571832615,0.9372721314430237,0.979876697063446,0.9503400921821594,0.21001091599464417
sharpxr,low,Viral,513,34.8227831678715,0.927495002746582,0.9796015024185181,0.9448882937431335,0.2176954448223114
sharpxr,low,Viral,514,34.63240398650635,0.9291958212852478,0.9811262488365173,0.9431319236755371,0.17420081794261932
sharpxr,low,Viral,515,35.935719195138816,0.9277772307395935,0.9808834195137024,0.9421409964561462,0.22384189069271088
sharpxr,low,Viral,516,36.42852314316218,0.9329299926757812,0.9804338216781616,0.9480343461036682,0.19911129772663116
sharpxr,low,Viral,517,34.95174992771937,0.92209792137146,0.9788238406181335,0.943081796169281,0.2223987728357315
sharpxr,low,Viral,518,34.47577763343008,0.9185433983802795,0.9811172485351562,0.9399707317352295,0.1699855923652649
sharpxr,low,Viral,519,36.9437719169878,0.949332058429718,0.984756588935852,0.9604796767234802,0.1593189537525177
sharpxr,low,Viral,520,36.2481460630844,0.9360342621803284,0.9808651208877563,0.9511431455612183,0.21412622928619385
sharpxr,low,Viral,521,36.219384736637316,0.9406960606575012,0.9825910329818726,0.9511728286743164,0.16761961579322815
sharpxr,low,Viral,522,36.468631789565364,0.9395337700843811,0.9843926429748535,0.9518818855285645,0.177949920296669
sharpxr,low,Viral,523,36.669462642814835,0.9330978393554688,0.9818689227104187,0.9513679146766663,0.2350500077009201
sharpxr,low,Viral,524,36.842768597630354,0.9367899894714355,0.9810751676559448,0.9501428604125977,0.24912816286087036
sharpxr,low,Viral,525,36.859106675115186,0.9409818649291992,0.9826511740684509,0.9529178142547607,0.1960819512605667
sharpxr,low,Viral,526,36.195033390269494,0.9253710508346558,0.9779112339019775,0.9451217651367188,0.2532496452331543
sharpxr,low,Viral,527,35.855025506072266,0.9172231554985046,0.9741666913032532,0.9346848726272583,0.2764098048210144
sharpxr,low,Viral,528,35.877465458803684,0.928839921951294,0.979778528213501,0.9433350563049316,0.21807140111923218
sharpxr,low,Viral,529,33.65208296795926,0.8778131604194641,0.9701184630393982,0.9211997985839844,0.2524433135986328
sharpxr,low,Viral,530,35.925373277871564,0.9288265109062195,0.9795336723327637,0.9478845000267029,0.2157731056213379
sharpxr,low,Viral,531,35.9352189619102,0.9385842084884644,0.9819167256355286,0.9500880241394043,0.17869342863559723
sharpxr,low,Viral,532,35.93835963599899,0.9302411079406738,0.9766204357147217,0.9449691772460938,0.22115477919578552
sharpxr,low,Viral,533,35.6297221861827,0.9316907525062561,0.9803909063339233,0.9457099437713623,0.19187015295028687
sharpxr,low,Viral,534,34.19443166746539,0.9183262586593628,0.9785100817680359,0.9437253475189209,0.21994003653526306
sharpxr,low,Viral,535,35.22924819624615,0.9286036491394043,0.978818416595459,0.9449354410171509,0.19059455394744873
sharpxr,low,Viral,536,36.506476322913464,0.9257161617279053,0.9765311479568481,0.9375381469726562,0.2642506957054138
sharpxr,low,Viral,537,35.03835636949107,0.9131173491477966,0.9784016609191895,0.9378023743629456,0.28171661496162415
sharpxr,low,Viral,538,36.668258754520025,0.9307406544685364,0.9791603088378906,0.9447233080863953,0.27724605798721313
sharpxr,low,Viral,539,35.79098951759691,0.9384192824363708,0.9830182790756226,0.9511032104492188,0.15895597636699677
sharpxr,low,Viral,540,35.90892421968611,0.9308453798294067,0.9828594326972961,0.9472190737724304,0.1961849182844162
sharpxr,low,Viral,541,35.205919265436194,0.9264385104179382,0.9806296229362488,0.9469714164733887,0.1882137656211853
sharpxr,low,Viral,542,36.95237031598823,0.9449945092201233,0.9852697253227234,0.9551260471343994,0.18557891249656677
sharpxr,low,Viral,543,37.56542677888516,0.9455413818359375,0.978736937046051,0.9450424313545227,0.25319331884384155
sharpxr,low,Viral,544,34.67801259598183,0.9283026456832886,0.9823843240737915,0.9410701394081116,0.19478991627693176
sharpxr,low,Viral,545,34.94831231603742,0.9309478402137756,0.9820713400840759,0.9442794322967529,0.1989188939332962
sharpxr,low,Viral,546,36.532934259343385,0.9319848418235779,0.9794248342514038,0.94337397813797,0.23282337188720703
sharpxr,low,Viral,547,36.39335486419553,0.9294539093971252,0.9770191311836243,0.9434381723403931,0.24607324600219727
sharpxr,low,Viral,548,35.036835994870145,0.9256542325019836,0.9782145023345947,0.9431424140930176,0.21199196577072144
sharpxr,low,Viral,549,37.46696530426448,0.9294381737709045,0.9802941679954529,0.9417834877967834,0.26851844787597656
sharpxr,low,Viral,550,37.54959129459419,0.9305953979492188,0.9806734323501587,0.9420172572135925,0.2611268162727356
sharpxr,low,Viral,551,35.526414394707594,0.9270338416099548,0.9819213151931763,0.9444514513015747,0.21904544532299042
sharpxr,low,Viral,552,36.30409829328287,0.9386946558952332,0.9794812202453613,0.9487940073013306,0.23888728022575378
sharpxr,low,Viral,553,36.720626689547416,0.9396845698356628,0.980554461479187,0.9463524222373962,0.20195868611335754
sharpxr,low,Viral,554,35.388224429693764,0.9235983490943909,0.9779149889945984,0.9465857148170471,0.21302592754364014
sharpxr,low,Viral,555,35.0750360479744,0.930237352848053,0.9811597466468811,0.9488135576248169,0.19204604625701904
sharpxr,low,Viral,556,35.73206031629174,0.9262484312057495,0.9786180257797241,0.9453563094139099,0.18538042902946472
sharpxr,low,Viral,557,36.27926114221018,0.9271062612533569,0.9798309803009033,0.940894365310669,0.2161405384540558
sharpxr,low,Viral,558,35.74416357801673,0.9348841905593872,0.9819604158401489,0.9480217099189758,0.20073093473911285
sharpxr,low,Viral,559,36.567334352725304,0.9229743480682373,0.9742608666419983,0.9398631453514099,0.26689040660858154
sharpxr,low,Viral,560,36.775983149823375,0.9350064396858215,0.9794583916664124,0.9491730332374573,0.20919263362884521
sharpxr,low,Viral,561,35.578545354012746,0.9306191802024841,0.9800794720649719,0.9442932605743408,0.1880417764186859
sharpxr,low,Viral,562,36.13784456747063,0.9379746317863464,0.9830150604248047,0.950863778591156,0.18661315739154816
sharpxr,low,Viral,563,35.827937758964616,0.9298698902130127,0.981137216091156,0.9484083652496338,0.18384547531604767
sharpxr,low,Viral,564,35.997069417464296,0.9364200830459595,0.9804136157035828,0.9513996243476868,0.20194944739341736
sharpxr,low,Viral,565,36.528688722009605,0.9344664216041565,0.9807314276695251,0.9462201595306396,0.2328435182571411
sharpxr,low,Viral,566,35.14712128543698,0.9299562573432922,0.9820010662078857,0.9487804770469666,0.20814327895641327
sharpxr,low,Viral,567,35.94024622311903,0.9420314431190491,0.984201192855835,0.953877329826355,0.1792142391204834
sharpxr,low,Viral,568,35.28439974229776,0.9299821257591248,0.9817889332771301,0.9453988671302795,0.1951574981212616
sharpxr,low,Viral,569,35.28675988916575,0.9141877889633179,0.9764546751976013,0.9377531409263611,0.259321391582489
sharpxr,low,Viral,570,35.142512273607,0.9302868843078613,0.9804004430770874,0.9486453533172607,0.17776471376419067
sharpxr,low,Viral,571,36.172612075388955,0.9324619770050049,0.981153130531311,0.9493474960327148,0.1888975203037262
sharpxr,low,Viral,572,35.08473569363314,0.9191774725914001,0.976725161075592,0.940108597278595,0.22725704312324524
sharpxr,low,Viral,573,35.861234533083284,0.9329855442047119,0.9806956648826599,0.9497421979904175,0.17267575860023499
sharpxr,low,Viral,574,37.32017639197645,0.9466073513031006,0.9790935516357422,0.9571096301078796,0.23334485292434692
sharpxr,low,Viral,575,36.247572561756066,0.9390676021575928,0.9831133484840393,0.950769305229187,0.18427881598472595
sharpxr,low,Viral,576,35.633581250892725,0.9323933720588684,0.9801613688468933,0.9490102529525757,0.20203280448913574
sharpxr,low,Viral,577,34.97350781395689,0.9297977089881897,0.976405680179596,0.945118248462677,0.21572989225387573
sharpxr,low,Viral,578,36.91918568255392,0.9408083558082581,0.9838245511054993,0.9550295472145081,0.18646544218063354
sharpxr,low,Viral,579,35.464112691937096,0.9360210299491882,0.9826861619949341,0.9482561945915222,0.16911378502845764
sharpxr,low,Viral,580,35.82541434002263,0.9384078979492188,0.9819265007972717,0.9527066349983215,0.17874357104301453
sharpxr,low,Viral,581,35.75810502386513,0.941044270992279,0.984177827835083,0.9519159197807312,0.16128116846084595
sharpxr,low,Viral,582,35.44586570738207,0.9246279001235962,0.9784294962882996,0.9424539804458618,0.21363724768161774
sharpxr,low,Viral,583,35.840748607028694,0.9235939979553223,0.9758896231651306,0.940339982509613,0.2154860645532608
sharpxr,low,Viral,584,36.85807437343266,0.9274019598960876,0.9791805148124695,0.9425379037857056,0.2493159919977188
sharpxr,low,Viral,585,36.80107900455847,0.9383184313774109,0.9831831455230713,0.9512430429458618,0.22075536847114563
sharpxr,low,Viral,586,35.84811149966967,0.9187368154525757,0.9750709533691406,0.9343510866165161,0.251308798789978
sharpxr,low,Viral,587,36.77428957796556,0.9350780248641968,0.9776865839958191,0.9403727054595947,0.21618109941482544
sharpxr,low,Viral,588,35.19470082336762,0.9185662865638733,0.9788537621498108,0.9404983520507812,0.22359563410282135
sharpxr,low,Viral,589,32.91209475119042,0.9012501239776611,0.9774492383003235,0.9341835379600525,0.16746218502521515
sharpxr,low,Viral,590,35.57128603033053,0.9296259880065918,0.9804621934890747,0.9431906342506409,0.20819267630577087
sharpxr,low,Viral,591,35.081495047750174,0.9314212799072266,0.9824948906898499,0.9492431282997131,0.17377492785453796
sharpxr,low,Viral,592,35.4436800257823,0.9406230449676514,0.9850203990936279,0.9503706097602844,0.1688118278980255
sharpxr,low,Viral,593,36.724017460287435,0.9202553033828735,0.9731931686401367,0.936611533164978,0.18755318224430084
sharpxr,low,Viral,594,36.88920840161053,0.9368685483932495,0.9820153117179871,0.9537451863288879,0.20073851943016052
sharpxr,low,Viral,595,36.62936036099829,0.9368167519569397,0.9798949360847473,0.9475067257881165,0.19747567176818848
sharpxr,low,Viral,596,36.04972533312755,0.9262883067131042,0.975504994392395,0.9449943900108337,0.27402716875076294
sharpxr,low,Viral,597,35.7559790798266,0.9314682483673096,0.9802261590957642,0.9477723836898804,0.2167873978614807
sharpxr,low,Viral,598,34.569630715154425,0.9228489995002747,0.9777330756187439,0.9429985880851746,0.22518664598464966
sharpxr,low,Viral,599,34.9982833487963,0.9261203408241272,0.9826157093048096,0.9469605088233948,0.16633567214012146
sharpxr,low,Viral,600,35.72119010499079,0.9255689382553101,0.977265477180481,0.9439894556999207,0.2122325748205185
sharpxr,low,Viral,601,36.42259023257501,0.935499370098114,0.9821366667747498,0.952316403388977,0.2082960158586502
sharpxr,low,Viral,602,35.27178795278556,0.9311790466308594,0.9813525080680847,0.9486075043678284,0.1980232298374176
sharpxr,low,Viral,603,35.67994353010238,0.9375336766242981,0.9817500710487366,0.9500486850738525,0.20129022002220154
sharpxr,low,Viral,604,35.93117756513255,0.9414780735969543,0.9831931591033936,0.952387273311615,0.1788748800754547
sharpxr,low,Viral,605,36.534475654398825,0.9359627962112427,0.9841223955154419,0.947654664516449,0.20815688371658325
sharpxr,low,Viral,606,36.158901930643474,0.9277886748313904,0.9802756905555725,0.9467691779136658,0.22674208879470825
sharpxr,low,Viral,607,36.46783675276844,0.934494137763977,0.9811703562736511,0.9531161189079285,0.19597980380058289
sharpxr,low,Viral,608,36.80549106563375,0.9376913905143738,0.9774333238601685,0.9448663592338562,0.23904021084308624
sharpxr,low,Viral,609,36.6467688595704,0.94101881980896,0.9753405451774597,0.950985848903656,0.2134275734424591
sharpxr,low,Viral,610,37.00462441863734,0.940393328666687,0.981726884841919,0.9514531493186951,0.20125232636928558
sharpxr,low,Viral,611,35.00422100906494,0.9317930340766907,0.9802974462509155,0.9478902816772461,0.18265488743782043
sharpxr,low,Viral,612,34.60061262445788,0.9209680557250977,0.9809053540229797,0.9438959956169128,0.1971047818660736
sharpxr,low,Viral,613,35.60465305229763,0.9293761253356934,0.9805809855461121,0.9502106308937073,0.19699615240097046
sharpxr,low,Viral,614,36.3993320699558,0.9332163333892822,0.979282021522522,0.9484617114067078,0.23818640410900116
sharpxr,low,Viral,615,36.6767564975577,0.9316648244857788,0.9808086156845093,0.9452739953994751,0.2128888964653015
sharpxr,low,Viral,616,36.56317966633638,0.9391704201698303,0.9827727675437927,0.9481936693191528,0.2055920958518982
sharpxr,low,Viral,617,35.73566436450647,0.9255581498146057,0.97664874792099,0.9455386996269226,0.23157234489917755
sharpxr,low,Viral,618,35.132545645791794,0.9245746731758118,0.9780606627464294,0.9439096450805664,0.20183108747005463
sharpxr,low,Viral,619,35.384567643977356,0.9231945872306824,0.978425920009613,0.9455665349960327,0.20176050066947937
sharpxr,low,Viral,620,35.58906848309114,0.934207558631897,0.9828690886497498,0.9491337537765503,0.18464332818984985
sharpxr,low,Viral,621,37.81590162382968,0.944561243057251,0.9793370962142944,0.9527778029441833,0.2698473334312439
sharpxr,low,Viral,622,35.93671586717338,0.9293634295463562,0.9790326356887817,0.947445273399353,0.21332934498786926
sharpxr,low,Viral,623,36.10231804499625,0.9293500185012817,0.9819269776344299,0.9457749724388123,0.20224055647850037
nafnet,mid,Normal,0,33.30166387968687,0.9044076204299927,0.9708619713783264,0.9324092864990234,0.18423032760620117
nafnet,mid,Normal,1,32.05771336064966,0.866276204586029,0.9629212021827698,0.9109112024307251,0.22892850637435913
nafnet,mid,Normal,2,32.88855083460185,0.8997762203216553,0.9717464447021484,0.9257423281669617,0.20149213075637817
nafnet,mid,Normal,3,34.0178837710973,0.9287030696868896,0.9795196652412415,0.9438400864601135,0.16684122383594513
nafnet,mid,Normal,4,32.859754671206915,0.8662765026092529,0.9574583768844604,0.9123766422271729,0.24440288543701172
nafnet,mid,Normal,5,34.25875778158379,0.9200642704963684,0.9785407185554504,0.9401139616966248,0.19401457905769348
nafnet,mid,Normal,6,33.77806079528747,0.9040652513504028,0.9697195291519165,0.9334464073181152,0.22660322487354279
nafnet,mid,Normal,7,34.17351573366215,0.9227867722511292,0.9755528569221497,0.9404787421226501,0.20028460025787354
nafnet,mid,Normal,8,32.41924401343703,0.9006975889205933,0.9713117480278015,0.9350547790527344,0.18520426750183105
nafnet,mid,Normal,9,32.590817084059225,0.8856262564659119,0.9685983657836914,0.9292694330215454,0.2138376533985138
nafnet,mid,Normal,10,33.389765324888685,0.915890097618103,0.9779335260391235,0.9396622776985168,0.16166330873966217
nafnet,mid,Normal,11,33.2372310538518,0.8901161551475525,0.9701600074768066,0.9289290308952332,0.22591590881347656
nafnet,mid,Normal,12,33.45135829524976,0.8931134343147278,0.9688026309013367,0.9208550453186035,0.23007650673389435
nafnet,mid,Normal,13,34.58298624688795,0.9114249348640442,0.9683325290679932,0.934736430644989,0.205832839012146
nafnet,mid,Normal,14,33.88989453205668,0.894824206829071,0.9642487168312073,0.9464613199234009,0.1784420609474182
nafnet,mid,Normal,15,32.6593314088507,0.8788546919822693,0.9647564888000488,0.9167022109031677,0.2585562765598297
nafnet,mid,Normal,16,34.109815374891426,0.9143301248550415,0.9715097546577454,0.9356654286384583,0.2161245048046112
nafnet,mid,Normal,17,33.56170678798123,0.9007430672645569,0.969829261302948,0.9257799983024597,0.2038021832704544
nafnet,mid,Normal,18,33.16827183986696,0.8992976546287537,0.9738733172416687,0.9278203248977661,0.17726574838161469
nafnet,mid,Normal,19,33.966919760914706,0.9125117659568787,0.9759854674339294,0.9376243948936462,0.20355547964572906
nafnet,mid,Normal,20,35.25035505226089,0.9375112056732178,0.9815942645072937,0.9468744397163391,0.15922331809997559
nafnet,mid,Normal,21,33.856721923654646,0.9122225642204285,0.97476726770401,0.9374148845672607,0.1847427487373352
nafnet,mid,Normal,22,34.133119504762824,0.9089803099632263,0.9745472073554993,0.9328111410140991,0.2160421460866928
nafnet,mid,Normal,23,31.8697461114134,0.8426600098609924,0.9485613703727722,0.8961181640625,0.31335732340812683
nafnet,mid,Normal,24,32.907726515988486,0.8933454155921936,0.971281111240387,0.9251449704170227,0.21795129776000977
nafnet,mid,Normal,25,33.75563969698247,0.9200829267501831,0.9778862595558167,0.9372001886367798,0.17175409197807312
nafnet,mid,Normal,26,32.0735497583108,0.8865250945091248,0.9718430042266846,0.9224490523338318,0.19035637378692627
nafnet,mid,Normal,27,32.02316738818289,0.8843449354171753,0.9670652151107788,0.9180499911308289,0.216207355260849
nafnet,mid,Normal,28,34.0104562702475,0.9163902401924133,0.9752503037452698,0.93702232837677,0.20128214359283447
nafnet,mid,Normal,29,33.291940851435974,0.9017469882965088,0.969161868095398,0.9295167922973633,0.2426532804965973
nafnet,mid,Normal,30,32.13354248978596,0.8554934859275818,0.9563466906547546,0.9074748158454895,0.23156753182411194
nafnet,mid,Normal,31,33.26509473784071,0.9100428819656372,0.9761725068092346,0.9319244027137756,0.18732938170433044
nafnet,mid,Normal,32,32.1382269491447,0.881115198135376,0.9624226093292236,0.9200774431228638,0.2140975296497345
nafnet,mid,Normal,33,31.566583867658238,0.8597866296768188,0.9616532325744629,0.9059872031211853,0.23927655816078186
nafnet,mid,Normal,34,31.82946984039606,0.8844447135925293,0.9735106229782104,0.9214573502540588,0.1888670027256012
nafnet,mid,Normal,35,33.48360349373739,0.903196394443512,0.974412739276886,0.9317463636398315,0.18991422653198242
nafnet,mid,Normal,36,34.68890728112273,0.9335502982139587,0.9761222004890442,0.9459863305091858,0.15280036628246307
nafnet,mid,Normal,37,34.658608364948115,0.9264266490936279,0.9737126231193542,0.9405661821365356,0.2412828505039215
nafnet,mid,Normal,38,32.889350263888396,0.9047120809555054,0.9732639193534851,0.9325240254402161,0.17919492721557617
nafnet,mid,Normal,39,31.469900638100622,0.8687644600868225,0.9635325074195862,0.9102996587753296,0.2067214846611023
nafnet,mid,Normal,40,33.32202498070129,0.9095492959022522,0.9722237586975098,0.9304416179656982,0.1918962597846985
nafnet,mid,Normal,41,33.91862225763249,0.9048058986663818,0.9711925387382507,0.9317268133163452,0.209501251578331
nafnet,mid,Normal,42,31.329320735985764,0.8631718158721924,0.964172899723053,0.9093211889266968,0.22142046689987183
nafnet,mid,Normal,43,33.06312833297732,0.8991253972053528,0.9719677567481995,0.9221334457397461,0.19638195633888245
nafnet,mid,Normal,44,32.929848493145606,0.8940187096595764,0.9658481478691101,0.9212702512741089,0.2037135362625122
nafnet,mid,Normal,45,32.563497859375154,0.886224627494812,0.9683390259742737,0.9255303144454956,0.21739836037158966
nafnet,mid,Normal,46,34.87945472606591,0.9010103344917297,0.9637723565101624,0.9240632057189941,0.23814667761325836
nafnet,mid,Normal,47,31.928748317664585,0.8933516144752502,0.9722484350204468,0.9216431975364685,0.18356607854366302
nafnet,mid,Normal,48,32.76759460404703,0.8899943232536316,0.9681296348571777,0.925115168094635,0.21003513038158417
nafnet,mid,Normal,49,32.86757253053927,0.8986902832984924,0.9685876369476318,0.9264293313026428,0.19545558094978333
nafnet,mid,Normal,50,32.75365726163577,0.8894017338752747,0.97132807970047,0.9308040142059326,0.22372117638587952
nafnet,mid,Normal,51,33.64932887179443,0.900287389755249,0.9678270220756531,0.9301257729530334,0.20950590074062347
nafnet,mid,Normal,52,33.05948194688841,0.8895266056060791,0.9638205766677856,0.9189515709877014,0.22995753586292267
nafnet,mid,Normal,53,32.93955217714288,0.9065490961074829,0.977600634098053,0.9332573413848877,0.16708053648471832
nafnet,mid,Normal,54,33.352883513481395,0.8961694836616516,0.9714667797088623,0.9318735599517822,0.20992125570774078
nafnet,mid,Normal,55,34.19411226612696,0.9085307121276855,0.9744037985801697,0.9343783855438232,0.1934398114681244
nafnet,mid,Normal,56,34.71273630288679,0.9326573014259338,0.9791261553764343,0.946217954158783,0.20529118180274963
nafnet,mid,Normal,57,32.61319431268842,0.8713216781616211,0.9627253413200378,0.9112116694450378,0.2392856478691101
nafnet,mid,Normal,58,32.73816577394297,0.893119215965271,0.9711827039718628,0.9300621747970581,0.20844420790672302
nafnet,mid,Normal,59,33.2972577771618,0.9029660820960999,0.9717041850090027,0.9323729276657104,0.20236101746559143
nafnet,mid,Normal,60,33.828015819113766,0.9042252898216248,0.9703574776649475,0.9342753887176514,0.20544207096099854
nafnet,mid,Normal,61,33.90504095299797,0.9224646687507629,0.9785836338996887,0.94137042760849,0.1592644602060318
nafnet,mid,Normal,62,32.993327595660745,0.8817474246025085,0.9654670357704163,0.9225392937660217,0.248387411236763
nafnet,mid,Normal,63,32.785007172134044,0.9027001857757568,0.9744256138801575,0.9344717860221863,0.17925959825515747
nafnet,mid,Normal,64,33.78315184298712,0.9080679416656494,0.9740642309188843,0.9300628900527954,0.1952381432056427
nafnet,mid,Normal,65,31.72100941435975,0.8886623978614807,0.970477283000946,0.9288160800933838,0.18818950653076172
nafnet,mid,Normal,66,31.533181236359965,0.8547853827476501,0.9572554230690002,0.9083229303359985,0.2425171136856079
nafnet,mid,Normal,67,31.661709916995434,0.8686675429344177,0.9650859832763672,0.9139148592948914,0.2271048128604889
nafnet,mid,Normal,68,31.116235124346126,0.8495297431945801,0.9564918279647827,0.9046037793159485,0.2443721443414688
nafnet,mid,Normal,69,32.584310085177805,0.8800711631774902,0.96415114402771,0.9158764481544495,0.24144525825977325
nafnet,mid,Normal,70,34.89875548195367,0.93241947889328,0.9794298410415649,0.943937361240387,0.20433123409748077
nafnet,mid,Normal,71,34.321782868931344,0.8959287405014038,0.963200569152832,0.9281398057937622,0.2408304512500763
nafnet,mid,Normal,72,33.998317047731696,0.9091057181358337,0.9726495742797852,0.9393730163574219,0.20233172178268433
nafnet,mid,Normal,73,34.5010614282021,0.9225329756736755,0.9754497408866882,0.9412017464637756,0.18014156818389893
nafnet,mid,Normal,74,33.6985064978725,0.9105192422866821,0.9656716585159302,0.9241876602172852,0.2797197103500366
nafnet,mid,Normal,75,32.29033039406807,0.8855852484703064,0.9640933871269226,0.9217709898948669,0.21268534660339355
nafnet,mid,Normal,76,31.898700783566394,0.8731825351715088,0.9631175398826599,0.9064745306968689,0.2429371327161789
nafnet,mid,Normal,77,32.98613490617355,0.9073723554611206,0.9753886461257935,0.9335872530937195,0.15998788177967072
nafnet,mid,Normal,78,34.171569577222115,0.9091042280197144,0.9705589413642883,0.9347714781761169,0.24271684885025024
nafnet,mid,Normal,79,32.99780601922389,0.9025743007659912,0.9755778908729553,0.934977114200592,0.182231605052948
nafnet,mid,Normal,80,33.96929677531372,0.8973080515861511,0.9641523957252502,0.9267552495002747,0.24890263378620148
nafnet,mid,Normal,81,33.92348655542471,0.9089049696922302,0.9744167327880859,0.9377007484436035,0.19867444038391113
nafnet,mid,Normal,82,32.18317830924961,0.8754422664642334,0.964561939239502,0.9155135750770569,0.2139068841934204
nafnet,mid,Normal,83,32.54543789362168,0.8947978019714355,0.9711633324623108,0.9276896119117737,0.2023290991783142
nafnet,mid,Normal,84,32.93093107090683,0.8974091410636902,0.9751923680305481,0.9362704753875732,0.18897280097007751
nafnet,mid,Normal,85,35.24297943831105,0.9306426644325256,0.9798184633255005,0.9405809044837952,0.21198788285255432
nafnet,mid,Normal,86,33.58323569906406,0.9098898768424988,0.9753639101982117,0.9337249398231506,0.1804846078157425
nafnet,mid,Normal,87,33.92939451232947,0.9090374112129211,0.9734859466552734,0.9344382882118225,0.18936151266098022
nafnet,mid,Normal,88,32.25355771368471,0.9008613228797913,0.9716565012931824,0.9304066300392151,0.1960696130990982
nafnet,mid,Normal,89,33.841818718538896,0.9011613130569458,0.9685575366020203,0.9317534565925598,0.2225562036037445
nafnet,mid,Normal,90,33.12769160926383,0.9062111973762512,0.9744595885276794,0.933035671710968,0.1765637844800949
nafnet,mid,Normal,91,32.1500718140011,0.885798990726471,0.9702287316322327,0.9190931916236877,0.20788712799549103
nafnet,mid,Normal,92,34.615191562157065,0.9277504086494446,0.9778383374214172,0.9450956583023071,0.18973389267921448
nafnet,mid,Normal,93,32.62395517932151,0.8800777792930603,0.965820848941803,0.9240432381629944,0.22398602962493896
nafnet,mid,Normal,94,33.90351666547123,0.9206437468528748,0.9763412475585938,0.9354984164237976,0.18644961714744568
nafnet,mid,Normal,95,31.969408494375813,0.8718236088752747,0.9611684679985046,0.9118658304214478,0.2267533391714096
nafnet,mid,Normal,96,33.383118261106006,0.9004489183425903,0.9721161723136902,0.9317935109138489,0.19462624192237854
nafnet,mid,Normal,97,31.792755071200393,0.8690142035484314,0.9658332467079163,0.9215477108955383,0.22672320902347565
nafnet,mid,Normal,98,32.65958230408957,0.8973283171653748,0.9746310710906982,0.9311707019805908,0.18134304881095886
nafnet,mid,Normal,99,33.54619693933483,0.9086894989013672,0.9744084477424622,0.9409131407737732,0.20466625690460205
nafnet,mid,Normal,100,33.883514543625644,0.9021043181419373,0.9708182215690613,0.9335190653800964,0.20559614896774292
nafnet,mid,Normal,101,32.09218968968913,0.882132887840271,0.9667579531669617,0.9253761768341064,0.21986167132854462
nafnet,mid,Normal,102,33.59598997498155,0.9094668030738831,0.9740264415740967,0.9271677136421204,0.17046058177947998
nafnet,mid,Normal,103,33.67584068781405,0.9077533483505249,0.9722712635993958,0.9294491410255432,0.20147353410720825
nafnet,mid,Normal,104,32.65862123938752,0.8955819606781006,0.9737966060638428,0.9267297983169556,0.18257156014442444
nafnet,mid,Normal,105,33.232546301659106,0.904243528842926,0.9683219790458679,0.9374604821205139,0.1851491630077362
nafnet,mid,Normal,106,33.99220594262302,0.9133639931678772,0.9761251211166382,0.9364119172096252,0.17271529138088226
nafnet,mid,Normal,107,33.07994906377484,0.8976166248321533,0.9707517623901367,0.9275387525558472,0.19034045934677124
nafnet,mid,Normal,108,31.718417713341204,0.8511736392974854,0.9554008841514587,0.8973731994628906,0.2616587281227112
nafnet,mid,Normal,109,32.376290990402474,0.8670028448104858,0.9632193446159363,0.9139797687530518,0.22908471524715424
nafnet,mid,Normal,110,33.14313282689846,0.8863344192504883,0.9632334113121033,0.9268103837966919,0.2207290232181549
nafnet,mid,Normal,111,34.10709922032038,0.9027915596961975,0.9684720039367676,0.9240307211875916,0.20185081660747528
nafnet,mid,Normal,112,31.826040404806577,0.8787103891372681,0.9654212594032288,0.9185905456542969,0.21284416317939758
nafnet,mid,Normal,113,32.152009477628305,0.8676269054412842,0.9637417197227478,0.9095124006271362,0.22303426265716553
nafnet,mid,Normal,114,33.033812329842156,0.8867928981781006,0.9697529077529907,0.9183651208877563,0.22401800751686096
nafnet,mid,Normal,115,32.982360669234424,0.8958204984664917,0.972510814666748,0.9330030679702759,0.20002098381519318
nafnet,mid,Normal,116,32.063215832563095,0.8893942832946777,0.9730991721153259,0.9222296476364136,0.1816321313381195
nafnet,mid,Normal,117,33.13946086300784,0.8964896202087402,0.9666317701339722,0.9302694201469421,0.19706091284751892
nafnet,mid,Normal,118,33.27497191228348,0.9003032445907593,0.9725852012634277,0.9282866716384888,0.19427020847797394
nafnet,mid,Normal,119,35.128366621288045,0.9346424341201782,0.9789218902587891,0.9487667679786682,0.1743200719356537
nafnet,mid,Normal,120,33.609810207599324,0.9264165163040161,0.978567361831665,0.9436730146408081,0.1623402237892151
nafnet,mid,Normal,121,33.68995651564354,0.9077250361442566,0.9713917970657349,0.9327746033668518,0.17533209919929504
nafnet,mid,Normal,122,34.0602048206606,0.9152763485908508,0.9766150712966919,0.9426572918891907,0.1716226041316986
nafnet,mid,Normal,123,34.081433178608464,0.9120937585830688,0.9761236906051636,0.9360341429710388,0.17140884697437286
nafnet,mid,Normal,124,33.29027046779762,0.8981084227561951,0.9711512327194214,0.9262475967407227,0.20574137568473816
nafnet,mid,Normal,125,32.38128688837392,0.8860659599304199,0.972461998462677,0.9218875765800476,0.22368180751800537
nafnet,mid,Normal,126,33.484391193289625,0.8908216953277588,0.9656946659088135,0.9289505481719971,0.24391652643680573
nafnet,mid,Normal,127,32.026264354035106,0.8558231592178345,0.9575608968734741,0.9043980836868286,0.25905758142471313
nafnet,mid,Normal,128,32.34509595852605,0.8930268883705139,0.972833514213562,0.923439085483551,0.2006571739912033
nafnet,mid,Normal,129,33.379065495888646,0.9071298241615295,0.9759594798088074,0.9341630935668945,0.1781095415353775
nafnet,mid,Normal,130,32.947804681711034,0.9048092365264893,0.9766665101051331,0.9324011206626892,0.18393155932426453
nafnet,mid,Normal,131,32.958099577343134,0.897869348526001,0.9723598957061768,0.9324816465377808,0.19595032930374146
nafnet,mid,Normal,132,32.46596020645932,0.8905737400054932,0.9700563549995422,0.9296806454658508,0.19953247904777527
nafnet,mid,Normal,133,32.91092543972723,0.8958675265312195,0.9738326668739319,0.9311547875404358,0.18929851055145264
nafnet,mid,Normal,134,34.40119178255709,0.9202854633331299,0.9752568006515503,0.9382056593894958,0.19078627228736877
nafnet,mid,Normal,135,33.77419201785597,0.909110426902771,0.9710638523101807,0.932571291923523,0.1806456595659256
nafnet,mid,Normal,136,32.77910637721225,0.9060332179069519,0.97618168592453,0.9340054392814636,0.1796295940876007
nafnet,mid,Normal,137,32.64041616067143,0.9013164639472961,0.9742801785469055,0.9302475452423096,0.17605473101139069
nafnet,mid,Normal,138,33.74117988788628,0.9109956622123718,0.9756770133972168,0.9372188448905945,0.17863385379314423
nafnet,mid,Normal,139,32.07649203436845,0.8798061609268188,0.9691913723945618,0.9201421141624451,0.20956555008888245
nafnet,mid,Normal,140,32.319447554650566,0.8795539140701294,0.965739905834198,0.9173668026924133,0.20365136861801147
nafnet,mid,Normal,141,33.26884688866659,0.8919035792350769,0.9655457139015198,0.9287512302398682,0.22291520237922668
nafnet,mid,Normal,142,31.499838233702473,0.8565937280654907,0.958713948726654,0.9081079363822937,0.23522385954856873
nafnet,mid,Normal,143,34.44516610630291,0.9261308312416077,0.977989912033081,0.9432196021080017,0.1697050929069519
nafnet,mid,Normal,144,33.32125722264705,0.9066656231880188,0.9736375212669373,0.9376624226570129,0.18548132479190826
nafnet,mid,Normal,145,32.25090773788936,0.9001441597938538,0.9728797078132629,0.9302401542663574,0.1717667132616043
nafnet,mid,Normal,146,31.871364646319243,0.8736914992332458,0.9660355448722839,0.9198876023292542,0.231883704662323
nafnet,mid,Normal,147,32.048098347688416,0.8617206811904907,0.958605945110321,0.9089474081993103,0.2396525740623474
nafnet,mid,Normal,148,33.611196481713655,0.8981735110282898,0.9689160585403442,0.931143581867218,0.19583064317703247
nafnet,mid,Normal,149,32.66826156393113,0.8932939767837524,0.9736930131912231,0.931806206703186,0.19586053490638733
nafnet,mid,Normal,150,32.92200154793266,0.8688827157020569,0.9596561789512634,0.9172511696815491,0.24013133347034454
nafnet,mid,Normal,151,32.006132515708494,0.8486248254776001,0.9530371427536011,0.9057103991508484,0.24574722349643707
nafnet,mid,Normal,152,31.512736375032993,0.8521459698677063,0.9560211300849915,0.9011726975440979,0.22714446485042572
nafnet,mid,Normal,153,33.55768928365364,0.9125588536262512,0.9753883481025696,0.9343491792678833,0.20291587710380554
nafnet,mid,Normal,154,34.80053851269419,0.9251567125320435,0.9747770428657532,0.9403133988380432,0.21666434407234192
nafnet,mid,Normal,155,32.400730555474055,0.887050986289978,0.9656310677528381,0.9179058074951172,0.20717066526412964
nafnet,mid,Normal,156,32.23263044873008,0.8738090395927429,0.9647640585899353,0.9121801257133484,0.2341390997171402
nafnet,mid,Normal,157,33.68987315231348,0.9171746373176575,0.979229748249054,0.935700535774231,0.1668592095375061
nafnet,mid,Normal,158,33.27788965751549,0.9112957715988159,0.9750804901123047,0.9360001683235168,0.1662309467792511
nafnet,mid,Normal,159,33.81824594329097,0.9002156257629395,0.9679635167121887,0.9336645603179932,0.22830066084861755
nafnet,mid,Normal,160,34.21657600697063,0.9194408655166626,0.9695872068405151,0.934380829334259,0.24762117862701416
nafnet,mid,Normal,161,33.82541749831517,0.907597005367279,0.9737801551818848,0.9337925910949707,0.18778443336486816
nafnet,mid,Normal,162,33.50460838569256,0.9163069725036621,0.976269543170929,0.9323842525482178,0.17667463421821594
nafnet,mid,Normal,163,33.72351634227063,0.9115056395530701,0.9750926494598389,0.9264437556266785,0.1903541535139084
nafnet,mid,Normal,164,35.00440145293291,0.9279850125312805,0.9752563238143921,0.944023072719574,0.2481323927640915
nafnet,mid,Normal,165,35.08686294330498,0.9184213280677795,0.9705174565315247,0.9303185939788818,0.26742416620254517
nafnet,mid,Normal,166,34.91646276980778,0.9221306443214417,0.9775744080543518,0.9381104111671448,0.1727827787399292
nafnet,mid,Normal,167,32.87167184729022,0.8718770742416382,0.9568281769752502,0.9157023429870605,0.2732752561569214
nafnet,mid,Normal,168,32.92277594252339,0.9112197756767273,0.9757729172706604,0.9372607469558716,0.17417797446250916
nafnet,mid,Normal,169,30.53959099830058,0.8670659065246582,0.9682668447494507,0.9137939810752869,0.20187503099441528
nafnet,mid,Normal,170,32.74848665542419,0.8768714666366577,0.9658637046813965,0.917914867401123,0.2381066381931305
nafnet,mid,Normal,171,32.65520630773163,0.8762339949607849,0.9658660888671875,0.9215083122253418,0.23270678520202637
nafnet,mid,Normal,172,33.240373824169254,0.8893719911575317,0.9637867212295532,0.9244121313095093,0.22536452114582062
nafnet,mid,Normal,173,32.56226413022511,0.861923336982727,0.9585464596748352,0.9113950133323669,0.24409691989421844
nafnet,mid,Normal,174,34.255579493777965,0.9091537594795227,0.9723960161209106,0.9332176446914673,0.21206006407737732
nafnet,mid,Normal,175,33.87321056608415,0.9232901334762573,0.9790250062942505,0.9329609870910645,0.19094622135162354
nafnet,mid,Normal,176,33.761388443377825,0.923983633518219,0.9782698750495911,0.9395952820777893,0.16598378121852875
nafnet,mid,Normal,177,32.04506593364175,0.862363338470459,0.960263729095459,0.9072155356407166,0.2198839783668518
nafnet,mid,Normal,178,32.981719726612646,0.8873558044433594,0.9657644629478455,0.9268333315849304,0.21286895871162415
nafnet,mid,Normal,179,31.81393889957704,0.8452984094619751,0.9541206359863281,0.8971732258796692,0.2662629187107086
nafnet,mid,Normal,180,31.621723196864416,0.8757303953170776,0.9647912979125977,0.9129025340080261,0.20572760701179504
nafnet,mid,Normal,181,33.744790628553226,0.9023273587226868,0.9700639247894287,0.933102011680603,0.20270535349845886
nafnet,mid,Normal,182,34.25256370340313,0.9082751274108887,0.9698709845542908,0.9322199821472168,0.21363893151283264
nafnet,mid,Normal,183,33.07458359891737,0.8967863321304321,0.9720189571380615,0.9294588565826416,0.20652741193771362
nafnet,mid,Normal,184,33.341113678689695,0.8979991674423218,0.9716143608093262,0.9341895580291748,0.2053561806678772
nafnet,mid,Normal,185,33.77954650126278,0.9068032503128052,0.9734492301940918,0.9319186210632324,0.19594651460647583
nafnet,mid,Normal,186,32.06379557428256,0.8700530529022217,0.9620072841644287,0.9167638421058655,0.2299758791923523
nafnet,mid,Normal,187,34.05775726949052,0.9233201146125793,0.9757040143013,0.9408326148986816,0.1970559060573578
nafnet,mid,Normal,188,33.882027144893215,0.8977126479148865,0.9673675894737244,0.9241236448287964,0.23427459597587585
nafnet,mid,Normal,189,33.490263124552946,0.8895242214202881,0.9655119180679321,0.9201937317848206,0.23852278292179108
nafnet,mid,Normal,190,31.729629487401624,0.8679804801940918,0.9619014263153076,0.9107254147529602,0.22723600268363953
nafnet,mid,Normal,191,34.287530962247736,0.9277680516242981,0.9792321920394897,0.9406067728996277,0.1746973693370819
nafnet,mid,Normal,192,35.61154598348321,0.9361165165901184,0.9768742322921753,0.9428439736366272,0.2187924087047577
nafnet,mid,Normal,193,32.36585785020159,0.8930338025093079,0.9726549983024597,0.9285138845443726,0.19562217593193054
nafnet,mid,Normal,194,32.68455064901859,0.8828063607215881,0.9657485485076904,0.9241477847099304,0.2117232382297516
nafnet,mid,Normal,195,32.8422437410855,0.8900620937347412,0.9672935605049133,0.9257621169090271,0.19963917136192322
nafnet,mid,Normal,196,33.3047337972984,0.8937660455703735,0.9665541052818298,0.9262241125106812,0.218612402677536
nafnet,mid,Normal,197,33.49990813872813,0.9062331914901733,0.9747363328933716,0.9316818714141846,0.1880996972322464
nafnet,mid,Normal,198,34.11221164938362,0.917234480381012,0.9745897054672241,0.9354092478752136,0.2330525815486908
nafnet,mid,Normal,199,32.315576832476786,0.8863846659660339,0.9701763391494751,0.9212316870689392,0.1935100555419922
nafnet,mid,Normal,200,33.109220774903164,0.8987486958503723,0.9731507301330566,0.9309756755828857,0.20158874988555908
nafnet,mid,Normal,201,32.92220467071011,0.8963167667388916,0.9707309007644653,0.9278368353843689,0.20093107223510742
nafnet,mid,Normal,202,32.61313571443373,0.8826872110366821,0.9639564752578735,0.9249446988105774,0.2195940762758255
nafnet,mid,Normal,203,33.4823117389483,0.9081364870071411,0.9756478071212769,0.93697190284729,0.1832389235496521
nafnet,mid,Normal,204,32.75170279566217,0.8981408476829529,0.9712944030761719,0.9341874718666077,0.17910966277122498
nafnet,mid,Normal,205,34.4886048908146,0.9156846404075623,0.9743689894676208,0.9338721632957458,0.1997823715209961
nafnet,mid,Normal,206,34.474603447022936,0.9094706773757935,0.9711589217185974,0.9360594749450684,0.2061566412448883
nafnet,mid,Normal,207,33.739639668208454,0.8978943824768066,0.9642026424407959,0.9220420122146606,0.20278021693229675
nafnet,mid,Normal,208,33.03751251433045,0.8983961343765259,0.973456084728241,0.931244432926178,0.1877278983592987
nafnet,mid,Normal,209,32.25067682797156,0.8874515891075134,0.971457302570343,0.9312840700149536,0.2004040777683258
nafnet,mid,Normal,210,32.20006497093019,0.8647617101669312,0.9582873582839966,0.9072152376174927,0.2596592307090759
nafnet,mid,Normal,211,33.4162120818998,0.9176599383354187,0.9772238731384277,0.9357965588569641,0.15886877477169037
nafnet,mid,Normal,212,34.33085091264906,0.9252497553825378,0.9776909947395325,0.9404650926589966,0.18821224570274353
nafnet,mid,Normal,213,34.31608661216474,0.9257186651229858,0.9779148101806641,0.9382709264755249,0.1969347447156906
nafnet,mid,Normal,214,32.92813657575235,0.8936488628387451,0.9695364236831665,0.9244530200958252,0.2073439359664917
nafnet,mid,Normal,215,32.5656227017581,0.8616843819618225,0.9560086727142334,0.904323399066925,0.2645822763442993
nafnet,mid,Normal,216,32.4484995255074,0.8823482394218445,0.9690997004508972,0.9270543456077576,0.1991439163684845
nafnet,mid,Normal,217,34.6053047819622,0.9132096171379089,0.9715982675552368,0.9336850643157959,0.2292589247226715
nafnet,mid,Normal,218,32.6032370445558,0.8714655041694641,0.961917519569397,0.9150030016899109,0.22218447923660278
nafnet,mid,Normal,219,33.31888826693935,0.909453272819519,0.9748027920722961,0.9356435537338257,0.17655110359191895
nafnet,mid,Normal,220,34.98715079792453,0.9121637940406799,0.9697303771972656,0.9341866970062256,0.24494867026805878
nafnet,mid,Normal,221,33.591673888171094,0.9147067666053772,0.9760039448738098,0.9379223585128784,0.1686735898256302
nafnet,mid,Normal,222,33.01605965684225,0.8970566391944885,0.9741836786270142,0.9273472428321838,0.1817304939031601
nafnet,mid,Normal,223,32.4083666103057,0.8756357431411743,0.9629660248756409,0.9211984872817993,0.2399023324251175
nafnet,mid,Normal,224,34.00306782104014,0.9256344437599182,0.9809707403182983,0.941582977771759,0.15704494714736938
nafnet,mid,Normal,225,31.72448246417257,0.8419032096862793,0.9589805603027344,0.8973329663276672,0.2656286656856537
nafnet,mid,Normal,226,34.10451842957043,0.9128321409225464,0.9744114875793457,0.9381313323974609,0.1918673813343048
nafnet,mid,Normal,227,32.614540444612885,0.8936017751693726,0.9724518060684204,0.9290709495544434,0.1902540922164917
nafnet,mid,Normal,228,34.471612211928274,0.9220644235610962,0.977436900138855,0.9339271187782288,0.18181774020195007
nafnet,mid,Normal,229,33.19645083685352,0.9134944677352905,0.9782319068908691,0.9351941347122192,0.1856725811958313
nafnet,mid,Normal,230,32.89240183745299,0.8909998536109924,0.9717259407043457,0.9301856160163879,0.20337578654289246
nafnet,mid,Normal,231,32.767352689301894,0.8777168393135071,0.9641047716140747,0.91818767786026,0.2208269238471985
nafnet,mid,Normal,232,34.52930522632906,0.9150895476341248,0.9765386581420898,0.9397764801979065,0.1923608034849167
nafnet,mid,Normal,233,33.89092667801914,0.9044193625450134,0.971812903881073,0.9334629774093628,0.2141873836517334
nafnet,mid,Bacterial,234,34.92713353533791,0.922668993473053,0.9658310413360596,0.9325800538063049,0.2550063729286194
nafnet,mid,Bacterial,235,32.744026858696465,0.8927008509635925,0.9638438820838928,0.9191808104515076,0.26183104515075684
nafnet,mid,Bacterial,236,34.82231812590399,0.9190333485603333,0.9694018363952637,0.9337488412857056,0.24318507313728333
nafnet,mid,Bacterial,237,34.55242539121317,0.9219831228256226,0.970964252948761,0.9302855730056763,0.24341437220573425
nafnet,mid,Bacterial,238,34.99274961865029,0.9151356220245361,0.9606480002403259,0.9251726269721985,0.3024240732192993
nafnet,mid,Bacterial,239,34.456390605837896,0.926117479801178,0.9709787964820862,0.9369950890541077,0.22673797607421875
nafnet,mid,Bacterial,240,34.71970084496554,0.9195171594619751,0.9670453071594238,0.9284826517105103,0.25322869420051575
nafnet,mid,Bacterial,241,33.644169607620086,0.9107129573822021,0.96612948179245,0.9203605651855469,0.29042622447013855
nafnet,mid,Bacterial,242,34.96482781220821,0.921256422996521,0.9715676307678223,0.9310693740844727,0.2589237689971924
nafnet,mid,Bacterial,243,33.70854327325711,0.901019811630249,0.969192385673523,0.9186896681785583,0.27236658334732056
nafnet,mid,Bacterial,244,32.49461672951613,0.8855568766593933,0.9626955986022949,0.9140817523002625,0.21739056706428528
nafnet,mid,Bacterial,245,33.55731251052812,0.9140763878822327,0.9740570187568665,0.9341132640838623,0.203355073928833
nafnet,mid,Bacterial,246,34.21442466464817,0.9206103086471558,0.9759822487831116,0.939824104309082,0.2312421053647995
nafnet,mid,Bacterial,247,33.74842804396967,0.9169061779975891,0.9751164317131042,0.9353330731391907,0.22957976162433624
nafnet,mid,Bacterial,248,35.30836636137062,0.9291198253631592,0.9726881384849548,0.9369745850563049,0.23061305284500122
nafnet,mid,Bacterial,249,35.448155298930644,0.9360710978507996,0.970675528049469,0.935161292552948,0.27029338479042053
nafnet,mid,Bacterial,250,35.13061256336233,0.9175441265106201,0.9603431224822998,0.9238224625587463,0.26596593856811523
nafnet,mid,Bacterial,251,32.85632285793941,0.8961714506149292,0.9699398279190063,0.9223183393478394,0.2151719331741333
nafnet,mid,Bacterial,252,35.56148718427279,0.925236165523529,0.9709583520889282,0.9309878349304199,0.2642361521720886
nafnet,mid,Bacterial,253,34.364169200032386,0.9171878695487976,0.9698067307472229,0.9319496154785156,0.2653563618659973
nafnet,mid,Bacterial,254,33.23941969501832,0.8913890719413757,0.966701865196228,0.9193975329399109,0.21935227513313293
nafnet,mid,Bacterial,255,33.62670988158694,0.9044032096862793,0.9624196290969849,0.9245807528495789,0.2539026737213135
nafnet,mid,Bacterial,256,32.86380506230799,0.890108048915863,0.9623706340789795,0.9133922457695007,0.2573623061180115
nafnet,mid,Bacterial,257,34.022950597620316,0.9171722531318665,0.9673370122909546,0.9270606637001038,0.27083244919776917
nafnet,mid,Bacterial,258,34.14483373151189,0.898711085319519,0.9571518301963806,0.914126455783844,0.3108293414115906
nafnet,mid,Bacterial,259,34.32229713313937,0.9018024206161499,0.9611451625823975,0.9255933165550232,0.2921806275844574
nafnet,mid,Bacterial,260,34.50513287058862,0.92043137550354,0.9662606120109558,0.9328562021255493,0.25345730781555176
nafnet,mid,Bacterial,261,32.46611275013699,0.893570065498352,0.9672822952270508,0.920646607875824,0.20710891485214233
nafnet,mid,Bacterial,262,36.167688360123165,0.9341500997543335,0.9743735194206238,0.9384743571281433,0.24133732914924622
nafnet,mid,Bacterial,263,35.716637676365536,0.931206226348877,0.975127100944519,0.9384211897850037,0.2681565284729004
nafnet,mid,Bacterial,264,35.438611495804665,0.9197679162025452,0.9654964804649353,0.9293516874313354,0.253275990486145
nafnet,mid,Bacterial,265,35.682270150405266,0.9323949217796326,0.9729918837547302,0.9372067451477051,0.27254045009613037
nafnet,mid,Bacterial,266,35.18953039769687,0.9259300827980042,0.9739407896995544,0.9283148646354675,0.25301694869995117
nafnet,mid,Bacterial,267,33.63794900601145,0.8936319351196289,0.9647434949874878,0.9158823490142822,0.2763083577156067
nafnet,mid,Bacterial,268,34.66581002802249,0.9085599184036255,0.9665812253952026,0.9212308526039124,0.2886844575405121
nafnet,mid,Bacterial,269,34.57730228008376,0.9218600988388062,0.9716072082519531,0.93387371301651,0.24413356184959412
nafnet,mid,Bacterial,270,35.65275212032462,0.9366475343704224,0.975608766078949,0.9472740292549133,0.22169280052185059
nafnet,mid,Bacterial,271,34.80961168575512,0.9259947538375854,0.977137565612793,0.9349600076675415,0.20768342912197113
nafnet,mid,Bacterial,272,35.74888269250864,0.9323565363883972,0.9751706719398499,0.9374982118606567,0.2677823603153229
nafnet,mid,Bacterial,273,35.55987180179786,0.9357646107673645,0.9724467992782593,0.9399044513702393,0.23856505751609802
nafnet,mid,Bacterial,274,33.619187208469285,0.898054301738739,0.967540442943573,0.9214757680892944,0.23642580211162567
nafnet,mid,Bacterial,275,32.85483869444912,0.8946764469146729,0.9636651873588562,0.9176915287971497,0.2720719873905182
nafnet,mid,Bacterial,276,32.17000115473172,0.8848546147346497,0.9667718410491943,0.917224109172821,0.1937055140733719
nafnet,mid,Bacterial,277,33.71082395160413,0.8988080024719238,0.9605990052223206,0.9165319204330444,0.27771270275115967
nafnet,mid,Bacterial,278,34.06887583376681,0.9038029909133911,0.9658589959144592,0.9224059581756592,0.2708665132522583
nafnet,mid,Bacterial,279,34.24759771873266,0.9151214361190796,0.9710915684700012,0.92838454246521,0.23534633219242096
nafnet,mid,Bacterial,280,35.18945315536626,0.9103699922561646,0.969438910484314,0.9248595833778381,0.24899303913116455
nafnet,mid,Bacterial,281,34.21753524588439,0.8970003128051758,0.9631468057632446,0.9147399663925171,0.2839837074279785
nafnet,mid,Bacterial,282,33.14481300249863,0.8969037532806396,0.966582715511322,0.9156399965286255,0.26684585213661194
nafnet,mid,Bacterial,283,34.46570589419903,0.9161633849143982,0.9709480404853821,0.9254834055900574,0.2519712448120117
nafnet,mid,Bacterial,284,32.421095910876346,0.8938733339309692,0.9557331204414368,0.9139258861541748,0.3144652545452118
nafnet,mid,Bacterial,285,35.55564608991824,0.9249936938285828,0.9667408466339111,0.9276261329650879,0.28330278396606445
nafnet,mid,Bacterial,286,33.47806149785332,0.9140557646751404,0.9703726768493652,0.9295998215675354,0.24538132548332214
nafnet,mid,Bacterial,287,33.42668034428057,0.8872084021568298,0.9582050442695618,0.9200350642204285,0.28074127435684204
nafnet,mid,Bacterial,288,35.03123040959329,0.9250520467758179,0.9702876210212708,0.9328809976577759,0.23500272631645203
nafnet,mid,Bacterial,289,33.84397874856026,0.9031482934951782,0.9645678400993347,0.9181792140007019,0.24916820228099823
nafnet,mid,Bacterial,290,35.3951795034136,0.9274678826332092,0.9700902700424194,0.9338361024856567,0.26466718316078186
nafnet,mid,Bacterial,291,33.801551148520325,0.9075803756713867,0.9612528085708618,0.9229045510292053,0.26351431012153625
nafnet,mid,Bacterial,292,33.33938391977384,0.8954222798347473,0.9651209712028503,0.9206467270851135,0.23005758225917816
nafnet,mid,Bacterial,293,35.43040803176626,0.9283656477928162,0.975938081741333,0.9367097616195679,0.2509922981262207
nafnet,mid,Bacterial,294,34.49533628516449,0.9193638563156128,0.970089852809906,0.9334877133369446,0.24411024153232574
nafnet,mid,Bacterial,295,33.39642478826468,0.912651538848877,0.9694372415542603,0.9285047650337219,0.24078369140625
nafnet,mid,Bacterial,296,34.97048167476593,0.927261471748352,0.9755122065544128,0.9365521669387817,0.2491215318441391
nafnet,mid,Bacterial,297,34.14954616034266,0.9183034300804138,0.9737235307693481,0.9322291612625122,0.2606545090675354
nafnet,mid,Bacterial,298,31.967455155598454,0.8778510093688965,0.9552457332611084,0.9048504829406738,0.2719646990299225
nafnet,mid,Bacterial,299,32.35848973383341,0.8864431977272034,0.9573342204093933,0.9118974208831787,0.2728719711303711
nafnet,mid,Bacterial,300,32.314593753005695,0.8997896313667297,0.9680238366127014,0.9164332747459412,0.24858009815216064
nafnet,mid,Bacterial,301,32.035402910470616,0.8692945241928101,0.9555554986000061,0.9145568013191223,0.2168521285057068
nafnet,mid,Bacterial,302,33.80837313743291,0.9016512036323547,0.9670711755752563,0.9229954481124878,0.21812212467193604
nafnet,mid,Bacterial,303,33.22308228308405,0.9169026017189026,0.9700480103492737,0.9318272471427917,0.27172473073005676
nafnet,mid,Bacterial,304,34.45515501169777,0.916586697101593,0.9691548347473145,0.9254177808761597,0.26411259174346924
nafnet,mid,Bacterial,305,35.343137130774366,0.9241726398468018,0.9712402820587158,0.930851399898529,0.23947173357009888
nafnet,mid,Bacterial,306,33.73717286614384,0.9153586030006409,0.9698343873023987,0.9279162287712097,0.2624250650405884
nafnet,mid,Bacterial,307,33.52615374079309,0.9169694185256958,0.9709287881851196,0.9300814270973206,0.25572872161865234
nafnet,mid,Bacterial,308,33.49421870882867,0.8864759802818298,0.9601463079452515,0.9229847192764282,0.2494862824678421
nafnet,mid,Bacterial,309,33.858769211127544,0.9087406396865845,0.9681907296180725,0.931719183921814,0.22741563618183136
nafnet,mid,Bacterial,310,32.26982328744276,0.8844871520996094,0.9646461009979248,0.9218762516975403,0.20281441509723663
nafnet,mid,Bacterial,311,33.39160910723624,0.893174409866333,0.9588325619697571,0.9164178967475891,0.2550566792488098
nafnet,mid,Bacterial,312,32.72870040275856,0.9038214683532715,0.9700907468795776,0.9265936613082886,0.22992323338985443
nafnet,mid,Bacterial,313,34.46121398512196,0.909271776676178,0.9638014435768127,0.9220084547996521,0.30840933322906494
nafnet,mid,Bacterial,314,33.552210654698634,0.8881264925003052,0.9641143679618835,0.9169665575027466,0.24008744955062866
nafnet,mid,Bacterial,315,35.90029439422727,0.9350709915161133,0.9730291366577148,0.9442856311798096,0.26691320538520813
nafnet,mid,Bacterial,316,35.33672913172237,0.9277302026748657,0.9709568023681641,0.9360870718955994,0.2642451524734497
nafnet,mid,Bacterial,317,35.23218315780702,0.9383116364479065,0.9721336364746094,0.9345640540122986,0.27676689624786377
nafnet,mid,Bacterial,318,34.78595314761517,0.9249374270439148,0.9711288809776306,0.9348020553588867,0.23091980814933777
nafnet,mid,Bacterial,319,34.92238023232979,0.9158526659011841,0.9684737920761108,0.9284876585006714,0.23968380689620972
nafnet,mid,Bacterial,320,35.289422943673415,0.9274149537086487,0.9710943102836609,0.9287405014038086,0.2587418556213379
nafnet,mid,Bacterial,321,32.10253215828578,0.8959763050079346,0.9645336866378784,0.9229854941368103,0.25843313336372375
nafnet,mid,Bacterial,322,33.30647497641666,0.905941367149353,0.9681536555290222,0.9240307807922363,0.2551455497741699
nafnet,mid,Bacterial,323,33.52149382909185,0.9086190462112427,0.9719323515892029,0.9316704869270325,0.22081294655799866
nafnet,mid,Bacterial,324,32.53136672110476,0.8999738693237305,0.9714826941490173,0.9259685277938843,0.2329328954219818
nafnet,mid,Bacterial,325,32.13739816118961,0.8983767628669739,0.9732022285461426,0.9222592711448669,0.2220044881105423
nafnet,mid,Bacterial,326,33.511235077800535,0.9083351492881775,0.9669468998908997,0.9270004034042358,0.25062644481658936
nafnet,mid,Bacterial,327,34.6388906184442,0.9300902485847473,0.9755414724349976,0.9355769157409668,0.23553675413131714
nafnet,mid,Bacterial,328,34.88376703216497,0.9294872879981995,0.9750498533248901,0.93646639585495,0.25904160737991333
nafnet,mid,Bacterial,329,34.08033211533184,0.9186393022537231,0.9757489562034607,0.9348125457763672,0.17093981802463531
nafnet,mid,Bacterial,330,35.87037891087448,0.928659975528717,0.9721266627311707,0.9315365552902222,0.24736765027046204
nafnet,mid,Bacterial,331,35.09131894872907,0.9351076483726501,0.9793382287025452,0.9389533996582031,0.22306334972381592
nafnet,mid,Bacterial,332,35.80536524066162,0.9367862939834595,0.9729247093200684,0.940179705619812,0.24089935421943665
nafnet,mid,Bacterial,333,35.61550406187224,0.9362118244171143,0.9728734493255615,0.9411930441856384,0.24147990345954895
nafnet,mid,Bacterial,334,35.724405903968986,0.9379656314849854,0.9734957814216614,0.9418126344680786,0.23908692598342896
nafnet,mid,Bacterial,335,33.09401438784311,0.8871662020683289,0.963417649269104,0.9205175638198853,0.25931516289711
nafnet,mid,Bacterial,336,35.43628627023372,0.9293112754821777,0.9765484929084778,0.9376499652862549,0.23298713564872742
nafnet,mid,Bacterial,337,34.15379593303925,0.909730851650238,0.9686582088470459,0.9239580035209656,0.24940340220928192
nafnet,mid,Bacterial,338,35.24688017579302,0.9229429960250854,0.9704036712646484,0.930039644241333,0.25958335399627686
nafnet,mid,Bacterial,339,33.44048070723786,0.9035957455635071,0.9718722105026245,0.9253169298171997,0.19561876356601715
nafnet,mid,Bacterial,340,35.067513954775336,0.9235932230949402,0.9686067700386047,0.9297819137573242,0.2473248839378357
nafnet,mid,Bacterial,341,34.298431370951604,0.9337354898452759,0.9731841087341309,0.9344650506973267,0.24378570914268494
nafnet,mid,Bacterial,342,34.15728605154387,0.9211866855621338,0.9684962630271912,0.9295223951339722,0.24028101563453674
nafnet,mid,Bacterial,343,34.82817929916142,0.9329718947410583,0.9705797433853149,0.9303866028785706,0.26005733013153076
nafnet,mid,Bacterial,344,35.35415720323495,0.9273886680603027,0.9711888432502747,0.9393458366394043,0.2576281726360321
nafnet,mid,Bacterial,345,33.99593171363012,0.9134529829025269,0.9611788988113403,0.925870954990387,0.2749755382537842
nafnet,mid,Bacterial,346,33.00577661260897,0.9065379500389099,0.9643872380256653,0.9205561280250549,0.2536463439464569
nafnet,mid,Bacterial,347,34.88964319986066,0.92754065990448,0.9731513261795044,0.9359133243560791,0.25906574726104736
nafnet,mid,Bacterial,348,34.268302234191985,0.9051881432533264,0.964828610420227,0.922504723072052,0.2601727843284607
nafnet,mid,Bacterial,349,35.69634384980945,0.9299595355987549,0.9687756896018982,0.9378846287727356,0.24741187691688538
nafnet,mid,Bacterial,350,36.19905965004611,0.9354226589202881,0.9757131934165955,0.9409189820289612,0.27447351813316345
nafnet,mid,Bacterial,351,32.7076498502598,0.8874508142471313,0.9612957239151001,0.9225152134895325,0.23054778575897217
nafnet,mid,Bacterial,352,35.41022125471895,0.9260382652282715,0.9738867282867432,0.9396121501922607,0.22945724427700043
nafnet,mid,Bacterial,353,34.35741970132397,0.9237191081047058,0.9761883020401001,0.9374334216117859,0.22186259925365448
nafnet,mid,Bacterial,354,35.96036829006206,0.9240338802337646,0.9679439067840576,0.9363464117050171,0.2862010598182678
nafnet,mid,Bacterial,355,35.001139817009715,0.9104861617088318,0.9678141474723816,0.9328622221946716,0.24637483060359955
nafnet,mid,Bacterial,356,34.77554888800883,0.9184436798095703,0.9727327823638916,0.9307563900947571,0.2293001413345337
nafnet,mid,Bacterial,357,35.161222062488314,0.9127111434936523,0.9661058187484741,0.9294679760932922,0.2607296109199524
nafnet,mid,Bacterial,358,34.965481254325596,0.9146387577056885,0.9654220342636108,0.927290678024292,0.32142767310142517
nafnet,mid,Bacterial,359,33.74503971454632,0.9073576927185059,0.9693143963813782,0.9285451769828796,0.20437675714492798
nafnet,mid,Bacterial,360,34.67128758434637,0.9248979091644287,0.9689129590988159,0.9322148561477661,0.24799835681915283
nafnet,mid,Bacterial,361,35.251207054123235,0.9282368421554565,0.9702743887901306,0.9353424906730652,0.24370984733104706
nafnet,mid,Bacterial,362,34.99147409568157,0.9219616055488586,0.9657201170921326,0.9369686245918274,0.2861242890357971
nafnet,mid,Bacterial,363,33.72960364493966,0.9244284629821777,0.9763180017471313,0.9415528178215027,0.22245608270168304
nafnet,mid,Bacterial,364,35.73056845794438,0.9333041310310364,0.9725627899169922,0.9384031891822815,0.23024889826774597
nafnet,mid,Bacterial,365,32.15507184413846,0.9012293219566345,0.9723281860351562,0.9234333634376526,0.2298405021429062
nafnet,mid,Bacterial,366,35.07770093562867,0.9287166595458984,0.9733866453170776,0.9356546401977539,0.2771587073802948
nafnet,mid,Bacterial,367,33.52570938533174,0.9075925946235657,0.971161425113678,0.9288642406463623,0.20540660619735718
nafnet,mid,Bacterial,368,34.17156396234751,0.9055314064025879,0.9668580293655396,0.9236196279525757,0.2498355358839035
nafnet,mid,Bacterial,369,33.24529918390856,0.9010311365127563,0.9714104533195496,0.9246503114700317,0.20928235352039337
nafnet,mid,Bacterial,370,32.207024380835094,0.8875198364257812,0.9695245027542114,0.9228292107582092,0.19865736365318298
nafnet,mid,Bacterial,371,34.77209353908327,0.9243136048316956,0.9742116928100586,0.9342837929725647,0.2249918133020401
nafnet,mid,Bacterial,372,33.78140283920979,0.896763801574707,0.9667432904243469,0.9168666005134583,0.3226093649864197
nafnet,mid,Bacterial,373,34.75384411239355,0.9186058044433594,0.9687665700912476,0.9312169551849365,0.2435365617275238
nafnet,mid,Bacterial,374,33.72369419859843,0.9090503454208374,0.9655759334564209,0.9259589314460754,0.23043984174728394
nafnet,mid,Bacterial,375,34.29576360418793,0.9237630367279053,0.9735058546066284,0.9302060008049011,0.2589723467826843
nafnet,mid,Bacterial,376,32.86255192018895,0.908596932888031,0.9709095358848572,0.9261599779129028,0.2563773989677429
nafnet,mid,Bacterial,377,34.18514475754849,0.9293451905250549,0.9759349226951599,0.9303696751594543,0.25189849734306335
nafnet,mid,Bacterial,378,33.32165534270763,0.8980660438537598,0.9684129953384399,0.9233831167221069,0.19453927874565125
nafnet,mid,Bacterial,379,34.118555437334116,0.911247193813324,0.9698381423950195,0.9300298690795898,0.256835013628006
nafnet,mid,Bacterial,380,34.84683281018695,0.9284594655036926,0.9688206315040588,0.9383105039596558,0.25191450119018555
nafnet,mid,Bacterial,381,32.27657223047259,0.8904398679733276,0.9672881960868835,0.9215877056121826,0.20557138323783875
nafnet,mid,Bacterial,382,33.76902324824137,0.9126067161560059,0.9674021601676941,0.9238203763961792,0.24075640738010406
nafnet,mid,Bacterial,383,32.62874105912074,0.8913757801055908,0.9654526114463806,0.9131941199302673,0.22840335965156555
nafnet,mid,Bacterial,384,32.0570321307686,0.8913187384605408,0.9682695865631104,0.9180431365966797,0.1985240876674652
nafnet,mid,Bacterial,385,32.063597168686265,0.8797115683555603,0.9644972085952759,0.9191166162490845,0.22567254304885864
nafnet,mid,Bacterial,386,34.797333309066914,0.9275543689727783,0.9697247743606567,0.9403199553489685,0.22071444988250732
nafnet,mid,Bacterial,387,35.08987907987031,0.9340158700942993,0.9768714308738708,0.9424446821212769,0.2033691108226776
nafnet,mid,Bacterial,388,33.25755840118094,0.9159243106842041,0.9766983985900879,0.9354745745658875,0.16654396057128906
nafnet,mid,Bacterial,389,32.08315804587397,0.8786100745201111,0.9631540179252625,0.91677325963974,0.24385246634483337
nafnet,mid,Bacterial,390,34.18289037216789,0.9065620303153992,0.9679753184318542,0.9281688332557678,0.22598350048065186
nafnet,mid,Bacterial,391,32.62532130837722,0.8912158608436584,0.9631052017211914,0.915596604347229,0.3123217523097992
nafnet,mid,Bacterial,392,34.572626860308524,0.9195963740348816,0.967214822769165,0.9315007925033569,0.2532063126564026
nafnet,mid,Bacterial,393,34.58563373126183,0.9087216854095459,0.9657313823699951,0.928480327129364,0.2729252576828003
nafnet,mid,Bacterial,394,34.818138053992044,0.9282918572425842,0.972598135471344,0.9388064742088318,0.23534411191940308
nafnet,mid,Bacterial,395,34.31293161975947,0.9204696416854858,0.9669095277786255,0.9312650561332703,0.23243790864944458
nafnet,mid,Bacterial,396,32.635010803152696,0.8735414147377014,0.9594032168388367,0.9072020053863525,0.2563594579696655
nafnet,mid,Bacterial,397,36.093938348453,0.9220190048217773,0.9654048681259155,0.9287692904472351,0.28172293305397034
nafnet,mid,Bacterial,398,35.08218176170582,0.9131264686584473,0.9653135538101196,0.9233530759811401,0.3047473430633545
nafnet,mid,Bacterial,399,33.10620790137286,0.9016897678375244,0.9694334268569946,0.9239075779914856,0.25795429944992065
nafnet,mid,Bacterial,400,33.93997717105834,0.9112932085990906,0.972344160079956,0.9265946745872498,0.2153417319059372
nafnet,mid,Bacterial,401,32.297415060901386,0.8779330253601074,0.9615078568458557,0.911960780620575,0.24643811583518982
nafnet,mid,Bacterial,402,35.13007629782278,0.9227305054664612,0.9677826762199402,0.9306281208992004,0.2600857615470886
nafnet,mid,Bacterial,403,34.18084898703561,0.9246194362640381,0.9743836522102356,0.9344280958175659,0.2333408147096634
nafnet,mid,Bacterial,404,34.12275864762141,0.9114083051681519,0.9673798680305481,0.9213933348655701,0.25145065784454346
nafnet,mid,Bacterial,405,33.335982870166546,0.8909717202186584,0.9633491039276123,0.921494722366333,0.27019602060317993
nafnet,mid,Bacterial,406,36.230842010020964,0.942280650138855,0.9757848978042603,0.9446463584899902,0.2174544334411621
nafnet,mid,Bacterial,407,33.6787679246887,0.9138383269309998,0.9662489295005798,0.9295052289962769,0.24756643176078796
nafnet,mid,Bacterial,408,34.06944359155695,0.9164633750915527,0.9737439751625061,0.9299959540367126,0.2315957248210907
nafnet,mid,Bacterial,409,33.08368364125566,0.9004753828048706,0.9701065421104431,0.9178680777549744,0.22854888439178467
nafnet,mid,Bacterial,410,32.14863499177984,0.8755764961242676,0.9614226222038269,0.9157574772834778,0.23192276060581207
nafnet,mid,Bacterial,411,33.63797529495825,0.9021822214126587,0.9644113779067993,0.9181830883026123,0.26041045784950256
nafnet,mid,Bacterial,412,34.78703802645355,0.9196062088012695,0.969771683216095,0.9275368452072144,0.25605908036231995
nafnet,mid,Bacterial,413,32.13537482956611,0.8754719495773315,0.9569810628890991,0.9082650542259216,0.22305604815483093
nafnet,mid,Bacterial,414,35.42275396597766,0.9285345077514648,0.9709104299545288,0.9302815198898315,0.26312845945358276
nafnet,mid,Bacterial,415,34.300893888288975,0.9137090444564819,0.9674418568611145,0.9265285730361938,0.27414917945861816
nafnet,mid,Bacterial,416,36.15887113600372,0.9365779161453247,0.9776058197021484,0.9391093850135803,0.25394588708877563
nafnet,mid,Bacterial,417,34.65263275344678,0.9062655568122864,0.9666959643363953,0.9236792922019958,0.23966063559055328
nafnet,mid,Bacterial,418,35.43355373254939,0.924659252166748,0.9769056439399719,0.9417567253112793,0.21808889508247375
nafnet,mid,Bacterial,419,34.347810707333736,0.9134506583213806,0.9745305776596069,0.9369192719459534,0.17614376544952393
nafnet,mid,Bacterial,420,34.78112604096634,0.9270389676094055,0.9771645069122314,0.9420113563537598,0.2124282717704773
nafnet,mid,Bacterial,421,34.46516341098072,0.9168554544448853,0.9741520881652832,0.9371088743209839,0.21310928463935852
nafnet,mid,Bacterial,422,33.55114656551584,0.9049034714698792,0.9674632549285889,0.9222948551177979,0.2507418990135193
nafnet,mid,Bacterial,423,34.13615402771508,0.9174018502235413,0.9683808088302612,0.9337268471717834,0.24973541498184204
nafnet,mid,Bacterial,424,34.423963677306666,0.9194867610931396,0.970872700214386,0.9349873065948486,0.2497226893901825
nafnet,mid,Bacterial,425,35.24809458512662,0.9213157892227173,0.9725427031517029,0.9325528144836426,0.26862505078315735
nafnet,mid,Bacterial,426,37.116017012304575,0.9462397694587708,0.9765574932098389,0.9409239888191223,0.25960636138916016
nafnet,mid,Bacterial,427,36.275043808481875,0.9312936663627625,0.9692406058311462,0.9312546849250793,0.3072494566440582
nafnet,mid,Bacterial,428,35.2653801950531,0.9223067760467529,0.9684152007102966,0.9305546879768372,0.3044789433479309
nafnet,mid,Bacterial,429,32.83465629243577,0.8877268433570862,0.9655120372772217,0.9247078895568848,0.2291639745235443
nafnet,mid,Bacterial,430,35.58132956351571,0.9354397654533386,0.9765490889549255,0.9392238855361938,0.239396333694458
nafnet,mid,Bacterial,431,35.635964136954115,0.9281387329101562,0.9673164486885071,0.9244397282600403,0.2778230905532837
nafnet,mid,Bacterial,432,35.15679241621263,0.9255256056785583,0.9695011973381042,0.9353846311569214,0.24350585043430328
nafnet,mid,Bacterial,433,33.66909177914657,0.8974329233169556,0.9672142267227173,0.9178791642189026,0.27283406257629395
nafnet,mid,Bacterial,434,34.501080669542716,0.9187545776367188,0.9722219109535217,0.9288458824157715,0.2393847405910492
nafnet,mid,Bacterial,435,33.61335572436388,0.9151046872138977,0.9738624095916748,0.929097592830658,0.23928868770599365
nafnet,mid,Bacterial,436,32.99759731320859,0.9049867391586304,0.9733821153640747,0.9274941682815552,0.17540907859802246
nafnet,mid,Bacterial,437,35.883319182392654,0.9237938523292542,0.9698197245597839,0.9351058006286621,0.21768449246883392
nafnet,mid,Bacterial,438,32.845554918954875,0.8879974484443665,0.9609071612358093,0.9139716625213623,0.25854623317718506
nafnet,mid,Bacterial,439,34.20158683340403,0.9078489542007446,0.9691835641860962,0.9235463738441467,0.26393163204193115
nafnet,mid,Bacterial,440,33.19823254570323,0.8990929126739502,0.9714962840080261,0.9242232441902161,0.24206148087978363
nafnet,mid,Bacterial,441,32.98112457855029,0.8931434750556946,0.96584552526474,0.9231976270675659,0.23288851976394653
nafnet,mid,Bacterial,442,35.210780289719594,0.9270159006118774,0.9751291275024414,0.9348125457763672,0.24269361793994904
nafnet,mid,Bacterial,443,35.03748342957406,0.9233489036560059,0.9660856127738953,0.9339688420295715,0.254347026348114
nafnet,mid,Bacterial,444,34.25864657804166,0.9175909757614136,0.9742923378944397,0.9308552145957947,0.2434389740228653
nafnet,mid,Bacterial,445,34.671802328241014,0.9176548719406128,0.9686179161071777,0.9277622103691101,0.2765029966831207
nafnet,mid,Bacterial,446,34.165135731384304,0.9182199239730835,0.9689960479736328,0.9260866641998291,0.28007030487060547
nafnet,mid,Bacterial,447,35.693868056195626,0.9221096038818359,0.9739993214607239,0.9259238243103027,0.2744547128677368
nafnet,mid,Bacterial,448,35.321857132633376,0.9240872859954834,0.9757131338119507,0.9370900392532349,0.31350046396255493
nafnet,mid,Bacterial,449,33.40843351572972,0.8827341198921204,0.9648311138153076,0.9190736413002014,0.24286314845085144
nafnet,mid,Bacterial,450,33.58942025218997,0.9107159972190857,0.9701602458953857,0.928394615650177,0.2534971833229065
nafnet,mid,Bacterial,451,32.22155980715611,0.8791394829750061,0.9625788927078247,0.9139417409896851,0.21253177523612976
nafnet,mid,Bacterial,452,33.33301386612102,0.9041733741760254,0.9631174206733704,0.9238466620445251,0.25622016191482544
nafnet,mid,Bacterial,453,35.40921143216163,0.9303028583526611,0.9710814952850342,0.9357172846794128,0.24534255266189575
nafnet,mid,Bacterial,454,33.57861760782118,0.918013870716095,0.9722788333892822,0.9326602816581726,0.237359881401062
nafnet,mid,Bacterial,455,35.615434518084776,0.9299859404563904,0.969633936882019,0.9369356632232666,0.268743097782135
nafnet,mid,Bacterial,456,31.99611209206526,0.8638270497322083,0.9559031128883362,0.9129040837287903,0.2738577723503113
nafnet,mid,Bacterial,457,35.055325407622774,0.922292172908783,0.9678887128829956,0.9304674863815308,0.2739199697971344
nafnet,mid,Bacterial,458,35.23992692539944,0.9370741844177246,0.9752914309501648,0.937872588634491,0.2546570897102356
nafnet,mid,Bacterial,459,36.112879879865524,0.9385285973548889,0.9756099581718445,0.9384045004844666,0.2523326873779297
nafnet,mid,Bacterial,460,34.23452822247652,0.9112363457679749,0.9695180058479309,0.931076169013977,0.22447730600833893
nafnet,mid,Bacterial,461,34.18542572682907,0.9213675856590271,0.9761402606964111,0.9332367181777954,0.19849206507205963
nafnet,mid,Bacterial,462,33.21623229172622,0.8942170739173889,0.9680294990539551,0.9254061579704285,0.20957298576831818
nafnet,mid,Bacterial,463,35.18231688354763,0.9224496483802795,0.967940628528595,0.9293355345726013,0.2763499915599823
nafnet,mid,Bacterial,464,33.891140629785234,0.9077860116958618,0.9701547622680664,0.9258638620376587,0.2362571805715561
nafnet,mid,Bacterial,465,35.06608966613544,0.9204026460647583,0.9705107808113098,0.9332882761955261,0.25530508160591125
nafnet,mid,Bacterial,466,34.1102061409053,0.9079127311706543,0.9663637280464172,0.9258629083633423,0.26429665088653564
nafnet,mid,Bacterial,467,34.15101729596488,0.8976086974143982,0.9664905071258545,0.9170777797698975,0.31862327456474304
nafnet,mid,Bacterial,468,34.90736298831638,0.9280059337615967,0.9727286100387573,0.9391711354255676,0.20444317162036896
nafnet,mid,Bacterial,469,35.51348671890662,0.9220266938209534,0.9695046544075012,0.9267247319221497,0.2509000301361084
nafnet,mid,Bacterial,470,34.146529196556266,0.9192444086074829,0.965359091758728,0.9250323176383972,0.2630717158317566
nafnet,mid,Bacterial,471,33.18826664265599,0.8881059885025024,0.9637991786003113,0.9190915822982788,0.21418169140815735
nafnet,mid,Bacterial,472,33.59809072857309,0.9011353254318237,0.9684633612632751,0.9265958070755005,0.19865484535694122
nafnet,mid,Bacterial,473,31.679295709387727,0.8914176225662231,0.9636972546577454,0.9151630401611328,0.27342087030410767
nafnet,mid,Bacterial,474,33.12471884505225,0.9139640927314758,0.9720022082328796,0.9301624298095703,0.24900731444358826
nafnet,mid,Bacterial,475,31.91712248006766,0.8757657408714294,0.9640816450119019,0.9111063480377197,0.22962023317813873
nafnet,mid,Viral,476,33.5760876539498,0.910067617893219,0.9729388952255249,0.9352113604545593,0.24638782441616058
nafnet,mid,Viral,477,33.92649977671995,0.917482852935791,0.9735803604125977,0.9392271637916565,0.216884046792984
nafnet,mid,Viral,478,33.884339275878034,0.916100263595581,0.9714951515197754,0.9398994445800781,0.2235737293958664
nafnet,mid,Viral,479,34.435259786161026,0.9126901626586914,0.9728593826293945,0.9274035692214966,0.22984793782234192
nafnet,mid,Viral,480,35.56642619413849,0.9267013072967529,0.9672982692718506,0.9268156886100769,0.3054163455963135
nafnet,mid,Viral,481,33.7726478817543,0.9249520301818848,0.9743435978889465,0.9341612458229065,0.2647494673728943
nafnet,mid,Viral,482,32.569009449768075,0.8788966536521912,0.9602269530296326,0.9102833867073059,0.2395729124546051
nafnet,mid,Viral,483,34.28421596637641,0.914691686630249,0.9634566903114319,0.9256286025047302,0.25830525159835815
nafnet,mid,Viral,484,33.870274138688515,0.9197489023208618,0.9637832045555115,0.9237127900123596,0.2958555221557617
nafnet,mid,Viral,485,33.92258418171717,0.9067427515983582,0.9670968055725098,0.928055465221405,0.2666137218475342
nafnet,mid,Viral,486,34.704565036743965,0.9075968265533447,0.9619780778884888,0.9223369359970093,0.3030492067337036
nafnet,mid,Viral,487,34.7681051143472,0.9119918346405029,0.9717134237289429,0.930932343006134,0.23926538228988647
nafnet,mid,Viral,488,33.68977146304191,0.9174212217330933,0.9761189818382263,0.9360142946243286,0.201225146651268
nafnet,mid,Viral,489,34.58161247215327,0.9179270267486572,0.9733788371086121,0.9357216358184814,0.23455822467803955
nafnet,mid,Viral,490,34.07092495008083,0.9059063196182251,0.9687797427177429,0.9254958033561707,0.27943968772888184
nafnet,mid,Viral,491,33.768378750752,0.9070020318031311,0.9702876806259155,0.9312341213226318,0.25150343775749207
nafnet,mid,Viral,492,33.73151814288331,0.9063119292259216,0.9729875326156616,0.9327309131622314,0.23819991946220398
nafnet,mid,Viral,493,33.920175547054306,0.9097675085067749,0.9716934561729431,0.9327941536903381,0.22968266904354095
nafnet,mid,Viral,494,33.872768402916705,0.9048579931259155,0.9703454971313477,0.9319412112236023,0.24164941906929016
nafnet,mid,Viral,495,33.17058887810503,0.9042527079582214,0.9714937806129456,0.9299907684326172,0.2215457260608673
nafnet,mid,Viral,496,34.28997203116346,0.9038985371589661,0.9681834578514099,0.9266801476478577,0.28080546855926514
nafnet,mid,Viral,497,33.8328010148355,0.9233856797218323,0.9763738512992859,0.9368315935134888,0.19195210933685303
nafnet,mid,Viral,498,34.7743868069223,0.9185015559196472,0.9742538332939148,0.9364506006240845,0.2418200671672821
nafnet,mid,Viral,499,34.79336585880511,0.9086076617240906,0.9683476686477661,0.9254690408706665,0.23398521542549133
nafnet,mid,Viral,500,33.501508290166356,0.8876288533210754,0.9645492434501648,0.9207831025123596,0.27575403451919556
nafnet,mid,Viral,501,32.824776972333886,0.9011616706848145,0.971752405166626,0.9254888296127319,0.20196497440338135
nafnet,mid,Viral,502,34.084729303129066,0.9132466912269592,0.9721497297286987,0.9361461997032166,0.21956905722618103
nafnet,mid,Viral,503,33.35784647148502,0.9138946533203125,0.9737945795059204,0.9350743889808655,0.2202751636505127
nafnet,mid,Viral,504,33.5973761847025,0.9055501222610474,0.9735873341560364,0.9299325346946716,0.24460896849632263
nafnet,mid,Viral,505,34.56163518707614,0.9175247550010681,0.9741954207420349,0.9345481395721436,0.21532322466373444
nafnet,mid,Viral,506,33.67528323027821,0.8940549492835999,0.9665167331695557,0.9219061136245728,0.2545126676559448
nafnet,mid,Viral,507,32.422646533392204,0.8808568716049194,0.9630337953567505,0.9143059849739075,0.2444663643836975
nafnet,mid,Viral,508,35.27522320433615,0.9184530377388,0.971694827079773,0.932086706161499,0.2792397737503052
nafnet,mid,Viral,509,33.373651652212004,0.9052338004112244,0.9734284281730652,0.9267259836196899,0.22154030203819275
nafnet,mid,Viral,510,31.32039198073382,0.8912662863731384,0.9639356136322021,0.9196999073028564,0.2354021966457367
nafnet,mid,Viral,511,33.61294679128393,0.9140744805335999,0.9730820059776306,0.9364451169967651,0.2054731398820877
nafnet,mid,Viral,512,35.626360088824924,0.923978328704834,0.9728822708129883,0.9392179846763611,0.2382785677909851
nafnet,mid,Viral,513,32.91202357530685,0.9061595797538757,0.9708930253982544,0.9284421801567078,0.24483460187911987
nafnet,mid,Viral,514,32.575966086188764,0.9070862531661987,0.9710057377815247,0.9251077771186829,0.2084142565727234
nafnet,mid,Viral,515,34.294909258997556,0.9110734462738037,0.9733742475509644,0.9288462996482849,0.24839508533477783
nafnet,mid,Viral,516,34.72236440765051,0.9158778190612793,0.9713360071182251,0.9327366948127747,0.23147647082805634
nafnet,mid,Viral,517,33.278143467155736,0.9046483635902405,0.971042811870575,0.9288409352302551,0.2437571883201599
nafnet,mid,Viral,518,32.70753243543887,0.8918341994285583,0.9708400964736938,0.92085200548172,0.19878751039505005
nafnet,mid,Viral,519,35.07543663264643,0.9378703236579895,0.9793105721473694,0.950546145439148,0.1805018186569214
nafnet,mid,Viral,520,34.624779732876476,0.922507643699646,0.9746615886688232,0.9395248293876648,0.23356488347053528
nafnet,mid,Viral,521,34.09718328329805,0.9241921305656433,0.9752360582351685,0.9352296590805054,0.19894389808177948
nafnet,mid,Viral,522,34.820467276652785,0.9239345192909241,0.9777596592903137,0.9373873472213745,0.2160056233406067
nafnet,mid,Viral,523,35.26190856433217,0.9223796725273132,0.9756778478622437,0.9409584403038025,0.26062342524528503
nafnet,mid,Viral,524,35.032615522577444,0.9218442440032959,0.9732845425605774,0.9366570711135864,0.28235867619514465
nafnet,mid,Viral,525,35.211115545314286,0.92671799659729,0.9757982492446899,0.9409466981887817,0.22434213757514954
nafnet,mid,Viral,526,34.47824853491751,0.9082114100456238,0.9684277772903442,0.9291834831237793,0.28597292304039
nafnet,mid,Viral,527,34.24095233707773,0.8988158702850342,0.9627272486686707,0.9201309084892273,0.3073016107082367
nafnet,mid,Viral,528,34.229195877230126,0.9130561351776123,0.9717614054679871,0.9302339553833008,0.2443658709526062
nafnet,mid,Viral,529,32.17954276459583,0.8490277528762817,0.9583246111869812,0.9022408723831177,0.2756234407424927
nafnet,mid,Viral,530,34.427994980237315,0.9132610559463501,0.9722450375556946,0.9364294409751892,0.2406659573316574
nafnet,mid,Viral,531,34.0240905228556,0.9202950596809387,0.9737434387207031,0.9347850680351257,0.2136974036693573
nafnet,mid,Viral,532,33.97769449693137,0.9156396985054016,0.9670619368553162,0.9313600063323975,0.24855732917785645
nafnet,mid,Viral,533,33.59816192893531,0.9122296571731567,0.9715254902839661,0.9306653738021851,0.22067555785179138
nafnet,mid,Viral,534,32.27313074250236,0.89186030626297,0.9673839807510376,0.9251071214675903,0.25353989005088806
nafnet,mid,Viral,535,33.27971182348369,0.9104181528091431,0.969214677810669,0.9307214021682739,0.2245638519525528
nafnet,mid,Viral,536,34.936701471307536,0.9110488891601562,0.9684532880783081,0.9225771427154541,0.2867147624492645
nafnet,mid,Viral,537,33.61698029853496,0.898184597492218,0.97133868932724,0.9247199892997742,0.30120760202407837
nafnet,mid,Viral,538,35.13780871341289,0.9182056188583374,0.9725555777549744,0.9318910241127014,0.30316224694252014
nafnet,mid,Viral,539,33.98864169427158,0.9211931228637695,0.9758849143981934,0.9368869662284851,0.1859084516763687
nafnet,mid,Viral,540,34.51589683642763,0.9159922003746033,0.9766613841056824,0.9360385537147522,0.2131190001964569
nafnet,mid,Viral,541,33.598075388810486,0.9085068702697754,0.9735342264175415,0.9331135749816895,0.22062140703201294
nafnet,mid,Viral,542,35.06826423817749,0.9294792413711548,0.9781039357185364,0.9396157264709473,0.2107965350151062
nafnet,mid,Viral,543,35.74013867953066,0.9335826635360718,0.9698511958122253,0.9333252906799316,0.2755894064903259
nafnet,mid,Viral,544,32.87613581319926,0.9094164371490479,0.9751315712928772,0.9238191246986389,0.22125348448753357
nafnet,mid,Viral,545,33.03354902291425,0.9143840670585632,0.9749783277511597,0.9289832711219788,0.22400438785552979
nafnet,mid,Viral,546,34.839371495421844,0.9148668050765991,0.9696235060691833,0.929474949836731,0.27282750606536865
nafnet,mid,Viral,547,34.74859646086304,0.915730357170105,0.9677253365516663,0.928615152835846,0.27042388916015625
nafnet,mid,Viral,548,33.00976285196648,0.904171347618103,0.9676507711410522,0.9250051379203796,0.23798002302646637
nafnet,mid,Viral,549,36.01866728440492,0.9142137169837952,0.9721716046333313,0.9291316270828247,0.2951214909553528
nafnet,mid,Viral,550,36.1234234586603,0.9159515500068665,0.973137617111206,0.9292016625404358,0.29484090209007263
nafnet,mid,Viral,551,33.805807487536015,0.9098888039588928,0.9749338626861572,0.9293512105941772,0.2458372712135315
nafnet,mid,Viral,552,34.98282025406578,0.9316635727882385,0.9747385382652283,0.9396962523460388,0.24962306022644043
nafnet,mid,Viral,553,35.08786985687085,0.9259443283081055,0.972779393196106,0.9329624772071838,0.2295416295528412
nafnet,mid,Viral,554,33.708157933148286,0.9037792682647705,0.9689161777496338,0.9299960136413574,0.24965356290340424
nafnet,mid,Viral,555,33.27361691326545,0.9127210974693298,0.9734221696853638,0.9354782104492188,0.2129216492176056
nafnet,mid,Viral,556,34.13766651345278,0.9094716906547546,0.9699426293373108,0.9321023225784302,0.218915194272995
nafnet,mid,Viral,557,34.67041091841854,0.9101124405860901,0.9718005657196045,0.9240217804908752,0.24359576404094696
nafnet,mid,Viral,558,33.97659036713749,0.9187931418418884,0.9741535186767578,0.9340059757232666,0.22301244735717773
nafnet,mid,Viral,559,34.87950720878511,0.9073137640953064,0.9637065529823303,0.9247686862945557,0.303893119096756
nafnet,mid,Viral,560,35.01212395083237,0.9204086065292358,0.970374584197998,0.9357304573059082,0.2426583468914032
nafnet,mid,Viral,561,33.87227325827134,0.916400134563446,0.9732535481452942,0.931196391582489,0.20874911546707153
nafnet,mid,Viral,562,34.355048620752186,0.9207826256752014,0.9755685329437256,0.936730682849884,0.2133098840713501
nafnet,mid,Viral,563,34.152600736799414,0.9102509617805481,0.9726105332374573,0.933731734752655,0.21259476244449615
nafnet,mid,Viral,564,34.192876716256485,0.9188452959060669,0.9705924987792969,0.9366830587387085,0.22852589190006256
nafnet,mid,Viral,565,34.95182424178485,0.9219091534614563,0.9742645621299744,0.9323751330375671,0.26092201471328735
nafnet,mid,Viral,566,33.65711287126708,0.9146186113357544,0.9761638641357422,0.9355958700180054,0.2366860806941986
nafnet,mid,Viral,567,34.00757507668146,0.9259410500526428,0.9777770638465881,0.9404383301734924,0.21739399433135986
nafnet,mid,Viral,568,33.67313774546587,0.9120079874992371,0.9738913178443909,0.930809736251831,0.22640147805213928
nafnet,mid,Viral,569,33.78837012353638,0.8982826471328735,0.9689341187477112,0.9266139268875122,0.285519003868103
nafnet,mid,Viral,570,33.33344710526704,0.9107233881950378,0.9725936055183411,0.9328217506408691,0.2071642428636551
nafnet,mid,Viral,571,34.52189763440106,0.9132469892501831,0.973072350025177,0.9343551993370056,0.21821677684783936
nafnet,mid,Viral,572,33.490434786066665,0.897653341293335,0.9660804867744446,0.9237556457519531,0.2634871304035187
nafnet,mid,Viral,573,34.114825705103655,0.9140170216560364,0.9720854759216309,0.9344649910926819,0.20902395248413086
nafnet,mid,Viral,574,35.54674184585992,0.9339517951011658,0.9690682291984558,0.9442161917686462,0.2822253406047821
nafnet,mid,Viral,575,34.67104746551481,0.9243378639221191,0.9765342473983765,0.9387115836143494,0.21303144097328186
nafnet,mid,Viral,576,33.98060966174348,0.9124476909637451,0.9713082909584045,0.9326352477073669,0.2343447059392929
nafnet,mid,Viral,577,33.257579274232675,0.9115654230117798,0.9661259651184082,0.9312139749526978,0.24879087507724762
nafnet,mid,Viral,578,35.283839881215975,0.9298506379127502,0.978175938129425,0.9431231617927551,0.20780907571315765
nafnet,mid,Viral,579,33.446141489335496,0.9169114828109741,0.974541187286377,0.9334838390350342,0.1961587369441986
nafnet,mid,Viral,580,33.874395131513026,0.924718976020813,0.9751513004302979,0.9401384592056274,0.21407727897167206
nafnet,mid,Viral,581,33.79267137153434,0.9250755310058594,0.9771867990493774,0.9369533061981201,0.1936085969209671
nafnet,mid,Viral,582,33.83723458879394,0.9046953916549683,0.9693396687507629,0.9267096519470215,0.24027711153030396
nafnet,mid,Viral,583,34.180281039463175,0.9060572385787964,0.964663565158844,0.9271126985549927,0.2409568428993225
nafnet,mid,Viral,584,35.117554271510215,0.9134033918380737,0.9709680080413818,0.9292936325073242,0.2845391035079956
nafnet,mid,Viral,585,35.077423021027485,0.9272290468215942,0.9763081669807434,0.941076397895813,0.23136723041534424
nafnet,mid,Viral,586,34.33461388403368,0.9024852514266968,0.9667834043502808,0.9216161370277405,0.27056074142456055
nafnet,mid,Viral,587,34.98280791229247,0.9177101850509644,0.9675602316856384,0.9235737919807434,0.24118901789188385
nafnet,mid,Viral,588,33.44108363659571,0.8945986032485962,0.9687260389328003,0.9210874438285828,0.2624562382698059
nafnet,mid,Viral,589,31.115331722780233,0.8664533495903015,0.9645237326622009,0.9127359986305237,0.19854721426963806
nafnet,mid,Viral,590,33.535945646344004,0.9126273989677429,0.97321617603302,0.9288538694381714,0.23527877032756805
nafnet,mid,Viral,591,33.225991929318994,0.9144347906112671,0.9758188128471375,0.9343994855880737,0.20919030904769897
nafnet,mid,Viral,592,33.5939312965892,0.9245791435241699,0.9789162278175354,0.9349997639656067,0.18913885951042175
nafnet,mid,Viral,593,35.3925772643032,0.9019490480422974,0.9627557992935181,0.9222829341888428,0.21804097294807434
nafnet,mid,Viral,594,35.28673982101723,0.9221988320350647,0.9748985171318054,0.9411960244178772,0.23397988080978394
nafnet,mid,Viral,595,34.94254640247837,0.9220137596130371,0.9728456139564514,0.9340955018997192,0.23228031396865845
nafnet,mid,Viral,596,34.398861423581735,0.9118160009384155,0.965063214302063,0.9300044775009155,0.29698652029037476
nafnet,mid,Viral,597,34.084807974659824,0.9148861169815063,0.9709944725036621,0.9344213604927063,0.2503381371498108
nafnet,mid,Viral,598,32.800774386741274,0.9037801623344421,0.9678409695625305,0.9260109663009644,0.26291561126708984
nafnet,mid,Viral,599,33.20876458665217,0.9104182720184326,0.9753789901733398,0.9311800003051758,0.20160426199436188
nafnet,mid,Viral,600,34.06476277482863,0.9077047109603882,0.9675565361976624,0.9291549324989319,0.24547359347343445
nafnet,mid,Viral,601,34.85606828039884,0.9200170040130615,0.9754632115364075,0.9393788576126099,0.2374531626701355
nafnet,mid,Viral,602,33.45546119473676,0.9115849137306213,0.9732083082199097,0.9313417077064514,0.23122218251228333
nafnet,mid,Viral,603,33.5576089944023,0.9214257001876831,0.9726924896240234,0.9349319934844971,0.2288573682308197
nafnet,mid,Viral,604,34.0793315672687,0.9252742528915405,0.976051926612854,0.9387381672859192,0.20978707075119019
nafnet,mid,Viral,605,34.920642451042696,0.9217056035995483,0.9780665040016174,0.9347980618476868,0.2318040132522583
nafnet,mid,Viral,606,34.48225357933357,0.9120757579803467,0.9727335572242737,0.9348686337471008,0.25456154346466064
nafnet,mid,Viral,607,34.8268751509126,0.9185692071914673,0.9740566611289978,0.9399815797805786,0.2283439040184021
nafnet,mid,Viral,608,35.16267043053331,0.9253310561180115,0.9694761633872986,0.9347475171089172,0.25454938411712646
nafnet,mid,Viral,609,34.975559798444124,0.9293153882026672,0.9647476077079773,0.9380971193313599,0.24998974800109863
nafnet,mid,Viral,610,35.45743278096317,0.9273017048835754,0.9738858938217163,0.9395103454589844,0.2404310405254364
nafnet,mid,Viral,611,33.12724127996812,0.9100874066352844,0.9702389240264893,0.9309111833572388,0.2187604010105133
nafnet,mid,Viral,612,33.03108904369223,0.9011489152908325,0.9730260968208313,0.92930668592453,0.22021138668060303
nafnet,mid,Viral,613,34.091906577435786,0.9137020111083984,0.9738210439682007,0.9369406700134277,0.22784636914730072
nafnet,mid,Viral,614,34.75114947810124,0.9200785160064697,0.9719058871269226,0.9363922476768494,0.26047611236572266
nafnet,mid,Viral,615,35.08107232055815,0.9179067611694336,0.9737685322761536,0.9314848184585571,0.2409578561782837
nafnet,mid,Viral,616,34.98671723038519,0.9265251755714417,0.9768970012664795,0.9361680150032043,0.22651928663253784
nafnet,mid,Viral,617,34.24561472794663,0.910330593585968,0.9700058102607727,0.9330976009368896,0.2565132975578308
nafnet,mid,Viral,618,33.57294332527567,0.9071232676506042,0.9710882306098938,0.9303338527679443,0.23709461092948914
nafnet,mid,Viral,619,33.79044896685183,0.9038740396499634,0.9688257575035095,0.9308823943138123,0.22785191237926483
nafnet,mid,Viral,620,33.7224690145556,0.9167633056640625,0.9764128923416138,0.934442937374115,0.214157372713089
nafnet,mid,Viral,621,36.213415030650474,0.933330237865448,0.971297025680542,0.9403781890869141,0.29716700315475464
nafnet,mid,Viral,622,34.362395595459915,0.9138035774230957,0.9719001650810242,0.9339807033538818,0.22609162330627441
nafnet,mid,Viral,623,34.305314545296845,0.9124870896339417,0.9738680124282837,0.9328163862228394,0.2288626730442047
scunet,mid,Normal,0,33.859152474221034,0.9151806235313416,0.9741496443748474,0.940196692943573,0.17046931385993958
scunet,mid,Normal,1,32.42478396191847,0.8767942786216736,0.9665097594261169,0.9173166155815125,0.21459706127643585
scunet,mid,Normal,2,33.30765699485782,0.9077168703079224,0.9737998843193054,0.9323021769523621,0.1861189305782318
scunet,mid,Normal,3,34.282205685764445,0.9334749579429626,0.9809910655021667,0.9471074938774109,0.15499836206436157
scunet,mid,Normal,4,32.979607194533436,0.8712825775146484,0.9586875438690186,0.9176608920097351,0.22818955779075623
scunet,mid,Normal,5,34.60230644007143,0.9269343018531799,0.9801489114761353,0.9453330039978027,0.18617984652519226
scunet,mid,Normal,6,34.206818770441494,0.9130608439445496,0.9734163284301758,0.9392650723457336,0.22009339928627014
scunet,mid,Normal,7,34.52876980209765,0.9277468323707581,0.9773021936416626,0.943990170955658,0.18747390806674957
scunet,mid,Normal,8,32.86746000686066,0.9097771644592285,0.9739977121353149,0.9404252767562866,0.17174887657165527
scunet,mid,Normal,9,32.909959487905354,0.8942892551422119,0.9711298942565918,0.9338407516479492,0.19897902011871338
scunet,mid,Normal,10,33.72210447508778,0.9212749004364014,0.9792147278785706,0.9436601996421814,0.15168681740760803
scunet,mid,Normal,11,33.65013901171374,0.8982024788856506,0.9731063842773438,0.9343177676200867,0.21721696853637695
scunet,mid,Normal,12,33.78244303713235,0.8997382521629333,0.9709848761558533,0.9268540143966675,0.22454386949539185
scunet,mid,Normal,13,34.8911218657035,0.9169303774833679,0.970520555973053,0.937587320804596,0.18886739015579224
scunet,mid,Normal,14,34.44490440196346,0.9219837188720703,0.9679599404335022,0.9485814571380615,0.13871139287948608
scunet,mid,Normal,15,33.015264907204326,0.8861404061317444,0.9676030278205872,0.9220815896987915,0.24868623912334442
scunet,mid,Normal,16,34.42398853097064,0.9183868765830994,0.9735912084579468,0.9396538138389587,0.2015519142150879
scunet,mid,Normal,17,33.938074350953556,0.9074113965034485,0.9718246459960938,0.9313350915908813,0.19458644092082977
scunet,mid,Normal,18,33.55412300509657,0.9054396152496338,0.9760503768920898,0.9329307079315186,0.16833102703094482
scunet,mid,Normal,19,34.36514917001209,0.9188640117645264,0.9778854250907898,0.9423602223396301,0.18785133957862854
scunet,mid,Normal,20,35.63108272993623,0.9432684183120728,0.9830280542373657,0.9501343965530396,0.1463630497455597
scunet,mid,Normal,21,34.31455337437353,0.9195326566696167,0.9767133593559265,0.9422778487205505,0.17814767360687256
scunet,mid,Normal,22,34.368066908309835,0.913000226020813,0.975507378578186,0.9355461001396179,0.21636147797107697
scunet,mid,Normal,23,32.09643317779415,0.8486121892929077,0.9507337808609009,0.9010876417160034,0.298267662525177
scunet,mid,Normal,24,33.39507749440325,0.9029608964920044,0.9741101861000061,0.9323253035545349,0.20995086431503296
scunet,mid,Normal,25,34.198655817541194,0.9268803596496582,0.9798831939697266,0.9417238235473633,0.16485008597373962
scunet,mid,Normal,26,32.30581879927972,0.8920937180519104,0.9730885028839111,0.9267328381538391,0.18604430556297302
scunet,mid,Normal,27,32.39471788822748,0.8931563496589661,0.9698099493980408,0.9240813255310059,0.21008996665477753
scunet,mid,Normal,28,34.37330689772776,0.9232669472694397,0.9763751029968262,0.9408072233200073,0.18628811836242676
scunet,mid,Normal,29,33.530630004369584,0.9070931077003479,0.9708977937698364,0.9337652325630188,0.22339653968811035
scunet,mid,Normal,30,32.40216140330971,0.8635162711143494,0.9590029120445251,0.9153774380683899,0.2178526520729065
scunet,mid,Normal,31,33.6875381512387,0.9170824289321899,0.9773172736167908,0.9381063580513,0.1781303435564041
scunet,mid,Normal,32,32.417363795068546,0.8875081539154053,0.9639697670936584,0.924933135509491,0.20364031195640564
scunet,mid,Normal,33,31.86288357038908,0.8683818578720093,0.9641967415809631,0.9123700261116028,0.23397603631019592
scunet,mid,Normal,34,32.36903253051689,0.8956703543663025,0.976543128490448,0.92805016040802,0.1755971610546112
scunet,mid,Normal,35,33.97442776844119,0.9137877225875854,0.9779500961303711,0.9392419457435608,0.17461884021759033
scunet,mid,Normal,36,35.345215655030024,0.9407047033309937,0.9795263409614563,0.9526697397232056,0.1360379159450531
scunet,mid,Normal,37,35.0261354664858,0.930866003036499,0.9748618006706238,0.9449048638343811,0.22189784049987793
scunet,mid,Normal,38,33.079171302435476,0.909695029258728,0.9743106961250305,0.9361820816993713,0.17450472712516785
scunet,mid,Normal,39,31.828137175657826,0.8766022324562073,0.9657797813415527,0.9156885743141174,0.19835256040096283
scunet,mid,Normal,40,33.666103140617196,0.9164502620697021,0.9743755459785461,0.9363086223602295,0.17727228999137878
scunet,mid,Normal,41,34.311469420095676,0.9127697944641113,0.9736260175704956,0.9376015067100525,0.20064987242221832
scunet,mid,Normal,42,31.599667347606793,0.8719061017036438,0.9668563008308411,0.9160585403442383,0.20755691826343536
scunet,mid,Normal,43,33.39249706197988,0.9064119458198547,0.9742662310600281,0.9282975792884827,0.1865214705467224
scunet,mid,Normal,44,33.258160013458074,0.9018074870109558,0.9679068326950073,0.9276593923568726,0.19482162594795227
scunet,mid,Normal,45,32.86585808375663,0.8919273614883423,0.9704904556274414,0.9292234778404236,0.21278062462806702
scunet,mid,Normal,46,35.326422274504694,0.9085756540298462,0.9680678844451904,0.9287375807762146,0.21957507729530334
scunet,mid,Normal,47,32.34830107343083,0.9012978076934814,0.9749738574028015,0.9270674586296082,0.17660698294639587
scunet,mid,Normal,48,32.9645880134188,0.8959750533103943,0.9694905281066895,0.9295791983604431,0.1973257064819336
scunet,mid,Normal,49,33.352214483138255,0.9075265526771545,0.9721893072128296,0.9339346885681152,0.18327584862709045
scunet,mid,Normal,50,33.108107831307166,0.8977451920509338,0.973470151424408,0.9351141452789307,0.21594476699829102
scunet,mid,Normal,51,34.00210429051461,0.9071358442306519,0.9709272384643555,0.9354987740516663,0.20495577156543732
scunet,mid,Normal,52,33.40403045407016,0.8976367712020874,0.9672962427139282,0.9258226156234741,0.2181290090084076
scunet,mid,Normal,53,33.37826832827047,0.914318323135376,0.9795965552330017,0.938363790512085,0.16056516766548157
scunet,mid,Normal,54,33.83989904933598,0.9055666327476501,0.9741188883781433,0.9377886056900024,0.1945149004459381
scunet,mid,Normal,55,34.468623389319596,0.9131171107292175,0.9758598208427429,0.9385193586349487,0.18933585286140442
scunet,mid,Normal,56,35.06289250231945,0.9374036192893982,0.9805622100830078,0.9495007395744324,0.19410227239131927
scunet,mid,Normal,57,32.915279582725624,0.8787268996238708,0.9644960165023804,0.9176933765411377,0.22786958515644073
scunet,mid,Normal,58,33.10840310592341,0.9032619595527649,0.9744829535484314,0.9374849200248718,0.1937127709388733
scunet,mid,Normal,59,33.600632957279004,0.9086316823959351,0.9734010100364685,0.9363290667533875,0.19147518277168274
scunet,mid,Normal,60,34.28211115906184,0.9125044941902161,0.9741238355636597,0.9395619034767151,0.18915395438671112
scunet,mid,Normal,61,34.36654319396769,0.9278371930122375,0.9799861311912537,0.9459105730056763,0.1523418426513672
scunet,mid,Normal,62,33.343202744901006,0.8878828883171082,0.9681221842765808,0.9283723831176758,0.23548375070095062
scunet,mid,Normal,63,33.232404756947375,0.9100522994995117,0.9765702486038208,0.938604474067688,0.1709071397781372
scunet,mid,Normal,64,34.18299402305428,0.915514349937439,0.9766345024108887,0.9353340864181519,0.1913299262523651
scunet,mid,Normal,65,32.161927447411934,0.8990591764450073,0.9738011956214905,0.9332155585289001,0.1795203685760498
scunet,mid,Normal,66,31.831463438184585,0.8634780645370483,0.9591056108474731,0.914688229560852,0.2296290397644043
scunet,mid,Normal,67,31.954782797319346,0.8750596642494202,0.9668213129043579,0.9197224974632263,0.2240886688232422
scunet,mid,Normal,68,31.4454840921656,0.8583067059516907,0.9587531685829163,0.9123826622962952,0.23555758595466614
scunet,mid,Normal,69,33.11237186901389,0.8894737362861633,0.9672929048538208,0.9238076210021973,0.2204783409833908
scunet,mid,Normal,70,35.237867775841366,0.9360989928245544,0.9806378483772278,0.9466679096221924,0.17910191416740417
scunet,mid,Normal,71,34.69251749265011,0.9039449095726013,0.9658604264259338,0.9336714744567871,0.21761727333068848
scunet,mid,Normal,72,34.4646050951078,0.9161902666091919,0.9749415516853333,0.9442117214202881,0.19434207677841187
scunet,mid,Normal,73,34.87103732484457,0.928877592086792,0.9782097339630127,0.945518970489502,0.16847819089889526
scunet,mid,Normal,74,33.88441130828272,0.9135726690292358,0.9661735892295837,0.9277899265289307,0.2591412365436554
scunet,mid,Normal,75,32.91436953380947,0.8949914574623108,0.966608464717865,0.9300968647003174,0.19183459877967834
scunet,mid,Normal,76,32.327551890768255,0.8830731511116028,0.966145396232605,0.9151792526245117,0.22073853015899658
scunet,mid,Normal,77,33.37721740233148,0.9134187698364258,0.9776108860969543,0.9381363391876221,0.15429234504699707
scunet,mid,Normal,78,34.70403780773023,0.9161844253540039,0.9733124375343323,0.940115213394165,0.23543953895568848
scunet,mid,Normal,79,33.37758987421158,0.9088752865791321,0.9770254492759705,0.9402970671653748,0.17303912341594696
scunet,mid,Normal,80,34.24974538364179,0.9019296765327454,0.9658756852149963,0.9298596978187561,0.23125319182872772
scunet,mid,Normal,81,34.27428275199689,0.915645956993103,0.9762448072433472,0.942448616027832,0.18959510326385498
scunet,mid,Normal,82,32.50063317421581,0.8837506175041199,0.9665769934654236,0.9232199192047119,0.19710391759872437
scunet,mid,Normal,83,32.827056387506666,0.9005572199821472,0.9728648662567139,0.9320111870765686,0.19676300883293152
scunet,mid,Normal,84,33.161304838372516,0.9031319618225098,0.9764184355735779,0.9402416944503784,0.18275955319404602
scunet,mid,Normal,85,35.54934651944697,0.9353584051132202,0.9814173579216003,0.9458131790161133,0.2048390954732895
scunet,mid,Normal,86,33.90919881516722,0.9160805344581604,0.9775363802909851,0.9386253952980042,0.1729413866996765
scunet,mid,Normal,87,34.266696305588304,0.9167574048042297,0.9754511117935181,0.9403666257858276,0.1759178638458252
scunet,mid,Normal,88,32.65153197600177,0.9080697298049927,0.9728231430053711,0.9357799291610718,0.18307586014270782
scunet,mid,Normal,89,34.153489702551745,0.9066203236579895,0.9699959754943848,0.9349710941314697,0.22053837776184082
scunet,mid,Normal,90,33.43520585506208,0.9115116596221924,0.9758119583129883,0.9370783567428589,0.1624264419078827
scunet,mid,Normal,91,32.43286126416178,0.891928493976593,0.9721298217773438,0.925081193447113,0.19950801134109497
scunet,mid,Normal,92,34.9979401554953,0.9331374168395996,0.9800074100494385,0.9492405652999878,0.17604582011699677
scunet,mid,Normal,93,32.836434724772914,0.8851974010467529,0.96717768907547,0.9275049567222595,0.21377679705619812
scunet,mid,Normal,94,34.350892704242185,0.9254070520401001,0.9781389236450195,0.9405434727668762,0.1747005730867386
scunet,mid,Normal,95,32.072448038815,0.8754610419273376,0.961411714553833,0.9159276485443115,0.2155350297689438
scunet,mid,Normal,96,33.841556060625514,0.9096512794494629,0.9750218987464905,0.9386377930641174,0.18259063363075256
scunet,mid,Normal,97,32.06890275792817,0.8761451840400696,0.9682198762893677,0.9261417984962463,0.21799209713935852
scunet,mid,Normal,98,33.15863358808846,0.9064874053001404,0.9775187969207764,0.9363412857055664,0.1719008982181549
scunet,mid,Normal,99,33.80947511925426,0.9142528176307678,0.9760696291923523,0.9447540044784546,0.19392459094524384
scunet,mid,Normal,100,34.372432665761465,0.9114054441452026,0.9739740490913391,0.9405604600906372,0.19408415257930756
scunet,mid,Normal,101,32.38762921549028,0.8882783651351929,0.9688130021095276,0.9301815629005432,0.21224026381969452
scunet,mid,Normal,102,33.96417120730052,0.9177209138870239,0.9769315719604492,0.933599591255188,0.16152313351631165
scunet,mid,Normal,103,34.29647466714786,0.9160107970237732,0.9755377769470215,0.9351867437362671,0.1968686729669571
scunet,mid,Normal,104,33.03891947252024,0.9033495187759399,0.9757720828056335,0.9321919083595276,0.17208978533744812
scunet,mid,Normal,105,33.46686276062976,0.9077444672584534,0.9688998460769653,0.9401912093162537,0.1786009669303894
scunet,mid,Normal,106,34.31996462634706,0.919574499130249,0.9775745272636414,0.9412320256233215,0.16384844481945038
scunet,mid,Normal,107,33.54281954132857,0.9072263240814209,0.9738186597824097,0.9345701336860657,0.17331856489181519
scunet,mid,Normal,108,32.10571540734009,0.861738920211792,0.9589155316352844,0.9076628684997559,0.24573877453804016
scunet,mid,Normal,109,32.8212051942935,0.8788548707962036,0.9668418169021606,0.9223973155021667,0.21344906091690063
scunet,mid,Normal,110,33.846647964186246,0.9012322425842285,0.9680353403091431,0.9357994198799133,0.19252316653728485
scunet,mid,Normal,111,34.46481145160031,0.9101808667182922,0.9711644649505615,0.9299622178077698,0.1943545639514923
scunet,mid,Normal,112,32.35051036038661,0.8887739181518555,0.9692505598068237,0.924990177154541,0.20486804842948914
scunet,mid,Normal,113,32.67902078336446,0.8795497417449951,0.9677897095680237,0.9188970923423767,0.2003188282251358
scunet,mid,Normal,114,33.419072161066566,0.8945433497428894,0.9720432162284851,0.9234461188316345,0.21407067775726318
scunet,mid,Normal,115,33.20929913749476,0.8996015787124634,0.9734062552452087,0.9358071088790894,0.1946984827518463
scunet,mid,Normal,116,32.35257129027476,0.895667552947998,0.9747490882873535,0.9260667562484741,0.17517666518688202
scunet,mid,Normal,117,33.65290124259018,0.9017941355705261,0.9677826762199402,0.9344362616539001,0.18507078289985657
scunet,mid,Normal,118,33.59360138563074,0.9071710705757141,0.974603533744812,0.9328371286392212,0.18532860279083252
scunet,mid,Normal,119,35.53701172922232,0.939787745475769,0.9810993075370789,0.9532082676887512,0.15780507028102875
scunet,mid,Normal,120,34.64642364374326,0.9414283037185669,0.9826540350914001,0.953630805015564,0.128875270485878
scunet,mid,Normal,121,34.02200243077455,0.9146059155464172,0.9731836915016174,0.9386301040649414,0.16506874561309814
scunet,mid,Normal,122,34.433348164442684,0.9222176671028137,0.9789355993270874,0.9477094411849976,0.16382348537445068
scunet,mid,Normal,123,34.559941625842384,0.9206416606903076,0.9785106182098389,0.942581057548523,0.15758952498435974
scunet,mid,Normal,124,33.71745332715883,0.9066048860549927,0.9744349718093872,0.9320535063743591,0.20046813786029816
scunet,mid,Normal,125,32.75766996015029,0.8927437663078308,0.9742660522460938,0.9268237352371216,0.2144213169813156
scunet,mid,Normal,126,33.68663445480259,0.8964042663574219,0.9675503373146057,0.9329004287719727,0.23273301124572754
scunet,mid,Normal,127,32.262565529780225,0.8638325929641724,0.9599063396453857,0.9132882952690125,0.23949980735778809
scunet,mid,Normal,128,32.677035930844426,0.9002071022987366,0.9749577045440674,0.9290874600410461,0.19356298446655273
scunet,mid,Normal,129,33.67650666640694,0.9135938286781311,0.9776514768600464,0.9385311007499695,0.16788770258426666
scunet,mid,Normal,130,33.233330202319245,0.9095540642738342,0.9781625866889954,0.936848521232605,0.1747901439666748
scunet,mid,Normal,131,33.24001640095829,0.9028030633926392,0.9743133783340454,0.9364222288131714,0.18702052533626556
scunet,mid,Normal,132,32.7267694478913,0.8950173854827881,0.9713022112846375,0.9328638911247253,0.19222722947597504
scunet,mid,Normal,133,33.32656831198997,0.903741717338562,0.9759348630905151,0.9376949667930603,0.18027324974536896
scunet,mid,Normal,134,34.86121133841472,0.9282143115997314,0.9786549210548401,0.942909836769104,0.17421728372573853
scunet,mid,Normal,135,33.96954646569162,0.914032518863678,0.9722703695297241,0.9354800581932068,0.17315813899040222
scunet,mid,Normal,136,33.28375634207656,0.9147456884384155,0.9784262776374817,0.9411104917526245,0.16959479451179504
scunet,mid,Normal,137,33.09661497251327,0.9093760251998901,0.9766034483909607,0.9364767074584961,0.16801871359348297
scunet,mid,Normal,138,34.119284733614535,0.9165697693824768,0.9769930839538574,0.941757082939148,0.1699291467666626
scunet,mid,Normal,139,32.386211029099606,0.8881963491439819,0.9718473553657532,0.9254419803619385,0.2020772099494934
scunet,mid,Normal,140,32.69662906083519,0.8872561454772949,0.9675225019454956,0.9240629076957703,0.19162651896476746
scunet,mid,Normal,141,33.57092746644141,0.9009225964546204,0.9685919880867004,0.934307336807251,0.20111210644245148
scunet,mid,Normal,142,31.860631055922187,0.8657854795455933,0.9618895053863525,0.9151516556739807,0.2225801944732666
scunet,mid,Normal,143,35.04638717629781,0.934224545955658,0.9811260104179382,0.9491154551506042,0.16182437539100647
scunet,mid,Normal,144,33.740655852816985,0.9145662188529968,0.9759311079978943,0.9424583315849304,0.1754847764968872
scunet,mid,Normal,145,32.943856459668204,0.9127418994903564,0.9756125211715698,0.9391750693321228,0.15232184529304504
scunet,mid,Normal,146,32.142694539965085,0.8809453248977661,0.96865314245224,0.9241517186164856,0.22844281792640686
scunet,mid,Normal,147,32.48194170644384,0.8707700371742249,0.9617120027542114,0.9179401993751526,0.2253478765487671
scunet,mid,Normal,148,33.920515636984305,0.9049375653266907,0.970102846622467,0.9371145963668823,0.17789597809314728
scunet,mid,Normal,149,32.91853605302194,0.9008713364601135,0.9755776524543762,0.9369218349456787,0.1853186935186386
scunet,mid,Normal,150,33.12100899053411,0.8756341934204102,0.9610137343406677,0.9228650331497192,0.2213723063468933
scunet,mid,Normal,151,32.30479666705303,0.8576905131340027,0.9562682509422302,0.9109404683113098,0.2245493233203888
scunet,mid,Normal,152,31.837553544943503,0.8624926209449768,0.9595131874084473,0.9076436758041382,0.21460185945034027
scunet,mid,Normal,153,33.916355963017615,0.9183939695358276,0.9771366119384766,0.9390989542007446,0.19123542308807373
scunet,mid,Normal,154,35.05522906041266,0.9298282861709595,0.9771227836608887,0.9434543251991272,0.2041553258895874
scunet,mid,Normal,155,32.8669796124705,0.897518515586853,0.9697619080543518,0.925271213054657,0.20002613961696625
scunet,mid,Normal,156,32.627430330158276,0.8834988474845886,0.9675102233886719,0.919879674911499,0.21491315960884094
scunet,mid,Normal,157,34.03919249187078,0.9245726466178894,0.9812479615211487,0.9413978457450867,0.15522627532482147
scunet,mid,Normal,158,33.61002438939469,0.9180283546447754,0.9765945672988892,0.9411172270774841,0.15472789108753204
scunet,mid,Normal,159,33.93941794722362,0.9041796326637268,0.968541145324707,0.9353757500648499,0.21776233613491058
scunet,mid,Normal,160,34.48187185222226,0.9252170324325562,0.9723824858665466,0.9386433959007263,0.23340503871440887
scunet,mid,Normal,161,34.28772466391219,0.9157288670539856,0.9764499068260193,0.9399648904800415,0.17379702627658844
scunet,mid,Normal,162,34.074178225788174,0.9243090748786926,0.9785753488540649,0.9407336711883545,0.16225498914718628
scunet,mid,Normal,163,34.0687181006014,0.9187783002853394,0.9773086309432983,0.9323952794075012,0.18307630717754364
scunet,mid,Normal,164,35.37672054274198,0.9328734278678894,0.977482795715332,0.9476717710494995,0.238714337348938
scunet,mid,Normal,165,35.33392641734025,0.9225479364395142,0.9723969101905823,0.9343992471694946,0.2531164586544037
scunet,mid,Normal,166,35.3053468888468,0.929100751876831,0.9797030687332153,0.944585382938385,0.161482036113739
scunet,mid,Normal,167,33.28696180166692,0.8790159821510315,0.9598636627197266,0.9195144176483154,0.2608198821544647
scunet,mid,Normal,168,33.34067094536378,0.9177753329277039,0.9772992730140686,0.9416304230690002,0.1638462096452713
scunet,mid,Normal,169,30.940557570396724,0.8775230050086975,0.9713648557662964,0.9195292592048645,0.19395971298217773
scunet,mid,Normal,170,33.14927063688989,0.8846593499183655,0.9685800075531006,0.9232016801834106,0.23400893807411194
scunet,mid,Normal,171,33.009790655809226,0.8838352560997009,0.9684786796569824,0.9268271327018738,0.2147698998451233
scunet,mid,Normal,172,33.64281721862517,0.8974427580833435,0.9673436284065247,0.9306765198707581,0.21469679474830627
scunet,mid,Normal,173,32.83263737732454,0.8707070350646973,0.9614315032958984,0.9191876649856567,0.22907455265522003
scunet,mid,Normal,174,34.73790903692126,0.9178709983825684,0.9756065011024475,0.9398921728134155,0.19973339140415192
scunet,mid,Normal,175,34.36720962364872,0.9294309616088867,0.9810344576835632,0.937340497970581,0.1756429821252823
scunet,mid,Normal,176,34.11041586649815,0.9307498931884766,0.9802022576332092,0.9440177083015442,0.1524643748998642
scunet,mid,Normal,177,32.34971778837046,0.8727057576179504,0.9630470275878906,0.9165814518928528,0.21099799871444702
scunet,mid,Normal,178,33.38531885548184,0.8957902193069458,0.9690719842910767,0.9325255155563354,0.20305034518241882
scunet,mid,Normal,179,32.12521208082569,0.8547828197479248,0.9572283625602722,0.9038681983947754,0.25049036741256714
scunet,mid,Normal,180,32.025766579170686,0.8830788731575012,0.9676355123519897,0.9191663861274719,0.19660069048404694
scunet,mid,Normal,181,34.00309927519441,0.906898021697998,0.9714258909225464,0.9363365769386292,0.18554674088954926
scunet,mid,Normal,182,34.61087132018782,0.9149872064590454,0.9725129008293152,0.9381584525108337,0.20527306199073792
scunet,mid,Normal,183,33.54319220121,0.9057047963142395,0.974867045879364,0.9342319965362549,0.1958441585302353
scunet,mid,Normal,184,33.70970157751987,0.9064581990242004,0.9741567373275757,0.9380579590797424,0.19857105612754822
scunet,mid,Normal,185,34.24327904530669,0.9139220118522644,0.9759919047355652,0.9373918771743774,0.187997967004776
scunet,mid,Normal,186,32.569285327175564,0.8809534311294556,0.9662685990333557,0.9237036108970642,0.21905039250850677
scunet,mid,Normal,187,34.49144999736774,0.9281524419784546,0.9778675436973572,0.9459658861160278,0.1786690205335617
scunet,mid,Normal,188,34.15753032663681,0.9026403427124023,0.9694357514381409,0.9283854365348816,0.2302038073539734
scunet,mid,Normal,189,33.69053862547719,0.8940134048461914,0.966747522354126,0.9244293570518494,0.23168529570102692
scunet,mid,Normal,190,31.916313997661018,0.8735635876655579,0.9637671709060669,0.9149544835090637,0.21599280834197998
scunet,mid,Normal,191,34.52495847101535,0.9316355586051941,0.9804269671440125,0.9431678056716919,0.16605022549629211
scunet,mid,Normal,192,36.055460315725945,0.9402819275856018,0.9785186052322388,0.9469276070594788,0.20035028457641602
scunet,mid,Normal,193,32.79203900910276,0.90146404504776,0.974955141544342,0.935221254825592,0.18787401914596558
scunet,mid,Normal,194,33.112958359376,0.8916566967964172,0.9682461619377136,0.9307412505149841,0.2007492184638977
scunet,mid,Normal,195,33.23711465915706,0.8997240662574768,0.9707832336425781,0.9316706657409668,0.1875852793455124
scunet,mid,Normal,196,33.568932954849295,0.9005995392799377,0.9690507054328918,0.9298459887504578,0.2121046781539917
scunet,mid,Normal,197,33.86171447457865,0.9117755889892578,0.9764018654823303,0.93681800365448,0.18266624212265015
scunet,mid,Normal,198,34.42805209184966,0.9215256571769714,0.9763938188552856,0.9401518702507019,0.2175024449825287
scunet,mid,Normal,199,32.697836163950086,0.8969602584838867,0.9726515412330627,0.9278693199157715,0.18374088406562805
scunet,mid,Normal,200,33.51460446030929,0.907346248626709,0.9756711721420288,0.9370384216308594,0.18833887577056885
scunet,mid,Normal,201,33.10919232716098,0.9017417430877686,0.9720281958580017,0.9325989484786987,0.18818369507789612
scunet,mid,Normal,202,32.90093341191604,0.8879512548446655,0.9662798047065735,0.92678302526474,0.21602477133274078
scunet,mid,Normal,203,33.80207408987334,0.9143368601799011,0.9775524735450745,0.9415625333786011,0.1713401973247528
scunet,mid,Normal,204,33.15055370349234,0.9061665534973145,0.97336345911026,0.9387067556381226,0.1696723997592926
scunet,mid,Normal,205,34.93254724161843,0.9223783016204834,0.9763627052307129,0.9395908117294312,0.18576514720916748
scunet,mid,Normal,206,34.710078262961446,0.9163838028907776,0.9725033640861511,0.939241349697113,0.1900082677602768
scunet,mid,Normal,207,34.33507788282344,0.909456193447113,0.9704415202140808,0.9297118186950684,0.18976542353630066
scunet,mid,Normal,208,33.31067426483516,0.9040610790252686,0.974577009677887,0.935811460018158,0.17715485394001007
scunet,mid,Normal,209,32.57061197587076,0.8946428894996643,0.97320556640625,0.93597012758255,0.18461933732032776
scunet,mid,Normal,210,32.565728583239235,0.8737257122993469,0.9620508551597595,0.9119598269462585,0.25499123334884644
scunet,mid,Normal,211,33.708760598782234,0.9232441782951355,0.9788407683372498,0.9406652450561523,0.14755812287330627
scunet,mid,Normal,212,34.74547382924477,0.9308657050132751,0.9798812866210938,0.9454878568649292,0.1653958410024643
scunet,mid,Normal,213,34.87622728596758,0.9320118427276611,0.9802592992782593,0.9432784914970398,0.18253004550933838
scunet,mid,Normal,214,33.338613359732896,0.9027480483055115,0.9723626375198364,0.9318557977676392,0.19356873631477356
scunet,mid,Normal,215,32.658696773890156,0.8663932681083679,0.9572877883911133,0.9081801176071167,0.2537422180175781
scunet,mid,Normal,216,32.79128373119731,0.8892478942871094,0.9709137082099915,0.9312904477119446,0.18946708738803864
scunet,mid,Normal,217,34.77981732689318,0.9171984791755676,0.9728456139564514,0.9370059967041016,0.21917465329170227
scunet,mid,Normal,218,32.83862161147567,0.8784425854682922,0.963467538356781,0.9184036254882812,0.2148246467113495
scunet,mid,Normal,219,33.86024712707995,0.9193574786186218,0.9779506921768188,0.942232608795166,0.16362997889518738
scunet,mid,Normal,220,35.30875343803549,0.9177815318107605,0.9725916385650635,0.9380918741226196,0.24150758981704712
scunet,mid,Normal,221,33.968838101232166,0.9216252565383911,0.9781191945075989,0.9420287609100342,0.16081106662750244
scunet,mid,Normal,222,33.46837914704021,0.9056975245475769,0.9767155647277832,0.933853268623352,0.17243501543998718
scunet,mid,Normal,223,32.69128251574206,0.8818619251251221,0.965329647064209,0.9262133836746216,0.23726409673690796
scunet,mid,Normal,224,34.40695237347849,0.9309912323951721,0.9820920825004578,0.94620281457901,0.14522835612297058
scunet,mid,Normal,225,32.04151056636802,0.849751353263855,0.9620393514633179,0.901969850063324,0.2608427405357361
scunet,mid,Normal,226,34.29723072410659,0.9171350002288818,0.9752721786499023,0.9414055347442627,0.18144947290420532
scunet,mid,Normal,227,33.2037792324057,0.9057220816612244,0.9762898683547974,0.9373111724853516,0.1773858368396759
scunet,mid,Normal,228,34.785061398274436,0.9266723394393921,0.9781999588012695,0.9399859309196472,0.17394989728927612
scunet,mid,Normal,229,33.64781912272955,0.9201330542564392,0.9799823760986328,0.940767228603363,0.17654314637184143
scunet,mid,Normal,230,33.25960390176362,0.8972174525260925,0.9734907150268555,0.9342262148857117,0.1965331733226776
scunet,mid,Normal,231,33.18696527862598,0.8877557516098022,0.9671518206596375,0.9250310063362122,0.20419669151306152
scunet,mid,Normal,232,34.89055434769334,0.9209036827087402,0.9784818291664124,0.9440410137176514,0.18422359228134155
scunet,mid,Normal,233,34.223012037224734,0.9099679589271545,0.9735307097434998,0.9372068047523499,0.2067231982946396
scunet,mid,Bacterial,234,35.107314459752025,0.9251512289047241,0.9667021632194519,0.9342826008796692,0.24555081129074097
scunet,mid,Bacterial,235,33.246462531289744,0.900436282157898,0.9666622281074524,0.9251405000686646,0.251120924949646
scunet,mid,Bacterial,236,35.231822661459724,0.9256739616394043,0.9716851115226746,0.9387609958648682,0.2326044738292694
scunet,mid,Bacterial,237,34.98269843035509,0.9282322525978088,0.9730640649795532,0.9365487098693848,0.23378580808639526
scunet,mid,Bacterial,238,35.16924290171587,0.9169122576713562,0.9610671997070312,0.9267600774765015,0.3021823465824127
scunet,mid,Bacterial,239,34.82149176329938,0.9314058423042297,0.97273850440979,0.9422686100006104,0.21319277584552765
scunet,mid,Bacterial,240,35.06760529728582,0.9268324971199036,0.9692152142524719,0.9337103366851807,0.23633795976638794
scunet,mid,Bacterial,241,34.13459556513827,0.9200237989425659,0.9691345691680908,0.930102527141571,0.26563960313796997
scunet,mid,Bacterial,242,35.24054874736086,0.9251694083213806,0.9724279642105103,0.9351149797439575,0.2442794144153595
scunet,mid,Bacterial,243,34.112936296624184,0.9069899916648865,0.9711665511131287,0.9239934682846069,0.2575666904449463
scunet,mid,Bacterial,244,32.82972012812279,0.893036961555481,0.965036928653717,0.9214211702346802,0.20772656798362732
scunet,mid,Bacterial,245,34.163805529930016,0.9214823842048645,0.9766502976417542,0.940528392791748,0.19038204848766327
scunet,mid,Bacterial,246,34.6492549880804,0.9261609315872192,0.9779492616653442,0.9440576434135437,0.21701869368553162
scunet,mid,Bacterial,247,34.14573325679475,0.9233706593513489,0.9765605926513672,0.9403342008590698,0.2140478640794754
scunet,mid,Bacterial,248,35.66519226463326,0.9346857666969299,0.9750671982765198,0.9419263005256653,0.22110214829444885
scunet,mid,Bacterial,249,35.757536322284466,0.9404497146606445,0.9729952216148376,0.940993070602417,0.2480599284172058
scunet,mid,Bacterial,250,35.4140113910291,0.9218454957008362,0.9621106386184692,0.9266042113304138,0.25678277015686035
scunet,mid,Bacterial,251,33.19587802667127,0.9031703472137451,0.9719010591506958,0.9284465909004211,0.20712479948997498
scunet,mid,Bacterial,252,35.88988916852386,0.9299025535583496,0.9731104373931885,0.934126079082489,0.24855831265449524
scunet,mid,Bacterial,253,34.899569339543824,0.9231400489807129,0.9714442491531372,0.9376430511474609,0.25351837277412415
scunet,mid,Bacterial,254,33.595737142858475,0.8992052674293518,0.9695193767547607,0.9242680072784424,0.21668048202991486
scunet,mid,Bacterial,255,33.91157336948383,0.907088041305542,0.963636040687561,0.9272136688232422,0.24600820243358612
scunet,mid,Bacterial,256,33.09730714300365,0.8946563005447388,0.9631099700927734,0.9172411561012268,0.2438722848892212
scunet,mid,Bacterial,257,34.322717753526405,0.9206904768943787,0.9690148830413818,0.9303764700889587,0.25886401534080505
scunet,mid,Bacterial,258,34.31323053404896,0.9008851647377014,0.9572278261184692,0.9161359071731567,0.3076401650905609
scunet,mid,Bacterial,259,34.494651681958395,0.9038743376731873,0.9629576206207275,0.9267560839653015,0.2842678427696228
scunet,mid,Bacterial,260,34.70009271653226,0.9224526882171631,0.9672370553016663,0.9345370531082153,0.24489060044288635
scunet,mid,Bacterial,261,32.844446208268174,0.9015642404556274,0.9706423282623291,0.927100658416748,0.20153217017650604
scunet,mid,Bacterial,262,36.50906763276009,0.9373856782913208,0.9755872488021851,0.9416865706443787,0.23300260305404663
scunet,mid,Bacterial,263,36.162149641942555,0.9358422160148621,0.9768776297569275,0.9426542520523071,0.2553935647010803
scunet,mid,Bacterial,264,35.7862282840265,0.9251713156700134,0.9677462577819824,0.9327656626701355,0.24333462119102478
scunet,mid,Bacterial,265,35.90249907636832,0.9351210594177246,0.9739685654640198,0.9406260251998901,0.26632148027420044
scunet,mid,Bacterial,266,35.53683759358542,0.929702877998352,0.9758056402206421,0.9316478967666626,0.246419295668602
scunet,mid,Bacterial,267,33.76113000391088,0.8969773650169373,0.9653570652008057,0.9176034927368164,0.27660831809043884
scunet,mid,Bacterial,268,34.978540955993076,0.9143460392951965,0.9683775305747986,0.925571858882904,0.28024956583976746
scunet,mid,Bacterial,269,34.92674128913745,0.9262924194335938,0.9733148217201233,0.9379866719245911,0.23426350951194763
scunet,mid,Bacterial,270,36.10925028579612,0.943195641040802,0.979030430316925,0.9518128037452698,0.2085750252008438
scunet,mid,Bacterial,271,35.21063092259466,0.9312994480133057,0.97896808385849,0.9392133355140686,0.2016044557094574
scunet,mid,Bacterial,272,36.11761152565623,0.9362529516220093,0.9779329895973206,0.9417487382888794,0.2577459216117859
scunet,mid,Bacterial,273,35.91427632056204,0.9390437602996826,0.9733964800834656,0.9426433444023132,0.22502820193767548
scunet,mid,Bacterial,274,33.90904055769888,0.9043071866035461,0.9689869284629822,0.926518976688385,0.22903624176979065
scunet,mid,Bacterial,275,33.19645083685352,0.9015325307846069,0.9649837613105774,0.9221487641334534,0.2586095333099365
scunet,mid,Bacterial,276,32.530394680129895,0.8938027620315552,0.9693232774734497,0.9245157241821289,0.18800774216651917
scunet,mid,Bacterial,277,34.039188006673776,0.9044488072395325,0.962532103061676,0.9209986329078674,0.26355189085006714
scunet,mid,Bacterial,278,34.38155173334678,0.9085981845855713,0.9676287174224854,0.9262837767601013,0.25685590505599976
scunet,mid,Bacterial,279,34.50209024685522,0.9192967414855957,0.9724990725517273,0.9314793944358826,0.22621257603168488
scunet,mid,Bacterial,280,35.48612228940254,0.9153155088424683,0.9711461067199707,0.928703248500824,0.24428680539131165
scunet,mid,Bacterial,281,34.566580927772755,0.902373194694519,0.9656631946563721,0.9188833236694336,0.27988678216934204
scunet,mid,Bacterial,282,33.521562647187864,0.903904378414154,0.968932032585144,0.922074019908905,0.24989013373851776
scunet,mid,Bacterial,283,34.79502446414729,0.9202066659927368,0.9724473357200623,0.9306852221488953,0.2466064691543579
scunet,mid,Bacterial,284,32.726338937378586,0.8979865312576294,0.9586559534072876,0.9170033931732178,0.3009730875492096
scunet,mid,Bacterial,285,35.92495386025102,0.9298141598701477,0.9697615504264832,0.9336192011833191,0.26493486762046814
scunet,mid,Bacterial,286,33.781461711685886,0.9188411235809326,0.9721577763557434,0.934438169002533,0.2318030595779419
scunet,mid,Bacterial,287,33.599223126330685,0.8912014365196228,0.9603004455566406,0.923532247543335,0.2762833833694458
scunet,mid,Bacterial,288,35.25129599039301,0.9272960424423218,0.9711390137672424,0.9352148175239563,0.23020905256271362
scunet,mid,Bacterial,289,34.191971356404466,0.9095867276191711,0.9675947427749634,0.9235827922821045,0.23791742324829102
scunet,mid,Bacterial,290,35.70274438888767,0.9316234588623047,0.9721968173980713,0.9384351968765259,0.2546893358230591
scunet,mid,Bacterial,291,34.08297558938572,0.9117188453674316,0.9641252756118774,0.9264125227928162,0.2544669508934021
scunet,mid,Bacterial,292,33.56597651758198,0.8998553156852722,0.9670910835266113,0.9256726503372192,0.21769949793815613
scunet,mid,Bacterial,293,35.83672628409202,0.9342929124832153,0.9784291386604309,0.9402832388877869,0.24148689210414886
scunet,mid,Bacterial,294,34.897472521054034,0.9250295758247375,0.973013162612915,0.9390221834182739,0.23517277836799622
scunet,mid,Bacterial,295,33.94226084163789,0.9192861318588257,0.9719611406326294,0.9344031810760498,0.23304903507232666
scunet,mid,Bacterial,296,35.270221494921806,0.9322161674499512,0.9779449105262756,0.9403986930847168,0.23469214141368866
scunet,mid,Bacterial,297,34.61824603837191,0.9229803681373596,0.9753643870353699,0.9365109801292419,0.25121572613716125
scunet,mid,Bacterial,298,32.27889356265089,0.8865388035774231,0.9586215615272522,0.91129469871521,0.25483787059783936
scunet,mid,Bacterial,299,32.66201366067898,0.8919177651405334,0.9599992632865906,0.9158431887626648,0.26967525482177734
scunet,mid,Bacterial,300,32.687241955917585,0.9062526226043701,0.9699550271034241,0.92128986120224,0.23763015866279602
scunet,mid,Bacterial,301,32.30556861684531,0.8758509159088135,0.9580348134040833,0.9184544086456299,0.2138943374156952
scunet,mid,Bacterial,302,34.12924608667866,0.9078801870346069,0.9691000580787659,0.9267497658729553,0.21562591195106506
scunet,mid,Bacterial,303,33.69286577465134,0.92433762550354,0.9729152917861938,0.9380611181259155,0.2557322680950165
scunet,mid,Bacterial,304,34.883551840454324,0.9218466281890869,0.971511960029602,0.9294567108154297,0.2595590054988861
scunet,mid,Bacterial,305,35.67113508840134,0.9286526441574097,0.9730106592178345,0.9342830181121826,0.22956956923007965
scunet,mid,Bacterial,306,34.01154421425537,0.9203625917434692,0.971682071685791,0.9313095808029175,0.2502419948577881
scunet,mid,Bacterial,307,33.9684614257572,0.9228600859642029,0.9727298617362976,0.9342933893203735,0.24511674046516418
scunet,mid,Bacterial,308,33.81827852279465,0.8938025832176208,0.9623793959617615,0.9286004900932312,0.24261927604675293
scunet,mid,Bacterial,309,34.11203734805605,0.9125887155532837,0.969070315361023,0.9333467483520508,0.21982407569885254
scunet,mid,Bacterial,310,32.64645822164486,0.8918538689613342,0.9669243097305298,0.9272782206535339,0.1947277933359146
scunet,mid,Bacterial,311,33.74758318516941,0.8998150825500488,0.9607833027839661,0.921883225440979,0.24699312448501587
scunet,mid,Bacterial,312,33.12411701065728,0.9100587964057922,0.9723158478736877,0.931224524974823,0.22017093002796173
scunet,mid,Bacterial,313,34.79830122280927,0.9142014980316162,0.9656064510345459,0.9263189435005188,0.30304956436157227
scunet,mid,Bacterial,314,33.92268679271473,0.8943467140197754,0.9666651487350464,0.921722412109375,0.23940487205982208
scunet,mid,Bacterial,315,36.146816425632736,0.9375028014183044,0.9743989706039429,0.9469015598297119,0.25579833984375
scunet,mid,Bacterial,316,35.60173035528126,0.9305641055107117,0.9716817140579224,0.9379944801330566,0.2562885582447052
scunet,mid,Bacterial,317,35.79021942942883,0.9428344368934631,0.9752262830734253,0.9401371479034424,0.26954764127731323
scunet,mid,Bacterial,318,35.1923040988096,0.929649829864502,0.9725648164749146,0.9392206072807312,0.21437957882881165
scunet,mid,Bacterial,319,35.212495023044355,0.9231076836585999,0.9700146317481995,0.9357325434684753,0.21338805556297302
scunet,mid,Bacterial,320,35.66674198527645,0.9330193400382996,0.9723526835441589,0.9345174431800842,0.24586237967014313
scunet,mid,Bacterial,321,32.57100721644869,0.9034177660942078,0.9672056436538696,0.9287313222885132,0.24881896376609802
scunet,mid,Bacterial,322,33.75148858750676,0.9112304449081421,0.9704439043998718,0.9283381104469299,0.24559134244918823
scunet,mid,Bacterial,323,33.73395664943093,0.9127614498138428,0.9731343984603882,0.9344002604484558,0.21743324398994446
scunet,mid,Bacterial,324,32.99642793847772,0.9068509936332703,0.9739325642585754,0.9306279420852661,0.2170698046684265
scunet,mid,Bacterial,325,32.37832747577369,0.9042184948921204,0.9746391773223877,0.9256625771522522,0.2207869589328766
scunet,mid,Bacterial,326,33.68411106815802,0.9111848473548889,0.9667131304740906,0.9283421039581299,0.25055259466171265
scunet,mid,Bacterial,327,35.04707240143962,0.9352542161941528,0.977793276309967,0.9392663836479187,0.224419504404068
scunet,mid,Bacterial,328,35.182510300173476,0.9319826364517212,0.9763328433036804,0.939124584197998,0.2478029429912567
scunet,mid,Bacterial,329,34.44471165132549,0.9241028428077698,0.9778721332550049,0.939358651638031,0.16190113127231598
scunet,mid,Bacterial,330,36.271520169287285,0.9331825375556946,0.9736913442611694,0.9363449811935425,0.23090822994709015
scunet,mid,Bacterial,331,35.60120334020934,0.9413905143737793,0.9810411334037781,0.9444393515586853,0.2106178104877472
scunet,mid,Bacterial,332,36.2108019337733,0.9394263625144958,0.9737832546234131,0.94297856092453,0.2360643744468689
scunet,mid,Bacterial,333,35.78171726331787,0.9388989806175232,0.9740841388702393,0.9454309940338135,0.2323656529188156
scunet,mid,Bacterial,334,36.058939118393624,0.9433366060256958,0.9759573340415955,0.94675612449646,0.22494077682495117
scunet,mid,Bacterial,335,33.350549739686386,0.8919594883918762,0.9652559757232666,0.9248639941215515,0.2544514536857605
scunet,mid,Bacterial,336,35.584707270410554,0.9317940473556519,0.9771493673324585,0.9398901462554932,0.2249421626329422
scunet,mid,Bacterial,337,34.439852097990375,0.9143494367599487,0.9703686237335205,0.9280996322631836,0.2345442771911621
scunet,mid,Bacterial,338,35.63523493028981,0.9280595183372498,0.972175657749176,0.9345999360084534,0.25183799862861633
scunet,mid,Bacterial,339,33.78097445276232,0.9110568761825562,0.9744681119918823,0.9311807751655579,0.18486149609088898
scunet,mid,Bacterial,340,35.34048287762816,0.9263727068901062,0.9705367684364319,0.9320153594017029,0.2388644516468048
scunet,mid,Bacterial,341,34.72748508894299,0.9347745180130005,0.9723049402236938,0.9358988404273987,0.24157053232192993
scunet,mid,Bacterial,342,34.63807047960281,0.9261822700500488,0.9702396988868713,0.9345515370368958,0.2276313453912735
scunet,mid,Bacterial,343,35.231904455667205,0.9358235001564026,0.9715405106544495,0.9337591528892517,0.2546156346797943
scunet,mid,Bacterial,344,35.63121631172598,0.9308448433876038,0.9726011753082275,0.9419876933097839,0.25581204891204834
scunet,mid,Bacterial,345,34.518461509999575,0.9216889142990112,0.9653440713882446,0.93333899974823,0.2592320442199707
scunet,mid,Bacterial,346,33.421421939121856,0.9143489003181458,0.9670811891555786,0.9283536672592163,0.2368161976337433
scunet,mid,Bacterial,347,35.29300045550498,0.9336027503013611,0.9752099514007568,0.9420385956764221,0.2471073567867279
scunet,mid,Bacterial,348,34.453898268162945,0.9075280427932739,0.9664501547813416,0.9246889352798462,0.25236907601356506
scunet,mid,Bacterial,349,36.15208546302807,0.935219943523407,0.9707653522491455,0.9424246549606323,0.23357754945755005
scunet,mid,Bacterial,350,36.421343354372496,0.9372625350952148,0.9764479994773865,0.9436407089233398,0.26752370595932007
scunet,mid,Bacterial,351,32.961716288385155,0.8908513784408569,0.9615933299064636,0.9264651536941528,0.2224414050579071
scunet,mid,Bacterial,352,35.68407909845368,0.9295628666877747,0.9747897982597351,0.9418931007385254,0.22502559423446655
scunet,mid,Bacterial,353,34.530573939591086,0.9266959428787231,0.9772434830665588,0.9393235445022583,0.21479561924934387
scunet,mid,Bacterial,354,36.39150369591439,0.9294353723526001,0.9707593321800232,0.9412462711334229,0.27124977111816406
scunet,mid,Bacterial,355,35.19768363550415,0.9143924117088318,0.9698702096939087,0.9353247284889221,0.24015384912490845
scunet,mid,Bacterial,356,35.018327826714895,0.9221673607826233,0.9737569689750671,0.9340613484382629,0.219593346118927
scunet,mid,Bacterial,357,35.4636296871812,0.9172064661979675,0.9671584367752075,0.9327750205993652,0.2579112648963928
scunet,mid,Bacterial,358,35.304669844011876,0.919313907623291,0.9667522311210632,0.9306647181510925,0.31992805004119873
scunet,mid,Bacterial,359,34.089985945546026,0.9138336181640625,0.9721592664718628,0.9341966509819031,0.19902515411376953
scunet,mid,Bacterial,360,35.018219452593115,0.9274434447288513,0.9693804979324341,0.9349350333213806,0.23995360732078552
scunet,mid,Bacterial,361,35.52087980714611,0.9303873777389526,0.9703863859176636,0.9385582804679871,0.234565868973732
scunet,mid,Bacterial,362,35.33639829050995,0.9277459979057312,0.9680700302124023,0.9431171417236328,0.2694118022918701
scunet,mid,Bacterial,363,34.04894914046061,0.9305827021598816,0.978611171245575,0.9461639523506165,0.2176113724708557
scunet,mid,Bacterial,364,36.145523969994166,0.9379581212997437,0.9748976826667786,0.9429382681846619,0.22026771306991577
scunet,mid,Bacterial,365,32.66216064930421,0.9099652767181396,0.9743670225143433,0.9284030199050903,0.21330046653747559
scunet,mid,Bacterial,366,35.452106885164476,0.9331995248794556,0.9750624895095825,0.9394770264625549,0.2624439299106598
scunet,mid,Bacterial,367,33.85361795961467,0.9123479127883911,0.9733939170837402,0.9324175715446472,0.20470799505710602
scunet,mid,Bacterial,368,34.50959726930945,0.9118983745574951,0.9696208834648132,0.9280649423599243,0.23596328496932983
scunet,mid,Bacterial,369,33.5578699398964,0.906748354434967,0.9733225107192993,0.9289811849594116,0.20317551493644714
scunet,mid,Bacterial,370,32.57241803885715,0.8952569961547852,0.97134929895401,0.9283390045166016,0.1907898187637329
scunet,mid,Bacterial,371,35.20476226121148,0.9313530921936035,0.9761691093444824,0.9402198791503906,0.2130003273487091
scunet,mid,Bacterial,372,34.118035052447865,0.9024020433425903,0.9676076173782349,0.9228745698928833,0.30882498621940613
scunet,mid,Bacterial,373,34.99867611666674,0.921872615814209,0.9697411060333252,0.9356124997138977,0.23255687952041626
scunet,mid,Bacterial,374,34.11682258551067,0.9155116081237793,0.9678319096565247,0.9319259524345398,0.22179722785949707
scunet,mid,Bacterial,375,34.83000345874623,0.9285252094268799,0.9742689728736877,0.9356117844581604,0.2413022816181183
scunet,mid,Bacterial,376,33.25616174029325,0.914283812046051,0.9725768566131592,0.9313498139381409,0.24495187401771545
scunet,mid,Bacterial,377,34.62145285958509,0.9332634210586548,0.9769673347473145,0.9340512752532959,0.2414158135652542
scunet,mid,Bacterial,378,33.55724255016702,0.9037288427352905,0.9707006216049194,0.9259928464889526,0.19312070310115814
scunet,mid,Bacterial,379,34.34167902821697,0.9158152937889099,0.9711000323295593,0.9327509999275208,0.24906906485557556
scunet,mid,Bacterial,380,35.25789845136674,0.9338119029998779,0.9719995260238647,0.9426377415657043,0.23373205959796906
scunet,mid,Bacterial,381,32.577389045895046,0.8978343605995178,0.9691887497901917,0.9270906448364258,0.19819018244743347
scunet,mid,Bacterial,382,34.20603068157351,0.9188525080680847,0.9695923924446106,0.9296391606330872,0.22889018058776855
scunet,mid,Bacterial,383,32.9481196579217,0.8981251120567322,0.9674849510192871,0.9195707440376282,0.22190821170806885
scunet,mid,Bacterial,384,32.33260056926849,0.897891104221344,0.9695330262184143,0.9226080775260925,0.1939897984266281
scunet,mid,Bacterial,385,32.34262018848554,0.8867043852806091,0.9664489030838013,0.9245946407318115,0.22205476462841034
scunet,mid,Bacterial,386,35.0170644327494,0.9300801753997803,0.9710788726806641,0.9427472352981567,0.21280325949192047
scunet,mid,Bacterial,387,35.35586659688025,0.9372507333755493,0.9779047966003418,0.9461898803710938,0.1981547623872757
scunet,mid,Bacterial,388,33.59539147515912,0.9208712577819824,0.9785453081130981,0.9389594793319702,0.16163860261440277
scunet,mid,Bacterial,389,32.39901688316873,0.8853011727333069,0.9657942056655884,0.9205964803695679,0.23444914817810059
scunet,mid,Bacterial,390,34.59233247065222,0.9127030372619629,0.9703709483146667,0.9323290586471558,0.22122344374656677
scunet,mid,Bacterial,391,32.800701157957036,0.8955420851707458,0.9637050032615662,0.9185975790023804,0.3037720322608948
scunet,mid,Bacterial,392,35.04814449467749,0.9267122149467468,0.9696848392486572,0.9360499382019043,0.23909685015678406
scunet,mid,Bacterial,393,34.9813968020753,0.9156978130340576,0.9686610102653503,0.933199942111969,0.2641053795814514
scunet,mid,Bacterial,394,35.162407356725936,0.9317197203636169,0.9737380146980286,0.9414322972297668,0.2291591316461563
scunet,mid,Bacterial,395,34.562858082949546,0.926040768623352,0.9691551327705383,0.936177670955658,0.2139912247657776
scunet,mid,Bacterial,396,32.92548815522362,0.8790110349655151,0.96049565076828,0.9137439727783203,0.2468147873878479
scunet,mid,Bacterial,397,36.3933466007571,0.9263873100280762,0.967397153377533,0.9338961243629456,0.2695479989051819
scunet,mid,Bacterial,398,35.23409913930628,0.9156938791275024,0.9659150838851929,0.9272265434265137,0.29471343755722046
scunet,mid,Bacterial,399,33.30224702951679,0.906597912311554,0.9701021313667297,0.9294773936271667,0.2500303089618683
scunet,mid,Bacterial,400,34.31968814513597,0.9182630181312561,0.9745681285858154,0.9312000274658203,0.2047022134065628
scunet,mid,Bacterial,401,32.44851685077234,0.8808984756469727,0.9621694087982178,0.9139673709869385,0.2414552867412567
scunet,mid,Bacterial,402,35.45932948884149,0.9275102019309998,0.9698917269706726,0.9357674717903137,0.2538028061389923
scunet,mid,Bacterial,403,34.79952658974584,0.9297440052032471,0.9758184552192688,0.9384894967079163,0.2263067066669464
scunet,mid,Bacterial,404,34.444752803571916,0.9163646697998047,0.9695913195610046,0.9249082803726196,0.2418322116136551
scunet,mid,Bacterial,405,33.49817507068919,0.895068883895874,0.9644522070884705,0.9241007566452026,0.261180579662323
scunet,mid,Bacterial,406,36.61201470265025,0.945186197757721,0.976669430732727,0.9479957818984985,0.21007011830806732
scunet,mid,Bacterial,407,33.87587004471657,0.9167123436927795,0.9670761227607727,0.9323772192001343,0.2473500370979309
scunet,mid,Bacterial,408,34.373192376124194,0.9215155243873596,0.9754686951637268,0.9347942471504211,0.22114309668540955
scunet,mid,Bacterial,409,33.432439607783216,0.9058022499084473,0.9720220565795898,0.9217295050621033,0.21990834176540375
scunet,mid,Bacterial,410,32.45854021057141,0.8831632733345032,0.9641600847244263,0.9207798838615417,0.22472485899925232
scunet,mid,Bacterial,411,34.047801067516524,0.9084271192550659,0.9671560525894165,0.9237455129623413,0.247033953666687
scunet,mid,Bacterial,412,35.08949878604974,0.9252325892448425,0.972133219242096,0.9322927594184875,0.23561623692512512
scunet,mid,Bacterial,413,32.44203181552686,0.8831407427787781,0.9605298638343811,0.9132250547409058,0.21392425894737244
scunet,mid,Bacterial,414,35.78008196691894,0.9320436120033264,0.9727128744125366,0.9349222779273987,0.25492578744888306
scunet,mid,Bacterial,415,34.58104805801686,0.9190670847892761,0.9695707559585571,0.9302948117256165,0.2638455629348755
scunet,mid,Bacterial,416,36.432900597334864,0.940753698348999,0.9783725142478943,0.9433797597885132,0.23797208070755005
scunet,mid,Bacterial,417,34.81232715572844,0.9101038575172424,0.9678765535354614,0.9262459874153137,0.23502381145954132
scunet,mid,Bacterial,418,35.78652241473499,0.9292481541633606,0.9783188104629517,0.9451678395271301,0.2076534777879715
scunet,mid,Bacterial,419,34.7149340513092,0.9192173480987549,0.9764936566352844,0.9413430690765381,0.16644302010536194
scunet,mid,Bacterial,420,35.15732908990466,0.9317106604576111,0.978641152381897,0.9454218745231628,0.20391401648521423
scunet,mid,Bacterial,421,34.75939079701736,0.9224726557731628,0.9756188988685608,0.940599799156189,0.20456787943840027
scunet,mid,Bacterial,422,33.85967440570204,0.9106140732765198,0.9695200324058533,0.9254793524742126,0.23921817541122437
scunet,mid,Bacterial,423,34.76360817373027,0.925667941570282,0.970777690410614,0.9403559565544128,0.23130348324775696
scunet,mid,Bacterial,424,34.76210644373539,0.9243286848068237,0.9717131853103638,0.938529908657074,0.23620657622814178
scunet,mid,Bacterial,425,35.60241997855837,0.9270179271697998,0.9747251272201538,0.9379987120628357,0.2530266046524048
scunet,mid,Bacterial,426,37.321094733826826,0.9490497708320618,0.9778240323066711,0.9428898692131042,0.25198233127593994
scunet,mid,Bacterial,427,36.69673975284483,0.9372472167015076,0.97178715467453,0.9346160888671875,0.2985565662384033
scunet,mid,Bacterial,428,35.52855996305658,0.9271484017372131,0.9708058834075928,0.9345709085464478,0.2840825319290161
scunet,mid,Bacterial,429,33.23173727084871,0.8973278999328613,0.9687095284461975,0.9306523203849792,0.2190828025341034
scunet,mid,Bacterial,430,35.88587256042175,0.9396836757659912,0.9778823852539062,0.9429290294647217,0.22732645273208618
scunet,mid,Bacterial,431,36.025043546579276,0.932272732257843,0.9690650105476379,0.9299684166908264,0.2624994218349457
scunet,mid,Bacterial,432,35.49338874678153,0.9296467900276184,0.9713623523712158,0.9378378391265869,0.2335897833108902
scunet,mid,Bacterial,433,34.112119773793296,0.9047083258628845,0.9696536064147949,0.9240090847015381,0.2664755582809448
scunet,mid,Bacterial,434,34.8743226480861,0.9237255454063416,0.9743638634681702,0.9338002800941467,0.2266213297843933
scunet,mid,Bacterial,435,33.88850087416464,0.9200991988182068,0.9753639698028564,0.9340717196464539,0.22274479269981384
scunet,mid,Bacterial,436,33.39982568384725,0.9126784205436707,0.9761945009231567,0.9336730241775513,0.17055962979793549
scunet,mid,Bacterial,437,36.2605923392359,0.9300857186317444,0.9719777703285217,0.9396830797195435,0.2027990072965622
scunet,mid,Bacterial,438,33.24228991146411,0.8957447409629822,0.9634203910827637,0.9198967814445496,0.2530372738838196
scunet,mid,Bacterial,439,34.59292419281664,0.9137850403785706,0.9711758494377136,0.9294866323471069,0.2505123019218445
scunet,mid,Bacterial,440,33.57721490438353,0.9066522717475891,0.9736204743385315,0.9290862083435059,0.2253182828426361
scunet,mid,Bacterial,441,33.21756048668082,0.8969601392745972,0.9675899744033813,0.9263699650764465,0.23298875987529755
scunet,mid,Bacterial,442,35.65994521434377,0.9318850636482239,0.9764112830162048,0.9400815963745117,0.22970572113990784
scunet,mid,Bacterial,443,35.33912048953788,0.9277552366256714,0.9686537981033325,0.9382799863815308,0.23859509825706482
scunet,mid,Bacterial,444,34.629085215074184,0.9235051274299622,0.9774340987205505,0.9361990094184875,0.24047397077083588
scunet,mid,Bacterial,445,35.030866085521666,0.9212732315063477,0.9694797396659851,0.9309577941894531,0.266765296459198
scunet,mid,Bacterial,446,34.62536012615003,0.9229152202606201,0.9713888168334961,0.9314187169075012,0.2689253091812134
scunet,mid,Bacterial,447,35.89347002765026,0.9254640936851501,0.9750739336013794,0.9288867115974426,0.26622527837753296
scunet,mid,Bacterial,448,35.50508236260648,0.9274405241012573,0.977047860622406,0.9406318068504333,0.3006850779056549
scunet,mid,Bacterial,449,33.760080176587714,0.8900309205055237,0.9671755433082581,0.9243980050086975,0.2325405776500702
scunet,mid,Bacterial,450,33.917625876882866,0.9171918630599976,0.9724782705307007,0.9334381818771362,0.23781999945640564
scunet,mid,Bacterial,451,32.645107274549936,0.8881069421768188,0.9661979079246521,0.921057403087616,0.20415295660495758
scunet,mid,Bacterial,452,33.68916019515584,0.9108989834785461,0.9673895239830017,0.9304372072219849,0.23921513557434082
scunet,mid,Bacterial,453,35.7302762007768,0.9344866871833801,0.9724735021591187,0.9397721290588379,0.2273356318473816
scunet,mid,Bacterial,454,33.86528036200585,0.922029972076416,0.973176121711731,0.9360570311546326,0.22979578375816345
scunet,mid,Bacterial,455,35.799021721554794,0.9328148365020752,0.9702216982841492,0.9404856562614441,0.25540250539779663
scunet,mid,Bacterial,456,32.31648859847601,0.8717159032821655,0.9587945938110352,0.9188957214355469,0.26726770401000977
scunet,mid,Bacterial,457,35.372270775015146,0.9273318648338318,0.9703298807144165,0.9347156882286072,0.26077720522880554
scunet,mid,Bacterial,458,35.65735661571487,0.9434641599655151,0.9781501889228821,0.9441255331039429,0.24150869250297546
scunet,mid,Bacterial,459,36.47418344680415,0.9421955943107605,0.9770793914794922,0.9418482184410095,0.2480107694864273
scunet,mid,Bacterial,460,34.61799748685754,0.9188010692596436,0.9728894233703613,0.9359052777290344,0.2149425446987152
scunet,mid,Bacterial,461,34.49484132474246,0.9252987504005432,0.9772977828979492,0.9373557567596436,0.19023454189300537
scunet,mid,Bacterial,462,33.4545608340143,0.9002346396446228,0.9694292545318604,0.9302886724472046,0.2007310390472412
scunet,mid,Bacterial,463,35.412783101956926,0.9244514107704163,0.9676562547683716,0.931287407875061,0.26787441968917847
scunet,mid,Bacterial,464,34.24167126459897,0.9150216579437256,0.972846269607544,0.9293310642242432,0.21762260794639587
scunet,mid,Bacterial,465,35.23157307216352,0.9231213927268982,0.9711360931396484,0.9368131160736084,0.2503886818885803
scunet,mid,Bacterial,466,34.38845275026512,0.9115732908248901,0.9684276580810547,0.9288421869277954,0.26413851976394653
scunet,mid,Bacterial,467,34.575174521220326,0.9035230875015259,0.968890368938446,0.9244283437728882,0.30647897720336914
scunet,mid,Bacterial,468,35.23697068727847,0.9324619174003601,0.9742879271507263,0.9435219168663025,0.18874341249465942
scunet,mid,Bacterial,469,35.760920122341766,0.9256062507629395,0.9703863263130188,0.9300685524940491,0.24412041902542114
scunet,mid,Bacterial,470,34.64037498540837,0.9244847893714905,0.9675299525260925,0.9310927987098694,0.2540751099586487
scunet,mid,Bacterial,471,33.48931910749346,0.8949704170227051,0.9663863778114319,0.9245992302894592,0.20732568204402924
scunet,mid,Bacterial,472,33.91062774632103,0.9071020483970642,0.970418393611908,0.9308345913887024,0.19538140296936035
scunet,mid,Bacterial,473,32.15856685789741,0.9008045792579651,0.9673690795898438,0.9222110509872437,0.2569395899772644
scunet,mid,Bacterial,474,33.49983570153385,0.9206140041351318,0.9744243025779724,0.9351220726966858,0.236088365316391
scunet,mid,Bacterial,475,32.24220490061562,0.8818199634552002,0.9660413265228271,0.9166149497032166,0.22706454992294312
scunet,mid,Viral,476,33.916237307181966,0.9144524335861206,0.9741114974021912,0.938376784324646,0.23665335774421692
scunet,mid,Viral,477,34.32513899359916,0.9229711294174194,0.9751495718955994,0.9432733654975891,0.20260551571846008
scunet,mid,Viral,478,34.25125994430939,0.9212689399719238,0.9740275144577026,0.9435239434242249,0.2108972668647766
scunet,mid,Viral,479,34.844474367911644,0.9186111092567444,0.9752574563026428,0.9331367015838623,0.22216792404651642
scunet,mid,Viral,480,35.96066547884344,0.9314725995063782,0.969933032989502,0.9321726560592651,0.2947835326194763
scunet,mid,Viral,481,34.17125449489726,0.9292380213737488,0.9758004546165466,0.938999593257904,0.24850071966648102
scunet,mid,Viral,482,32.899548268121265,0.8862214684486389,0.962960422039032,0.9159427285194397,0.23205013573169708
scunet,mid,Viral,483,34.719329889995365,0.9201672077178955,0.9655961394309998,0.930902361869812,0.2482454627752304
scunet,mid,Viral,484,34.2390961614919,0.923172652721405,0.9653981924057007,0.928027868270874,0.2840401530265808
scunet,mid,Viral,485,34.39268891981369,0.9122196435928345,0.9690307974815369,0.933358907699585,0.2540510594844818
scunet,mid,Viral,486,35.03071633907557,0.911444902420044,0.9643799066543579,0.9253496527671814,0.2887803614139557
scunet,mid,Viral,487,35.00696928932273,0.9170377254486084,0.9735164642333984,0.9353435635566711,0.23125988245010376
scunet,mid,Viral,488,34.0965008638712,0.9231290221214294,0.9780730605125427,0.9406002163887024,0.19183894991874695
scunet,mid,Viral,489,34.90672918561498,0.9229973554611206,0.9756070375442505,0.9402743577957153,0.21745991706848145
scunet,mid,Viral,490,34.31267366917102,0.9087439775466919,0.9706445932388306,0.9301647543907166,0.2671378254890442
scunet,mid,Viral,491,34.08913224385347,0.9112904667854309,0.9713630676269531,0.9345278143882751,0.2477983832359314
scunet,mid,Viral,492,33.858133689781766,0.9075953364372253,0.9727889895439148,0.9337653517723083,0.2325173318386078
scunet,mid,Viral,493,34.24352451168663,0.9133363962173462,0.9726486802101135,0.936322033405304,0.2215614914894104
scunet,mid,Viral,494,34.22679072895014,0.910741925239563,0.9725950360298157,0.9356420040130615,0.2285955399274826
scunet,mid,Viral,495,33.52515578374416,0.908778190612793,0.9723389148712158,0.9326149821281433,0.2129509449005127
scunet,mid,Viral,496,34.5353590704621,0.9068217873573303,0.9689742922782898,0.929794192314148,0.28121864795684814
scunet,mid,Viral,497,34.230859648518496,0.9281535148620605,0.9776769280433655,0.9414673447608948,0.18151457607746124
scunet,mid,Viral,498,35.14480604341141,0.9248212575912476,0.9766643643379211,0.9415910840034485,0.2332450896501541
scunet,mid,Viral,499,35.188900808359136,0.9149472117424011,0.9711044430732727,0.930268406867981,0.2283356785774231
scunet,mid,Viral,500,33.66346383828215,0.8928263187408447,0.966066837310791,0.9245254993438721,0.27014532685279846
scunet,mid,Viral,501,33.16794127232753,0.9059551954269409,0.97279953956604,0.9298297166824341,0.18853135406970978
scunet,mid,Viral,502,34.34852105524323,0.9170112013816833,0.9732666015625,0.9394167065620422,0.20577633380889893
scunet,mid,Viral,503,33.89668382625953,0.9210318326950073,0.9759296774864197,0.9397556781768799,0.20319215953350067
scunet,mid,Viral,504,33.88586117579306,0.9108833074569702,0.9749795198440552,0.9332626461982727,0.23516687750816345
scunet,mid,Viral,505,34.862710560269484,0.9220835566520691,0.9759834408760071,0.9366340637207031,0.2086961716413498
scunet,mid,Viral,506,34.11595511447281,0.9034256339073181,0.9699183106422424,0.9294471740722656,0.23895959556102753
scunet,mid,Viral,507,32.735778274432015,0.8883141875267029,0.965658962726593,0.919037401676178,0.23618310689926147
scunet,mid,Viral,508,35.6116582588549,0.922914981842041,0.9736771583557129,0.9365920424461365,0.2674139142036438
scunet,mid,Viral,509,33.572511420613125,0.9087582230567932,0.9744980931282043,0.9290187954902649,0.21435827016830444
scunet,mid,Viral,510,31.768714629050066,0.9000994563102722,0.968417763710022,0.9233251810073853,0.2256866693496704
scunet,mid,Viral,511,33.90220089149778,0.9183887243270874,0.9749670624732971,0.9394495487213135,0.19354842603206635
scunet,mid,Viral,512,35.93921797618534,0.9284597039222717,0.97435063123703,0.9421276450157166,0.23025062680244446
scunet,mid,Viral,513,33.18570062744022,0.9120739102363586,0.9720836877822876,0.9315170049667358,0.23828434944152832
scunet,mid,Viral,514,33.02553241639596,0.913503885269165,0.9730562567710876,0.9303451180458069,0.19264397025108337
scunet,mid,Viral,515,34.60998191901427,0.9168190956115723,0.9753019213676453,0.9338425993919373,0.24060234427452087
scunet,mid,Viral,516,34.92981811039574,0.9197837114334106,0.9730344414710999,0.9353139400482178,0.22743898630142212
scunet,mid,Viral,517,33.59542040027162,0.9071802496910095,0.9706141352653503,0.9321586489677429,0.23141619563102722
scunet,mid,Viral,518,33.01995299348995,0.8982446193695068,0.9726186394691467,0.9264959096908569,0.1928660273551941
scunet,mid,Viral,519,35.50764598961773,0.9422005414962769,0.9803878664970398,0.9536570906639099,0.17353320121765137
scunet,mid,Viral,520,34.87975369166857,0.9263218641281128,0.9757192134857178,0.9427064657211304,0.23045563697814941
scunet,mid,Viral,521,34.576922984827874,0.9287287592887878,0.9765372276306152,0.9394897222518921,0.18840718269348145
scunet,mid,Viral,522,35.05837521304891,0.9276277422904968,0.9787310361862183,0.9417458176612854,0.20688965916633606
scunet,mid,Viral,523,35.59121134558318,0.9261266589164734,0.9768929481506348,0.9439113140106201,0.25285831093788147
scunet,mid,Viral,524,35.4994340725822,0.92878258228302,0.9769041538238525,0.9428436160087585,0.2660762369632721
scunet,mid,Viral,525,35.368838424678856,0.9299440383911133,0.976626992225647,0.9431506395339966,0.21888338029384613
scunet,mid,Viral,526,34.79320235789816,0.9114685654640198,0.9697086811065674,0.9330602884292603,0.2763344943523407
scunet,mid,Viral,527,34.44793044184656,0.90200275182724,0.9632664322853088,0.9241276979446411,0.29247578978538513
scunet,mid,Viral,528,34.361500783463256,0.913516104221344,0.9713981747627258,0.9318634867668152,0.2298380732536316
scunet,mid,Viral,529,32.410198022146545,0.8562406897544861,0.9599650502204895,0.9085558652877808,0.2649356722831726
scunet,mid,Viral,530,34.75492515436236,0.9184830188751221,0.9741630554199219,0.9395976662635803,0.23045535385608673
scunet,mid,Viral,531,34.51305389718306,0.9258739352226257,0.9758766293525696,0.9391091465950012,0.19811919331550598
scunet,mid,Viral,532,34.282609903799,0.9183833599090576,0.9671801328659058,0.9326820373535156,0.24417534470558167
scunet,mid,Viral,533,34.018211832107504,0.9181258678436279,0.9734546542167664,0.9347001910209656,0.206781804561615
scunet,mid,Viral,534,32.65950302335846,0.8979453444480896,0.9688050746917725,0.9302429556846619,0.23888425529003143
scunet,mid,Viral,535,33.685728879062474,0.9149834513664246,0.970596194267273,0.9328156113624573,0.21394968032836914
scunet,mid,Viral,536,35.18098904421422,0.9152374863624573,0.9696679711341858,0.9269706606864929,0.2831767201423645
scunet,mid,Viral,537,33.71043484491358,0.9000192880630493,0.9718533158302307,0.9261201620101929,0.3006753921508789
scunet,mid,Viral,538,35.39852277549662,0.9206656813621521,0.9734846353530884,0.9361497759819031,0.2968112826347351
scunet,mid,Viral,539,34.430563292533535,0.9269433617591858,0.9777184128761292,0.9407774209976196,0.1728629767894745
scunet,mid,Viral,540,34.869043432912235,0.9204050302505493,0.9785137176513672,0.9397894144058228,0.2067079246044159
scunet,mid,Viral,541,33.9827791365551,0.9135203957557678,0.9751893877983093,0.9365724921226501,0.20793893933296204
scunet,mid,Viral,542,35.36059011949588,0.9321073889732361,0.9792641997337341,0.9439388513565063,0.2073696404695511
scunet,mid,Viral,543,36.06246359021423,0.9360693693161011,0.9723261594772339,0.9368658065795898,0.27104198932647705
scunet,mid,Viral,544,33.35798066202478,0.9159595966339111,0.9769672155380249,0.9300990700721741,0.21423569321632385
scunet,mid,Viral,545,33.511040464572716,0.9171932935714722,0.9759742617607117,0.9310591220855713,0.2220258116722107
scunet,mid,Viral,546,34.9668598321345,0.9188678860664368,0.9705114364624023,0.9323182702064514,0.25774526596069336
scunet,mid,Viral,547,35.11097872267431,0.9206292629241943,0.9703478813171387,0.9337931871414185,0.2610751986503601
scunet,mid,Viral,548,33.4817670227942,0.9097662568092346,0.9694824814796448,0.9289780855178833,0.2307443916797638
scunet,mid,Viral,549,36.43795198551163,0.9205207824707031,0.9748819470405579,0.9341650009155273,0.29028964042663574
scunet,mid,Viral,550,36.361572610988155,0.9198554158210754,0.974522590637207,0.9328075647354126,0.29010480642318726
scunet,mid,Viral,551,33.98798244995401,0.9122054576873779,0.975270688533783,0.9309741258621216,0.24213962256908417
scunet,mid,Viral,552,34.988124091521385,0.9328530430793762,0.9751383066177368,0.9410649538040161,0.2486846148967743
scunet,mid,Viral,553,35.476185677343786,0.9307825565338135,0.9758071303367615,0.938011646270752,0.21697844564914703
scunet,mid,Viral,554,33.875501655105055,0.9061205983161926,0.9703608751296997,0.9341776371002197,0.24139608442783356
scunet,mid,Viral,555,33.76922224600567,0.9187224507331848,0.9758239388465881,0.9388852715492249,0.2053980827331543
scunet,mid,Viral,556,34.48402677976152,0.9152337908744812,0.9724013209342957,0.9357916116714478,0.20657822489738464
scunet,mid,Viral,557,34.98721296740665,0.9148050546646118,0.9735358357429504,0.9282743334770203,0.2347327619791031
scunet,mid,Viral,558,34.49871676080155,0.9242205619812012,0.9764078855514526,0.9383229613304138,0.20982767641544342
scunet,mid,Viral,559,35.15798271955764,0.9123751521110535,0.9663124084472656,0.9303562045097351,0.2941797971725464
scunet,mid,Viral,560,35.27564992712923,0.9241973161697388,0.9726261496543884,0.9392749667167664,0.23348835110664368
scunet,mid,Viral,561,34.389934505487616,0.9218787550926208,0.9751246571540833,0.9352433085441589,0.20050442218780518
scunet,mid,Viral,562,34.62790773429575,0.9249886870384216,0.9757697582244873,0.9396926164627075,0.20850533246994019
scunet,mid,Viral,563,34.56416809098359,0.9181270003318787,0.9744265675544739,0.9389992952346802,0.2038722038269043
scunet,mid,Viral,564,34.66525750847518,0.9257333874702454,0.9740667343139648,0.941582441329956,0.2168717086315155
scunet,mid,Viral,565,35.26428964947077,0.9263896942138672,0.9756671786308289,0.9372552037239075,0.24905575811862946
scunet,mid,Viral,566,33.94990676474193,0.9178538918495178,0.9769388437271118,0.9383277893066406,0.2270444929599762
scunet,mid,Viral,567,34.31311451464432,0.9291181564331055,0.9784256815910339,0.9436573386192322,0.20940238237380981
scunet,mid,Viral,568,34.09530055935636,0.9199573397636414,0.9763452410697937,0.9360648393630981,0.21592548489570618
scunet,mid,Viral,569,34.00791062974478,0.9010825753211975,0.9693288207054138,0.9277847409248352,0.2876296639442444
scunet,mid,Viral,570,33.8208670907258,0.9175522327423096,0.9749054908752441,0.9380107522010803,0.19444814324378967
scunet,mid,Viral,571,34.89016227348457,0.9190464615821838,0.9748863577842712,0.9385616183280945,0.2058434635400772
scunet,mid,Viral,572,33.68346015714781,0.9035112857818604,0.9679503440856934,0.928544282913208,0.24751001596450806
scunet,mid,Viral,573,34.56764420204265,0.9208679795265198,0.9744173884391785,0.9397444725036621,0.19617895781993866
scunet,mid,Viral,574,35.859177835538645,0.9381332993507385,0.9710577726364136,0.9481958746910095,0.2578244209289551
scunet,mid,Viral,575,35.193869028892465,0.9329196810722351,0.9792710542678833,0.9452879428863525,0.19536684453487396
scunet,mid,Viral,576,34.27345189486669,0.9171609282493591,0.9729408025741577,0.9360284805297852,0.22405850887298584
scunet,mid,Viral,577,33.6565006088724,0.9178946018218994,0.9676913619041443,0.9373461008071899,0.2389494925737381
scunet,mid,Viral,578,35.72336376585719,0.9355455636978149,0.980270504951477,0.9468752145767212,0.20486173033714294
scunet,mid,Viral,579,33.86257875653001,0.9220055937767029,0.9763936400413513,0.9370081424713135,0.18753573298454285
scunet,mid,Viral,580,34.19176163720515,0.9269449710845947,0.9755344986915588,0.9417284727096558,0.20394495129585266
scunet,mid,Viral,581,34.21473855809393,0.9298334121704102,0.9783293604850769,0.9418953657150269,0.18353456258773804
scunet,mid,Viral,582,34.07717021319058,0.9101781249046326,0.9707872867584229,0.9300228357315063,0.2376360148191452
scunet,mid,Viral,583,34.44101516789683,0.9112894535064697,0.9672574400901794,0.9300259351730347,0.23212262988090515
scunet,mid,Viral,584,35.44567791520326,0.9182878136634827,0.9733250737190247,0.9330822825431824,0.2726765275001526
scunet,mid,Viral,585,35.40629177901363,0.9310489892959595,0.9779457449913025,0.9445784091949463,0.22632822394371033
scunet,mid,Viral,586,34.53538636560216,0.9061281085014343,0.9675453305244446,0.9227812886238098,0.271026074886322
scunet,mid,Viral,587,35.25380728587775,0.9216605424880981,0.9687604308128357,0.9280639290809631,0.2374563366174698
scunet,mid,Viral,588,33.66217768628947,0.8997011780738831,0.9704470038414001,0.924943745136261,0.25224971771240234
scunet,mid,Viral,589,31.424246732717293,0.8744513988494873,0.9666011333465576,0.9175664186477661,0.19358763098716736
scunet,mid,Viral,590,34.054853858918584,0.9177165627479553,0.9746115207672119,0.9333725571632385,0.2311094105243683
scunet,mid,Viral,591,33.63661840898823,0.9188392162322998,0.9768032431602478,0.9378922581672668,0.19579684734344482
scunet,mid,Viral,592,34.06704016148173,0.9296932816505432,0.9807823300361633,0.9393996596336365,0.17750754952430725
scunet,mid,Viral,593,35.75218180701783,0.9093220829963684,0.965010941028595,0.9267319440841675,0.20508360862731934
scunet,mid,Viral,594,35.49875433217999,0.9249750971794128,0.9756492376327515,0.9441174268722534,0.22217866778373718
scunet,mid,Viral,595,35.16363074368245,0.9254633784294128,0.9740836024284363,0.9365640878677368,0.22495239973068237
scunet,mid,Viral,596,34.61330366982967,0.9142349362373352,0.9657135009765625,0.9335723519325256,0.3008676767349243
scunet,mid,Viral,597,34.34952227547675,0.9194838404655457,0.9730575084686279,0.9382064342498779,0.2449471801519394
scunet,mid,Viral,598,33.14563416570431,0.909808337688446,0.9700870513916016,0.9317640066146851,0.24723048508167267
scunet,mid,Viral,599,33.57645770774166,0.9159585237503052,0.9768429398536682,0.9366573691368103,0.1852579414844513
scunet,mid,Viral,600,34.33568907883354,0.9119881987571716,0.9681226015090942,0.9327954053878784,0.22719034552574158
scunet,mid,Viral,601,35.18158539640428,0.925021767616272,0.9773212671279907,0.9432996511459351,0.2212488055229187
scunet,mid,Viral,602,33.77808221432552,0.9178721308708191,0.9746994376182556,0.9361960887908936,0.22224995493888855
scunet,mid,Viral,603,34.06350548576003,0.926607072353363,0.9749771356582642,0.9391251802444458,0.2161659449338913
scunet,mid,Viral,604,34.43654660450015,0.9296858310699463,0.9776415824890137,0.9423525929450989,0.193342924118042
scunet,mid,Viral,605,35.1017101044886,0.9246906042098999,0.9781887531280518,0.9380093216896057,0.23038017749786377
scunet,mid,Viral,606,34.864330006960465,0.9165975451469421,0.9745665192604065,0.9383293986320496,0.2484409511089325
scunet,mid,Viral,607,35.00405617554294,0.922001838684082,0.9747492074966431,0.9422211647033691,0.22051997482776642
scunet,mid,Viral,608,35.417476563262596,0.9278393387794495,0.970908522605896,0.9374147653579712,0.254866361618042
scunet,mid,Viral,609,35.24529645312759,0.9328296780586243,0.9668145775794983,0.9412675499916077,0.24005934596061707
scunet,mid,Viral,610,35.58257721258629,0.9296436309814453,0.9749016761779785,0.9418606162071228,0.2294897586107254
scunet,mid,Viral,611,33.5699309588252,0.9181509017944336,0.9736424088478088,0.9371182322502136,0.20223453640937805
scunet,mid,Viral,612,33.476844850987646,0.9091460108757019,0.9755688905715942,0.934636652469635,0.20767468214035034
scunet,mid,Viral,613,34.403520953791514,0.9168993234634399,0.9747778177261353,0.9408116936683655,0.21639923751354218
scunet,mid,Viral,614,34.98226212248718,0.9225587248802185,0.9735877513885498,0.9385578036308289,0.25739869475364685
scunet,mid,Viral,615,35.205583572563214,0.9212134480476379,0.9744111895561218,0.9343739151954651,0.23673096299171448
scunet,mid,Viral,616,35.29494731272109,0.9294124245643616,0.9776957035064697,0.9404103755950928,0.21952581405639648
scunet,mid,Viral,617,34.551761291301275,0.9146287441253662,0.9715889692306519,0.9375110268592834,0.23843960464000702
scunet,mid,Viral,618,33.84303364150884,0.9123392701148987,0.9723029136657715,0.9338501691818237,0.22441938519477844
scunet,mid,Viral,619,34.06219251958747,0.9078493714332581,0.9701414704322815,0.9349110722541809,0.21681010723114014
scunet,mid,Viral,620,34.22102487078867,0.9225738644599915,0.9778530597686768,0.9400532245635986,0.20200753211975098
scunet,mid,Viral,621,36.51318189261295,0.9370833039283752,0.9735606908798218,0.9446775913238525,0.27352088689804077
scunet,mid,Viral,622,34.56790146742249,0.9176267385482788,0.973009467124939,0.9377245903015137,0.22166353464126587
scunet,mid,Viral,623,34.64178256764761,0.9175512194633484,0.9757258296012878,0.9370701313018799,0.22161847352981567
sharpxr,mid,Normal,0,33.01986127988863,0.8981822729110718,0.9683088660240173,0.9267317056655884,0.19139990210533142
sharpxr,mid,Normal,1,31.718852560394662,0.8610231876373291,0.95984947681427,0.9064235687255859,0.23817530274391174
sharpxr,mid,Normal,2,32.709526560462464,0.8966181874275208,0.9699050188064575,0.9233572483062744,0.2022848129272461
sharpxr,mid,Normal,3,33.724556473058314,0.9223881363868713,0.9760579466819763,0.9397783279418945,0.17526745796203613
sharpxr,mid,Normal,4,32.3410489000228,0.8529830574989319,0.9510237574577332,0.904945969581604,0.2547088861465454
sharpxr,mid,Normal,5,33.82982857784262,0.9147527813911438,0.9769340753555298,0.936513364315033,0.19792184233665466
sharpxr,mid,Normal,6,33.3367657723794,0.8960729241371155,0.9663578271865845,0.9267210960388184,0.2364634871482849
sharpxr,mid,Normal,7,33.97892844774246,0.921107828617096,0.9739924073219299,0.9384607672691345,0.2071940302848816
sharpxr,mid,Normal,8,32.13937196233275,0.8948548436164856,0.9687278866767883,0.930895984172821,0.18524393439292908
sharpxr,mid,Normal,9,32.18559240770152,0.8770966529846191,0.9648439288139343,0.9230882525444031,0.2272305190563202
sharpxr,mid,Normal,10,33.1347252965051,0.912551760673523,0.9762365818023682,0.9367867708206177,0.1647363156080246
sharpxr,mid,Normal,11,32.94402625000632,0.8842045068740845,0.9669994115829468,0.9231753945350647,0.22569186985492706
sharpxr,mid,Normal,12,33.13203992214611,0.8880444169044495,0.9671576619148254,0.9170756936073303,0.23680488765239716
sharpxr,mid,Normal,13,34.34749805348136,0.9088578820228577,0.9663723111152649,0.9331506490707397,0.21174076199531555
sharpxr,mid,Normal,14,33.68809688864006,0.8907210230827332,0.9608555436134338,0.9417290091514587,0.1730097383260727
sharpxr,mid,Normal,15,32.314906487719796,0.8729106783866882,0.961817741394043,0.9110217690467834,0.2613205313682556
sharpxr,mid,Normal,16,33.98479150109436,0.9119478464126587,0.9701977968215942,0.9345011115074158,0.21654002368450165
sharpxr,mid,Normal,17,33.31561224638563,0.8963989615440369,0.9679151773452759,0.9215191602706909,0.21417269110679626
sharpxr,mid,Normal,18,32.9594680460488,0.8956968188285828,0.9722838997840881,0.9258831143379211,0.1794929802417755
sharpxr,mid,Normal,19,33.76668894180377,0.9083474278450012,0.9740972518920898,0.934165358543396,0.2044866383075714
sharpxr,mid,Normal,20,34.92071034767069,0.9318386912345886,0.9792110919952393,0.9429700970649719,0.16929951310157776
sharpxr,mid,Normal,21,33.58213514502974,0.9084666967391968,0.9731320142745972,0.9338856339454651,0.19100695848464966
sharpxr,mid,Normal,22,33.83237547090205,0.9060375094413757,0.9729363918304443,0.9291354417800903,0.21717941761016846
sharpxr,mid,Normal,23,31.59773023012217,0.832886278629303,0.9449182748794556,0.8901842832565308,0.319494366645813
sharpxr,mid,Normal,24,32.8083033029511,0.8910428285598755,0.9698744416236877,0.9238420128822327,0.21718931198120117
sharpxr,mid,Normal,25,33.43687381207025,0.9153501987457275,0.9763299822807312,0.9336069822311401,0.18042288720607758
sharpxr,mid,Normal,26,31.680463980821614,0.8799934983253479,0.9692778587341309,0.9171770811080933,0.19916918873786926
sharpxr,mid,Normal,27,31.694733740360086,0.8770204782485962,0.9637683629989624,0.9111716151237488,0.22918392717838287
sharpxr,mid,Normal,28,33.77218119300168,0.9126388430595398,0.971829354763031,0.933253288269043,0.21173585951328278
sharpxr,mid,Normal,29,33.087242340641254,0.9004900455474854,0.9671618938446045,0.9269784688949585,0.2386092245578766
sharpxr,mid,Normal,30,31.759662630868753,0.8486696481704712,0.9529271721839905,0.9038919806480408,0.2388382852077484
sharpxr,mid,Normal,31,33.0160480129634,0.9044668674468994,0.97386634349823,0.928763747215271,0.1904633790254593
sharpxr,mid,Normal,32,31.793515276778518,0.8738348484039307,0.958817183971405,0.9166104793548584,0.22437544167041779
sharpxr,mid,Normal,33,31.136459774466246,0.8495851755142212,0.9572199583053589,0.9000337719917297,0.25002703070640564
sharpxr,mid,Normal,34,31.74116243156536,0.8821765184402466,0.972521185874939,0.9207385182380676,0.19242630898952484
sharpxr,mid,Normal,35,33.04890899629264,0.896712601184845,0.9716629981994629,0.9286115765571594,0.189631849527359
sharpxr,mid,Normal,36,34.361467313548815,0.9282001852989197,0.974234402179718,0.9448636770248413,0.15751305222511292
sharpxr,mid,Normal,37,34.486857522712945,0.922016441822052,0.9709524512290955,0.9391546845436096,0.2420903444290161
sharpxr,mid,Normal,38,32.5925443186115,0.8990013003349304,0.9705070853233337,0.929328441619873,0.18487198650836945
sharpxr,mid,Normal,39,30.95609396080703,0.8569381237030029,0.9575390219688416,0.901848554611206,0.21507370471954346
sharpxr,mid,Normal,40,32.94809872524971,0.90146803855896,0.9680860638618469,0.926302433013916,0.21475426852703094
sharpxr,mid,Normal,41,33.50258803209625,0.896300733089447,0.9666192531585693,0.9256023168563843,0.22688959538936615
sharpxr,mid,Normal,42,31.019772174908248,0.8574732542037964,0.9607359170913696,0.9055635333061218,0.22803664207458496
sharpxr,mid,Normal,43,32.80200356200929,0.8947284817695618,0.9695231914520264,0.9201274514198303,0.19945284724235535
sharpxr,mid,Normal,44,32.67194026147468,0.8877854347229004,0.9620306491851807,0.91802978515625,0.20296037197113037
sharpxr,mid,Normal,45,32.230826336919215,0.8787683248519897,0.9651919007301331,0.9208157658576965,0.22451168298721313
sharpxr,mid,Normal,46,34.5071637796412,0.8954867124557495,0.9604487419128418,0.9199921488761902,0.2457086145877838
sharpxr,mid,Normal,47,31.773334795274252,0.890020489692688,0.9711753726005554,0.9177284240722656,0.18581001460552216
sharpxr,mid,Normal,48,32.47073129351986,0.8851621747016907,0.9652256369590759,0.9228103756904602,0.208913654088974
sharpxr,mid,Normal,49,32.56269008063973,0.891412079334259,0.9656292796134949,0.9208410382270813,0.19851082563400269
sharpxr,mid,Normal,50,32.49069756387716,0.8852394223213196,0.9692696332931519,0.9267238974571228,0.22921815514564514
sharpxr,mid,Normal,51,33.42835310129856,0.896094799041748,0.9664092063903809,0.9265419840812683,0.20848846435546875
sharpxr,mid,Normal,52,32.813420516709954,0.8850686550140381,0.9614760279655457,0.9158624410629272,0.23475375771522522
sharpxr,mid,Normal,53,32.88263884153396,0.9046111702919006,0.9768959283828735,0.9312889575958252,0.1689915657043457
sharpxr,mid,Normal,54,33.11419164512931,0.8901634216308594,0.9687540531158447,0.9291989207267761,0.21998551487922668
sharpxr,mid,Normal,55,33.980818278791425,0.904509961605072,0.9718179702758789,0.9307163953781128,0.19948089122772217
sharpxr,mid,Normal,56,34.477562012677716,0.9278270602226257,0.976840615272522,0.941536009311676,0.21011734008789062
sharpxr,mid,Normal,57,32.26320911339936,0.863513708114624,0.959583580493927,0.9079234004020691,0.24577948451042175
sharpxr,mid,Normal,58,32.505575307504195,0.8901320695877075,0.9697569608688354,0.9283625483512878,0.20847654342651367
sharpxr,mid,Normal,59,33.24570534595803,0.9013811349868774,0.9710083603858948,0.9315488934516907,0.19953975081443787
sharpxr,mid,Normal,60,33.43774596638261,0.8986013531684875,0.9682109951972961,0.9291206002235413,0.2166350781917572
sharpxr,mid,Normal,61,33.571975699829466,0.9154326915740967,0.9753379821777344,0.9364430904388428,0.16726791858673096
sharpxr,mid,Normal,62,32.723963608867315,0.876102864742279,0.9633384346961975,0.9187249541282654,0.25401395559310913
sharpxr,mid,Normal,63,32.70455898498771,0.8990721106529236,0.9733233451843262,0.931517481803894,0.18803180754184723
sharpxr,mid,Normal,64,33.50702673894465,0.9043412208557129,0.971974790096283,0.9259059429168701,0.1974738985300064
sharpxr,mid,Normal,65,31.21352565431829,0.880370557308197,0.9666921496391296,0.9204098582267761,0.19998645782470703
sharpxr,mid,Normal,66,31.23504902995971,0.8478684425354004,0.9540618062019348,0.9044213891029358,0.249339759349823
sharpxr,mid,Normal,67,31.375040566474112,0.8630855083465576,0.96201491355896,0.9116944670677185,0.24010495841503143
sharpxr,mid,Normal,68,30.7485264084927,0.8411535620689392,0.9525399208068848,0.8981379866600037,0.2500755190849304
sharpxr,mid,Normal,69,32.44194576271467,0.8772997260093689,0.9628301858901978,0.9127784371376038,0.24368159472942352
sharpxr,mid,Normal,70,34.59875219431923,0.9273207187652588,0.9760991334915161,0.9399593472480774,0.2007143795490265
sharpxr,mid,Normal,71,33.86956452769702,0.8893532156944275,0.958159863948822,0.9227782487869263,0.23445618152618408
sharpxr,mid,Normal,72,33.7335385907359,0.9068161249160767,0.9713184237480164,0.9370993375778198,0.20696139335632324
sharpxr,mid,Normal,73,34.11247392904982,0.9175170660018921,0.9727513194084167,0.9366539716720581,0.19283220171928406
sharpxr,mid,Normal,74,33.52047448211878,0.906234622001648,0.9623101949691772,0.9206202030181885,0.2720980644226074
sharpxr,mid,Normal,75,32.047421459558066,0.8857066035270691,0.9641578793525696,0.920590341091156,0.21297280490398407
sharpxr,mid,Normal,76,31.61499893674317,0.8690721392631531,0.9609414935112,0.9047910571098328,0.2519814074039459
sharpxr,mid,Normal,77,32.902144419077295,0.9042870998382568,0.9741184711456299,0.9324291348457336,0.1683589220046997
sharpxr,mid,Normal,78,34.01678850100049,0.9068997502326965,0.969384491443634,0.9330445528030396,0.2451396882534027
sharpxr,mid,Normal,79,32.872519603731924,0.9004350900650024,0.9741269946098328,0.933458685874939,0.18159900605678558
sharpxr,mid,Normal,80,33.832271306054906,0.8933917880058289,0.9618405103683472,0.9238678216934204,0.24457648396492004
sharpxr,mid,Normal,81,33.45345825143098,0.9013594388961792,0.9714147448539734,0.9329691529273987,0.20361624658107758
sharpxr,mid,Normal,82,31.95218570871686,0.8714724779129028,0.9608107805252075,0.9133614301681519,0.22022166848182678
sharpxr,mid,Normal,83,32.41565853844659,0.8910698890686035,0.969752848148346,0.9252890944480896,0.20480036735534668
sharpxr,mid,Normal,84,32.72369855411593,0.8924960494041443,0.9731246829032898,0.9320799112319946,0.1936894953250885
sharpxr,mid,Normal,85,34.982094935833075,0.9265772104263306,0.9779955744743347,0.9385766983032227,0.21101808547973633
sharpxr,mid,Normal,86,33.334472237865455,0.9052726626396179,0.9737845659255981,0.9313428997993469,0.18312108516693115
sharpxr,mid,Normal,87,33.72553515639069,0.9062014222145081,0.9718623161315918,0.9324141144752502,0.18920670449733734
sharpxr,mid,Normal,88,31.783319740944243,0.8934003114700317,0.9687654972076416,0.9275093078613281,0.203965425491333
sharpxr,mid,Normal,89,33.608464412518174,0.8956196904182434,0.966294527053833,0.926937997341156,0.22326160967350006
sharpxr,mid,Normal,90,32.80768078285913,0.901473343372345,0.9725636839866638,0.9305130243301392,0.17980292439460754
sharpxr,mid,Normal,91,31.97028183467185,0.8824227452278137,0.9685137271881104,0.918016254901886,0.20846115052700043
sharpxr,mid,Normal,92,34.154142647537746,0.9190115332603455,0.975048303604126,0.9406920075416565,0.19058747589588165
sharpxr,mid,Normal,93,32.4955224148047,0.8777903914451599,0.9641159176826477,0.9217674732208252,0.22723735868930817
sharpxr,mid,Normal,94,33.72922508250034,0.914960503578186,0.9738626480102539,0.9314684271812439,0.189082071185112
sharpxr,mid,Normal,95,31.67166483269332,0.8670604825019836,0.9587457180023193,0.9058996438980103,0.23317205905914307
sharpxr,mid,Normal,96,33.07596309685669,0.8956343531608582,0.9703329205513,0.9284813404083252,0.19633547961711884
sharpxr,mid,Normal,97,31.58977785833602,0.8658906817436218,0.9646350145339966,0.9197304844856262,0.22788506746292114
sharpxr,mid,Normal,98,32.56910764915436,0.8950442671775818,0.9732850193977356,0.9306364059448242,0.18107417225837708
sharpxr,mid,Normal,99,33.29153924268691,0.9036267399787903,0.9724911451339722,0.9381905198097229,0.20348751544952393
sharpxr,mid,Normal,100,33.77251109367085,0.9016168713569641,0.9695459604263306,0.9329574108123779,0.20234718918800354
sharpxr,mid,Normal,101,31.83787388697294,0.8762800693511963,0.9640556573867798,0.9214843511581421,0.23100419342517853
sharpxr,mid,Normal,102,33.48301605422493,0.9070248007774353,0.972998321056366,0.9242753982543945,0.17306336760520935
sharpxr,mid,Normal,103,33.42649949915317,0.9018959999084473,0.9705842137336731,0.9246839284896851,0.20605720579624176
sharpxr,mid,Normal,104,32.516259729176795,0.8916221261024475,0.9718731641769409,0.924442708492279,0.1852910816669464
sharpxr,mid,Normal,105,32.7227378662247,0.8921871781349182,0.9631507396697998,0.9313162565231323,0.2007984220981598
sharpxr,mid,Normal,106,33.749612321299686,0.908788800239563,0.9745172262191772,0.9337677359580994,0.17572161555290222
sharpxr,mid,Normal,107,32.956730041546216,0.8978394865989685,0.970285177230835,0.927549421787262,0.19500187039375305
sharpxr,mid,Normal,108,31.46201624395307,0.8481414914131165,0.95371413230896,0.8944118618965149,0.26278629899024963
sharpxr,mid,Normal,109,32.11974627602779,0.8631648421287537,0.9611478447914124,0.9132398366928101,0.2283860594034195
sharpxr,mid,Normal,110,33.05511624660254,0.8836567401885986,0.9604467153549194,0.9222208261489868,0.2121097892522812
sharpxr,mid,Normal,111,33.8661943034954,0.8980638384819031,0.9667683839797974,0.917111873626709,0.2103426605463028
sharpxr,mid,Normal,112,31.600672958345903,0.8725351095199585,0.9629235863685608,0.9140151143074036,0.21827945113182068
sharpxr,mid,Normal,113,31.716973417370795,0.8586108684539795,0.9600647687911987,0.903346598148346,0.22891435027122498
sharpxr,mid,Normal,114,32.70185127763496,0.8819301724433899,0.9674683213233948,0.9135562181472778,0.23173367977142334
sharpxr,mid,Normal,115,32.8012619677581,0.8923591375350952,0.9704533815383911,0.9299762845039368,0.20627595484256744
sharpxr,mid,Normal,116,31.848856600595752,0.8849753737449646,0.971095860004425,0.9200689196586609,0.18531905114650726
sharpxr,mid,Normal,117,33.22210380951758,0.8972046971321106,0.9663437604904175,0.9307963848114014,0.1957312673330307
sharpxr,mid,Normal,118,33.128038867371295,0.8987858295440674,0.9712744355201721,0.9266191124916077,0.1905723363161087
sharpxr,mid,Normal,119,34.86262497608562,0.9320065975189209,0.9766466021537781,0.9468595385551453,0.17422398924827576
sharpxr,mid,Normal,120,33.342024929357244,0.9245485663414001,0.9768422842025757,0.9417120218276978,0.15520992875099182
sharpxr,mid,Normal,121,33.38926684892221,0.9000294804573059,0.9684189558029175,0.9280991554260254,0.1862950623035431
sharpxr,mid,Normal,122,33.64366328984347,0.9084464311599731,0.9734683632850647,0.9384998679161072,0.1770254373550415
sharpxr,mid,Normal,123,33.877598560952215,0.9092674851417542,0.9748402833938599,0.9354775547981262,0.1710084080696106
sharpxr,mid,Normal,124,33.11850364858478,0.8949293494224548,0.9695825576782227,0.9247620105743408,0.21444782614707947
sharpxr,mid,Normal,125,32.11572436425932,0.8808150291442871,0.9700505137443542,0.9165975451469421,0.22813905775547028
sharpxr,mid,Normal,126,33.25637254844225,0.8873617649078369,0.963386058807373,0.9277138710021973,0.2442639172077179
sharpxr,mid,Normal,127,31.542164014616496,0.8436305522918701,0.9526070952415466,0.8953036665916443,0.2666513919830322
sharpxr,mid,Normal,128,32.12167869430556,0.8880211710929871,0.9706622362136841,0.9204589128494263,0.2117515206336975
sharpxr,mid,Normal,129,33.1850287009799,0.9028142094612122,0.9736530184745789,0.9323089718818665,0.17960655689239502
sharpxr,mid,Normal,130,32.76709788063473,0.9023147821426392,0.9751463532447815,0.9298482537269592,0.18516699969768524
sharpxr,mid,Normal,131,32.6914976794136,0.8933060765266418,0.9705193042755127,0.9280105829238892,0.20227736234664917
sharpxr,mid,Normal,132,32.27417318743162,0.8851877450942993,0.9670883417129517,0.9266208410263062,0.20519819855690002
sharpxr,mid,Normal,133,32.62612277335585,0.8898496031761169,0.9713501334190369,0.9286253452301025,0.1932930052280426
sharpxr,mid,Normal,134,34.03144066012278,0.9149666428565979,0.9738109707832336,0.9320825934410095,0.20504920184612274
sharpxr,mid,Normal,135,33.485041702877446,0.905461311340332,0.9682551026344299,0.9288873672485352,0.18090927600860596
sharpxr,mid,Normal,136,32.52190096122273,0.9009889960289001,0.9734635353088379,0.9318068027496338,0.18148638308048248
sharpxr,mid,Normal,137,32.618106918756474,0.8999755382537842,0.9736807346343994,0.9292565584182739,0.17772750556468964
sharpxr,mid,Normal,138,33.377895247958485,0.9055638909339905,0.9731637239456177,0.933664858341217,0.18807807564735413
sharpxr,mid,Normal,139,31.799415403175274,0.8750733137130737,0.9668650031089783,0.9166935086250305,0.2179693579673767
sharpxr,mid,Normal,140,32.055758054923345,0.8738595247268677,0.963005006313324,0.9142393469810486,0.21178092062473297
sharpxr,mid,Normal,141,33.02985627527485,0.8892301917076111,0.9637386202812195,0.9260023236274719,0.21733349561691284
sharpxr,mid,Normal,142,31.086722289382138,0.8464879989624023,0.954218864440918,0.9041468501091003,0.2353440523147583
sharpxr,mid,Normal,143,33.872883718678224,0.9199752807617188,0.975162148475647,0.9369238018989563,0.1832440346479416
sharpxr,mid,Normal,144,33.05521841373106,0.9020079374313354,0.9711912870407104,0.9362301826477051,0.18982650339603424
sharpxr,mid,Normal,145,32.183414434561016,0.8973534107208252,0.9708142876625061,0.9295575022697449,0.168552428483963
sharpxr,mid,Normal,146,31.78391361394236,0.8719962239265442,0.9653180837631226,0.9163079261779785,0.23686043918132782
sharpxr,mid,Normal,147,31.732782040190624,0.8541536927223206,0.9551215171813965,0.9040029644966125,0.24731801450252533
sharpxr,mid,Normal,148,33.37572893411442,0.8959110975265503,0.9668178558349609,0.9291896224021912,0.20074906945228577
sharpxr,mid,Normal,149,32.46650127007843,0.8924516439437866,0.973064124584198,0.9308778643608093,0.19183966517448425
sharpxr,mid,Normal,150,32.5772137816308,0.863155722618103,0.9563955664634705,0.9127819538116455,0.24094802141189575
sharpxr,mid,Normal,151,31.661689532633552,0.8429663777351379,0.9510161280632019,0.9028831720352173,0.2518026828765869
sharpxr,mid,Normal,152,31.189422846174992,0.8432363271713257,0.9530678987503052,0.8948967456817627,0.2375030517578125
sharpxr,mid,Normal,153,33.31704633735391,0.9048340916633606,0.9729492664337158,0.9309091567993164,0.2074671983718872
sharpxr,mid,Normal,154,34.63800980283737,0.920568585395813,0.9729667901992798,0.9372128844261169,0.21753670275211334
sharpxr,mid,Normal,155,32.11083516497737,0.880949079990387,0.9629345536231995,0.9118974804878235,0.2178524136543274
sharpxr,mid,Normal,156,31.86614526631842,0.8666101098060608,0.961365282535553,0.9084269404411316,0.230569526553154
sharpxr,mid,Normal,157,33.50185817188956,0.9148624539375305,0.9780974388122559,0.9343288540840149,0.16401039063930511
sharpxr,mid,Normal,158,33.09412623661601,0.9088353514671326,0.9732869863510132,0.9351463317871094,0.17248834669589996
sharpxr,mid,Normal,159,33.44490189903741,0.8934321999549866,0.964453399181366,0.9288640022277832,0.23019127547740936
sharpxr,mid,Normal,160,34.10902353025691,0.9178836345672607,0.9698020815849304,0.9326483011245728,0.23932012915611267
sharpxr,mid,Normal,161,33.504584024837115,0.9006759524345398,0.9716256856918335,0.9292909502983093,0.19162876904010773
sharpxr,mid,Normal,162,33.30537796574252,0.9116523861885071,0.9744832515716553,0.9308762550354004,0.17671659588813782
sharpxr,mid,Normal,163,33.53377720106979,0.9090990424156189,0.9734930992126465,0.9232931733131409,0.1979525089263916
sharpxr,mid,Normal,164,34.81741136218078,0.9222577214241028,0.9727857112884521,0.9409686326980591,0.24920517206192017
sharpxr,mid,Normal,165,34.84967204570115,0.9141796231269836,0.9666503071784973,0.9246389269828796,0.27987369894981384
sharpxr,mid,Normal,166,34.510078560759354,0.9137712717056274,0.9744733572006226,0.9318660497665405,0.17852041125297546
sharpxr,mid,Normal,167,32.35683570589648,0.8618176579475403,0.9509081840515137,0.9043461680412292,0.28917062282562256
sharpxr,mid,Normal,168,32.63466301930088,0.9071477055549622,0.9738982915878296,0.9334254860877991,0.17525054514408112
sharpxr,mid,Normal,169,30.13278439074369,0.856808602809906,0.96379554271698,0.9042719006538391,0.21414996683597565
sharpxr,mid,Normal,170,32.441143867972755,0.8690547347068787,0.9632236957550049,0.9109401702880859,0.2539527714252472
sharpxr,mid,Normal,171,32.47541822711787,0.8714345097541809,0.9640970826148987,0.9178659915924072,0.23237892985343933
sharpxr,mid,Normal,172,32.99250527294704,0.8841496706008911,0.9613405466079712,0.9186753630638123,0.2294786125421524
sharpxr,mid,Normal,173,32.18491757908937,0.8543944358825684,0.9547535181045532,0.9068166613578796,0.24337416887283325
sharpxr,mid,Normal,174,33.98252615450099,0.9077182412147522,0.9717694520950317,0.931199848651886,0.20647495985031128
sharpxr,mid,Normal,175,33.791412353420654,0.9185448884963989,0.9767640233039856,0.9283655881881714,0.19865061342716217
sharpxr,mid,Normal,176,33.488128369089225,0.9195562601089478,0.9764036536216736,0.9360193014144897,0.18448461592197418
sharpxr,mid,Normal,177,31.74038680308768,0.8561973571777344,0.9579302072525024,0.9041364192962646,0.23047256469726562
sharpxr,mid,Normal,178,32.68112324328409,0.8795149326324463,0.962117612361908,0.9193264245986938,0.229839488863945
sharpxr,mid,Normal,179,31.568345715689073,0.8355622887611389,0.9501966834068298,0.8895298838615417,0.27829509973526
sharpxr,mid,Normal,180,31.250210162111543,0.865991473197937,0.9603891968727112,0.907343327999115,0.22149886190891266
sharpxr,mid,Normal,181,33.446049821310964,0.8974371552467346,0.9663763046264648,0.9304738640785217,0.21266606450080872
sharpxr,mid,Normal,182,34.20487194793063,0.9069801568984985,0.9697747826576233,0.9316552877426147,0.21114814281463623
sharpxr,mid,Normal,183,32.86418831056635,0.8920539021492004,0.9700546264648438,0.9251278042793274,0.21147757768630981
sharpxr,mid,Normal,184,33.06752515187155,0.8936063051223755,0.9689115285873413,0.9307087063789368,0.211961567401886
sharpxr,mid,Normal,185,33.68220997319657,0.9036004543304443,0.9725810885429382,0.9288106560707092,0.19795756042003632
sharpxr,mid,Normal,186,31.857092419876132,0.8668449521064758,0.9608372449874878,0.9117233157157898,0.2413807511329651
sharpxr,mid,Normal,187,33.52744123347203,0.9128603339195251,0.9721018075942993,0.9362421631813049,0.19889843463897705
sharpxr,mid,Normal,188,33.57942417296528,0.891468346118927,0.9641050100326538,0.9194188714027405,0.24582287669181824
sharpxr,mid,Normal,189,33.27062822310298,0.8851348161697388,0.9631417989730835,0.91696697473526,0.2397765964269638
sharpxr,mid,Normal,190,31.306993210425865,0.8589019179344177,0.9584450721740723,0.9044379591941833,0.23748956620693207
sharpxr,mid,Normal,191,33.88454393759495,0.9210660457611084,0.976887583732605,0.9347389340400696,0.18451334536075592
sharpxr,mid,Normal,192,35.29753149668252,0.932826817035675,0.9744389653205872,0.9404228329658508,0.2218216061592102
sharpxr,mid,Normal,193,32.19630586265805,0.8896710276603699,0.9711192846298218,0.9267992377281189,0.19932135939598083
sharpxr,mid,Normal,194,32.46909958199406,0.8767904043197632,0.9625322818756104,0.920249342918396,0.21723899245262146
sharpxr,mid,Normal,195,32.63865771838067,0.8862746357917786,0.9660133123397827,0.9235321283340454,0.20459653437137604
sharpxr,mid,Normal,196,33.018148972743845,0.8894975185394287,0.9641312956809998,0.9225553870201111,0.22386053204536438
sharpxr,mid,Normal,197,33.26636556304097,0.9021680951118469,0.9732747673988342,0.9300101399421692,0.1955890655517578
sharpxr,mid,Normal,198,33.98435681213344,0.9152280688285828,0.972847580909729,0.9327767491340637,0.230037659406662
sharpxr,mid,Normal,199,32.133045073129935,0.8830159306526184,0.9685609936714172,0.9195387363433838,0.1965588927268982
sharpxr,mid,Normal,200,32.829578027171,0.8933439254760742,0.9706733822822571,0.9275181293487549,0.20519204437732697
sharpxr,mid,Normal,201,32.552715390319534,0.8883043527603149,0.9674447178840637,0.9233643412590027,0.20516104996204376
sharpxr,mid,Normal,202,32.319791258756794,0.8760807514190674,0.9610241651535034,0.9188559055328369,0.23874859511852264
sharpxr,mid,Normal,203,33.13102404260211,0.9032368659973145,0.9732938408851624,0.934188723564148,0.17928780615329742
sharpxr,mid,Normal,204,32.39250924643536,0.8914645910263062,0.9682220816612244,0.9291465282440186,0.18646767735481262
sharpxr,mid,Normal,205,34.10220115659929,0.9096928834915161,0.9712807536125183,0.9298317432403564,0.20667748153209686
sharpxr,mid,Normal,206,34.29084034279998,0.903269350528717,0.967298150062561,0.9321284890174866,0.20341747999191284
sharpxr,mid,Normal,207,33.52427472079284,0.8941870331764221,0.961030125617981,0.919839084148407,0.2075166404247284
sharpxr,mid,Normal,208,32.652124129603216,0.888837993144989,0.969902753829956,0.926688015460968,0.19517093896865845
sharpxr,mid,Normal,209,32.03262719155982,0.8842597603797913,0.970125675201416,0.9287634491920471,0.20403169095516205
sharpxr,mid,Normal,210,32.150344304042015,0.8635388612747192,0.957155704498291,0.9073419570922852,0.2656000554561615
sharpxr,mid,Normal,211,33.17207898076368,0.9077540636062622,0.9748632907867432,0.9322543740272522,0.16089984774589539
sharpxr,mid,Normal,212,33.99193624871741,0.9200531244277954,0.9746195077896118,0.9369494318962097,0.19541046023368835
sharpxr,mid,Normal,213,34.25407217836899,0.92158043384552,0.9751097559928894,0.9368889331817627,0.20439647138118744
sharpxr,mid,Normal,214,32.82957705721461,0.8919591903686523,0.9687188863754272,0.9231363534927368,0.2095223069190979
sharpxr,mid,Normal,215,32.20925669239907,0.8529089689254761,0.9517697691917419,0.8958629369735718,0.2725876569747925
sharpxr,mid,Normal,216,32.26522561181352,0.8785073161125183,0.9672400951385498,0.923959493637085,0.20136480033397675
sharpxr,mid,Normal,217,34.236454191074316,0.9058222770690918,0.968491792678833,0.9283068776130676,0.2463996857404709
sharpxr,mid,Normal,218,32.22756064175772,0.8615623712539673,0.9574950337409973,0.90692538022995,0.2375255525112152
sharpxr,mid,Normal,219,33.1680584492189,0.9041712284088135,0.9716557860374451,0.9318251609802246,0.1825653612613678
sharpxr,mid,Normal,220,34.73867937563801,0.9081844687461853,0.9674519896507263,0.9299777746200562,0.25064659118652344
sharpxr,mid,Normal,221,33.26507516896754,0.9098609685897827,0.9742690324783325,0.9346611499786377,0.17537187039852142
sharpxr,mid,Normal,222,32.80409458548961,0.8930804133415222,0.9725573062896729,0.924493670463562,0.18119198083877563
sharpxr,mid,Normal,223,32.19784282898119,0.8717069625854492,0.9611704349517822,0.9181470274925232,0.24310189485549927
sharpxr,mid,Normal,224,33.58966116205502,0.9205382466316223,0.978879451751709,0.9370330572128296,0.16204193234443665
sharpxr,mid,Normal,225,31.668691812436712,0.8398045897483826,0.9570565819740295,0.895712673664093,0.27111390233039856
sharpxr,mid,Normal,226,33.80320876152996,0.9072011709213257,0.9715330600738525,0.9342421293258667,0.19613897800445557
sharpxr,mid,Normal,227,32.37944270315836,0.889606773853302,0.9695767760276794,0.9260075092315674,0.19832119345664978
sharpxr,mid,Normal,228,34.19747047496058,0.9157007336616516,0.9747056365013123,0.9312669634819031,0.193088561296463
sharpxr,mid,Normal,229,32.55456000146669,0.9052019715309143,0.9745462536811829,0.9280747175216675,0.19190260767936707
sharpxr,mid,Normal,230,32.72635977518844,0.8871393799781799,0.9698927402496338,0.9271489977836609,0.20994380116462708
sharpxr,mid,Normal,231,32.48189335828197,0.8702954649925232,0.9606534838676453,0.9121893644332886,0.2259095311164856
sharpxr,mid,Normal,232,34.28821082190191,0.9104099869728088,0.9744749069213867,0.9362931847572327,0.20128217339515686
sharpxr,mid,Normal,233,33.52629551142281,0.8980599045753479,0.9694762229919434,0.9286372065544128,0.2161310315132141
sharpxr,mid,Bacterial,234,34.53745447129579,0.9171454310417175,0.9632768630981445,0.9270428419113159,0.2669786810874939
sharpxr,mid,Bacterial,235,32.68979733156192,0.8904840350151062,0.9618600010871887,0.9171559810638428,0.2646331191062927
sharpxr,mid,Bacterial,236,34.798234831609946,0.9170036911964417,0.9685381054878235,0.931465208530426,0.2491842359304428
sharpxr,mid,Bacterial,237,34.30776733731922,0.9185892343521118,0.9689120650291443,0.9254781603813171,0.25663191080093384
sharpxr,mid,Bacterial,238,34.828696841478134,0.9124586582183838,0.9582541584968567,0.9225336909294128,0.3126079738140106
sharpxr,mid,Bacterial,239,34.24267702303847,0.9225596785545349,0.9692034721374512,0.9347569942474365,0.22743597626686096
sharpxr,mid,Bacterial,240,34.54786166378809,0.9173704385757446,0.9658766984939575,0.924877405166626,0.2630547881126404
sharpxr,mid,Bacterial,241,33.4919820222088,0.9072616696357727,0.9635936617851257,0.9201785922050476,0.29900139570236206
sharpxr,mid,Bacterial,242,34.72089710954036,0.91759192943573,0.9691571593284607,0.9265629649162292,0.26289743185043335
sharpxr,mid,Bacterial,243,33.594896596329065,0.8983069658279419,0.9671059250831604,0.915582537651062,0.28183168172836304
sharpxr,mid,Bacterial,244,32.30280725089095,0.8818148970603943,0.9606502652168274,0.910657525062561,0.22006796300411224
sharpxr,mid,Bacterial,245,33.31064636268194,0.9103956818580627,0.972658097743988,0.9329147934913635,0.19937242567539215
sharpxr,mid,Bacterial,246,33.97783032175806,0.9176462292671204,0.9748665690422058,0.9375569820404053,0.22489681839942932
sharpxr,mid,Bacterial,247,33.51593937005609,0.9135155081748962,0.9731661677360535,0.932650089263916,0.23283958435058594
sharpxr,mid,Bacterial,248,35.25879181309308,0.9276572465896606,0.9720351099967957,0.9348765015602112,0.2373424470424652
sharpxr,mid,Bacterial,249,35.411126297399164,0.9349648356437683,0.9702415466308594,0.9317995309829712,0.2768491506576538
sharpxr,mid,Bacterial,250,34.950240994807956,0.9120297431945801,0.9569123983383179,0.9189980626106262,0.2753071188926697
sharpxr,mid,Bacterial,251,32.66173649566359,0.8923133611679077,0.9672548174858093,0.9198237061500549,0.22078728675842285
sharpxr,mid,Bacterial,252,35.243331139080205,0.9194121360778809,0.9679769277572632,0.9225115180015564,0.27636265754699707
sharpxr,mid,Bacterial,253,34.31627544507967,0.9153042435646057,0.967901885509491,0.9292327165603638,0.2790762186050415
sharpxr,mid,Bacterial,254,33.092631721361016,0.8886313438415527,0.9651070237159729,0.9156738519668579,0.22514766454696655
sharpxr,mid,Bacterial,255,33.393115176816664,0.9011030197143555,0.9618073105812073,0.9203469157218933,0.2529605031013489
sharpxr,mid,Bacterial,256,32.56868106887857,0.8847624659538269,0.9592447280883789,0.9087443351745605,0.26019951701164246
sharpxr,mid,Bacterial,257,33.89114713210235,0.9129546880722046,0.965069591999054,0.9228163361549377,0.2744028568267822
sharpxr,mid,Bacterial,258,33.99389579290928,0.8934510946273804,0.9550502300262451,0.9083043932914734,0.3204151690006256
sharpxr,mid,Bacterial,259,34.11940939516739,0.8970470428466797,0.9592975974082947,0.9204906821250916,0.2987423539161682
sharpxr,mid,Bacterial,260,34.29668712489401,0.9178412556648254,0.9649208188056946,0.9305498600006104,0.25978711247444153
sharpxr,mid,Bacterial,261,32.14310610727796,0.8878121376037598,0.9641643762588501,0.9163967370986938,0.208652064204216
sharpxr,mid,Bacterial,262,35.884522919706825,0.9283078908920288,0.9707938432693481,0.9315571784973145,0.25857073068618774
sharpxr,mid,Bacterial,263,35.45612777626448,0.9267441630363464,0.9721084833145142,0.9351993799209595,0.26900941133499146
sharpxr,mid,Bacterial,264,35.23522896498123,0.9155987501144409,0.9616627097129822,0.9264131784439087,0.2626710534095764
sharpxr,mid,Bacterial,265,35.39791953495878,0.9282242059707642,0.9693300724029541,0.932629406452179,0.2806147336959839
sharpxr,mid,Bacterial,266,35.19463979182467,0.924031138420105,0.9724094271659851,0.9267536401748657,0.26481130719184875
sharpxr,mid,Bacterial,267,33.35029275665876,0.8876335024833679,0.9624257683753967,0.910154402256012,0.2847099304199219
sharpxr,mid,Bacterial,268,34.44310772098972,0.9028289914131165,0.9630753993988037,0.9161192178726196,0.2925320267677307
sharpxr,mid,Bacterial,269,34.52568011975641,0.9203283786773682,0.96998131275177,0.9332278966903687,0.24556732177734375
sharpxr,mid,Bacterial,270,35.41674881490048,0.9336910843849182,0.973775327205658,0.9446350932121277,0.22022950649261475
sharpxr,mid,Bacterial,271,34.480471882077126,0.9199159741401672,0.973895251750946,0.9298092126846313,0.21638214588165283
sharpxr,mid,Bacterial,272,35.07086606212043,0.9239384531974792,0.969161868095398,0.9306626915931702,0.28837430477142334
sharpxr,mid,Bacterial,273,35.22767468007463,0.929145872592926,0.9669049978256226,0.9321291446685791,0.2561117708683014
sharpxr,mid,Bacterial,274,33.48357530384598,0.8939510583877563,0.9654479622840881,0.9169753193855286,0.2446591556072235
sharpxr,mid,Bacterial,275,32.65118845219335,0.890643298625946,0.9608950018882751,0.9148923754692078,0.27136117219924927
sharpxr,mid,Bacterial,276,31.81024900925731,0.8763061165809631,0.9629829525947571,0.9112603068351746,0.20352566242218018
sharpxr,mid,Bacterial,277,33.5178133657152,0.8945050239562988,0.9572310447692871,0.9114394187927246,0.28670796751976013
sharpxr,mid,Bacterial,278,34.001886390071824,0.9010729193687439,0.9640326499938965,0.919532299041748,0.27475595474243164
sharpxr,mid,Bacterial,279,34.001687557516654,0.9101808071136475,0.9681952595710754,0.9254823923110962,0.23966261744499207
sharpxr,mid,Bacterial,280,34.96631643937976,0.9050900340080261,0.9654237031936646,0.9207702875137329,0.25944918394088745
sharpxr,mid,Bacterial,281,33.97522638386074,0.8903218507766724,0.9602553248405457,0.9084912538528442,0.29963794350624084
sharpxr,mid,Bacterial,282,32.93616062781898,0.8919989466667175,0.9637060165405273,0.9125515222549438,0.27038586139678955
sharpxr,mid,Bacterial,283,34.28638283816987,0.9103510975837708,0.9674180746078491,0.9199150800704956,0.26647090911865234
sharpxr,mid,Bacterial,284,32.173791764179846,0.8887425661087036,0.9520084857940674,0.9087471961975098,0.32223600149154663
sharpxr,mid,Bacterial,285,35.22924735351464,0.9192802309989929,0.9622353911399841,0.9233916401863098,0.2926408052444458
sharpxr,mid,Bacterial,286,33.14945569878917,0.909623920917511,0.9681118130683899,0.9257950782775879,0.2502582371234894
sharpxr,mid,Bacterial,287,33.09653967596863,0.8817184567451477,0.9554316997528076,0.9150001406669617,0.2912752032279968
sharpxr,mid,Bacterial,288,34.7974801800044,0.9200339317321777,0.9673968553543091,0.9285148978233337,0.23931509256362915
sharpxr,mid,Bacterial,289,33.56419822178918,0.8977910876274109,0.9613044261932373,0.91395103931427,0.2516520023345947
sharpxr,mid,Bacterial,290,35.10034941295663,0.9227238297462463,0.966795027256012,0.9289543032646179,0.27820372581481934
sharpxr,mid,Bacterial,291,33.724297236408034,0.9045917987823486,0.9604063630104065,0.9190202951431274,0.2716391384601593
sharpxr,mid,Bacterial,292,33.05634700956953,0.889996349811554,0.9627677798271179,0.9165546894073486,0.23350444436073303
sharpxr,mid,Bacterial,293,35.31578260346714,0.9269930124282837,0.9752335548400879,0.9338134527206421,0.2559410035610199
sharpxr,mid,Bacterial,294,34.27227368264597,0.9146560430526733,0.9676423072814941,0.929070234298706,0.2461184710264206
sharpxr,mid,Bacterial,295,33.322615217386605,0.9105424284934998,0.9684944748878479,0.9263941049575806,0.243341863155365
sharpxr,mid,Bacterial,296,34.74532418332827,0.9229011535644531,0.9735163450241089,0.9321444034576416,0.24774685502052307
sharpxr,mid,Bacterial,297,34.00143251886006,0.9142401218414307,0.9710842370986938,0.929423987865448,0.2629626393318176
sharpxr,mid,Bacterial,298,31.603955968541012,0.870254397392273,0.9519551992416382,0.8982722163200378,0.281113862991333
sharpxr,mid,Bacterial,299,32.08038960292484,0.8825265169143677,0.9561836123466492,0.9086704254150391,0.287703275680542
sharpxr,mid,Bacterial,300,32.01409430795381,0.8940749764442444,0.9653071165084839,0.911230742931366,0.2535785436630249
sharpxr,mid,Bacterial,301,31.80319718067392,0.8640909194946289,0.9529896378517151,0.9093046188354492,0.22153669595718384
sharpxr,mid,Bacterial,302,33.53182418822164,0.8959264755249023,0.9641664624214172,0.9184203743934631,0.23382686078548431
sharpxr,mid,Bacterial,303,32.91785793587694,0.9111972451210022,0.96678227186203,0.9267846941947937,0.2741854190826416
sharpxr,mid,Bacterial,304,34.26778723235302,0.9121779203414917,0.966857373714447,0.9214487671852112,0.27948665618896484
sharpxr,mid,Bacterial,305,35.13344821033801,0.9205114245414734,0.9689669609069824,0.9276067018508911,0.24771267175674438
sharpxr,mid,Bacterial,306,33.46991039470775,0.9127749800682068,0.9682943224906921,0.9248356819152832,0.2712780237197876
sharpxr,mid,Bacterial,307,33.4165701480647,0.9137396812438965,0.9693499803543091,0.9263085722923279,0.26907187700271606
sharpxr,mid,Bacterial,308,33.27967362975312,0.8807821273803711,0.9573641419410706,0.9198822975158691,0.24916553497314453
sharpxr,mid,Bacterial,309,33.52951050586914,0.9049574732780457,0.9661430716514587,0.9270085692405701,0.2311699241399765
sharpxr,mid,Bacterial,310,32.04195877238851,0.8776772618293762,0.9612366557121277,0.9150751233100891,0.21052414178848267
sharpxr,mid,Bacterial,311,33.279492348598566,0.891986608505249,0.9579517841339111,0.9164360165596008,0.2639876902103424
sharpxr,mid,Bacterial,312,32.301438391617346,0.8971097469329834,0.9659366607666016,0.9211657047271729,0.23384225368499756
sharpxr,mid,Bacterial,313,34.355419705908474,0.9058492183685303,0.9626533389091492,0.918787956237793,0.31169605255126953
sharpxr,mid,Bacterial,314,33.34701427722757,0.8824237585067749,0.9618979692459106,0.9118383526802063,0.24537062644958496
sharpxr,mid,Bacterial,315,35.55070252924867,0.9294053912162781,0.9696263074874878,0.9393365979194641,0.2783546447753906
sharpxr,mid,Bacterial,316,35.06121636198942,0.923015296459198,0.9675285816192627,0.9304506182670593,0.27297139167785645
sharpxr,mid,Bacterial,317,34.8477743846002,0.9295067191123962,0.9664313793182373,0.9252961277961731,0.3171992599964142
sharpxr,mid,Bacterial,318,34.56922639025118,0.9206499457359314,0.9680476784706116,0.9297700524330139,0.2425253689289093
sharpxr,mid,Bacterial,319,34.448085319203145,0.9082112312316895,0.9633748531341553,0.9209928512573242,0.2493090033531189
sharpxr,mid,Bacterial,320,35.08950123418672,0.9227783679962158,0.96630859375,0.9202461242675781,0.27408933639526367
sharpxr,mid,Bacterial,321,31.474194285095937,0.8862143158912659,0.9601495265960693,0.9165315628051758,0.26977109909057617
sharpxr,mid,Bacterial,322,33.14110548977997,0.9022336006164551,0.9658238291740417,0.9211835265159607,0.27278605103492737
sharpxr,mid,Bacterial,323,33.10888510341859,0.9016911387443542,0.9687239527702332,0.926772952079773,0.23154744505882263
sharpxr,mid,Bacterial,324,32.28064680919427,0.8923057913780212,0.9684770107269287,0.9207735657691956,0.23862488567829132
sharpxr,mid,Bacterial,325,31.714930748373952,0.8914026021957397,0.9710582494735718,0.9168047308921814,0.2282455861568451
sharpxr,mid,Bacterial,326,33.25618153656225,0.9035791754722595,0.9637219309806824,0.9225707650184631,0.2650071084499359
sharpxr,mid,Bacterial,327,34.35493354600268,0.9259167313575745,0.9736413955688477,0.9305696487426758,0.24690598249435425
sharpxr,mid,Bacterial,328,34.61361302021442,0.9255165457725525,0.972069501876831,0.9324249029159546,0.2676354944705963
sharpxr,mid,Bacterial,329,34.01666706926073,0.9158597588539124,0.9743794798851013,0.9308488965034485,0.17793801426887512
sharpxr,mid,Bacterial,330,35.68461533178063,0.9253197908401489,0.9701964855194092,0.9268639087677002,0.2559245228767395
sharpxr,mid,Bacterial,331,34.694828352139965,0.9322686195373535,0.9777377247810364,0.9362848401069641,0.22656264901161194
sharpxr,mid,Bacterial,332,35.527328636467765,0.9315693378448486,0.969084620475769,0.9343180060386658,0.24862036108970642
sharpxr,mid,Bacterial,333,35.38871791647286,0.9320482611656189,0.9708104729652405,0.9389753341674805,0.2382761538028717
sharpxr,mid,Bacterial,334,35.42811454170828,0.9344590306282043,0.9714230895042419,0.938765823841095,0.24249671399593353
sharpxr,mid,Bacterial,335,32.828715821436354,0.8806391954421997,0.9599311351776123,0.9165834784507751,0.2592141628265381
sharpxr,mid,Bacterial,336,35.12860417335626,0.9257122874259949,0.9741420745849609,0.9347971677780151,0.23703254759311676
sharpxr,mid,Bacterial,337,33.89777805776375,0.9049513339996338,0.966046154499054,0.9186998009681702,0.2535536289215088
sharpxr,mid,Bacterial,338,34.96072027829478,0.9173296689987183,0.9672210812568665,0.9244515299797058,0.27620625495910645
sharpxr,mid,Bacterial,339,33.26454389435149,0.9004450440406799,0.970270037651062,0.9235610365867615,0.19934159517288208
sharpxr,mid,Bacterial,340,34.870212114954526,0.920228123664856,0.9656697511672974,0.9268879294395447,0.25116807222366333
sharpxr,mid,Bacterial,341,34.09211023237492,0.9295603632926941,0.9701306223869324,0.930255115032196,0.25414514541625977
sharpxr,mid,Bacterial,342,34.007340363977406,0.9167299866676331,0.9653967618942261,0.9265484809875488,0.25264641642570496
sharpxr,mid,Bacterial,343,34.50294605898515,0.9291447997093201,0.9666017293930054,0.9258676767349243,0.28654319047927856
sharpxr,mid,Bacterial,344,35.112713972942856,0.9225929975509644,0.9679979681968689,0.9335263967514038,0.2691335082054138
sharpxr,mid,Bacterial,345,33.859372550754465,0.9108172059059143,0.9592512249946594,0.9249421954154968,0.28411543369293213
sharpxr,mid,Bacterial,346,32.77188245955539,0.9033538103103638,0.961581826210022,0.9184797406196594,0.25458064675331116
sharpxr,mid,Bacterial,347,34.71593730975432,0.9242135882377625,0.9705455303192139,0.9348680973052979,0.2662201523780823
sharpxr,mid,Bacterial,348,34.04697262734161,0.9005887508392334,0.9625049829483032,0.9187612533569336,0.2705591022968292
sharpxr,mid,Bacterial,349,35.489292067645685,0.9258123636245728,0.9659594297409058,0.9344809055328369,0.25439760088920593
sharpxr,mid,Bacterial,350,35.75458407830254,0.9301980137825012,0.9727622866630554,0.9363007545471191,0.28964313864707947
sharpxr,mid,Bacterial,351,32.54828842649941,0.8836541771888733,0.9583214521408081,0.9203801155090332,0.2325127124786377
sharpxr,mid,Bacterial,352,35.114667420293195,0.9217577576637268,0.9715788960456848,0.9343056678771973,0.24401649832725525
sharpxr,mid,Bacterial,353,33.8801881475281,0.9176379442214966,0.9743627905845642,0.9321719408035278,0.23492662608623505
sharpxr,mid,Bacterial,354,35.62865262853343,0.9170859456062317,0.9645280838012695,0.9293997883796692,0.29660701751708984
sharpxr,mid,Bacterial,355,34.61342799239506,0.9028669595718384,0.9640147686004639,0.9238669872283936,0.2567424774169922
sharpxr,mid,Bacterial,356,34.380545875170235,0.915063202381134,0.9712120294570923,0.9267520904541016,0.23260852694511414
sharpxr,mid,Bacterial,357,34.86668104147641,0.9046295881271362,0.9617722630500793,0.921622633934021,0.26432928442955017
sharpxr,mid,Bacterial,358,34.74706974480008,0.910762369632721,0.9604176878929138,0.9212973713874817,0.3309645652770996
sharpxr,mid,Bacterial,359,33.39669694982141,0.9001955389976501,0.9669945240020752,0.9232037663459778,0.20638048648834229
sharpxr,mid,Bacterial,360,34.099643090545364,0.9171822667121887,0.9631881713867188,0.9258934259414673,0.2638120651245117
sharpxr,mid,Bacterial,361,35.14485563394633,0.9246113896369934,0.9682761430740356,0.932669460773468,0.24974319338798523
sharpxr,mid,Bacterial,362,34.877139508708396,0.9187303185462952,0.9642409682273865,0.9352518916130066,0.2880361080169678
sharpxr,mid,Bacterial,363,33.31033430421155,0.9200195670127869,0.973779022693634,0.9394965171813965,0.22431102395057678
sharpxr,mid,Bacterial,364,35.554851217593125,0.9287818074226379,0.9696747660636902,0.9337634444236755,0.2357456088066101
sharpxr,mid,Bacterial,365,31.89165208177958,0.8953123688697815,0.9688891768455505,0.9181838035583496,0.23055429756641388
sharpxr,mid,Bacterial,366,34.8398360557804,0.9247481822967529,0.9703256487846375,0.9308492541313171,0.2787780463695526
sharpxr,mid,Bacterial,367,33.28351620294006,0.9025063514709473,0.9692763686180115,0.9237545728683472,0.2133391797542572
sharpxr,mid,Bacterial,368,33.89925038760666,0.8994290828704834,0.9643576145172119,0.9179702401161194,0.253507524728775
sharpxr,mid,Bacterial,369,32.90431383384353,0.894324541091919,0.9664871096611023,0.9189309477806091,0.21776649355888367
sharpxr,mid,Bacterial,370,31.823681496699436,0.8775615096092224,0.9640318155288696,0.9167529940605164,0.2084272801876068
sharpxr,mid,Bacterial,371,34.467211419181844,0.9192980527877808,0.9711589217185974,0.9303140640258789,0.23129548132419586
sharpxr,mid,Bacterial,372,33.53497681480823,0.8902467489242554,0.9619889259338379,0.9110132455825806,0.3255123794078827
sharpxr,mid,Bacterial,373,34.493255056052874,0.914618730545044,0.9671843647956848,0.9288201928138733,0.2542688250541687
sharpxr,mid,Bacterial,374,33.47767242654786,0.903136134147644,0.9610341191291809,0.9219383001327515,0.24385079741477966
sharpxr,mid,Bacterial,375,34.25694989778772,0.921396791934967,0.9716572165489197,0.9280663728713989,0.2625851035118103
sharpxr,mid,Bacterial,376,32.65456295877608,0.9043777585029602,0.9685383439064026,0.9223494529724121,0.26555830240249634
sharpxr,mid,Bacterial,377,33.97764079991573,0.925087571144104,0.9731590151786804,0.9246659874916077,0.2658488154411316
sharpxr,mid,Bacterial,378,33.10001189481437,0.8907751441001892,0.9660507440567017,0.9169865250587463,0.20741912722587585
sharpxr,mid,Bacterial,379,33.99585241536642,0.9084542989730835,0.9679868817329407,0.9265896677970886,0.25500166416168213
sharpxr,mid,Bacterial,380,34.61903205260712,0.9256650805473328,0.96837317943573,0.9357635974884033,0.24986901879310608
sharpxr,mid,Bacterial,381,32.06329388584586,0.8859299421310425,0.9650389552116394,0.9188822507858276,0.21224766969680786
sharpxr,mid,Bacterial,382,33.57653748222343,0.9078419804573059,0.9645918011665344,0.9210476279258728,0.24800673127174377
sharpxr,mid,Bacterial,383,32.34185462907691,0.8849165439605713,0.962680995464325,0.9065194725990295,0.2388991117477417
sharpxr,mid,Bacterial,384,31.89755331412558,0.8884546756744385,0.9662102460861206,0.9150933623313904,0.19656553864479065
sharpxr,mid,Bacterial,385,31.852207295541213,0.8753370046615601,0.9623937010765076,0.9167323708534241,0.23092149198055267
sharpxr,mid,Bacterial,386,34.47936201621241,0.9216470122337341,0.9665203094482422,0.9348440766334534,0.22008037567138672
sharpxr,mid,Bacterial,387,34.684203138414674,0.927426815032959,0.9728272557258606,0.9373484253883362,0.2126312553882599
sharpxr,mid,Bacterial,388,33.00487366097946,0.9133687019348145,0.975700855255127,0.9320469498634338,0.17561650276184082
sharpxr,mid,Bacterial,389,31.835739619782338,0.8738299608230591,0.9614673852920532,0.9126026630401611,0.248421311378479
sharpxr,mid,Bacterial,390,33.939082635326415,0.8996673822402954,0.9647904634475708,0.9231760501861572,0.2278357744216919
sharpxr,mid,Bacterial,391,32.33941839538194,0.8838902115821838,0.9568911790847778,0.9107925891876221,0.3244421184062958
sharpxr,mid,Bacterial,392,34.435247853459934,0.916724443435669,0.964684009552002,0.9275438189506531,0.26674991846084595
sharpxr,mid,Bacterial,393,34.39173954746016,0.9039223790168762,0.9625248312950134,0.9224546551704407,0.28534188866615295
sharpxr,mid,Bacterial,394,34.72031392687398,0.9249607920646667,0.9702521562576294,0.9347622394561768,0.25070273876190186
sharpxr,mid,Bacterial,395,34.05127703848357,0.9166121482849121,0.9640136361122131,0.9269797205924988,0.2380761057138443
sharpxr,mid,Bacterial,396,32.23627857359951,0.8630039095878601,0.9540618062019348,0.8975644707679749,0.286709189414978
sharpxr,mid,Bacterial,397,35.85780237490828,0.9181816577911377,0.9630030393600464,0.9234032034873962,0.29667389392852783
sharpxr,mid,Bacterial,398,34.77883984863305,0.9084885120391846,0.9627171754837036,0.9205119013786316,0.3122798204421997
sharpxr,mid,Bacterial,399,32.792753543096865,0.894964337348938,0.9658940434455872,0.9210395812988281,0.2706615626811981
sharpxr,mid,Bacterial,400,33.600308038831336,0.9057636857032776,0.9704442024230957,0.9210073947906494,0.22909259796142578
sharpxr,mid,Bacterial,401,32.0559780183866,0.8737203478813171,0.9594721794128418,0.9080137014389038,0.24723345041275024
sharpxr,mid,Bacterial,402,34.90584553734935,0.9184024930000305,0.964486300945282,0.9242978096008301,0.278279185295105
sharpxr,mid,Bacterial,403,34.16951567811327,0.9220702648162842,0.9725455045700073,0.9299160838127136,0.24425920844078064
sharpxr,mid,Bacterial,404,33.79273493741573,0.9052284955978394,0.9640787243843079,0.9155206680297852,0.256771445274353
sharpxr,mid,Bacterial,405,33.06263347676912,0.8846328258514404,0.9590194225311279,0.9157606959342957,0.2821926474571228
sharpxr,mid,Bacterial,406,35.98190772925333,0.9364885091781616,0.9728633761405945,0.9377074241638184,0.22543209791183472
sharpxr,mid,Bacterial,407,33.40896883355173,0.9097455143928528,0.9646009802818298,0.9254875183105469,0.25366824865341187
sharpxr,mid,Bacterial,408,33.84786669157192,0.9127978086471558,0.9724954962730408,0.9278335571289062,0.23588043451309204
sharpxr,mid,Bacterial,409,32.90685655552565,0.8958222270011902,0.9682276844978333,0.9143123030662537,0.23748621344566345
sharpxr,mid,Bacterial,410,32.00438396935808,0.8738979697227478,0.9599975347518921,0.912965714931488,0.23270203173160553
sharpxr,mid,Bacterial,411,33.49273593121942,0.8970149755477905,0.9619249105453491,0.9133539795875549,0.2574463486671448
sharpxr,mid,Bacterial,412,34.431543282441055,0.9134203195571899,0.9669283628463745,0.9212252497673035,0.2620810866355896
sharpxr,mid,Bacterial,413,31.86094650835598,0.8692832589149475,0.9533820748329163,0.902538537979126,0.22809678316116333
sharpxr,mid,Bacterial,414,35.40354690048601,0.9271529316902161,0.9695277214050293,0.9285051822662354,0.27016347646713257
sharpxr,mid,Bacterial,415,34.086995808263445,0.9095971584320068,0.9628188014030457,0.922691285610199,0.29465675354003906
sharpxr,mid,Bacterial,416,35.95571913633402,0.9346760511398315,0.9751749038696289,0.9384874105453491,0.25802478194236755
sharpxr,mid,Bacterial,417,34.39049823999518,0.9014668464660645,0.9638258814811707,0.9169890880584717,0.24645614624023438
sharpxr,mid,Bacterial,418,35.13173720613678,0.9184081554412842,0.9744762778282166,0.9349753856658936,0.23096494376659393
sharpxr,mid,Bacterial,419,34.02260973158278,0.9083784818649292,0.9715420007705688,0.9326018691062927,0.18289528787136078
sharpxr,mid,Bacterial,420,34.5739423552157,0.9235812425613403,0.975204586982727,0.9390867948532104,0.21223711967468262
sharpxr,mid,Bacterial,421,34.094025639749134,0.9131637811660767,0.9710050821304321,0.9335130453109741,0.22541403770446777
sharpxr,mid,Bacterial,422,33.45883017128675,0.9026322960853577,0.9669683575630188,0.9190611243247986,0.25470179319381714
sharpxr,mid,Bacterial,423,34.2265452030457,0.9167386293411255,0.9674098491668701,0.932265043258667,0.2570261061191559
sharpxr,mid,Bacterial,424,34.26039718477096,0.9157407283782959,0.9687016606330872,0.9304471611976624,0.2625299394130707
sharpxr,mid,Bacterial,425,34.94201314232698,0.9158017635345459,0.9688872694969177,0.9271553754806519,0.27533507347106934
sharpxr,mid,Bacterial,426,36.55706977609238,0.9412356615066528,0.973508358001709,0.9352768063545227,0.27021893858909607
sharpxr,mid,Bacterial,427,35.80392398597865,0.9260870218276978,0.9637227058410645,0.9221113324165344,0.3267301321029663
sharpxr,mid,Bacterial,428,35.043044214266956,0.917762279510498,0.9645988345146179,0.929416835308075,0.3149031400680542
sharpxr,mid,Bacterial,429,32.65447119265124,0.8833180665969849,0.9626421928405762,0.9197230935096741,0.23305070400238037
sharpxr,mid,Bacterial,430,35.382568854416895,0.9325904846191406,0.974683403968811,0.9366116523742676,0.2421046495437622
sharpxr,mid,Bacterial,431,35.47305575445989,0.9240362048149109,0.9637004733085632,0.921040952205658,0.28864938020706177
sharpxr,mid,Bacterial,432,35.017650332154126,0.9225156307220459,0.9684353470802307,0.9315515160560608,0.23801445960998535
sharpxr,mid,Bacterial,433,33.40857038678229,0.8932375311851501,0.9652643203735352,0.9124183654785156,0.2866995632648468
sharpxr,mid,Bacterial,434,34.276116475403086,0.9148104190826416,0.9702461361885071,0.9254500865936279,0.24129506945610046
sharpxr,mid,Bacterial,435,33.237967582306766,0.9071645140647888,0.9698705077171326,0.9228107333183289,0.24016112089157104
sharpxr,mid,Bacterial,436,32.869020921615444,0.9022887945175171,0.9722521901130676,0.92442387342453,0.17553088068962097
sharpxr,mid,Bacterial,437,35.60640926962985,0.9191830158233643,0.9670187830924988,0.9297613501548767,0.2164863497018814
sharpxr,mid,Bacterial,438,32.42586124643847,0.8790928721427917,0.9556134343147278,0.9044382572174072,0.28142696619033813
sharpxr,mid,Bacterial,439,34.079685969048235,0.9055237770080566,0.9677026867866516,0.9215507507324219,0.2695687413215637
sharpxr,mid,Bacterial,440,32.99143844938148,0.8959762454032898,0.9690473675727844,0.9207058548927307,0.2591540515422821
sharpxr,mid,Bacterial,441,32.67279200926854,0.8874958157539368,0.9626791477203369,0.917452871799469,0.24098485708236694
sharpxr,mid,Bacterial,442,34.989737959731464,0.9230847358703613,0.973031759262085,0.9315927028656006,0.23465363681316376
sharpxr,mid,Bacterial,443,34.650786053887984,0.9151157140731812,0.9619240760803223,0.9268991947174072,0.2579580545425415
sharpxr,mid,Bacterial,444,34.07239164103426,0.9127155542373657,0.9720888137817383,0.9269704222679138,0.2466529756784439
sharpxr,mid,Bacterial,445,34.597934863097954,0.9147124886512756,0.9668954610824585,0.9258627891540527,0.2861676812171936
sharpxr,mid,Bacterial,446,33.809598794439054,0.9138401746749878,0.967286229133606,0.9223563075065613,0.28778260946273804
sharpxr,mid,Bacterial,447,35.37668697705315,0.9175488948822021,0.9706860184669495,0.9205670356750488,0.2896343171596527
sharpxr,mid,Bacterial,448,35.004350639821496,0.9180675745010376,0.9724721908569336,0.9323468208312988,0.31703704595565796
sharpxr,mid,Bacterial,449,33.164510989827384,0.8775413632392883,0.9623464345932007,0.9148029088973999,0.2521519064903259
sharpxr,mid,Bacterial,450,33.318599497999,0.9052941203117371,0.9668367505073547,0.9230319261550903,0.2574448585510254
sharpxr,mid,Bacterial,451,32.07375269423051,0.8732718229293823,0.9601148962974548,0.9100049734115601,0.21960654854774475
sharpxr,mid,Bacterial,452,33.082668727299655,0.8994684815406799,0.9613908529281616,0.920204758644104,0.26313233375549316
sharpxr,mid,Bacterial,453,35.2525379003873,0.9256379008293152,0.968381404876709,0.9312964677810669,0.24859793484210968
sharpxr,mid,Bacterial,454,33.350289749500575,0.915232241153717,0.9701041579246521,0.9294741153717041,0.2500237822532654
sharpxr,mid,Bacterial,455,35.37167247590352,0.9252596497535706,0.9653984308242798,0.9325131177902222,0.2759350538253784
sharpxr,mid,Bacterial,456,31.737686583158677,0.8575322031974792,0.95199054479599,0.9087994694709778,0.27416539192199707
sharpxr,mid,Bacterial,457,34.79747560213396,0.9181873798370361,0.9654361605644226,0.9263877868652344,0.2861163318157196
sharpxr,mid,Bacterial,458,34.918860642172625,0.9317728281021118,0.9715743064880371,0.9319745898246765,0.25306737422943115
sharpxr,mid,Bacterial,459,35.806421951489035,0.9348626732826233,0.9723003506660461,0.9340428709983826,0.265353262424469
sharpxr,mid,Bacterial,460,34.094168072108666,0.9095028042793274,0.9696043729782104,0.9279146790504456,0.22847826778888702
sharpxr,mid,Bacterial,461,33.88397511316757,0.9169224500656128,0.973146915435791,0.9301639795303345,0.20859818160533905
sharpxr,mid,Bacterial,462,32.968344827017624,0.8904967904090881,0.9660179615020752,0.9221319556236267,0.21171830594539642
sharpxr,mid,Bacterial,463,35.04615246306384,0.9179248213768005,0.9633904695510864,0.9250317215919495,0.2789621353149414
sharpxr,mid,Bacterial,464,33.548525539836604,0.9025183916091919,0.9670974612236023,0.9213890433311462,0.2475339025259018
sharpxr,mid,Bacterial,465,34.786563477531175,0.916808009147644,0.9683822393417358,0.9303942322731018,0.2637914717197418
sharpxr,mid,Bacterial,466,33.85966979472529,0.9022290706634521,0.9631472229957581,0.9211084842681885,0.27996087074279785
sharpxr,mid,Bacterial,467,34.04295399887511,0.8929866552352905,0.9635158777236938,0.9140933752059937,0.3314248025417328
sharpxr,mid,Bacterial,468,34.41908111672444,0.9206398725509644,0.9687952399253845,0.9327822923660278,0.22393099963665009
sharpxr,mid,Bacterial,469,35.10744843370152,0.9177078604698181,0.9672027826309204,0.9204184412956238,0.2747715413570404
sharpxr,mid,Bacterial,470,33.69323289730004,0.9117128252983093,0.9614441990852356,0.9194260239601135,0.2752315402030945
sharpxr,mid,Bacterial,471,33.07838084100287,0.8862172961235046,0.9623002409934998,0.9178413152694702,0.21379394829273224
sharpxr,mid,Bacterial,472,33.49714619425514,0.8996224403381348,0.967195987701416,0.9234449863433838,0.20105412602424622
sharpxr,mid,Bacterial,473,30.983675415867804,0.8801153898239136,0.9581099152565002,0.9057499170303345,0.29337549209594727
sharpxr,mid,Bacterial,474,32.77557865392917,0.9086886048316956,0.9695494174957275,0.926872968673706,0.25252920389175415
sharpxr,mid,Bacterial,475,31.651389517232253,0.8705894351005554,0.9616432785987854,0.9059888124465942,0.23450160026550293
sharpxr,mid,Viral,476,33.50443587978635,0.9046094417572021,0.9698026180267334,0.931566596031189,0.2551025152206421
sharpxr,mid,Viral,477,33.82004396654522,0.9164441823959351,0.9729164838790894,0.9358890652656555,0.21890577673912048
sharpxr,mid,Viral,478,33.57198835841972,0.909601092338562,0.9687197804450989,0.9366195797920227,0.22951854765415192
sharpxr,mid,Viral,479,34.29527592037581,0.9098343253135681,0.9705122709274292,0.9249856472015381,0.23644042015075684
sharpxr,mid,Viral,480,35.213141895929574,0.9230369925498962,0.9634742140769958,0.9246701002120972,0.30449843406677246
sharpxr,mid,Viral,481,33.63768816986182,0.9193017482757568,0.9712570309638977,0.9306458830833435,0.26334792375564575
sharpxr,mid,Viral,482,32.4422553833793,0.8760277032852173,0.9583420753479004,0.9070386290550232,0.24173694849014282
sharpxr,mid,Viral,483,34.14883115017257,0.9116849899291992,0.9608567953109741,0.9234160780906677,0.26827147603034973
sharpxr,mid,Viral,484,33.47891943597015,0.9132749438285828,0.9583775997161865,0.91727215051651,0.30774417519569397
sharpxr,mid,Viral,485,33.948862076517976,0.9046726226806641,0.966159999370575,0.9258326292037964,0.2688440680503845
sharpxr,mid,Viral,486,34.45415381768547,0.9027209877967834,0.9583761692047119,0.9176250696182251,0.30776533484458923
sharpxr,mid,Viral,487,34.3480631857269,0.9056021571159363,0.9682549238204956,0.9247275590896606,0.24927976727485657
sharpxr,mid,Viral,488,33.765272296215485,0.9144296050071716,0.9746993780136108,0.933781623840332,0.20464912056922913
sharpxr,mid,Viral,489,34.33636176825579,0.9127868413925171,0.9712591171264648,0.9344766139984131,0.22695131599903107
sharpxr,mid,Viral,490,33.64014000543162,0.8951170444488525,0.9615091681480408,0.9173138737678528,0.2923247218132019
sharpxr,mid,Viral,491,33.32696909455159,0.8969797492027283,0.9652908444404602,0.9238516092300415,0.26409271359443665
sharpxr,mid,Viral,492,33.280284769752924,0.897628128528595,0.9684264063835144,0.9253332614898682,0.25472041964530945
sharpxr,mid,Viral,493,33.56572111745684,0.9025364518165588,0.9682308435440063,0.9259816408157349,0.2399892508983612
sharpxr,mid,Viral,494,33.61173125594915,0.898641049861908,0.9683747887611389,0.9256060719490051,0.2529200315475464
sharpxr,mid,Viral,495,33.069087921453324,0.9002397656440735,0.9694303870201111,0.9273090958595276,0.22386674582958221
sharpxr,mid,Viral,496,34.13266578577176,0.8980041742324829,0.9659831523895264,0.9197785258293152,0.2938445508480072
sharpxr,mid,Viral,497,33.86417213122628,0.9200192093849182,0.974330484867096,0.9350780248641968,0.1989355981349945
sharpxr,mid,Viral,498,34.54827985389884,0.9153448939323425,0.9724044799804688,0.9349962472915649,0.24490846693515778
sharpxr,mid,Viral,499,34.47342780768865,0.9024109840393066,0.9647284746170044,0.9214677810668945,0.24203409254550934
sharpxr,mid,Viral,500,33.22243242038299,0.8827589154243469,0.9620821475982666,0.9163689613342285,0.28851157426834106
sharpxr,mid,Viral,501,32.81033459365383,0.8968862295150757,0.9701594114303589,0.9236001968383789,0.20127440989017487
sharpxr,mid,Viral,502,33.861621905108564,0.907742977142334,0.9683379530906677,0.9316095113754272,0.22907984256744385
sharpxr,mid,Viral,503,33.453269289371825,0.9092572331428528,0.9707009196281433,0.9314014315605164,0.22688359022140503
sharpxr,mid,Viral,504,33.28443133338453,0.8996343016624451,0.9710805416107178,0.9245297312736511,0.25322943925857544
sharpxr,mid,Viral,505,34.46652557881591,0.914036750793457,0.9729156494140625,0.9306591749191284,0.2150554358959198
sharpxr,mid,Viral,506,33.431343461912704,0.888043224811554,0.9646087884902954,0.9175074696540833,0.2568756937980652
sharpxr,mid,Viral,507,32.18939832997107,0.8754578828811646,0.9598358869552612,0.9073771834373474,0.2500467598438263
sharpxr,mid,Viral,508,34.853866748724144,0.9115452170372009,0.9666855335235596,0.9263397455215454,0.28946453332901
sharpxr,mid,Viral,509,32.83265824613504,0.891295313835144,0.9674235582351685,0.9154218435287476,0.254169762134552
sharpxr,mid,Viral,510,30.95570804670601,0.8795022368431091,0.9595766663551331,0.9119390249252319,0.24572476744651794
sharpxr,mid,Viral,511,33.477278886259086,0.9102582931518555,0.9703353047370911,0.9336061477661133,0.20968303084373474
sharpxr,mid,Viral,512,35.429759307468835,0.9189530611038208,0.9700078964233398,0.9342403411865234,0.24766504764556885
sharpxr,mid,Viral,513,32.771736974288864,0.9029117226600647,0.9682775735855103,0.9258322715759277,0.25766870379447937
sharpxr,mid,Viral,514,32.6455209748898,0.9031006097793579,0.9701182842254639,0.922516942024231,0.20641237497329712
sharpxr,mid,Viral,515,34.1329734976639,0.9073436856269836,0.9711002707481384,0.9243971705436707,0.2539583444595337
sharpxr,mid,Viral,516,34.58061073287133,0.9121140837669373,0.9696094393730164,0.9310071468353271,0.24033278226852417
sharpxr,mid,Viral,517,33.03640304346805,0.8968534469604492,0.9670236706733704,0.9235561490058899,0.2542537748813629
sharpxr,mid,Viral,518,32.60816097649997,0.8902816772460938,0.9700517654418945,0.9179993867874146,0.19868044555187225
sharpxr,mid,Viral,519,35.10265457521292,0.9338437914848328,0.9772379398345947,0.9483779668807983,0.18664689362049103
sharpxr,mid,Viral,520,34.412179124535854,0.918067991733551,0.971512496471405,0.9357895255088806,0.2421087622642517
sharpxr,mid,Viral,521,34.261722911386485,0.9217143654823303,0.9731947183609009,0.9338966012001038,0.20624925196170807
sharpxr,mid,Viral,522,34.610340726985754,0.9211828112602234,0.9763937592506409,0.9354438781738281,0.21669833362102509
sharpxr,mid,Viral,523,35.0118990979409,0.9185242652893066,0.9739788770675659,0.9377722144126892,0.2556312084197998
sharpxr,mid,Viral,524,34.920788449728974,0.9195367693901062,0.9720596075057983,0.935498833656311,0.2859172224998474
sharpxr,mid,Viral,525,34.93846815396263,0.9229414463043213,0.9728158116340637,0.9378177523612976,0.2312251776456833
sharpxr,mid,Viral,526,34.32451354261404,0.903115451335907,0.9658653736114502,0.925690770149231,0.2898631691932678
sharpxr,mid,Viral,527,33.8822573447029,0.8913173079490662,0.9597215056419373,0.9127993583679199,0.3165891766548157
sharpxr,mid,Viral,528,33.882634033528774,0.9066771864891052,0.968639612197876,0.9256736636161804,0.25197723507881165
sharpxr,mid,Viral,529,31.996473169425876,0.8436328768730164,0.955745279788971,0.8965877294540405,0.2880209684371948
sharpxr,mid,Viral,530,34.172666598740086,0.9085547924041748,0.9696894288063049,0.9316472411155701,0.24441324174404144
sharpxr,mid,Viral,531,33.98000409689797,0.9179286956787109,0.9718834161758423,0.9321051836013794,0.21857492625713348
sharpxr,mid,Viral,532,33.84030574513238,0.9098841547966003,0.9636956453323364,0.9261096119880676,0.2572215497493744
sharpxr,mid,Viral,533,33.68426428996818,0.9083693623542786,0.9695959091186523,0.927436888217926,0.2252770960330963
sharpxr,mid,Viral,534,32.23728935910164,0.8894850611686707,0.9659588932991028,0.9221121072769165,0.26258623600006104
sharpxr,mid,Viral,535,33.24730127414435,0.9059343934059143,0.9667900204658508,0.9263716340065002,0.23400291800498962
sharpxr,mid,Viral,536,34.61303126959165,0.9056971669197083,0.9641292095184326,0.9184793829917908,0.2905920147895813
sharpxr,mid,Viral,537,33.17060566514654,0.8902872800827026,0.9676492810249329,0.9183018803596497,0.3120611906051636
sharpxr,mid,Viral,538,34.945269337453674,0.9135972261428833,0.9695711731910706,0.9281952381134033,0.308845579624176
sharpxr,mid,Viral,539,33.93255625606656,0.9188030362129211,0.9743330478668213,0.934542179107666,0.1878393292427063
sharpxr,mid,Viral,540,34.10387875559551,0.910291314125061,0.9740066528320312,0.9304332137107849,0.22509658336639404
sharpxr,mid,Viral,541,33.45621327202872,0.9033434391021729,0.9705487489700317,0.9292805790901184,0.23055408895015717
sharpxr,mid,Viral,542,35.01317422011033,0.9274231791496277,0.9769507646560669,0.9389562606811523,0.21720212697982788
sharpxr,mid,Viral,543,35.66235425260957,0.9302716255187988,0.9672896265983582,0.9299811720848083,0.2853212058544159
sharpxr,mid,Viral,544,32.79616915824774,0.9058453440666199,0.9734333157539368,0.9211298227310181,0.22414705157279968
sharpxr,mid,Viral,545,33.05163735804922,0.9083260893821716,0.972618579864502,0.9257507920265198,0.22990262508392334
sharpxr,mid,Viral,546,34.73834066567263,0.912347674369812,0.9681817889213562,0.9267680644989014,0.2751644253730774
sharpxr,mid,Viral,547,34.52807202069618,0.9106093645095825,0.9651002287864685,0.9259233474731445,0.27276313304901123
sharpxr,mid,Viral,548,33.05384344568483,0.9010425209999084,0.9655994176864624,0.9234125018119812,0.24506984651088715
sharpxr,mid,Viral,549,35.78463821539754,0.9099227786064148,0.970242977142334,0.9238018989562988,0.3035750687122345
sharpxr,mid,Viral,550,35.79993849250502,0.9109258651733398,0.9704614877700806,0.9239068627357483,0.29724621772766113
sharpxr,mid,Viral,551,33.630110318013365,0.904601514339447,0.9720974564552307,0.9261864423751831,0.2513939142227173
sharpxr,mid,Viral,552,34.44788503566856,0.9225239157676697,0.968833863735199,0.9333824515342712,0.2636408805847168
sharpxr,mid,Viral,553,34.72830727137976,0.9206088185310364,0.97002774477005,0.927140474319458,0.23642736673355103
sharpxr,mid,Viral,554,33.499907572807864,0.9010582566261292,0.9665696620941162,0.9277191162109375,0.25391173362731934
sharpxr,mid,Viral,555,33.2219411059097,0.9080812335014343,0.9708875417709351,0.9309924244880676,0.22223827242851257
sharpxr,mid,Viral,556,33.75944511519682,0.9015963077545166,0.9667091369628906,0.9258988499641418,0.22316980361938477
sharpxr,mid,Viral,557,34.46448849389105,0.9052824974060059,0.9692124724388123,0.9217172861099243,0.24907851219177246
sharpxr,mid,Viral,558,33.81496579919399,0.9136813282966614,0.9718728065490723,0.9295862913131714,0.23438230156898499
sharpxr,mid,Viral,559,34.71930216332077,0.9028390645980835,0.95989990234375,0.9212123155593872,0.3115503787994385
sharpxr,mid,Viral,560,34.81404701501733,0.9163700342178345,0.9683231115341187,0.9329537153244019,0.24313877522945404
sharpxr,mid,Viral,561,33.650929966531166,0.9083596467971802,0.9689644575119019,0.9231701493263245,0.22092695534229279
sharpxr,mid,Viral,562,34.31303876247028,0.9176822304725647,0.9739779233932495,0.9332693815231323,0.21755266189575195
sharpxr,mid,Viral,563,33.829077926412275,0.906458854675293,0.970008909702301,0.930421769618988,0.21641996502876282
sharpxr,mid,Viral,564,34.125227758910476,0.9154958724975586,0.9690638184547424,0.9343157410621643,0.24195700883865356
sharpxr,mid,Viral,565,34.56314976411732,0.9154458045959473,0.9703362584114075,0.9280386567115784,0.2700510621070862
sharpxr,mid,Viral,566,33.348699527925376,0.907208263874054,0.9728327393531799,0.9310370087623596,0.24116156995296478
sharpxr,mid,Viral,567,34.017888871953474,0.9230949282646179,0.9757018089294434,0.9383563995361328,0.21468669176101685
sharpxr,mid,Viral,568,33.42006159104517,0.9070887565612793,0.9718850255012512,0.9267692565917969,0.23303943872451782
sharpxr,mid,Viral,569,33.429954943460096,0.8887222409248352,0.9641663432121277,0.9183323979377747,0.29742881655693054
sharpxr,mid,Viral,570,33.227181206802136,0.9076184034347534,0.9697911739349365,0.930412769317627,0.21527570486068726
sharpxr,mid,Viral,571,34.28718632355428,0.909843921661377,0.970944344997406,0.9314398169517517,0.22195324301719666
sharpxr,mid,Viral,572,33.27347617233939,0.8936340808868408,0.9642567038536072,0.9193873405456543,0.27308112382888794
sharpxr,mid,Viral,573,33.893366539073014,0.9097982048988342,0.9696931838989258,0.9320441484451294,0.20829389989376068
sharpxr,mid,Viral,574,35.31209480284835,0.930422306060791,0.9661222696304321,0.9413987398147583,0.2825973629951477
sharpxr,mid,Viral,575,34.295638874265805,0.919089138507843,0.9744812250137329,0.9343645572662354,0.21719691157341003
sharpxr,mid,Viral,576,33.81691678614901,0.9098451137542725,0.969452977180481,0.9298982620239258,0.24647241830825806
sharpxr,mid,Viral,577,32.99697730377042,0.9062620997428894,0.962517499923706,0.9268377423286438,0.25859302282333374
sharpxr,mid,Viral,578,35.002349396185316,0.9226210117340088,0.9751068949699402,0.93930983543396,0.21045635640621185
sharpxr,mid,Viral,579,33.592955804177386,0.914773166179657,0.9734867215156555,0.9312998056411743,0.20043441653251648
sharpxr,mid,Viral,580,33.88946923793101,0.9199497103691101,0.9727426767349243,0.9368913769721985,0.211357980966568
sharpxr,mid,Viral,581,33.86026157674421,0.9208508133888245,0.9759413599967957,0.9349921345710754,0.19573275744915009
sharpxr,mid,Viral,582,33.58478779267437,0.9007453918457031,0.9673309922218323,0.9232492446899414,0.25160908699035645
sharpxr,mid,Viral,583,33.871670281627516,0.8984271287918091,0.9610884785652161,0.9191232919692993,0.251593679189682
sharpxr,mid,Viral,584,34.99256127889296,0.9082000851631165,0.967261791229248,0.9230765700340271,0.29058369994163513
sharpxr,mid,Viral,585,34.96177879049804,0.9199365973472595,0.9739269614219666,0.9352282285690308,0.24878299236297607
sharpxr,mid,Viral,586,34.02274058523108,0.8961073756217957,0.9624977707862854,0.9144005179405212,0.28778257966041565
sharpxr,mid,Viral,587,34.819945345500585,0.913428544998169,0.964672863483429,0.917933464050293,0.2615618109703064
sharpxr,mid,Viral,588,33.280298758118796,0.8919938206672668,0.9671345949172974,0.9191941618919373,0.26174068450927734
sharpxr,mid,Viral,589,30.921985595568657,0.8618265390396118,0.9622282385826111,0.9088165760040283,0.20498502254486084
sharpxr,mid,Viral,590,33.59737329087968,0.9080749750137329,0.9707984328269958,0.9244848489761353,0.2400461882352829
sharpxr,mid,Viral,591,33.19000600230067,0.9087991118431091,0.9726434350013733,0.9310096502304077,0.20765750110149384
sharpxr,mid,Viral,592,33.51972029093535,0.9216927886009216,0.9773974418640137,0.9330906867980957,0.1976083517074585
sharpxr,mid,Viral,593,35.00547626951097,0.8933101892471313,0.9579426050186157,0.9128698110580444,0.22905686497688293
sharpxr,mid,Viral,594,35.05757965167493,0.918130099773407,0.9725064635276794,0.937503457069397,0.24109508097171783
sharpxr,mid,Viral,595,34.75800166591136,0.9176579713821411,0.9699110388755798,0.9295638799667358,0.22797131538391113
sharpxr,mid,Viral,596,34.126856742537576,0.9063951969146729,0.9607309103012085,0.9273295402526855,0.3106112480163574
sharpxr,mid,Viral,597,33.86121167080664,0.9093537330627441,0.9685048460960388,0.9308334589004517,0.25538939237594604
sharpxr,mid,Viral,598,32.56890805552245,0.8978313207626343,0.9654690623283386,0.9227033853530884,0.2677363157272339
sharpxr,mid,Viral,599,33.11140974084915,0.8984116315841675,0.9732624888420105,0.929084300994873,0.2050524353981018
sharpxr,mid,Viral,600,33.75518113414223,0.9020259976387024,0.9651975631713867,0.9254387021064758,0.24621888995170593
sharpxr,mid,Viral,601,34.645247346904696,0.9170678853988647,0.9732598662376404,0.9363654851913452,0.24639981985092163
sharpxr,mid,Viral,602,33.450073297146815,0.909863293170929,0.9724764227867126,0.9308345317840576,0.23499861359596252
sharpxr,mid,Viral,603,33.59428436666438,0.9163244962692261,0.970005989074707,0.9320712089538574,0.23445193469524384
sharpxr,mid,Viral,604,34.05649493028628,0.9229478240013123,0.9746017456054688,0.9370402097702026,0.20836755633354187
sharpxr,mid,Viral,605,34.67169522387288,0.9175509214401245,0.9767438173294067,0.9304426908493042,0.24329620599746704
sharpxr,mid,Viral,606,34.33625301945798,0.9060134887695312,0.969957709312439,0.9296592473983765,0.2596851587295532
sharpxr,mid,Viral,607,34.718745044549394,0.916615903377533,0.9722148180007935,0.9381293654441833,0.2255288064479828
sharpxr,mid,Viral,608,34.767739852975936,0.9189141988754272,0.964447557926178,0.9273215532302856,0.28026556968688965
sharpxr,mid,Viral,609,34.51520648233738,0.9234794974327087,0.9609493613243103,0.9332317113876343,0.25849905610084534
sharpxr,mid,Viral,610,35.246733792585104,0.9240090847015381,0.9726685285568237,0.9359504580497742,0.24050673842430115
sharpxr,mid,Viral,611,32.98381268378058,0.9053914546966553,0.9682350158691406,0.9274133443832397,0.2172413021326065
sharpxr,mid,Viral,612,32.800151499726134,0.8957012295722961,0.9710069298744202,0.9247097969055176,0.2348894625902176
sharpxr,mid,Viral,613,33.94827754989159,0.9089014530181885,0.9713748097419739,0.9340236186981201,0.2347314953804016
sharpxr,mid,Viral,614,34.50822117003586,0.9153221845626831,0.9686504602432251,0.932320237159729,0.2699379026889801
sharpxr,mid,Viral,615,34.936181532128415,0.9140896797180176,0.9715748429298401,0.9269628524780273,0.24218443036079407
sharpxr,mid,Viral,616,34.646359902615444,0.9196277260780334,0.9736879467964172,0.9305640459060669,0.2392154335975647
sharpxr,mid,Viral,617,33.786300435536084,0.8997354507446289,0.963211178779602,0.9249165654182434,0.27068251371383667
sharpxr,mid,Viral,618,33.23214269855874,0.8998498916625977,0.9663577675819397,0.9244350790977478,0.24144859611988068
sharpxr,mid,Viral,619,33.490276676531025,0.8995517492294312,0.9667470455169678,0.9265230298042297,0.23636630177497864
sharpxr,mid,Viral,620,33.66709814474114,0.9116915464401245,0.9733524918556213,0.9316463470458984,0.2187855988740921
sharpxr,mid,Viral,621,35.8183971907347,0.9281633496284485,0.9676658511161804,0.9373297095298767,0.3022928535938263
sharpxr,mid,Viral,622,34.075746169444855,0.9084707498550415,0.9681469202041626,0.9315126538276672,0.2418903112411499
sharpxr,mid,Viral,623,34.19202246040215,0.9074946045875549,0.9715739488601685,0.9278414249420166,0.2374766618013382
nafnet,high,Normal,0,31.595179287609252,0.8767986297607422,0.9569740295410156,0.9139236211776733,0.21464359760284424
nafnet,high,Normal,1,30.479014352248054,0.832527220249176,0.9473353028297424,0.8882112503051758,0.26314234733581543
nafnet,high,Normal,2,31.18619311162986,0.8736697435379028,0.9586443305015564,0.9069101810455322,0.22652667760849
nafnet,high,Normal,3,32.22950362878918,0.9075934290885925,0.9703463315963745,0.9272301197052002,0.19629552960395813
nafnet,high,Normal,4,31.175184749539945,0.8310965299606323,0.9374890923500061,0.8893790245056152,0.278463214635849
nafnet,high,Normal,5,32.673066606080404,0.9022941589355469,0.9704020023345947,0.9256225824356079,0.21823836863040924
nafnet,high,Normal,6,32.196765721631294,0.8826019167900085,0.956730842590332,0.918097734451294,0.248304083943367
nafnet,high,Normal,7,32.62137490930548,0.9038650393486023,0.9664614200592041,0.9255057573318481,0.22937963902950287
nafnet,high,Normal,8,30.73264841808701,0.877270519733429,0.9591355919837952,0.9197725057601929,0.211706280708313
nafnet,high,Normal,9,31.092737967758378,0.8588293790817261,0.9567492604255676,0.9132043719291687,0.24230988323688507
nafnet,high,Normal,10,31.89901235898236,0.8970917463302612,0.9698604345321655,0.926388144493103,0.18714264035224915
nafnet,high,Normal,11,31.85420051274601,0.8672447800636292,0.9600426554679871,0.9134494662284851,0.24787400662899017
nafnet,high,Normal,12,31.9790998703666,0.8689348101615906,0.9562993049621582,0.9007821679115295,0.2537158727645874
nafnet,high,Normal,13,32.995215548731466,0.8898535370826721,0.9549904465675354,0.9184654951095581,0.23379024863243103
nafnet,high,Normal,14,31.868729877133873,0.8680453300476074,0.9486362338066101,0.9318812489509583,0.21160277724266052
nafnet,high,Normal,15,31.173297476282347,0.852415144443512,0.9505749940872192,0.8980430364608765,0.28221654891967773
nafnet,high,Normal,16,32.36379932019425,0.8899853229522705,0.9567123651504517,0.9172735214233398,0.25902706384658813
nafnet,high,Normal,17,32.16760944664764,0.8796387314796448,0.959895133972168,0.9088184237480164,0.22451722621917725
nafnet,high,Normal,18,31.606061618223045,0.8755709528923035,0.9632352590560913,0.9109300971031189,0.20007210969924927
nafnet,high,Normal,19,32.585681679360036,0.895038902759552,0.9679329991340637,0.9248439073562622,0.22490471601486206
nafnet,high,Normal,20,33.555211323915074,0.9209916591644287,0.9736950993537903,0.9324602484703064,0.1910262107849121
nafnet,high,Normal,21,32.193840976789105,0.8916288614273071,0.9647167325019836,0.9225707650184631,0.20355641841888428
nafnet,high,Normal,22,32.73945383106286,0.8914737105369568,0.9653480052947998,0.9179990887641907,0.23363278806209564
nafnet,high,Normal,23,30.311031673122677,0.8097895979881287,0.9282829165458679,0.8742239475250244,0.3457357883453369
nafnet,high,Normal,24,31.440191598871742,0.8702078461647034,0.9606746435165405,0.9086737036705017,0.24080076813697815
nafnet,high,Normal,25,32.01120885142729,0.8987710475921631,0.9681309461593628,0.9200003743171692,0.19745075702667236
nafnet,high,Normal,26,30.610932333983808,0.8595104813575745,0.9605283141136169,0.9055747985839844,0.21787574887275696
nafnet,high,Normal,27,30.377516478906983,0.8540109395980835,0.9520962238311768,0.8958629369735718,0.24643981456756592
nafnet,high,Normal,28,32.46179364385875,0.897509753704071,0.9647253155708313,0.9229350686073303,0.2269664704799652
nafnet,high,Normal,29,31.797346598275453,0.875647246837616,0.9564218521118164,0.9101241230964661,0.2716514468193054
nafnet,high,Normal,30,30.555565378164268,0.8215159773826599,0.9374648928642273,0.8844954371452332,0.27011245489120483
nafnet,high,Normal,31,31.799631175574987,0.8901342749595642,0.9674770832061768,0.9172449707984924,0.2111169397830963
nafnet,high,Normal,32,30.495638852558535,0.8518316745758057,0.9468867778778076,0.9005858898162842,0.24637845158576965
nafnet,high,Normal,33,29.97660075090943,0.8270597457885742,0.945148766040802,0.8832408785820007,0.26778993010520935
nafnet,high,Normal,34,30.418537476741115,0.8593145608901978,0.9639975428581238,0.9042591452598572,0.21501222252845764
nafnet,high,Normal,35,31.888238418253287,0.8794466853141785,0.9630748629570007,0.9154129028320312,0.21857941150665283
nafnet,high,Normal,36,32.817037638227255,0.9105077385902405,0.9631102681159973,0.929534375667572,0.17929786443710327
nafnet,high,Normal,37,33.1087346027487,0.9102213978767395,0.9627532362937927,0.9259710907936096,0.2793527841567993
nafnet,high,Normal,38,31.304892457076402,0.8817649483680725,0.9619970917701721,0.917242705821991,0.20472170412540436
nafnet,high,Normal,39,29.793078708718987,0.8344084024429321,0.9464464783668518,0.8869171738624573,0.2417181432247162
nafnet,high,Normal,40,31.633053385713048,0.8840840458869934,0.959869384765625,0.9118902087211609,0.22327399253845215
nafnet,high,Normal,41,32.35412023788231,0.8826295137405396,0.9600660800933838,0.9150904417037964,0.23523209989070892
nafnet,high,Normal,42,29.686682356467827,0.8273938894271851,0.9476276636123657,0.8858156204223633,0.25728726387023926
nafnet,high,Normal,43,31.547997870298765,0.8766013979911804,0.9612646698951721,0.9045867919921875,0.21869949996471405
nafnet,high,Normal,44,31.345110790479133,0.8700658082962036,0.9524322748184204,0.9041709899902344,0.22509942948818207
nafnet,high,Normal,45,30.978878832910638,0.860065221786499,0.9556288123130798,0.9074158072471619,0.24223023653030396
nafnet,high,Normal,46,33.307596086115055,0.878110945224762,0.9484424591064453,0.9061058163642883,0.27281978726387024
nafnet,high,Normal,47,30.44851367719233,0.8677286505699158,0.9612662196159363,0.9031692743301392,0.2056484818458557
nafnet,high,Normal,48,31.174358448941796,0.8656432032585144,0.9553272128105164,0.9094855785369873,0.2333303689956665
nafnet,high,Normal,49,31.170867788757985,0.8729872703552246,0.9548580646514893,0.9072803258895874,0.22149112820625305
nafnet,high,Normal,50,31.28734556685382,0.8648030161857605,0.9608603715896606,0.9142581820487976,0.24844801425933838
nafnet,high,Normal,51,32.15627405409472,0.8774160146713257,0.9554607272148132,0.9124899506568909,0.23769505321979523
nafnet,high,Normal,52,31.484485150428796,0.8645122647285461,0.9483051896095276,0.901631236076355,0.2536335587501526
nafnet,high,Normal,53,31.500043551403436,0.8854621648788452,0.9693010449409485,0.9186554551124573,0.19042710959911346
nafnet,high,Normal,54,31.878083227985627,0.8707115650177002,0.9600511789321899,0.9153574705123901,0.24282632768154144
nafnet,high,Normal,55,32.84259201365385,0.889763593673706,0.965308666229248,0.9211271405220032,0.2137146145105362
nafnet,high,Normal,56,33.020008225267134,0.9173431992530823,0.9712172746658325,0.9335023760795593,0.23395341634750366
nafnet,high,Normal,57,31.020856090763495,0.8430730104446411,0.9481788873672485,0.890494704246521,0.2682288885116577
nafnet,high,Normal,58,31.295045244266852,0.8692892789840698,0.9604538679122925,0.9150553345680237,0.2357361614704132
nafnet,high,Normal,59,31.70628135752368,0.8823510408401489,0.9612149000167847,0.9172479510307312,0.22108006477355957
nafnet,high,Normal,60,32.186606101988104,0.881281852722168,0.9576809406280518,0.9192047715187073,0.23490369319915771
nafnet,high,Normal,61,32.281480308851044,0.9040422439575195,0.9704152345657349,0.927541196346283,0.17917653918266296
nafnet,high,Normal,62,31.413048375301557,0.8574713468551636,0.9527854919433594,0.9056147933006287,0.27498695254325867
nafnet,high,Normal,63,31.27682191980047,0.8797447681427002,0.9647241830825806,0.9188356995582581,0.20775853097438812
nafnet,high,Normal,64,32.29822947051715,0.88774174451828,0.963691771030426,0.9140061736106873,0.21873396635055542
nafnet,high,Normal,65,30.26549338111124,0.863610029220581,0.9592831134796143,0.912539005279541,0.21113671362400055
nafnet,high,Normal,66,29.854336660431528,0.8186390399932861,0.9385751485824585,0.8848494291305542,0.27678346633911133
nafnet,high,Normal,67,30.079381349695986,0.838874876499176,0.9508197903633118,0.8930684328079224,0.25333094596862793
nafnet,high,Normal,68,29.497494526939867,0.8133772015571594,0.9378020763397217,0.8815380334854126,0.2780270278453827
nafnet,high,Normal,69,30.823622702176372,0.8503756523132324,0.9483031034469604,0.8928497433662415,0.27578017115592957
nafnet,high,Normal,70,33.3245440280481,0.9160816669464111,0.9714042544364929,0.9301260113716125,0.22863397002220154
nafnet,high,Normal,71,32.79712071702796,0.8737677335739136,0.9489117860794067,0.9104002118110657,0.27469906210899353
nafnet,high,Normal,72,32.301899640833895,0.889788031578064,0.9620308876037598,0.9239014387130737,0.22762441635131836
nafnet,high,Normal,73,32.89724872210831,0.9014312624931335,0.9644337892532349,0.9259929060935974,0.2075490653514862
nafnet,high,Normal,74,31.758599441985705,0.8848189115524292,0.9500047564506531,0.9040101170539856,0.3227780759334564
nafnet,high,Normal,75,30.55452206504215,0.8573578000068665,0.9487487077713013,0.8997775316238403,0.24920587241649628
nafnet,high,Normal,76,30.188597585218858,0.8407416939735413,0.9449413418769836,0.8837713599205017,0.27419736981391907
nafnet,high,Normal,77,31.517901141578495,0.8841107487678528,0.9654203653335571,0.9171168208122253,0.18283110857009888
nafnet,high,Normal,78,32.4223833477383,0.8892955183982849,0.9579134583473206,0.9201942682266235,0.26748955249786377
nafnet,high,Normal,79,31.49442456370509,0.8800095915794373,0.9661325216293335,0.9197410941123962,0.2066335529088974
nafnet,high,Normal,80,32.381105802557954,0.8751254677772522,0.9494418501853943,0.9090697765350342,0.2837892174720764
nafnet,high,Normal,81,32.399910315709725,0.8889320492744446,0.9647150635719299,0.9226155877113342,0.22389931976795197
nafnet,high,Normal,82,30.56465613310886,0.8449044227600098,0.9485425353050232,0.8947666883468628,0.24685251712799072
nafnet,high,Normal,83,31.164816368619523,0.8737363219261169,0.960648238658905,0.9124839901924133,0.218725323677063
nafnet,high,Normal,84,31.4624622686731,0.8753432035446167,0.9663023352622986,0.9213005304336548,0.21905812621116638
nafnet,high,Normal,85,33.67671001650581,0.9119986295700073,0.9699438214302063,0.9246924519538879,0.24387621879577637
nafnet,high,Normal,86,32.00936912330961,0.8881328701972961,0.965768575668335,0.91652911901474,0.20517003536224365
nafnet,high,Normal,87,32.60344973147135,0.8896632790565491,0.9642490744590759,0.9202515482902527,0.21345500648021698
nafnet,high,Normal,88,30.579138204456825,0.8732216358184814,0.9596131443977356,0.9125046730041504,0.2310667634010315
nafnet,high,Normal,89,32.31433660372868,0.8801134824752808,0.9569610953330994,0.9148937463760376,0.24401411414146423
nafnet,high,Normal,90,31.355060567809474,0.8804185390472412,0.9622707962989807,0.9154475927352905,0.2062976062297821
nafnet,high,Normal,91,30.61843202872222,0.8608942627906799,0.9590403437614441,0.8996885418891907,0.23037077486515045
nafnet,high,Normal,92,33.05019463867136,0.9098402857780457,0.9684780240058899,0.931303083896637,0.21627789735794067
nafnet,high,Normal,93,31.211134168684637,0.8562235236167908,0.9544127583503723,0.9084239602088928,0.25259295105934143
nafnet,high,Normal,94,32.315121021248835,0.8978676199913025,0.9651228189468384,0.9184862375259399,0.2161445915699005
nafnet,high,Normal,95,30.372505677440174,0.838596761226654,0.9447121024131775,0.8907460570335388,0.2536740303039551
nafnet,high,Normal,96,31.955614733129135,0.8774282932281494,0.9620824456214905,0.9148816466331482,0.21803562343120575
nafnet,high,Normal,97,30.320538292001316,0.8394956588745117,0.9521023631095886,0.9036351442337036,0.2518795430660248
nafnet,high,Normal,98,31.149146529500108,0.8704959750175476,0.9639490246772766,0.9130162596702576,0.20513544976711273
nafnet,high,Normal,99,31.93159999465649,0.8873125314712524,0.9643304347991943,0.9264108538627625,0.2294730693101883
nafnet,high,Normal,100,32.47513305129637,0.8807604908943176,0.9602276682853699,0.918590247631073,0.2281591296195984
nafnet,high,Normal,101,30.531323231093573,0.8551338315010071,0.9531787633895874,0.907296895980835,0.24150243401527405
nafnet,high,Normal,102,32.08398063101099,0.8885396122932434,0.9637356400489807,0.9108757376670837,0.18894585967063904
nafnet,high,Normal,103,31.870666914586614,0.8829241394996643,0.959147036075592,0.9105097055435181,0.22567889094352722
nafnet,high,Normal,104,31.241694418524606,0.8711726665496826,0.9641541242599487,0.9109640121459961,0.20781859755516052
nafnet,high,Normal,105,31.40602184227785,0.8776884078979492,0.9527756571769714,0.9223263263702393,0.21598675847053528
nafnet,high,Normal,106,32.48143318235035,0.89551842212677,0.9682939648628235,0.9217751622200012,0.1928413212299347
nafnet,high,Normal,107,31.422643394433113,0.8709604144096375,0.956926703453064,0.907691240310669,0.2191985696554184
nafnet,high,Normal,108,30.09110315229369,0.8147361874580383,0.9344004988670349,0.8729308247566223,0.29604190587997437
nafnet,high,Normal,109,30.90503554757403,0.837239682674408,0.9488203525543213,0.8947684168815613,0.26214420795440674
nafnet,high,Normal,110,31.452944985690614,0.8554732203483582,0.945935845375061,0.9042729735374451,0.25652754306793213
nafnet,high,Normal,111,32.67256654411761,0.8815503716468811,0.9555835723876953,0.907173752784729,0.2239590585231781
nafnet,high,Normal,112,30.151668697228963,0.8485474586486816,0.9511199593544006,0.8985153436660767,0.23931632936000824
nafnet,high,Normal,113,30.446652074512638,0.8298774361610413,0.9466391205787659,0.8830761909484863,0.25807327032089233
nafnet,high,Normal,114,31.491482367424783,0.8630330562591553,0.9578478336334229,0.9001055359840393,0.24644628167152405
nafnet,high,Normal,115,31.551908329659,0.8721805810928345,0.9617007374763489,0.9178488254547119,0.22229072451591492
nafnet,high,Normal,116,30.52910169364257,0.8598878383636475,0.9614539742469788,0.902972936630249,0.20591755211353302
nafnet,high,Normal,117,31.706213208353027,0.8745514154434204,0.9548527598381042,0.9135929346084595,0.22795455157756805
nafnet,high,Normal,118,31.82870254531945,0.8780648708343506,0.9622891545295715,0.911591649055481,0.21588385105133057
nafnet,high,Normal,119,33.409434935204324,0.9184166789054871,0.9695530533790588,0.935604989528656,0.2071375846862793
nafnet,high,Normal,120,31.912319780531234,0.9058448672294617,0.9689669609069824,0.9276307821273804,0.18870380520820618
nafnet,high,Normal,121,32.21218637164037,0.8852023482322693,0.9608232378959656,0.9175713062286377,0.20174047350883484
nafnet,high,Normal,122,32.40197504998819,0.8938737511634827,0.9668004512786865,0.9280885457992554,0.19268691539764404
nafnet,high,Normal,123,32.611971757045055,0.8929444551467896,0.9680867791175842,0.9213904142379761,0.19378474354743958
nafnet,high,Normal,124,31.70770412203656,0.872844398021698,0.9590937495231628,0.9075044393539429,0.22563932836055756
nafnet,high,Normal,125,30.97210730138629,0.8629822134971619,0.9630234837532043,0.9050473570823669,0.24421480298042297
nafnet,high,Normal,126,32.070451884308376,0.8692207336425781,0.9533030986785889,0.9125917553901672,0.2689140737056732
nafnet,high,Normal,127,30.40983914279268,0.8197469711303711,0.9397329688072205,0.8791921138763428,0.2907816469669342
nafnet,high,Normal,128,30.811590621129717,0.8681927919387817,0.9622918367385864,0.9054704904556274,0.22387132048606873
nafnet,high,Normal,129,31.911936971732008,0.884922206401825,0.9662735462188721,0.9192082285881042,0.2017412781715393
nafnet,high,Normal,130,31.4920558198739,0.8830399513244629,0.9675740599632263,0.9178884625434875,0.21368849277496338
nafnet,high,Normal,131,31.519499510854743,0.8760854005813599,0.9625369906425476,0.9169052839279175,0.21965529024600983
nafnet,high,Normal,132,31.03836663212276,0.8669241666793823,0.9592815041542053,0.9138590097427368,0.22477835416793823
nafnet,high,Normal,133,31.425808539235266,0.87222820520401,0.9639866352081299,0.9161869883537292,0.21533271670341492
nafnet,high,Normal,134,32.71894357051816,0.8978301882743835,0.9643459916114807,0.9199586510658264,0.22987434267997742
nafnet,high,Normal,135,32.281102863291245,0.8888481855392456,0.9598602056503296,0.9172098636627197,0.20109589397907257
nafnet,high,Normal,136,31.247000947294804,0.8838974237442017,0.9669880867004395,0.9190285205841064,0.20234891772270203
nafnet,high,Normal,137,31.222930243999123,0.8787066340446472,0.9648478031158447,0.9143874049186707,0.19499529898166656
nafnet,high,Normal,138,32.21544515345466,0.8913090229034424,0.9670171737670898,0.9230594038963318,0.20455893874168396
nafnet,high,Normal,139,30.604238347004213,0.8511354923248291,0.9567292928695679,0.9011757969856262,0.23474891483783722
nafnet,high,Normal,140,30.64396971994566,0.8484806418418884,0.9497537016868591,0.8961389064788818,0.23549804091453552
nafnet,high,Normal,141,31.591037153515856,0.8633191585540771,0.9499605298042297,0.9093326330184937,0.2598729729652405
nafnet,high,Normal,142,29.84005956243803,0.8214242458343506,0.9408866763114929,0.8870843052864075,0.2668212354183197
nafnet,high,Normal,143,32.800308056115774,0.9078744053840637,0.9689390063285828,0.9282848238945007,0.19590333104133606
nafnet,high,Normal,144,31.74263707380903,0.8841592073440552,0.9638394117355347,0.9217519760131836,0.21322759985923767
nafnet,high,Normal,145,30.783155761876788,0.8751879930496216,0.9624981880187988,0.9125438928604126,0.20062510669231415
nafnet,high,Normal,146,30.388712852300156,0.8467978239059448,0.9533641338348389,0.902319073677063,0.25508448481559753
nafnet,high,Normal,147,30.429957743768878,0.8301800489425659,0.9403939247131348,0.8862387537956238,0.26968953013420105
nafnet,high,Normal,148,31.916424825919314,0.8721768260002136,0.9556255340576172,0.9130262136459351,0.2261979877948761
nafnet,high,Normal,149,31.1645152418146,0.8689149022102356,0.9636257290840149,0.9162594079971313,0.22188980877399445
nafnet,high,Normal,150,31.296811713445805,0.8385531306266785,0.9426537156105042,0.8978027701377869,0.27749159932136536
nafnet,high,Normal,151,30.408474197402604,0.8146743774414062,0.9340411424636841,0.8840927481651306,0.279349684715271
nafnet,high,Normal,152,29.967160608397613,0.8160030245780945,0.9387297630310059,0.8764669299125671,0.2650236487388611
nafnet,high,Normal,153,32.07440353865098,0.8933438658714294,0.9660819172859192,0.9202098250389099,0.23278552293777466
nafnet,high,Normal,154,33.27407677037729,0.9075949192047119,0.9650123119354248,0.9265798330307007,0.24526828527450562
nafnet,high,Normal,155,30.858261823135884,0.8590202331542969,0.9505739212036133,0.8979313373565674,0.23136243224143982
nafnet,high,Normal,156,30.599412740795774,0.8443567156791687,0.9501323699951172,0.8918330073356628,0.2599141299724579
nafnet,high,Normal,157,32.259636556455185,0.898909330368042,0.9711772203445435,0.9221494197845459,0.18850058317184448
nafnet,high,Normal,158,31.71068935990038,0.888523519039154,0.964691162109375,0.9198221564292908,0.1912277191877365
nafnet,high,Normal,159,32.2465191550883,0.876631498336792,0.9548805952072144,0.9172453880310059,0.2652592658996582
nafnet,high,Normal,160,32.419176943315314,0.8985833525657654,0.9569400548934937,0.9187970757484436,0.2799797058105469
nafnet,high,Normal,161,32.29626965358058,0.8851664066314697,0.9631792902946472,0.9175962805747986,0.21528667211532593
nafnet,high,Normal,162,31.675523955181774,0.8917696475982666,0.9646337032318115,0.9140730500221252,0.2044532299041748
nafnet,high,Normal,163,32.34150050596509,0.89351886510849,0.9667750597000122,0.9113592505455017,0.21272310614585876
nafnet,high,Normal,164,33.44180558713357,0.9127689003944397,0.9657720327377319,0.9321036338806152,0.2814532518386841
nafnet,high,Normal,165,33.44365567947652,0.8989891409873962,0.9589197635650635,0.9115553498268127,0.29482701420783997
nafnet,high,Normal,166,33.528657327805206,0.9055212140083313,0.9697666168212891,0.9257146716117859,0.19093987345695496
nafnet,high,Normal,167,31.139290238508025,0.8415035009384155,0.9380348920822144,0.8927334547042847,0.3099253177642822
nafnet,high,Normal,168,31.28728742455234,0.8882187008857727,0.9660022854804993,0.9198663830757141,0.20050586760044098
nafnet,high,Normal,169,29.010491204164836,0.8333357572555542,0.9548975825309753,0.8936643600463867,0.22883719205856323
nafnet,high,Normal,170,31.27467061346964,0.8522895574569702,0.9537712931632996,0.8998448252677917,0.25885701179504395
nafnet,high,Normal,171,31.148718374464647,0.8473300933837891,0.9520791172981262,0.9023990631103516,0.25949910283088684
nafnet,high,Normal,172,31.746185666384008,0.8648497462272644,0.9498360753059387,0.906948447227478,0.25182288885116577
nafnet,high,Normal,173,31.051676457641815,0.8293728828430176,0.9423555731773376,0.889357328414917,0.27912697196006775
nafnet,high,Normal,174,32.70049334900672,0.8889453411102295,0.9619760513305664,0.9176275730133057,0.23885881900787354
nafnet,high,Normal,175,32.333711902204186,0.9047029614448547,0.971302330493927,0.9158723950386047,0.22310076653957367
nafnet,high,Normal,176,32.00781594098584,0.9016752243041992,0.9677757620811462,0.9235106110572815,0.19592508673667908
nafnet,high,Normal,177,30.435238739117324,0.8294726014137268,0.9431139230728149,0.8834969997406006,0.25220394134521484
nafnet,high,Normal,178,31.461962086927223,0.8624687790870667,0.9527477025985718,0.9099135398864746,0.24168874323368073
nafnet,high,Normal,179,30.300160035092127,0.8065215349197388,0.9345855712890625,0.8716500401496887,0.30882781744003296
nafnet,high,Normal,180,29.90405276284269,0.8425112366676331,0.9488493800163269,0.8907890319824219,0.24278894066810608
nafnet,high,Normal,181,32.136847377640485,0.8767017126083374,0.9568079710006714,0.9151008725166321,0.2321116328239441
nafnet,high,Normal,182,32.77486262970551,0.8881925940513611,0.9583602547645569,0.9160072803497314,0.23573675751686096
nafnet,high,Normal,183,31.534344323054455,0.8735992312431335,0.9611122012138367,0.9141826033592224,0.2302207052707672
nafnet,high,Normal,184,31.932467342003036,0.8752086162567139,0.9607335329055786,0.9176399111747742,0.22874915599822998
nafnet,high,Normal,185,32.27360307602579,0.8861997723579407,0.9632749557495117,0.9162350296974182,0.21817642450332642
nafnet,high,Normal,186,30.60914087115879,0.8405142426490784,0.9471648335456848,0.898556649684906,0.2589993476867676
nafnet,high,Normal,187,32.369808567575916,0.9017390012741089,0.9646652340888977,0.9244015216827393,0.22795811295509338
nafnet,high,Normal,188,32.3537142593589,0.876354455947876,0.9553569555282593,0.9081923365592957,0.25507214665412903
nafnet,high,Normal,189,32.13655712792944,0.8689171671867371,0.9534459710121155,0.9037513732910156,0.2604280412197113
nafnet,high,Normal,190,29.925521711571683,0.8304476737976074,0.9419208765029907,0.8852766752243042,0.264179527759552
nafnet,high,Normal,191,32.74144841354938,0.9087420701980591,0.9705742001533508,0.9254211783409119,0.19877085089683533
nafnet,high,Normal,192,33.546360243939425,0.9186298847198486,0.9656728506088257,0.9261776208877563,0.25581789016723633
nafnet,high,Normal,193,30.875341033222703,0.8698840737342834,0.9628039002418518,0.9131830334663391,0.22028383612632751
nafnet,high,Normal,194,31.27198433354088,0.8598098754882812,0.9547185301780701,0.9078415632247925,0.2356770634651184
nafnet,high,Normal,195,31.368427161511644,0.8657673597335815,0.9550982713699341,0.9086601734161377,0.22179876267910004
nafnet,high,Normal,196,31.854099396727314,0.8718528151512146,0.9544572234153748,0.9101847410202026,0.2387811690568924
nafnet,high,Normal,197,31.87983347779355,0.8852881789207458,0.964565098285675,0.916121780872345,0.21148207783699036
nafnet,high,Normal,198,32.54972280703087,0.8986132740974426,0.964052677154541,0.9205575585365295,0.2610498070716858
nafnet,high,Normal,199,30.8083926820775,0.859174907207489,0.9587740898132324,0.9016433954238892,0.21802356839179993
nafnet,high,Normal,200,31.549963857372,0.8759182095527649,0.9627830982208252,0.914414644241333,0.2264871597290039
nafnet,high,Normal,201,31.260119661123824,0.8686714172363281,0.9578545689582825,0.9083940982818604,0.23211294412612915
nafnet,high,Normal,202,30.959368837354976,0.8556320071220398,0.9489551186561584,0.906755268573761,0.252827525138855
nafnet,high,Normal,203,32.051801832844625,0.8875004053115845,0.9662348628044128,0.9230190515518188,0.20817485451698303
nafnet,high,Normal,204,31.27851346458079,0.8756387233734131,0.9608075618743896,0.9186834096908569,0.2029033899307251
nafnet,high,Normal,205,33.00127836216266,0.8961338400840759,0.9643866419792175,0.9177539348602295,0.22783046960830688
nafnet,high,Normal,206,32.913418637524515,0.8881303668022156,0.959373950958252,0.9205429553985596,0.24216940999031067
nafnet,high,Normal,207,32.24400145608206,0.8760245442390442,0.9502856135368347,0.9048241972923279,0.22517000138759613
nafnet,high,Normal,208,31.616557891109622,0.8761374950408936,0.9636390209197998,0.9170351624488831,0.21315263211727142
nafnet,high,Normal,209,30.711484082552595,0.8604085445404053,0.9596753120422363,0.9148019552230835,0.2223508059978485
nafnet,high,Normal,210,30.689044868252658,0.8331531882286072,0.9424906373023987,0.8842217326164246,0.2905157804489136
nafnet,high,Normal,211,31.81004191275474,0.8955495357513428,0.9682345986366272,0.9213377237319946,0.1834811419248581
nafnet,high,Normal,212,32.556424523791534,0.9033917188644409,0.9663729667663574,0.9217314720153809,0.22209787368774414
nafnet,high,Normal,213,32.66923925394404,0.9073211550712585,0.968670129776001,0.9227980971336365,0.22609958052635193
nafnet,high,Normal,214,31.369494276564197,0.8678756952285767,0.9568050503730774,0.9066858291625977,0.23799292743206024
nafnet,high,Normal,215,30.959978953921098,0.8282768130302429,0.9369956254959106,0.8798964619636536,0.2998735308647156
nafnet,high,Normal,216,30.923182321722223,0.8551422357559204,0.9574192762374878,0.9098090529441833,0.2251122146844864
nafnet,high,Normal,217,33.20834942894262,0.8953824639320374,0.9613685011863708,0.9184803366661072,0.2571064829826355
nafnet,high,Normal,218,30.902790572734876,0.8374505639076233,0.9447929263114929,0.8925980925559998,0.2629241943359375
nafnet,high,Normal,219,31.73434994167493,0.8862403035163879,0.9636644124984741,0.919476330280304,0.19988933205604553
nafnet,high,Normal,220,33.540704502180404,0.8960108160972595,0.9583823084831238,0.9197688102722168,0.26336830854415894
nafnet,high,Normal,221,32.038426157307846,0.8933150768280029,0.9660175442695618,0.9227195978164673,0.19054971635341644
nafnet,high,Normal,222,31.6068059366734,0.8741004467010498,0.9645147323608398,0.9110219478607178,0.20122669637203217
nafnet,high,Normal,223,30.939993805073122,0.8508639335632324,0.9495658278465271,0.9055092334747314,0.26387321949005127
nafnet,high,Normal,224,32.47577718192545,0.9069714546203613,0.9736337065696716,0.9273011684417725,0.1793040782213211
nafnet,high,Normal,225,30.280271424018906,0.8043460249900818,0.9427506327629089,0.871612012386322,0.2991037666797638
nafnet,high,Normal,226,32.506616994943414,0.8916081786155701,0.9637982249259949,0.9226768016815186,0.2200997769832611
nafnet,high,Normal,227,31.176505699219497,0.8715256452560425,0.9629977345466614,0.9143139719963074,0.2126053273677826
nafnet,high,Normal,228,32.91065020803762,0.9038506746292114,0.9690976142883301,0.9186161160469055,0.20698165893554688
nafnet,high,Normal,229,31.563402891591473,0.8937744498252869,0.9694930911064148,0.9201509952545166,0.203754723072052
nafnet,high,Normal,230,31.54431530416953,0.8675158619880676,0.9619829058647156,0.9141228795051575,0.23139235377311707
nafnet,high,Normal,231,31.198854620847477,0.8471118211746216,0.94830322265625,0.8971607089042664,0.24952244758605957
nafnet,high,Normal,232,33.09571614077186,0.8964422941207886,0.9676132798194885,0.9261054396629333,0.21559399366378784
nafnet,high,Normal,233,32.390978551324,0.8841451406478882,0.9617271423339844,0.9179571270942688,0.24143460392951965
nafnet,high,Bacterial,234,33.12907379367432,0.9029168486595154,0.9519265294075012,0.9142011404037476,0.2983517646789551
nafnet,high,Bacterial,235,31.1761467561784,0.8701454401016235,0.9498023986816406,0.9024890065193176,0.2926332354545593
nafnet,high,Bacterial,236,33.336274704787954,0.9010258316993713,0.9571601152420044,0.9198280572891235,0.2675212621688843
nafnet,high,Bacterial,237,32.870924137108666,0.9029894471168518,0.9598217010498047,0.9131279587745667,0.27644670009613037
nafnet,high,Bacterial,238,33.328673241211185,0.8986278772354126,0.9454493522644043,0.9101819396018982,0.330385684967041
nafnet,high,Bacterial,239,32.74559064404707,0.9094569683074951,0.95941561460495,0.9225051403045654,0.2592686414718628
nafnet,high,Bacterial,240,33.09047331243216,0.9001933932304382,0.9535956382751465,0.910939633846283,0.2884522080421448
nafnet,high,Bacterial,241,31.882895383341786,0.8881126046180725,0.9508890509605408,0.9006029367446899,0.3318118751049042
nafnet,high,Bacterial,242,33.39166816977356,0.9023865461349487,0.960032045841217,0.9133124947547913,0.2913948893547058
nafnet,high,Bacterial,243,32.1439351570313,0.8786711096763611,0.9566131830215454,0.8990534543991089,0.3143433928489685
nafnet,high,Bacterial,244,30.812690552018495,0.8553857803344727,0.945239245891571,0.891422688961029,0.2487598955631256
nafnet,high,Bacterial,245,31.876981696009047,0.8901832103729248,0.9624577760696411,0.9162260890007019,0.2273246943950653
nafnet,high,Bacterial,246,32.74980729896473,0.9024776816368103,0.966530978679657,0.9252591729164124,0.25618976354599
nafnet,high,Bacterial,247,32.19826636591876,0.8977140784263611,0.9653314352035522,0.9200708270072937,0.2590371370315552
nafnet,high,Bacterial,248,33.82659916478174,0.9129543900489807,0.9620987176895142,0.9218544960021973,0.26115894317626953
nafnet,high,Bacterial,249,33.711215172635875,0.9220715761184692,0.9594168066978455,0.9192436933517456,0.30313366651535034
nafnet,high,Bacterial,250,33.379680050473546,0.8940456509590149,0.9408930540084839,0.9014773368835449,0.3087579309940338
nafnet,high,Bacterial,251,31.283796573038593,0.8730403780937195,0.9572629928588867,0.9046387076377869,0.24082809686660767
nafnet,high,Bacterial,252,34.007143189667175,0.9084880352020264,0.9603193402290344,0.9136527180671692,0.29474323987960815
nafnet,high,Bacterial,253,32.77058570686917,0.8993132710456848,0.9591454863548279,0.9171628355979919,0.2913224995136261
nafnet,high,Bacterial,254,31.72965885196032,0.867759644985199,0.9532487392425537,0.9018337726593018,0.24000519514083862
nafnet,high,Bacterial,255,31.858326193732324,0.8820324540138245,0.943977415561676,0.9065056443214417,0.28066587448120117
nafnet,high,Bacterial,256,31.249307109536947,0.8658463954925537,0.9484786987304688,0.8942540287971497,0.2894825339317322
nafnet,high,Bacterial,257,32.267912466547315,0.897428035736084,0.9533072113990784,0.9096183180809021,0.30760321021080017
nafnet,high,Bacterial,258,32.5641292264102,0.8798256516456604,0.941231369972229,0.8965089917182922,0.34076249599456787
nafnet,high,Bacterial,259,32.738954616096564,0.8818923234939575,0.9463035464286804,0.908659815788269,0.32233452796936035
nafnet,high,Bacterial,260,32.77543112891523,0.90412437915802,0.9536269307136536,0.9189342260360718,0.28063246607780457
nafnet,high,Bacterial,261,30.85651257463098,0.8672075271606445,0.9524789452552795,0.9014589786529541,0.23349390923976898
nafnet,high,Bacterial,262,34.51381788380263,0.9186236262321472,0.9632192254066467,0.9214805960655212,0.2759023606777191
nafnet,high,Bacterial,263,34.11597989695518,0.9160923957824707,0.9657737612724304,0.923152506351471,0.2994133234024048
nafnet,high,Bacterial,264,33.91931344022093,0.9014410972595215,0.9517663717269897,0.9133700132369995,0.287431001663208
nafnet,high,Bacterial,265,34.073653443206695,0.9181855916976929,0.9613209962844849,0.9216856956481934,0.31029778718948364
nafnet,high,Bacterial,266,33.503809647460976,0.9103551506996155,0.9646908640861511,0.9131309986114502,0.2744291126728058
nafnet,high,Bacterial,267,32.067762335255026,0.8703648447990417,0.950950026512146,0.8963800072669983,0.3070259392261505
nafnet,high,Bacterial,268,32.97735720026154,0.8863525986671448,0.9519941806793213,0.9025168418884277,0.31995058059692383
nafnet,high,Bacterial,269,33.09119437986087,0.904682457447052,0.9598148465156555,0.9200167059898376,0.2722238004207611
nafnet,high,Bacterial,270,33.99916260429605,0.9223526120185852,0.9644787907600403,0.9347318410873413,0.2517632246017456
nafnet,high,Bacterial,271,33.26409442566427,0.9077260494232178,0.9675149321556091,0.9198424220085144,0.23590368032455444
nafnet,high,Bacterial,272,34.120397023878624,0.9177410006523132,0.9650518298149109,0.9239755272865295,0.29497623443603516
nafnet,high,Bacterial,273,33.820036351394776,0.9197295904159546,0.9590619802474976,0.9237670302391052,0.27258002758026123
nafnet,high,Bacterial,274,32.16539302376953,0.8742924928665161,0.9549208879470825,0.9017865061759949,0.26591843366622925
nafnet,high,Bacterial,275,31.206919524720508,0.8686823844909668,0.9484484791755676,0.8962940573692322,0.3005331754684448
nafnet,high,Bacterial,276,30.50258486107762,0.854684054851532,0.9505917429924011,0.8977174758911133,0.22020643949508667
nafnet,high,Bacterial,277,31.877541775304124,0.8719869256019592,0.94318026304245,0.8942062258720398,0.314634770154953
nafnet,high,Bacterial,278,32.39403390073073,0.8814972043037415,0.9507039189338684,0.9040643572807312,0.30969345569610596
nafnet,high,Bacterial,279,32.610006240064,0.8948206901550293,0.9586182236671448,0.9117324352264404,0.2696805000305176
nafnet,high,Bacterial,280,33.7017481358124,0.8912472724914551,0.9570951461791992,0.9083735346794128,0.2758590281009674
nafnet,high,Bacterial,281,32.65536890702219,0.874725878238678,0.9478145837783813,0.896213710308075,0.31308603286743164
nafnet,high,Bacterial,282,31.804568558316348,0.8770002722740173,0.9541988372802734,0.8995791673660278,0.30067959427833557
nafnet,high,Bacterial,283,32.856374583498805,0.8974191546440125,0.9576906561851501,0.9084200263023376,0.28219321370124817
nafnet,high,Bacterial,284,30.628211667571787,0.8658697009086609,0.9301784634590149,0.8919844031333923,0.35853832960128784
nafnet,high,Bacterial,285,33.73507246594634,0.9064053893089294,0.9512413144111633,0.9093565344810486,0.32108569145202637
nafnet,high,Bacterial,286,31.758857160845643,0.8946793675422668,0.9582715034484863,0.9136916995048523,0.27500084042549133
nafnet,high,Bacterial,287,31.749876346028998,0.864410936832428,0.9391732811927795,0.9030904769897461,0.3084523677825928
nafnet,high,Bacterial,288,33.488036939295775,0.9087939262390137,0.9598371386528015,0.9175761938095093,0.2585087716579437
nafnet,high,Bacterial,289,32.28616028001993,0.8802849650382996,0.948748767375946,0.8993075489997864,0.2807237505912781
nafnet,high,Bacterial,290,33.709744934561805,0.9099301695823669,0.957647442817688,0.9154553413391113,0.3081503212451935
nafnet,high,Bacterial,291,32.198406855114655,0.8871487379074097,0.944635272026062,0.9060685038566589,0.2959165871143341
nafnet,high,Bacterial,292,31.781829698340882,0.8713288307189941,0.9500448703765869,0.9019895792007446,0.2538538873195648
nafnet,high,Bacterial,293,34.00105237073064,0.914692223072052,0.9677686095237732,0.9231809973716736,0.2776321470737457
nafnet,high,Bacterial,294,32.62069495359706,0.8974529504776001,0.955092191696167,0.9143853187561035,0.27437496185302734
nafnet,high,Bacterial,295,31.60305892659577,0.8881588578224182,0.9557610750198364,0.9091322422027588,0.26899340748786926
nafnet,high,Bacterial,296,33.502004247357306,0.9119312167167664,0.9651026725769043,0.9235271215438843,0.2749287784099579
nafnet,high,Bacterial,297,32.466645803013655,0.9001566767692566,0.9629026055335999,0.9163444638252258,0.2882223129272461
nafnet,high,Bacterial,298,30.27132413447766,0.8471171855926514,0.9359592795372009,0.8816682696342468,0.30834123492240906
nafnet,high,Bacterial,299,30.68562326053257,0.8598431944847107,0.9406868815422058,0.8919777274131775,0.3010655641555786
nafnet,high,Bacterial,300,30.61003825569746,0.8742042183876038,0.9553311467170715,0.895815908908844,0.28215542435646057
nafnet,high,Bacterial,301,30.52783862605233,0.8402957320213318,0.9390616416931152,0.8965557813644409,0.24077941477298737
nafnet,high,Bacterial,302,32.139507663093916,0.8731368184089661,0.9507150650024414,0.9020309448242188,0.2529016137123108
nafnet,high,Bacterial,303,31.574558140452183,0.8965311646461487,0.9565486907958984,0.9151530265808105,0.3031781315803528
nafnet,high,Bacterial,304,32.71277486912007,0.8965604901313782,0.9559382796287537,0.9065778255462646,0.3004729449748993
nafnet,high,Bacterial,305,33.8204661713779,0.9091567397117615,0.9615140557289124,0.9154048562049866,0.2669829726219177
nafnet,high,Bacterial,306,31.993772621958747,0.8945921659469604,0.9573010802268982,0.9106823801994324,0.2971404492855072
nafnet,high,Bacterial,307,31.85771352808267,0.8971877694129944,0.9592300057411194,0.9127064347267151,0.2839120030403137
nafnet,high,Bacterial,308,32.07452907277771,0.8633292317390442,0.9452505707740784,0.9077665209770203,0.27217116951942444
nafnet,high,Bacterial,309,32.24716121322177,0.887509822845459,0.9551136493682861,0.9145046472549438,0.25543415546417236
nafnet,high,Bacterial,310,30.68326163198833,0.85686856508255,0.9483463168144226,0.9021116495132446,0.22838431596755981
nafnet,high,Bacterial,311,31.52795658822201,0.8649530410766602,0.9398455023765564,0.8934618830680847,0.29685676097869873
nafnet,high,Bacterial,312,31.178448085680994,0.8798989653587341,0.9573233723640442,0.9093425869941711,0.26528459787368774
nafnet,high,Bacterial,313,32.93779665382373,0.8916482925415039,0.9520067572593689,0.9052141308784485,0.33766812086105347
nafnet,high,Bacterial,314,32.16483493326407,0.8675100803375244,0.951594352722168,0.9004340171813965,0.25860071182250977
nafnet,high,Bacterial,315,34.24024963499856,0.9222495555877686,0.9628335237503052,0.9326914548873901,0.2950395345687866
nafnet,high,Bacterial,316,33.64149653060197,0.9110299944877625,0.9580708146095276,0.9194802045822144,0.3037695288658142
nafnet,high,Bacterial,317,33.315111904292735,0.9211101531982422,0.9585382342338562,0.9161794185638428,0.3241872191429138
nafnet,high,Bacterial,318,33.10015435117761,0.9044738411903381,0.9576985239982605,0.9166133999824524,0.2670530676841736
nafnet,high,Bacterial,319,33.42619597448901,0.8944200277328491,0.9568777680397034,0.9097419381141663,0.270161509513855
nafnet,high,Bacterial,320,33.6464778892156,0.9105793833732605,0.9608843922615051,0.910203218460083,0.29080912470817566
nafnet,high,Bacterial,321,30.078103527364036,0.8658005595207214,0.9459503293037415,0.902213990688324,0.29365378618240356
nafnet,high,Bacterial,322,31.65599751637471,0.8839125633239746,0.9546397924423218,0.9060954451560974,0.2977451682090759
nafnet,high,Bacterial,323,31.787354186017435,0.8841190934181213,0.9591375589370728,0.9133493900299072,0.25457069277763367
nafnet,high,Bacterial,324,30.755369699787177,0.8724623918533325,0.9584873914718628,0.9073334336280823,0.27423936128616333
nafnet,high,Bacterial,325,30.492889212258913,0.8737702369689941,0.961726725101471,0.9050449728965759,0.25345855951309204
nafnet,high,Bacterial,326,31.786160240481113,0.8853920102119446,0.9531883597373962,0.9089788198471069,0.2841116786003113
nafnet,high,Bacterial,327,32.9813560990323,0.91220623254776,0.9654858708381653,0.9189915060997009,0.2621753215789795
nafnet,high,Bacterial,328,33.3107785608787,0.9153196215629578,0.9653454422950745,0.9230217337608337,0.2854093611240387
nafnet,high,Bacterial,329,32.55054409516675,0.9005564451217651,0.9661489725112915,0.9208632707595825,0.18850386142730713
nafnet,high,Bacterial,330,34.271800797250705,0.9114564657211304,0.9614264965057373,0.9134911298751831,0.2806161046028137
nafnet,high,Bacterial,331,33.44320292744462,0.919005811214447,0.9714788794517517,0.9242082238197327,0.25428861379623413
nafnet,high,Bacterial,332,34.0961372969239,0.9235976338386536,0.9612149000167847,0.9265614151954651,0.26826006174087524
nafnet,high,Bacterial,333,33.887086009154025,0.9194815158843994,0.9591110944747925,0.9257874488830566,0.27534687519073486
nafnet,high,Bacterial,334,33.92257981534552,0.920369029045105,0.960524320602417,0.9254361391067505,0.2682434320449829
nafnet,high,Bacterial,335,31.607730474372406,0.864827036857605,0.9493564963340759,0.9051228165626526,0.2806684970855713
nafnet,high,Bacterial,336,33.85217267731691,0.9122868180274963,0.967239260673523,0.9227511286735535,0.2649011015892029
nafnet,high,Bacterial,337,32.61922123424905,0.8898307085037231,0.9561335444450378,0.9078989028930664,0.2806432545185089
nafnet,high,Bacterial,338,33.622338432585245,0.9047636389732361,0.9586124420166016,0.9120856523513794,0.2929571866989136
nafnet,high,Bacterial,339,31.88479466219195,0.8789956569671631,0.9597060680389404,0.9059481620788574,0.22317516803741455
nafnet,high,Bacterial,340,33.364892148718084,0.9054451584815979,0.954691469669342,0.9128784537315369,0.2801271677017212
nafnet,high,Bacterial,341,32.24739872244673,0.916389524936676,0.9610382914543152,0.9168404936790466,0.27685993909835815
nafnet,high,Bacterial,342,32.35273293912131,0.9045743942260742,0.9574568867683411,0.9143801927566528,0.278744101524353
nafnet,high,Bacterial,343,32.63506784236277,0.913958728313446,0.9546708464622498,0.9117023944854736,0.2953721284866333
nafnet,high,Bacterial,344,33.54962132943013,0.9083293080329895,0.956015408039093,0.9235471487045288,0.28662288188934326
nafnet,high,Bacterial,345,32.23913468104761,0.8925549983978271,0.9453995227813721,0.9082211256027222,0.3164374828338623
nafnet,high,Bacterial,346,31.230224839458742,0.8803592920303345,0.9467602372169495,0.8997489213943481,0.2982132136821747
nafnet,high,Bacterial,347,33.2676356873197,0.9109019041061401,0.9609401226043701,0.9200447797775269,0.28928905725479126
nafnet,high,Bacterial,348,32.65947504226949,0.8826389312744141,0.9487155675888062,0.9041266441345215,0.2928619980812073
nafnet,high,Bacterial,349,33.95523013415237,0.9143934845924377,0.9560283422470093,0.9244770407676697,0.27245575189590454
nafnet,high,Bacterial,350,34.622527822806354,0.9221779704093933,0.9664772748947144,0.9278354644775391,0.30370426177978516
nafnet,high,Bacterial,351,31.10471515834711,0.8627645969390869,0.9463767409324646,0.9057855606079102,0.2545596957206726
nafnet,high,Bacterial,352,33.9254841100404,0.9095341563224792,0.9640682339668274,0.9247422814369202,0.2559918165206909
nafnet,high,Bacterial,353,32.73321657883062,0.9070618748664856,0.9668158292770386,0.9237769842147827,0.25397270917892456
nafnet,high,Bacterial,354,34.443815543549995,0.9072644114494324,0.9549018144607544,0.9207048416137695,0.31332021951675415
nafnet,high,Bacterial,355,33.48530706658411,0.889850378036499,0.9535074234008789,0.9167555570602417,0.26903781294822693
nafnet,high,Bacterial,356,33.09496906078283,0.8989102244377136,0.9621895551681519,0.9135403037071228,0.26268476247787476
nafnet,high,Bacterial,357,33.614460733307375,0.8927865028381348,0.9509594440460205,0.9135100245475769,0.28890013694763184
nafnet,high,Bacterial,358,33.33338746764661,0.8971516489982605,0.9509304165840149,0.9100555777549744,0.349222332239151
nafnet,high,Bacterial,359,32.13419615875691,0.8863645792007446,0.9568174481391907,0.9119318127632141,0.22404071688652039
nafnet,high,Bacterial,360,32.46044725359677,0.9038290977478027,0.9534103870391846,0.9123923182487488,0.28882092237472534
nafnet,high,Bacterial,361,33.382425003183506,0.9081786870956421,0.9540725946426392,0.9169988036155701,0.27810120582580566
nafnet,high,Bacterial,362,33.274708616099325,0.9030421376228333,0.949503481388092,0.9211599230766296,0.3194451928138733
nafnet,high,Bacterial,363,31.90970478886593,0.9032797813415527,0.9635310769081116,0.9266178607940674,0.25681960582733154
nafnet,high,Bacterial,364,33.95773281100924,0.9164444804191589,0.960185706615448,0.9213052988052368,0.25705206394195557
nafnet,high,Bacterial,365,30.44312666056976,0.8744757175445557,0.959963321685791,0.903413712978363,0.2573986053466797
nafnet,high,Bacterial,366,33.450548587430276,0.9130748510360718,0.9627804160118103,0.9195755124092102,0.30507537722587585
nafnet,high,Bacterial,367,31.834158214428538,0.8876968622207642,0.9591380953788757,0.9146838188171387,0.22616364061832428
nafnet,high,Bacterial,368,32.6294963779148,0.8843576908111572,0.9536243677139282,0.9052793383598328,0.2779000401496887
nafnet,high,Bacterial,369,31.81683023104855,0.8800631165504456,0.9607842564582825,0.9089580178260803,0.2293938845396042
nafnet,high,Bacterial,370,30.734815803832653,0.8610968589782715,0.9575830698013306,0.9046936631202698,0.22210834920406342
nafnet,high,Bacterial,371,33.08407136603262,0.9056658148765564,0.9642320871353149,0.9167581796646118,0.2577700614929199
nafnet,high,Bacterial,372,32.324730749985534,0.8757666945457458,0.9546505808830261,0.8983683586120605,0.34784966707229614
nafnet,high,Bacterial,373,33.12799756895391,0.900149405002594,0.9565146565437317,0.9147606492042542,0.27934783697128296
nafnet,high,Bacterial,374,32.03238338132883,0.8846381902694702,0.9469089508056641,0.9053561687469482,0.26364874839782715
nafnet,high,Bacterial,375,32.48887404438388,0.9052817225456238,0.9624569416046143,0.912242591381073,0.30015379190444946
nafnet,high,Bacterial,376,31.122011005462788,0.8845146298408508,0.9572666883468628,0.9086692333221436,0.2943708598613739
nafnet,high,Bacterial,377,32.40219260948245,0.9100234508514404,0.9649537801742554,0.9124259352684021,0.2864539623260498
nafnet,high,Bacterial,378,31.78941403672973,0.8721213340759277,0.9543923139572144,0.9043325185775757,0.22258847951889038
nafnet,high,Bacterial,379,32.53145728094642,0.8941158056259155,0.9586222767829895,0.9155912399291992,0.28441691398620605
nafnet,high,Bacterial,380,32.84208274742429,0.9100317358970642,0.9527948498725891,0.922813892364502,0.2823609709739685
nafnet,high,Bacterial,381,30.737452486719576,0.8636863231658936,0.9535620212554932,0.9031424522399902,0.23303821682929993
nafnet,high,Bacterial,382,32.06568250667481,0.8894075751304626,0.9524457454681396,0.9045562148094177,0.2730135917663574
nafnet,high,Bacterial,383,31.056467758133227,0.8640714883804321,0.9507010579109192,0.8910455703735352,0.26124829053878784
nafnet,high,Bacterial,384,30.305779870177965,0.8624681234359741,0.9525834321975708,0.897949755191803,0.224947988986969
nafnet,high,Bacterial,385,30.5119623082914,0.8530516028404236,0.9491064548492432,0.901503324508667,0.2525383234024048
nafnet,high,Bacterial,386,33.01745866825713,0.9082078337669373,0.9552693963050842,0.9245161414146423,0.25549644231796265
nafnet,high,Bacterial,387,33.45973225870073,0.9168979525566101,0.9663539528846741,0.9284116625785828,0.23172026872634888
nafnet,high,Bacterial,388,31.711065704704637,0.8973891139030457,0.9668253064155579,0.9226735234260559,0.18708142638206482
nafnet,high,Bacterial,389,30.351601446665953,0.84850013256073,0.9447165727615356,0.8967403173446655,0.2766847014427185
nafnet,high,Bacterial,390,32.60424809087,0.8846033811569214,0.9540717005729675,0.9108312129974365,0.2528632879257202
nafnet,high,Bacterial,391,31.099524861349046,0.8653145432472229,0.9445880651473999,0.8977358341217041,0.3543550372123718
nafnet,high,Bacterial,392,32.932161893989324,0.900254487991333,0.9525342583656311,0.9150210022926331,0.28689950704574585
nafnet,high,Bacterial,393,33.06526704671453,0.8886286616325378,0.9515207409858704,0.9117044806480408,0.30279892683029175
nafnet,high,Bacterial,394,32.95558609599538,0.9102085828781128,0.9604998826980591,0.9226387143135071,0.26477378606796265
nafnet,high,Bacterial,395,32.41434356247987,0.8973471522331238,0.9503300189971924,0.9116570949554443,0.2705860137939453
nafnet,high,Bacterial,396,31.0452999131115,0.8434562683105469,0.9423384070396423,0.8841390013694763,0.29223185777664185
nafnet,high,Bacterial,397,34.57325575555819,0.9052563905715942,0.9523435831069946,0.9116975665092468,0.3211653530597687
nafnet,high,Bacterial,398,33.50632418684566,0.896098792552948,0.9520101547241211,0.9076078534126282,0.33580246567726135
nafnet,high,Bacterial,399,31.578284629910595,0.8808969855308533,0.9568889141082764,0.9079194068908691,0.2848665118217468
nafnet,high,Bacterial,400,32.36990280074099,0.8895879983901978,0.9607967138290405,0.9082404375076294,0.24621404707431793
nafnet,high,Bacterial,401,30.67531581256147,0.8486838340759277,0.9444329738616943,0.8902662992477417,0.2813442647457123
nafnet,high,Bacterial,402,33.541019278640086,0.9050532579421997,0.9541382789611816,0.914440393447876,0.29506248235702515
nafnet,high,Bacterial,403,32.3178505714758,0.9065226316452026,0.9638860821723938,0.9183355569839478,0.2602357268333435
nafnet,high,Bacterial,404,32.384264952101624,0.88921058177948,0.9531822800636292,0.9033050537109375,0.2851370573043823
nafnet,high,Bacterial,405,31.669509320094228,0.8676683902740479,0.9485685229301453,0.9045799374580383,0.2966877818107605
nafnet,high,Bacterial,406,34.46892720148236,0.9277393817901611,0.9639222621917725,0.9300593733787537,0.2520712614059448
nafnet,high,Bacterial,407,31.970823035696696,0.8936096429824829,0.9513834714889526,0.9138922691345215,0.27777594327926636
nafnet,high,Bacterial,408,32.62985162230011,0.9001287817955017,0.9653777480125427,0.9155223965644836,0.2568857967853546
nafnet,high,Bacterial,409,31.495742478252634,0.8758339881896973,0.9575879573822021,0.8978944420814514,0.2588244676589966
nafnet,high,Bacterial,410,30.60877033597953,0.8476552963256836,0.9456681609153748,0.8965074419975281,0.25924932956695557
nafnet,high,Bacterial,411,32.049989008217175,0.8793492913246155,0.9503616690635681,0.8991333842277527,0.2951626777648926
nafnet,high,Bacterial,412,33.19404664923586,0.900351345539093,0.9554744362831116,0.9103289246559143,0.29240182042121887
nafnet,high,Bacterial,413,30.46330282428118,0.8434231877326965,0.9366846084594727,0.884675145149231,0.2486836314201355
nafnet,high,Bacterial,414,33.723542856403576,0.9126679301261902,0.95838862657547,0.9132368564605713,0.2951211631298065
nafnet,high,Bacterial,415,32.63073128984347,0.8917773962020874,0.9509554505348206,0.9055219292640686,0.32332220673561096
nafnet,high,Bacterial,416,34.5815086580032,0.9226579070091248,0.9694488048553467,0.9249588251113892,0.2847293019294739
nafnet,high,Bacterial,417,33.17454480678362,0.8860850930213928,0.9529780149459839,0.9036545753479004,0.2657112181186676
nafnet,high,Bacterial,418,34.03285760547383,0.9077135324478149,0.9684768319129944,0.9276559948921204,0.2406260371208191
nafnet,high,Bacterial,419,32.85155699127657,0.8937662243843079,0.9633533358573914,0.9224224090576172,0.1980525255203247
nafnet,high,Bacterial,420,33.28429993475112,0.9106864333152771,0.9687812328338623,0.928330659866333,0.23820655047893524
nafnet,high,Bacterial,421,32.81479682367876,0.8956417441368103,0.9634354114532471,0.9208269119262695,0.2496146708726883
nafnet,high,Bacterial,422,31.85117812178038,0.8809348940849304,0.9529626965522766,0.9027814865112305,0.2856360077857971
nafnet,high,Bacterial,423,32.436012232675324,0.8971864581108093,0.9532314538955688,0.9169872999191284,0.287849485874176
nafnet,high,Bacterial,424,32.76002084607632,0.9009158611297607,0.959068238735199,0.918717622756958,0.28487691283226013
nafnet,high,Bacterial,425,33.62692227624971,0.9043024182319641,0.9620814919471741,0.9159926176071167,0.303327739238739
nafnet,high,Bacterial,426,35.45165758959919,0.9329133629798889,0.9668228626251221,0.9260739684104919,0.2932977080345154
nafnet,high,Bacterial,427,34.525954979781574,0.9154277443885803,0.9571765065193176,0.9142061471939087,0.34351515769958496
nafnet,high,Bacterial,428,33.82731704535385,0.906646192073822,0.9572509527206421,0.9163668751716614,0.3363245725631714
nafnet,high,Bacterial,429,31.330337076081697,0.8634841442108154,0.9513303637504578,0.9091215133666992,0.25085827708244324
nafnet,high,Bacterial,430,33.84562444839037,0.9199604392051697,0.9660024046897888,0.9227923154830933,0.2731703519821167
nafnet,high,Bacterial,431,33.95845068719885,0.9107978343963623,0.9529935121536255,0.9060531258583069,0.3154017925262451
nafnet,high,Bacterial,432,33.36294808073794,0.9055627584457397,0.9540839195251465,0.9167771339416504,0.2776392996311188
nafnet,high,Bacterial,433,31.857097072041878,0.8731895089149475,0.954190194606781,0.8959054946899414,0.3047233819961548
nafnet,high,Bacterial,434,32.88629985030088,0.9002479314804077,0.9616846442222595,0.9116320610046387,0.2693946957588196
nafnet,high,Bacterial,435,32.03116130716535,0.8949074149131775,0.9632295370101929,0.9113077521324158,0.27273625135421753
nafnet,high,Bacterial,436,31.381188382421957,0.8813513517379761,0.9615362286567688,0.9103195667266846,0.1935625672340393
nafnet,high,Bacterial,437,34.45839355098236,0.9070361852645874,0.9583877921104431,0.9198391437530518,0.24391403794288635
nafnet,high,Bacterial,438,31.209907188769975,0.8615559935569763,0.9429384469985962,0.8904067277908325,0.30808037519454956
nafnet,high,Bacterial,439,32.52735138520485,0.886256754398346,0.9566479325294495,0.9049220681190491,0.298911988735199
nafnet,high,Bacterial,440,31.717149470377205,0.8781335353851318,0.960220456123352,0.9077514410018921,0.27179965376853943
nafnet,high,Bacterial,441,31.30614827945811,0.8677602410316467,0.9503508806228638,0.9050111770629883,0.2547953128814697
nafnet,high,Bacterial,442,33.65407411773008,0.9111355543136597,0.966156542301178,0.9209480881690979,0.2657034993171692
nafnet,high,Bacterial,443,33.32860795675893,0.9036862254142761,0.9512599110603333,0.916663646697998,0.29261404275894165
nafnet,high,Bacterial,444,32.81051710877187,0.8991762399673462,0.9631958603858948,0.9159062504768372,0.27018529176712036
nafnet,high,Bacterial,445,32.92711570104995,0.8993282318115234,0.9556135535240173,0.9101401567459106,0.31691813468933105
nafnet,high,Bacterial,446,32.2329643909208,0.8974321484565735,0.9545062780380249,0.9070388078689575,0.3242835998535156
nafnet,high,Bacterial,447,34.1776130772078,0.9072971343994141,0.9649465680122375,0.9094913005828857,0.30734872817993164
nafnet,high,Bacterial,448,33.93969379275849,0.9105635285377502,0.9683172702789307,0.9252722263336182,0.34055817127227783
nafnet,high,Bacterial,449,32.01674518449785,0.8602230548858643,0.9524139761924744,0.9011033773422241,0.2700594365596771
nafnet,high,Bacterial,450,32.10124958725703,0.8891099095344543,0.9562486410140991,0.9105827808380127,0.2858272194862366
nafnet,high,Bacterial,451,30.66912230474103,0.8493362665176392,0.9460459351539612,0.894955575466156,0.2411181926727295
nafnet,high,Bacterial,452,31.669084583013106,0.8833563327789307,0.9457325339317322,0.9081484079360962,0.2926967144012451
nafnet,high,Bacterial,453,33.79281727174987,0.9154782295227051,0.9602839350700378,0.9222866296768188,0.2739425301551819
nafnet,high,Bacterial,454,31.8942487935616,0.8995400667190552,0.9613698720932007,0.9173558950424194,0.2653322219848633
nafnet,high,Bacterial,455,34.05418609498796,0.9162091612815857,0.9584065675735474,0.922858476638794,0.3021140694618225
nafnet,high,Bacterial,456,30.45578333072018,0.8362492322921753,0.9377703666687012,0.8950291275978088,0.30324792861938477
nafnet,high,Bacterial,457,33.31470489343493,0.9056690335273743,0.9552446007728577,0.9135763645172119,0.30797675251960754
nafnet,high,Bacterial,458,33.44258769604706,0.9203700423240662,0.9639772176742554,0.9217455983161926,0.27750179171562195
nafnet,high,Bacterial,459,34.54761314610605,0.9261213541030884,0.9671471118927002,0.9248601198196411,0.28245341777801514
nafnet,high,Bacterial,460,32.69120124490182,0.8900564908981323,0.9572635889053345,0.9137893319129944,0.24890708923339844
nafnet,high,Bacterial,461,32.48990455723517,0.9020913243293762,0.966849148273468,0.9160862565040588,0.22909751534461975
nafnet,high,Bacterial,462,31.707416086011577,0.8713035583496094,0.9560049772262573,0.9081055521965027,0.2334500253200531
nafnet,high,Bacterial,463,33.51829754878432,0.9048341512680054,0.954094409942627,0.912710964679718,0.31165409088134766
nafnet,high,Bacterial,464,32.28338470773711,0.8848407864570618,0.9587405920028687,0.9083878397941589,0.26332592964172363
nafnet,high,Bacterial,465,33.54783626987381,0.9038233160972595,0.9599248170852661,0.9170264005661011,0.284798264503479
nafnet,high,Bacterial,466,32.525306222364975,0.8876338005065918,0.9510124325752258,0.9094051718711853,0.2937975227832794
nafnet,high,Bacterial,467,32.70692042082337,0.8783462643623352,0.9543339014053345,0.8999434113502502,0.3471624255180359
nafnet,high,Bacterial,468,33.128119647172085,0.9104407429695129,0.9619147777557373,0.9248374104499817,0.24647632241249084
nafnet,high,Bacterial,469,34.028788408931526,0.9058490991592407,0.95818692445755,0.9106060266494751,0.2778676748275757
nafnet,high,Bacterial,470,32.28823199225006,0.8985315561294556,0.9507202506065369,0.9059125185012817,0.3011655807495117
nafnet,high,Bacterial,471,31.739380391025836,0.8639525175094604,0.9494200944900513,0.9013128280639648,0.23761142790317535
nafnet,high,Bacterial,472,32.11983070610159,0.8788455128669739,0.9556148052215576,0.9103711247444153,0.2168082296848297
nafnet,high,Bacterial,473,29.83762031400932,0.861488401889801,0.9461440443992615,0.8923781514167786,0.317047655582428
nafnet,high,Bacterial,474,31.4209105602464,0.8942319750785828,0.9608195424079895,0.914719820022583,0.2839165925979614
nafnet,high,Bacterial,475,30.38455215479109,0.849468469619751,0.9488121867179871,0.8926199078559875,0.2538452446460724
nafnet,high,Viral,476,32.05613995432899,0.8895721435546875,0.9617677927017212,0.9188115000724792,0.2740281820297241
nafnet,high,Viral,477,32.37689091143866,0.8967975378036499,0.9624078869819641,0.9236862063407898,0.24886435270309448
nafnet,high,Viral,478,32.080030459323,0.8953162431716919,0.9577436447143555,0.925388753414154,0.25308528542518616
nafnet,high,Viral,479,32.842374583230395,0.8915706872940063,0.9602293968200684,0.9103124737739563,0.26484039425849915
nafnet,high,Viral,480,33.644184526023466,0.906410813331604,0.9496761560440063,0.9075919389724731,0.3468867540359497
nafnet,high,Viral,481,32.0299048827276,0.9058889150619507,0.9621577858924866,0.9194725751876831,0.288551390171051
nafnet,high,Viral,482,30.984192243167573,0.8507349491119385,0.9414917230606079,0.8897099494934082,0.26689887046813965
nafnet,high,Viral,483,32.69164660898352,0.8963411450386047,0.9469673037528992,0.9093055725097656,0.29290443658828735
nafnet,high,Viral,484,31.96038815928872,0.9014309644699097,0.9481635093688965,0.9058611989021301,0.3303973078727722
nafnet,high,Viral,485,32.28261540792337,0.8889265060424805,0.956121563911438,0.9136218428611755,0.29480746388435364
nafnet,high,Viral,486,33.12524366911608,0.8871371746063232,0.9454668164253235,0.9040805101394653,0.3334626853466034
nafnet,high,Viral,487,33.24596368691973,0.8916380405426025,0.9611079692840576,0.9136541485786438,0.2626933753490448
nafnet,high,Viral,488,32.13666669284887,0.8976041078567505,0.9666150212287903,0.9205067753791809,0.22971537709236145
nafnet,high,Viral,489,33.042710095799876,0.8993589282035828,0.962714433670044,0.9194036722183228,0.26412147283554077
nafnet,high,Viral,490,32.50118127306021,0.8854193091392517,0.9555675387382507,0.9075508713722229,0.31071510910987854
nafnet,high,Viral,491,32.30892148508736,0.8885267972946167,0.9588768482208252,0.9161490797996521,0.2785249948501587
nafnet,high,Viral,492,32.12776869423894,0.8821088671684265,0.9613155126571655,0.9144021272659302,0.26729798316955566
nafnet,high,Viral,493,32.32112795274196,0.8879527449607849,0.9605129361152649,0.9142518043518066,0.25563710927963257
nafnet,high,Viral,494,32.333075954819066,0.8845779895782471,0.959342896938324,0.9162001013755798,0.27086248993873596
nafnet,high,Viral,495,31.632950294256883,0.8818679451942444,0.9608231782913208,0.912937581539154,0.2507376968860626
nafnet,high,Viral,496,32.7420619865214,0.8858784437179565,0.9565222859382629,0.9106773138046265,0.30607590079307556
nafnet,high,Viral,497,32.25415790872367,0.905816376209259,0.9668976664543152,0.922885537147522,0.21578045189380646
nafnet,high,Viral,498,33.07862684964089,0.8986839652061462,0.9626243710517883,0.9197510480880737,0.26975661516189575
nafnet,high,Viral,499,33.26871891190033,0.8864341974258423,0.9549833536148071,0.9057509303092957,0.2668098211288452
nafnet,high,Viral,500,32.087061604116236,0.8650777339935303,0.9523600339889526,0.9029967784881592,0.30638957023620605
nafnet,high,Viral,501,31.08693267798661,0.8746466636657715,0.9593700766563416,0.9059250950813293,0.23458749055862427
nafnet,high,Viral,502,32.556440463330375,0.8922225832939148,0.9617542028427124,0.9204300045967102,0.25059616565704346
nafnet,high,Viral,503,31.583651389435765,0.8894792795181274,0.9615659713745117,0.9161258339881897,0.25349968671798706
nafnet,high,Viral,504,32.05835977528183,0.8841485381126404,0.9633336663246155,0.912339448928833,0.26905110478401184
nafnet,high,Viral,505,32.87716438580042,0.8992865085601807,0.9630314111709595,0.9196342825889587,0.24309812486171722
nafnet,high,Viral,506,32.133989552367304,0.8703745007514954,0.9532346129417419,0.902596652507782,0.28584036231040955
nafnet,high,Viral,507,30.799136571815808,0.8527037501335144,0.9471535086631775,0.8924806714057922,0.27212417125701904
nafnet,high,Viral,508,33.81392873368671,0.9017643332481384,0.9614344835281372,0.915797233581543,0.3098766803741455
nafnet,high,Viral,509,31.791782278573532,0.8811837434768677,0.9622601866722107,0.9088554978370667,0.25201597809791565
nafnet,high,Viral,510,29.425251177910326,0.8580381274223328,0.9458054304122925,0.8980802297592163,0.2753143608570099
nafnet,high,Viral,511,32.07040668514815,0.8940942883491516,0.962435781955719,0.9208548665046692,0.23633959889411926
nafnet,high,Viral,512,33.916705720732935,0.9066644310951233,0.9620887637138367,0.9250797033309937,0.2674473524093628
nafnet,high,Viral,513,31.01377939215574,0.8809813261032104,0.9565396308898926,0.9081722497940063,0.2776297330856323
nafnet,high,Viral,514,30.951315768518718,0.8842341899871826,0.9586211442947388,0.9066578149795532,0.23449915647506714
nafnet,high,Viral,515,32.82433276136241,0.8930121064186096,0.9640628099441528,0.9134358167648315,0.2742566168308258
nafnet,high,Viral,516,33.17415705835053,0.8970744013786316,0.9602877497673035,0.9176560044288635,0.2640162408351898
nafnet,high,Viral,517,31.600154045821306,0.8814553618431091,0.9582359194755554,0.9107275605201721,0.2698473036289215
nafnet,high,Viral,518,31.271283042690893,0.86728435754776,0.9592745900154114,0.9028167724609375,0.21937088668346405
nafnet,high,Viral,519,33.49503207815697,0.9244353175163269,0.9711823463439941,0.9398092031478882,0.20387578010559082
nafnet,high,Viral,520,33.012674628121005,0.9068987965583801,0.9656566381454468,0.9263666868209839,0.256273090839386
nafnet,high,Viral,521,32.42430594175677,0.9085335731506348,0.9672536849975586,0.9212026000022888,0.22468802332878113
nafnet,high,Viral,522,33.255122295423554,0.906363308429718,0.9691641330718994,0.9223803877830505,0.24571773409843445
nafnet,high,Viral,523,33.7973644286493,0.9088371992111206,0.9671711921691895,0.9285314679145813,0.2747019827365875
nafnet,high,Viral,524,33.34061502723593,0.9058586359024048,0.9632406830787659,0.9229345917701721,0.30391255021095276
nafnet,high,Viral,525,33.576657866706505,0.911005437374115,0.965794026851654,0.92755526304245,0.25578629970550537
nafnet,high,Viral,526,32.97291133182989,0.890765905380249,0.9565041065216064,0.9122106432914734,0.31334763765335083
nafnet,high,Viral,527,32.68283238825643,0.8786723017692566,0.9497763514518738,0.9028623104095459,0.3375023305416107
nafnet,high,Viral,528,32.558791958412,0.8942895531654358,0.961016058921814,0.9162667393684387,0.2714027464389801
nafnet,high,Viral,529,30.736792866377222,0.8215891122817993,0.9443553686141968,0.8822757601737976,0.298429936170578
nafnet,high,Viral,530,32.98956018802974,0.8941694498062134,0.9625668525695801,0.920322060585022,0.26669949293136597
nafnet,high,Viral,531,32.43083754335654,0.9018372297286987,0.9629840850830078,0.9187090396881104,0.24451777338981628
nafnet,high,Viral,532,32.145369182079506,0.896912693977356,0.9532415270805359,0.9136148691177368,0.2832508683204651
nafnet,high,Viral,533,31.90697019217875,0.8898286819458008,0.9598028659820557,0.9125751256942749,0.24860821664333344
nafnet,high,Viral,534,30.702207357253307,0.866327702999115,0.9548107385635376,0.9075380563735962,0.28043603897094727
nafnet,high,Viral,535,31.5505089588242,0.8893423080444336,0.9563353657722473,0.914193332195282,0.25834646821022034
nafnet,high,Viral,536,33.37540968947477,0.8936282992362976,0.9565758109092712,0.9067367911338806,0.3067511320114136
nafnet,high,Viral,537,32.00068542045547,0.8779466152191162,0.9596794843673706,0.9079807996749878,0.3209078311920166
nafnet,high,Viral,538,33.635698093997405,0.9037296175956726,0.9637712836265564,0.9170995950698853,0.32574009895324707
nafnet,high,Viral,539,32.4164054704445,0.9033517837524414,0.9670137763023376,0.9218137860298157,0.21008874475955963
nafnet,high,Viral,540,32.9062898418847,0.8963663578033447,0.9676241278648376,0.9206029772758484,0.2395835816860199
nafnet,high,Viral,541,32.15932987095727,0.8874802589416504,0.963412880897522,0.9166340231895447,0.2513037323951721
nafnet,high,Viral,542,33.40128730595107,0.9126052856445312,0.968744158744812,0.9241126179695129,0.23528027534484863
nafnet,high,Viral,543,34.144607566328084,0.9199012517929077,0.9579991102218628,0.919529139995575,0.30824488401412964
nafnet,high,Viral,544,31.29452583121798,0.889886200428009,0.9666563868522644,0.9068940877914429,0.23967453837394714
nafnet,high,Viral,545,31.373600957220305,0.8944202065467834,0.9648425579071045,0.9115573763847351,0.2513338029384613
nafnet,high,Viral,546,33.34000979366968,0.8978397250175476,0.9575830101966858,0.9171775579452515,0.30212166905403137
nafnet,high,Viral,547,33.08725572084448,0.8997927308082581,0.9557992815971375,0.9133575558662415,0.2897793650627136
nafnet,high,Viral,548,31.316197342195366,0.8802905082702637,0.9535036683082581,0.9076406955718994,0.2674064040184021
nafnet,high,Viral,549,34.67519286081618,0.8974449634552002,0.9625148177146912,0.9147037267684937,0.3165934085845947
nafnet,high,Viral,550,34.91345259689964,0.9027191400527954,0.965107262134552,0.9164751172065735,0.31499332189559937
nafnet,high,Viral,551,32.26378509944992,0.8912057876586914,0.9657015204429626,0.9129219055175781,0.2700948119163513
nafnet,high,Viral,552,33.14828125070717,0.9163135290145874,0.9621124863624573,0.9249131083488464,0.2686901092529297
nafnet,high,Viral,553,33.453854118605065,0.9078493118286133,0.9613855481147766,0.9158115386962891,0.2594943344593048
nafnet,high,Viral,554,32.026076522970854,0.8816690444946289,0.9563029408454895,0.9124023914337158,0.28262633085250854
nafnet,high,Viral,555,31.66739013217253,0.8920465707778931,0.9625326991081238,0.920197606086731,0.23912090063095093
nafnet,high,Viral,556,32.55077741298097,0.8881613612174988,0.9571640491485596,0.9157836437225342,0.24893589317798615
nafnet,high,Viral,557,33.16847947326441,0.8909736275672913,0.9614534378051758,0.9077439904212952,0.26736369729042053
nafnet,high,Viral,558,32.4217572419502,0.9001017212867737,0.9644568562507629,0.9172775745391846,0.25415951013565063
nafnet,high,Viral,559,33.240251481369796,0.8892788290977478,0.9489043951034546,0.9090023040771484,0.34169864654541016
nafnet,high,Viral,560,33.25231682248248,0.9047267436981201,0.9577639698982239,0.9207009077072144,0.26673775911331177
nafnet,high,Viral,561,32.1042857959772,0.894896388053894,0.9606158137321472,0.913287341594696,0.23839958012104034
nafnet,high,Viral,562,32.815013361110715,0.902126669883728,0.9656957983970642,0.9211176037788391,0.2447853684425354
nafnet,high,Viral,563,32.36651430985357,0.887538492679596,0.9599560499191284,0.9153397679328918,0.24208340048789978
nafnet,high,Viral,564,32.589655879782164,0.8992580771446228,0.9577212929725647,0.9206020832061768,0.2628936171531677
nafnet,high,Viral,565,33.111522038528484,0.9025500416755676,0.9618915319442749,0.9142727255821228,0.29026123881340027
nafnet,high,Viral,566,32.13028470260478,0.8938950300216675,0.9664341807365417,0.919518768787384,0.2687613070011139
nafnet,high,Viral,567,32.40371758989794,0.9081131219863892,0.9686517119407654,0.926272988319397,0.2502661943435669
nafnet,high,Viral,568,32.044506496723336,0.8896634578704834,0.9622138738632202,0.913905918598175,0.2526230216026306
nafnet,high,Viral,569,32.23813320032938,0.87751704454422,0.9571127891540527,0.9104545712471008,0.30953311920166016
nafnet,high,Viral,570,31.761716592144623,0.8898281455039978,0.9616155028343201,0.9164487719535828,0.24115902185440063
nafnet,high,Viral,571,32.938974218308886,0.8920525312423706,0.9623709321022034,0.9173073768615723,0.24619314074516296
nafnet,high,Viral,572,31.87537702869284,0.8751057386398315,0.9519486427307129,0.9056495428085327,0.29924070835113525
nafnet,high,Viral,573,32.408707740277734,0.8902556300163269,0.9599183797836304,0.9160247445106506,0.2416987270116806
nafnet,high,Viral,574,33.691174039085126,0.9202167987823486,0.9535753726959229,0.9297999143600464,0.3140392601490021
nafnet,high,Viral,575,32.9384157304811,0.9045213460922241,0.9667413830757141,0.9230883717536926,0.23886528611183167
nafnet,high,Viral,576,32.43057386086809,0.8890910148620605,0.9575998783111572,0.9144710898399353,0.277267724275589
nafnet,high,Viral,577,31.564196467620494,0.8920241594314575,0.9530262351036072,0.9152988195419312,0.2813161313533783
nafnet,high,Viral,578,33.463281596165054,0.9119535684585571,0.9675607085227966,0.9262036681175232,0.23173028230667114
nafnet,high,Viral,579,31.89203193422295,0.8974115252494812,0.9648436903953552,0.9181085228919983,0.22595728933811188
nafnet,high,Viral,580,32.31204533087711,0.906778872013092,0.9654219150543213,0.9256425499916077,0.2440590262413025
nafnet,high,Viral,581,32.149139173089054,0.9056265950202942,0.9678173661231995,0.9192461371421814,0.2258191704750061
nafnet,high,Viral,582,32.40682899696824,0.885298490524292,0.9593017101287842,0.9102339148521423,0.2666018307209015
nafnet,high,Viral,583,32.645906820835066,0.8856799602508545,0.9506785273551941,0.9095460176467896,0.2659582197666168
nafnet,high,Viral,584,33.688871143883944,0.8963212370872498,0.9600476622581482,0.9141256213188171,0.31393563747406006
nafnet,high,Viral,585,33.45684584605575,0.9128249287605286,0.9665374159812927,0.9270577430725098,0.25139135122299194
nafnet,high,Viral,586,32.82536318721209,0.8825880289077759,0.9535332322120667,0.9065078496932983,0.2953883111476898
nafnet,high,Viral,587,33.358842044927734,0.8958613276481628,0.9524826407432556,0.9018723368644714,0.2871469259262085
nafnet,high,Viral,588,31.948696038050986,0.8705869913101196,0.9565292596817017,0.9020404815673828,0.28904107213020325
nafnet,high,Viral,589,29.608749861386503,0.8330467939376831,0.948931872844696,0.8913731575012207,0.2256641983985901
nafnet,high,Viral,590,31.916404389290214,0.8944950699806213,0.9647458791732788,0.9134629368782043,0.26512688398361206
nafnet,high,Viral,591,31.669008847547857,0.8937985301017761,0.9658928513526917,0.9178227186203003,0.2368960678577423
nafnet,high,Viral,592,31.855122675494112,0.9049493074417114,0.9691082239151001,0.9180554151535034,0.21292909979820251
nafnet,high,Viral,593,34.07725036386347,0.8805789351463318,0.949311375617981,0.9036585688591003,0.2480129897594452
nafnet,high,Viral,594,33.75774526593678,0.905378520488739,0.9647544622421265,0.926514208316803,0.2708895802497864
nafnet,high,Viral,595,33.33405115252528,0.9043922424316406,0.962214469909668,0.917873203754425,0.2566940188407898
nafnet,high,Viral,596,32.788355687191086,0.8937164545059204,0.9504262208938599,0.9139037728309631,0.3224961757659912
nafnet,high,Viral,597,32.51805370778649,0.8962548971176147,0.9587447643280029,0.9191689491271973,0.27981212735176086
nafnet,high,Viral,598,31.14327033078885,0.8805667757987976,0.9544999599456787,0.9078055620193481,0.29329031705856323
nafnet,high,Viral,599,31.56409644731273,0.8868294358253479,0.9651124477386475,0.9152034521102905,0.23146021366119385
nafnet,high,Viral,600,32.44643031984908,0.8862168192863464,0.9544969201087952,0.9117637872695923,0.27709782123565674
nafnet,high,Viral,601,33.44708455263173,0.9041287899017334,0.966844379901886,0.9248586893081665,0.2621545195579529
nafnet,high,Viral,602,31.989749328698323,0.8906895518302917,0.9630681276321411,0.9145734906196594,0.2647300362586975
nafnet,high,Viral,603,31.713272701142024,0.9017139077186584,0.9589272737503052,0.9179466962814331,0.2539817690849304
nafnet,high,Viral,604,32.45929722690739,0.907188892364502,0.96604984998703,0.9232836961746216,0.2387077808380127
nafnet,high,Viral,605,33.30747968511617,0.9050325155258179,0.970400869846344,0.9190858006477356,0.25894859433174133
nafnet,high,Viral,606,32.84280604975845,0.892379641532898,0.961344838142395,0.9185180068016052,0.28021812438964844
nafnet,high,Viral,607,33.40719051400112,0.9007408022880554,0.9641953110694885,0.9253102540969849,0.2585813105106354
nafnet,high,Viral,608,33.5750695208021,0.9105689525604248,0.9583656787872314,0.9204026460647583,0.28468602895736694
nafnet,high,Viral,609,33.29203256045557,0.9120619297027588,0.9486293792724609,0.9226760268211365,0.2800738513469696
nafnet,high,Viral,610,33.90043959549166,0.913392961025238,0.9647190570831299,0.9264147877693176,0.27230459451675415
nafnet,high,Viral,611,31.490390914224857,0.8837239742279053,0.9559902548789978,0.9116840362548828,0.25299787521362305
nafnet,high,Viral,612,31.513451973430826,0.8791624903678894,0.9628244638442993,0.9128463268280029,0.2506036162376404
nafnet,high,Viral,613,32.70987284291816,0.8964555263519287,0.9647706747055054,0.922580361366272,0.2603610157966614
nafnet,high,Viral,614,33.202031442670254,0.9037494659423828,0.9613497853279114,0.922463595867157,0.28471672534942627
nafnet,high,Viral,615,33.56358858130823,0.9005608558654785,0.9631015062332153,0.9132496118545532,0.2716904282569885
nafnet,high,Viral,616,33.43204290195799,0.9084407687187195,0.9675429463386536,0.9211018681526184,0.25199416279792786
nafnet,high,Viral,617,32.68250138227008,0.8885113596916199,0.9576060175895691,0.9155774712562561,0.2881872057914734
nafnet,high,Viral,618,31.857068383765824,0.8845658302307129,0.9581552147865295,0.9134743809700012,0.2701539993286133
nafnet,high,Viral,619,32.217918964936814,0.8809789419174194,0.9559274315834045,0.914222240447998,0.2570411264896393
nafnet,high,Viral,620,32.08732076701868,0.8968376517295837,0.9667010307312012,0.9189106225967407,0.24388128519058228
nafnet,high,Viral,621,34.26408878098637,0.916020393371582,0.9562936425209045,0.9235035181045532,0.32807350158691406
nafnet,high,Viral,622,32.9358917442015,0.8972041606903076,0.9622542262077332,0.9204580783843994,0.25432613492012024
nafnet,high,Viral,623,32.73535588681927,0.8940314650535583,0.9633978605270386,0.9185817241668701,0.25748777389526367
scunet,high,Normal,0,32.06749009446405,0.8898276686668396,0.9615476727485657,0.9233892560005188,0.19734224677085876
scunet,high,Normal,1,30.84561628315938,0.8458306193351746,0.9528993964195251,0.8965108394622803,0.24512164294719696
scunet,high,Normal,2,31.635686729130224,0.8832881450653076,0.9620192050933838,0.91530841588974,0.21036112308502197
scunet,high,Normal,3,32.512968859354984,0.9146109223365784,0.9729852080345154,0.9320358037948608,0.18078374862670898
scunet,high,Normal,4,31.314523905155127,0.8370460271835327,0.9396648406982422,0.8961168527603149,0.26228541135787964
scunet,high,Normal,5,33.042507879637476,0.9109286069869995,0.9731156826019287,0.9324544072151184,0.211355060338974
scunet,high,Normal,6,32.65169024814631,0.8953664898872375,0.9633952975273132,0.924871563911438,0.23996126651763916
scunet,high,Normal,7,33.02446607297506,0.9102433919906616,0.9691076278686523,0.9288675785064697,0.2166929990053177
scunet,high,Normal,8,31.204408912367207,0.8867945075035095,0.9626408815383911,0.9258871674537659,0.19715380668640137
scunet,high,Normal,9,31.431996705670635,0.8686327338218689,0.9599950313568115,0.9186350703239441,0.2285941243171692
scunet,high,Normal,10,32.26998486985097,0.9037872552871704,0.9716027975082397,0.9310140609741211,0.1747763305902481
scunet,high,Normal,11,32.31047989955591,0.8768185377120972,0.9638204574584961,0.9202592968940735,0.23998339474201202
scunet,high,Normal,12,32.31673294636694,0.8766916394233704,0.95905601978302,0.9083836078643799,0.2509026527404785
scunet,high,Normal,13,33.35832492080036,0.8971196413040161,0.9588548541069031,0.922093391418457,0.22224803268909454
scunet,high,Normal,14,32.39712037585321,0.9040104150772095,0.9509876370429993,0.9363770484924316,0.16378021240234375
scunet,high,Normal,15,31.566604898269247,0.861603319644928,0.9557008743286133,0.904430627822876,0.2729751169681549
scunet,high,Normal,16,32.73269958332876,0.8942225575447083,0.9597782492637634,0.9227192997932434,0.2383633553981781
scunet,high,Normal,17,32.51201670436033,0.8865997791290283,0.9620916247367859,0.9148526191711426,0.21932870149612427
scunet,high,Normal,18,32.00333493879172,0.8828545212745667,0.9664768576622009,0.9167279005050659,0.19026164710521698
scunet,high,Normal,19,33.027264387269796,0.902519941329956,0.9705780744552612,0.9301100373268127,0.2102411389350891
scunet,high,Normal,20,34.050111006430164,0.9298384785652161,0.9769197702407837,0.9375138282775879,0.17552216351032257
scunet,high,Normal,21,32.61619772432202,0.9005781412124634,0.9679757952690125,0.9277145862579346,0.19872978329658508
scunet,high,Normal,22,32.99244334067671,0.8964534997940063,0.9667722582817078,0.9218241572380066,0.23490971326828003
scunet,high,Normal,23,30.58455123282566,0.8159592151641846,0.931354284286499,0.8786130547523499,0.3320438861846924
scunet,high,Normal,24,31.996549231677903,0.8822817206382751,0.9649412631988525,0.9173736572265625,0.231022447347641
scunet,high,Normal,25,32.528849008097325,0.907555341720581,0.971387505531311,0.925958514213562,0.18897122144699097
scunet,high,Normal,26,30.874620868171327,0.866852343082428,0.9624720215797424,0.9103909134864807,0.2088046371936798
scunet,high,Normal,27,30.745183079267527,0.865003228187561,0.9559167623519897,0.9028520584106445,0.23719464242458344
scunet,high,Normal,28,32.806416714317436,0.9036758542060852,0.9662200212478638,0.9263335466384888,0.21141836047172546
scunet,high,Normal,29,32.03560003216695,0.8823321461677551,0.9585700035095215,0.9155489206314087,0.2554527223110199
scunet,high,Normal,30,30.886461067620367,0.8323961496353149,0.9419817924499512,0.8949270844459534,0.24860161542892456
scunet,high,Normal,31,32.258471302962846,0.8994095921516418,0.9692880511283875,0.925319254398346,0.1967153549194336
scunet,high,Normal,32,30.755027985864217,0.8600080013275146,0.9496133923530579,0.9058593511581421,0.23255616426467896
scunet,high,Normal,33,30.206485037532154,0.8369768261909485,0.9483039379119873,0.8912026882171631,0.2617175281047821
scunet,high,Normal,34,30.973025038897077,0.8732450604438782,0.9685582518577576,0.9115937948226929,0.19962552189826965
scunet,high,Normal,35,32.43212698660062,0.8918415904045105,0.9684178829193115,0.9243704080581665,0.20186111330986023
scunet,high,Normal,36,33.546373972101925,0.9236916899681091,0.970606803894043,0.9389256834983826,0.1596987247467041
scunet,high,Normal,37,33.521030614993194,0.9161466360092163,0.9662745594978333,0.9319460988044739,0.25508424639701843
scunet,high,Normal,38,31.536140305928374,0.888407289981842,0.9643508195877075,0.922291100025177,0.19823122024536133
scunet,high,Normal,39,30.203553469143948,0.8446546792984009,0.9507874846458435,0.8944553732872009,0.23201808333396912
scunet,high,Normal,40,32.03366878674231,0.8949704766273499,0.9639937877655029,0.9200446605682373,0.205468088388443
scunet,high,Normal,41,32.69732148114088,0.8915784358978271,0.9634463787078857,0.9213601350784302,0.22552531957626343
scunet,high,Normal,42,30.022291028103865,0.8373721241950989,0.9521141052246094,0.8934199810028076,0.23886150121688843
scunet,high,Normal,43,31.906765098199177,0.885918915271759,0.9646489024162292,0.912429690361023,0.20945686101913452
scunet,high,Normal,44,31.64917715140208,0.8783683180809021,0.9546851515769958,0.9119682908058167,0.21906962990760803
scunet,high,Normal,45,31.331011562755776,0.8667162656784058,0.958764374256134,0.9114507436752319,0.23751428723335266
scunet,high,Normal,46,33.70739210439095,0.8869660496711731,0.954745888710022,0.9107731580734253,0.2565699815750122
scunet,high,Normal,47,30.887719991709588,0.8764796257019043,0.9651692509651184,0.9093554019927979,0.19836777448654175
scunet,high,Normal,48,31.292899533537643,0.869803786277771,0.9563193321228027,0.9129027128219604,0.22331662476062775
scunet,high,Normal,49,31.869257014124074,0.8869403600692749,0.9619126915931702,0.9183635711669922,0.20888838171958923
scunet,high,Normal,50,31.63880165960198,0.8761171102523804,0.9640786051750183,0.9204258918762207,0.23763465881347656
scunet,high,Normal,51,32.469745050390195,0.8855118751525879,0.9594392776489258,0.9192973375320435,0.23324334621429443
scunet,high,Normal,52,31.779640149153167,0.8730078935623169,0.9530811309814453,0.9085023403167725,0.24374404549598694
scunet,high,Normal,53,31.89198660029243,0.8938266634941101,0.9716750383377075,0.9241017699241638,0.18506619334220886
scunet,high,Normal,54,32.435546262497034,0.8833566308021545,0.9643327593803406,0.9222055673599243,0.22098024189472198
scunet,high,Normal,55,33.07745804760341,0.8940662145614624,0.9670414328575134,0.9248302578926086,0.21002322435379028
scunet,high,Normal,56,33.36309641243066,0.9222942590713501,0.9732155203819275,0.9366458058357239,0.2248373180627823
scunet,high,Normal,57,31.430923964322858,0.853304922580719,0.9512866735458374,0.8992089033126831,0.2555052936077118
scunet,high,Normal,58,31.64931425944724,0.8804231286048889,0.964725136756897,0.9226894974708557,0.2199297845363617
scunet,high,Normal,59,31.908312757742845,0.8861868977546692,0.9623838663101196,0.9198631048202515,0.21464942395687103
scunet,high,Normal,60,32.62282068898982,0.889510452747345,0.9625740647315979,0.9231261610984802,0.2232307642698288
scunet,high,Normal,61,32.78279385419524,0.9115245938301086,0.9727643728256226,0.9332200288772583,0.17073647677898407
scunet,high,Normal,62,31.884468889923703,0.8669971823692322,0.9572363495826721,0.9130342602729797,0.2644120156764984
scunet,high,Normal,63,31.65100906532775,0.8882712125778198,0.9671524167060852,0.9242905974388123,0.19502723217010498
scunet,high,Normal,64,32.7634638235114,0.8978114128112793,0.9682396054267883,0.9209262132644653,0.21439644694328308
scunet,high,Normal,65,30.740129140795162,0.875881552696228,0.9638271331787109,0.9177714586257935,0.20183977484703064
scunet,high,Normal,66,30.2228604683597,0.8312707543373108,0.9420056343078613,0.8936899304389954,0.25996363162994385
scunet,high,Normal,67,30.517494678046862,0.8485814332962036,0.9549645781517029,0.9014429450035095,0.24877507984638214
scunet,high,Normal,68,29.841724026180326,0.8249377608299255,0.94163578748703,0.8903140425682068,0.2654196619987488
scunet,high,Normal,69,31.613888830061356,0.866502046585083,0.9554332494735718,0.9055131077766418,0.25202542543411255
scunet,high,Normal,70,33.58238516780763,0.9189474582672119,0.9720889329910278,0.9324727058410645,0.20960646867752075
scunet,high,Normal,71,33.106431713871544,0.8829435110092163,0.9521480202674866,0.9163477420806885,0.24712927639484406
scunet,high,Normal,72,32.92758146396804,0.8996579647064209,0.966616153717041,0.9310004711151123,0.22082599997520447
scunet,high,Normal,73,33.23421245935036,0.9094797372817993,0.9690342545509338,0.9316028952598572,0.19611378014087677
scunet,high,Normal,74,31.85950678822941,0.8895072340965271,0.9521164298057556,0.9078652262687683,0.3091374635696411
scunet,high,Normal,75,31.019822048284365,0.8678138256072998,0.9523845314979553,0.9083056449890137,0.22524434328079224
scunet,high,Normal,76,30.462681303093404,0.8511991500854492,0.9476385116577148,0.8922246694564819,0.25395017862319946
scunet,high,Normal,77,31.98504495353347,0.8931235074996948,0.9691834449768066,0.9240925312042236,0.1747356355190277
scunet,high,Normal,78,32.89726202217321,0.8973197340965271,0.9617704749107361,0.9254670143127441,0.2553706765174866
scunet,high,Normal,79,31.9379112478857,0.8888004422187805,0.9687110185623169,0.926836371421814,0.19461984932422638
scunet,high,Normal,80,32.68123150980377,0.8810818791389465,0.9533244967460632,0.9129515886306763,0.2642523944377899
scunet,high,Normal,81,32.769138203524435,0.8972631096839905,0.9678122401237488,0.9290196299552917,0.21506264805793762
scunet,high,Normal,82,30.803928098193936,0.8536602854728699,0.9509100914001465,0.903041660785675,0.23048469424247742
scunet,high,Normal,83,31.412759284090185,0.8808987140655518,0.9632925987243652,0.9178726077079773,0.2125658094882965
scunet,high,Normal,84,31.71501629377326,0.8826283812522888,0.9680849313735962,0.9264938831329346,0.2062949538230896
scunet,high,Normal,85,34.08494427726965,0.9190754890441895,0.9731941223144531,0.9322927594184875,0.23353663086891174
scunet,high,Normal,86,32.286024625906855,0.8957430124282837,0.9686656594276428,0.9229825139045715,0.19795124232769012
scunet,high,Normal,87,32.90745889324674,0.8988266587257385,0.9670107364654541,0.9265981912612915,0.19838476181030273
scunet,high,Normal,88,30.995212753793062,0.8836439251899719,0.9615638852119446,0.9186393022537231,0.21281452476978302
scunet,high,Normal,89,32.72261389144709,0.8873069882392883,0.9598961472511292,0.9191643595695496,0.24218812584877014
scunet,high,Normal,90,31.621459167355923,0.8853985667228699,0.9641367197036743,0.9197885990142822,0.19041617214679718
scunet,high,Normal,91,30.870844508259815,0.8670505881309509,0.9614250659942627,0.9066982865333557,0.22220087051391602
scunet,high,Normal,92,33.32985641993762,0.9154658913612366,0.970470666885376,0.9347332119941711,0.20211230218410492
scunet,high,Normal,93,31.41021359250658,0.8606706857681274,0.9557337164878845,0.9119980335235596,0.23969683051109314
scunet,high,Normal,94,32.838175982241296,0.9060506224632263,0.9691497683525085,0.9251636266708374,0.2049911916255951
scunet,high,Normal,95,30.455381013273673,0.8426092267036438,0.9454693794250488,0.8955399990081787,0.24869447946548462
scunet,high,Normal,96,32.4111615843494,0.8888386487960815,0.9662567973136902,0.9238115549087524,0.2037706971168518
scunet,high,Normal,97,30.601777979677706,0.8474062085151672,0.9555994272232056,0.9093341827392578,0.24541358649730682
scunet,high,Normal,98,31.70003405369286,0.8831413984298706,0.9687272310256958,0.9197637438774109,0.19235801696777344
scunet,high,Normal,99,32.167553231110965,0.8933041095733643,0.9665089249610901,0.93049156665802,0.21832488477230072
scunet,high,Normal,100,32.90115132884258,0.8914589285850525,0.9644042253494263,0.9259333610534668,0.2192477583885193
scunet,high,Normal,101,30.87845621778888,0.8645798563957214,0.9575358629226685,0.9144235849380493,0.23510614037513733
scunet,high,Normal,102,32.471811551462636,0.8997141122817993,0.9685213565826416,0.9183905124664307,0.1774349957704544
scunet,high,Normal,103,32.65663496702638,0.894367516040802,0.9650110602378845,0.9190022945404053,0.21768441796302795
scunet,high,Normal,104,31.620574289812975,0.881616473197937,0.9673096537590027,0.917663037776947,0.19588375091552734
scunet,high,Normal,105,31.680893554976294,0.8832032084465027,0.9552969336509705,0.926389217376709,0.2039688527584076
scunet,high,Normal,106,32.92965146423172,0.9038779139518738,0.9707556962966919,0.9285115599632263,0.18387393653392792
scunet,high,Normal,107,31.921665277908332,0.8838226199150085,0.9624861478805542,0.9168440699577332,0.20098093152046204
scunet,high,Normal,108,30.466344216957776,0.8260701298713684,0.9396553039550781,0.883696973323822,0.2773255407810211
scunet,high,Normal,109,31.330092583359924,0.8507686257362366,0.9536000490188599,0.9036895036697388,0.2468244731426239
scunet,high,Normal,110,32.13948201201528,0.8738963007926941,0.9526592493057251,0.9153403043746948,0.22211205959320068
scunet,high,Normal,111,32.959617459577395,0.8890026807785034,0.9587773680686951,0.9141494631767273,0.21601122617721558
scunet,high,Normal,112,30.62876793083913,0.8607758283615112,0.9564827084541321,0.9046635627746582,0.2355157732963562
scunet,high,Normal,113,31.13545661149839,0.8485970497131348,0.954099714756012,0.8969737887382507,0.22826161980628967
scunet,high,Normal,114,32.01994543936492,0.8735448718070984,0.9620206356048584,0.9076301455497742,0.23608171939849854
scunet,high,Normal,115,31.760643421229943,0.8774881958961487,0.9632886648178101,0.9212203025817871,0.21813099086284637
scunet,high,Normal,116,30.80145384300444,0.867500364780426,0.9639347791671753,0.9069913029670715,0.19755291938781738
scunet,high,Normal,117,32.09538010789627,0.8804963827133179,0.9557023048400879,0.9192045331001282,0.2113960087299347
scunet,high,Normal,118,32.193192510970185,0.886376142501831,0.9656230211257935,0.9175330996513367,0.20836055278778076
scunet,high,Normal,119,33.89851772713441,0.924015998840332,0.972944974899292,0.9401947259902954,0.19164809584617615
scunet,high,Normal,120,32.928730460211284,0.9251173734664917,0.9753109812736511,0.9406682848930359,0.14984288811683655
scunet,high,Normal,121,32.54123798377233,0.8946979641914368,0.9635950922966003,0.9247590899467468,0.18853284418582916
scunet,high,Normal,122,32.78104971754197,0.9015518426895142,0.9698602557182312,0.9337683916091919,0.1859338879585266
scunet,high,Normal,123,33.16053278315982,0.9040955305099487,0.9718387126922607,0.9300878643989563,0.17708738148212433
scunet,high,Normal,124,32.22146157098008,0.8843878507614136,0.9644963145256042,0.9157845973968506,0.22209405899047852
scunet,high,Normal,125,31.33847637063658,0.8708983659744263,0.9655138850212097,0.9107698202133179,0.2366081178188324
scunet,high,Normal,126,32.268144720877785,0.8763445615768433,0.9558594822883606,0.9182767271995544,0.2559860646724701
scunet,high,Normal,127,30.62934413577253,0.8307586312294006,0.9444374442100525,0.8889379501342773,0.26528966426849365
scunet,high,Normal,128,31.229086054190944,0.8787254691123962,0.9662173986434937,0.9136156439781189,0.2154489904642105
scunet,high,Normal,129,32.257392233873134,0.8935174345970154,0.9694558382034302,0.9241092205047607,0.19225510954856873
scunet,high,Normal,130,31.801323677370146,0.8887785077095032,0.9697620868682861,0.9234430193901062,0.20248210430145264
scunet,high,Normal,131,31.80915764510123,0.8819168210029602,0.9652028679847717,0.9218974113464355,0.210926815867424
scunet,high,Normal,132,31.276286028208876,0.8722094297409058,0.9611383676528931,0.9174283146858215,0.21535871922969818
scunet,high,Normal,133,31.7350939602901,0.8792268633842468,0.9664692282676697,0.9226728081703186,0.20923060178756714
scunet,high,Normal,134,33.24119273007187,0.9090060591697693,0.97060626745224,0.927249014377594,0.20745177567005157
scunet,high,Normal,135,32.51447776722778,0.8957923650741577,0.9620347619056702,0.9211637377738953,0.19249463081359863
scunet,high,Normal,136,31.749494353941287,0.8948245644569397,0.9703512787818909,0.9268619418144226,0.19064727425575256
scunet,high,Normal,137,31.65976345681058,0.8894816637039185,0.9686025977134705,0.9221831560134888,0.18450452387332916
scunet,high,Normal,138,32.64362478465206,0.8985534906387329,0.9690590500831604,0.9285838007926941,0.19732263684272766
scunet,high,Normal,139,30.85632352552198,0.8575329780578613,0.9589974880218506,0.9069017171859741,0.22902727127075195
scunet,high,Normal,140,31.062238251600224,0.8585151433944702,0.9532430768013,0.9044720530509949,0.22071102261543274
scunet,high,Normal,141,31.945046569728106,0.875956118106842,0.9555438756942749,0.9162992835044861,0.23678134381771088
scunet,high,Normal,142,30.297767179327842,0.8348461985588074,0.9465625286102295,0.895844578742981,0.2508760690689087
scunet,high,Normal,143,33.40802514474301,0.9183511137962341,0.9735886454582214,0.935684323310852,0.1845698356628418
scunet,high,Normal,144,32.147664110105694,0.8935343027114868,0.9668223857879639,0.9279559850692749,0.20023205876350403
scunet,high,Normal,145,31.471038739987804,0.8921486735343933,0.9670404195785522,0.9244897365570068,0.1754571497440338
scunet,high,Normal,146,30.72223814415981,0.8567506670951843,0.9578405022621155,0.9081570506095886,0.250095009803772
scunet,high,Normal,147,30.811652482943856,0.8401204943656921,0.9443406462669373,0.8959808349609375,0.25252586603164673
scunet,high,Normal,148,32.30102485505994,0.8822533488273621,0.9584537744522095,0.9211488366127014,0.20640426874160767
scunet,high,Normal,149,31.423896193112142,0.877784788608551,0.9662843942642212,0.9225631356239319,0.20961706340312958
scunet,high,Normal,150,31.543333837723573,0.8452762961387634,0.9448229074478149,0.9034450650215149,0.2567085325717926
scunet,high,Normal,151,30.72195544526079,0.8255690932273865,0.9391523599624634,0.8902091979980469,0.2589106559753418
scunet,high,Normal,152,30.284266426644425,0.8273334503173828,0.9431037902832031,0.8834307193756104,0.24990011751651764
scunet,high,Normal,153,32.4176262356105,0.9010717868804932,0.9686362147331238,0.9252577424049377,0.21637064218521118
scunet,high,Normal,154,33.56286992997148,0.9139284491539001,0.968977153301239,0.9306771159172058,0.23575080931186676
scunet,high,Normal,155,31.42659246191866,0.8749575018882751,0.9581541419029236,0.9088860154151917,0.22124025225639343
scunet,high,Normal,156,31.062134943804097,0.8572737574577332,0.9547461867332458,0.9017771482467651,0.2416922152042389
scunet,high,Normal,157,32.56695873188416,0.9082217812538147,0.9743303656578064,0.928563117980957,0.1757594347000122
scunet,high,Normal,158,32.09072852147058,0.8980967402458191,0.9675241708755493,0.9261202812194824,0.17509090900421143
scunet,high,Normal,159,32.31838082204034,0.8801597356796265,0.9547719955444336,0.9191774129867554,0.2497679442167282
scunet,high,Normal,160,32.836328833753264,0.9073228240013123,0.9625433087348938,0.9242947101593018,0.2638111114501953
scunet,high,Normal,161,32.80678431768525,0.8964406251907349,0.9677818417549133,0.9251171350479126,0.19666311144828796
scunet,high,Normal,162,32.42812936628662,0.9032747149467468,0.9691583514213562,0.9246494174003601,0.18574990332126617
scunet,high,Normal,163,32.73276598297609,0.902098536491394,0.9698785543441772,0.9181267619132996,0.20128826797008514
scunet,high,Normal,164,33.68436525989619,0.9172952771186829,0.9677577614784241,0.935393214225769,0.26840656995773315
scunet,high,Normal,165,33.70269145054407,0.9045878052711487,0.9623441100120544,0.9169090986251831,0.27874863147735596
scunet,high,Normal,166,33.86239450548975,0.9132123589515686,0.972670316696167,0.9326051473617554,0.18230322003364563
scunet,high,Normal,167,31.583101748509748,0.853523313999176,0.9454378485679626,0.9001126289367676,0.293834924697876
scunet,high,Normal,168,31.84799379720943,0.8970479369163513,0.9681119918823242,0.9268192648887634,0.18891429901123047
scunet,high,Normal,169,29.404949014249418,0.8451368808746338,0.9589212536811829,0.899419903755188,0.21890944242477417
scunet,high,Normal,170,31.661022460861915,0.8604282140731812,0.9571548104286194,0.9056599140167236,0.25562310218811035
scunet,high,Normal,171,31.529419172614137,0.8557267785072327,0.9559959769248962,0.9080737829208374,0.24362774193286896
scunet,high,Normal,172,32.171776418679514,0.8751107454299927,0.9550992846488953,0.9145399928092957,0.2398013323545456
scunet,high,Normal,173,31.38265379584931,0.8423789739608765,0.9480269551277161,0.8999804258346558,0.26024332642555237
scunet,high,Normal,174,33.166390483663164,0.8989019393920898,0.9659474492073059,0.9246418476104736,0.2233896255493164
scunet,high,Normal,175,32.849451765692834,0.9121098518371582,0.9739620089530945,0.9212198853492737,0.20355740189552307
scunet,high,Normal,176,32.445343038569334,0.9122820496559143,0.971752941608429,0.9295039176940918,0.17885267734527588
scunet,high,Normal,177,30.747493352435885,0.84185391664505,0.9473776817321777,0.894406259059906,0.23790207505226135
scunet,high,Normal,178,31.923245811443365,0.8752985596656799,0.9582269787788391,0.9187424778938293,0.22500020265579224
scunet,high,Normal,179,30.584406628143206,0.8176418542861938,0.9388724565505981,0.8794636726379395,0.28785187005996704
scunet,high,Normal,180,30.255920273802467,0.8517444729804993,0.9528536200523376,0.8981010317802429,0.23011507093906403
scunet,high,Normal,181,32.348846343260846,0.8824277520179749,0.9586033225059509,0.9194337129592896,0.2153220772743225
scunet,high,Normal,182,33.1380009125928,0.8965030312538147,0.9623141884803772,0.9238823652267456,0.22274824976921082
scunet,high,Normal,183,32.12227123862782,0.886581301689148,0.9664234519004822,0.9203137755393982,0.21848143637180328
scunet,high,Normal,184,32.26096464617766,0.8854385614395142,0.9640596508979797,0.9220735430717468,0.22270995378494263
scunet,high,Normal,185,32.71642344052024,0.8936955332756042,0.9669250845909119,0.9214984178543091,0.21061980724334717
scunet,high,Normal,186,31.13827262279067,0.8537886738777161,0.953000009059906,0.9068889617919922,0.24762694537639618
scunet,high,Normal,187,32.63611183860804,0.9059887528419495,0.9671365022659302,0.9296599626541138,0.2078372687101364
scunet,high,Normal,188,32.651291785766034,0.8813057541847229,0.9578346014022827,0.912276029586792,0.25316518545150757
scunet,high,Normal,189,32.29183501546749,0.8731303811073303,0.9546600580215454,0.9081639647483826,0.256256103515625
scunet,high,Normal,190,30.167365161601765,0.8391924500465393,0.9465373158454895,0.8918357491493225,0.2506217360496521
scunet,high,Normal,191,32.881146640576546,0.9128033518791199,0.9718360900878906,0.9284419417381287,0.1863722801208496
scunet,high,Normal,192,33.86250893092544,0.9232625365257263,0.9682056903839111,0.9300352931022644,0.23594772815704346
scunet,high,Normal,193,31.285389556862697,0.8795831799507141,0.9659280776977539,0.9199731349945068,0.21064698696136475
scunet,high,Normal,194,31.74365217230529,0.8707930445671082,0.9584836959838867,0.9149516820907593,0.2255275994539261
scunet,high,Normal,195,31.78206365073685,0.8789883255958557,0.9608023762702942,0.9163996577262878,0.20645689964294434
scunet,high,Normal,196,32.111550373998114,0.8794296979904175,0.9574010372161865,0.9136254191398621,0.23380345106124878
scunet,high,Normal,197,32.38925469897576,0.8938348293304443,0.967789351940155,0.9231429696083069,0.2029770314693451
scunet,high,Normal,198,32.84733392506993,0.9031696915626526,0.9667103886604309,0.9261639714241028,0.24749138951301575
scunet,high,Normal,199,31.198090091108142,0.8726362586021423,0.9623883366584778,0.9096987843513489,0.208980530500412
scunet,high,Normal,200,31.945251105787975,0.8870059251785278,0.9666313529014587,0.9220809936523438,0.2114914059638977
scunet,high,Normal,201,31.430432672583688,0.8756819367408752,0.9596036076545715,0.913765013217926,0.21839448809623718
scunet,high,Normal,202,31.339196855393272,0.864984393119812,0.9536017775535583,0.9107842445373535,0.24308259785175323
scunet,high,Normal,203,32.41699596392512,0.8953171968460083,0.9690777659416199,0.9287121295928955,0.1937236785888672
scunet,high,Normal,204,31.67449343013216,0.8845690488815308,0.9633240103721619,0.923886775970459,0.19148039817810059
scunet,high,Normal,205,33.4782692795861,0.9057082533836365,0.9679586887359619,0.9258434176445007,0.21203112602233887
scunet,high,Normal,206,33.18606203158845,0.8966956734657288,0.962062418460846,0.9241291880607605,0.22140656411647797
scunet,high,Normal,207,32.82290355321929,0.8897974491119385,0.9591872096061707,0.9132118225097656,0.21457932889461517
scunet,high,Normal,208,31.85502425047186,0.8821178078651428,0.9651976227760315,0.9215226769447327,0.20291301608085632
scunet,high,Normal,209,31.003149293389924,0.8684831261634827,0.9617730975151062,0.9205618500709534,0.20890533924102783
scunet,high,Normal,210,31.08932494167758,0.844421923160553,0.9476127028465271,0.8896378874778748,0.28509387373924255
scunet,high,Normal,211,32.06203422845504,0.9031055569648743,0.9703736901283264,0.9254636764526367,0.17115415632724762
scunet,high,Normal,212,32.9747056811922,0.9080503582954407,0.968715250492096,0.9291826486587524,0.20292910933494568
scunet,high,Normal,213,33.31357056214909,0.9162978529930115,0.9729390144348145,0.9290791749954224,0.2080315500497818
scunet,high,Normal,214,31.78185560775764,0.8792107105255127,0.9609092473983765,0.9152845740318298,0.22471967339515686
scunet,high,Normal,215,31.109586579412873,0.834264874458313,0.938978374004364,0.8842036724090576,0.28974419832229614
scunet,high,Normal,216,31.307275346054908,0.8643025159835815,0.9602891206741333,0.9152333736419678,0.21855607628822327
scunet,high,Normal,217,33.43855524348322,0.901482343673706,0.9636269211769104,0.9238307476043701,0.2418402135372162
scunet,high,Normal,218,31.14092773009655,0.8440949320793152,0.9472546577453613,0.8962368965148926,0.25414949655532837
scunet,high,Normal,219,32.30503820897519,0.8985282182693481,0.9682247638702393,0.9279043674468994,0.18585821986198425
scunet,high,Normal,220,33.83608182153654,0.9023585319519043,0.9621627330780029,0.924191951751709,0.2629183232784271
scunet,high,Normal,221,32.514456117502476,0.9034943580627441,0.9701185822486877,0.9291096329689026,0.18270866572856903
scunet,high,Normal,222,32.05632990192636,0.8844912648200989,0.968077540397644,0.9189263582229614,0.1924542784690857
scunet,high,Normal,223,31.19891225752074,0.8580875396728516,0.9526336789131165,0.9114924669265747,0.2619760036468506
scunet,high,Normal,224,32.8826854810763,0.9139966368675232,0.9754055738449097,0.9330918192863464,0.16575509309768677
scunet,high,Normal,225,30.69483581597204,0.8160305619239807,0.9477717876434326,0.8785670399665833,0.29267364740371704
scunet,high,Normal,226,32.69697619797704,0.8967449069023132,0.9650026559829712,0.9255461096763611,0.20984619855880737
scunet,high,Normal,227,31.815548669086077,0.8859567642211914,0.9682565927505493,0.9237545728683472,0.19649381935596466
scunet,high,Normal,228,33.28039533287405,0.9097186923027039,0.9702399373054504,0.926154613494873,0.19530418515205383
scunet,high,Normal,229,32.136381002946386,0.9028992056846619,0.9727813601493835,0.9274787306785583,0.19549545645713806
scunet,high,Normal,230,31.911173810574795,0.8749874830245972,0.9647047519683838,0.9195488095283508,0.22502732276916504
scunet,high,Normal,231,31.616066050444157,0.8604680895805359,0.9530494809150696,0.9068270325660706,0.2301209270954132
scunet,high,Normal,232,33.38845567195071,0.9023054838180542,0.9699851274490356,0.9297617673873901,0.20941708981990814
scunet,high,Normal,233,32.777418826854884,0.891842782497406,0.9650617241859436,0.9227796792984009,0.23218610882759094
scunet,high,Bacterial,234,33.232095343501335,0.906169056892395,0.9530465602874756,0.9162575602531433,0.2909700870513916
scunet,high,Bacterial,235,31.660995409557454,0.8797739744186401,0.9544771909713745,0.9092791080474854,0.2808399498462677
scunet,high,Bacterial,236,33.59112857437391,0.9080154895782471,0.9601978063583374,0.9241747856140137,0.25729435682296753
scunet,high,Bacterial,237,33.267621739681346,0.9096234440803528,0.9624617099761963,0.919780969619751,0.2665204405784607
scunet,high,Bacterial,238,33.53141886992188,0.9023965001106262,0.9464936256408691,0.9127048254013062,0.32888171076774597
scunet,high,Bacterial,239,33.08884414093386,0.9161506295204163,0.9619925618171692,0.9282137751579285,0.2408222258090973
scunet,high,Bacterial,240,33.38037975228612,0.909046471118927,0.9566597938537598,0.9172413349151611,0.26777273416519165
scunet,high,Bacterial,241,32.35001438879696,0.8995031714439392,0.9558991193771362,0.9116504788398743,0.3053002953529358
scunet,high,Bacterial,242,33.67816586868694,0.9075148701667786,0.9612034559249878,0.9187381863594055,0.2745893597602844
scunet,high,Bacterial,243,32.51934086443137,0.8869195580482483,0.961275041103363,0.9068079590797424,0.2888406813144684
scunet,high,Bacterial,244,31.196076640713958,0.866650402545929,0.9506399631500244,0.901907205581665,0.23575517535209656
scunet,high,Bacterial,245,32.47251192010019,0.9005289673805237,0.9668164849281311,0.9244413375854492,0.21650421619415283
scunet,high,Bacterial,246,33.175410211815965,0.9095125198364258,0.96979820728302,0.9303228855133057,0.2461482584476471
scunet,high,Bacterial,247,32.56789789619581,0.9053334593772888,0.9675266146659851,0.924946129322052,0.24578465521335602
scunet,high,Bacterial,248,34.11362814779302,0.919486403465271,0.9644272923469543,0.9273194670677185,0.247883141040802
scunet,high,Bacterial,249,33.94163553963652,0.9269070029258728,0.9622625708580017,0.925771176815033,0.2821350693702698
scunet,high,Bacterial,250,33.55011250690056,0.8961371183395386,0.9416887760162354,0.9033357501029968,0.3004332184791565
scunet,high,Bacterial,251,31.591573941546347,0.8823111057281494,0.960231363773346,0.9130554795265198,0.2323494553565979
scunet,high,Bacterial,252,34.31323189900158,0.9153868556022644,0.9641711115837097,0.9185255765914917,0.27685627341270447
scunet,high,Bacterial,253,33.35180780900846,0.9076099991798401,0.9623408317565918,0.9239392876625061,0.2779328227043152
scunet,high,Bacterial,254,32.049150954241675,0.8762563467025757,0.9570514559745789,0.9064122438430786,0.2391735315322876
scunet,high,Bacterial,255,32.16076898914965,0.885097086429596,0.9453611373901367,0.9095897674560547,0.27303940057754517
scunet,high,Bacterial,256,31.438118015556892,0.8704834580421448,0.9493132829666138,0.8982774615287781,0.2777780592441559
scunet,high,Bacterial,257,32.6519239428583,0.9025009274482727,0.9562267661094666,0.9120339155197144,0.29239320755004883
scunet,high,Bacterial,258,32.66883917827069,0.8817855715751648,0.9416365623474121,0.8999539613723755,0.3376385569572449
scunet,high,Bacterial,259,32.900051009456355,0.8839739561080933,0.9486203789710999,0.9104602932929993,0.3141958713531494
scunet,high,Bacterial,260,32.955588093018804,0.9050049185752869,0.9548429846763611,0.9194696545600891,0.27156588435173035
scunet,high,Bacterial,261,31.289338176094745,0.879019021987915,0.9582443237304688,0.9111665487289429,0.2273440659046173
scunet,high,Bacterial,262,34.878228366057314,0.9230772256851196,0.9654051065444946,0.9253706336021423,0.2647431492805481
scunet,high,Bacterial,263,34.61312962421685,0.9224352240562439,0.9688274264335632,0.9295135736465454,0.28460443019866943
scunet,high,Bacterial,264,34.18906207507477,0.9075056910514832,0.9545654654502869,0.9172752499580383,0.27742576599121094
scunet,high,Bacterial,265,34.223343932836215,0.9207841157913208,0.9624803066253662,0.9270374774932861,0.2995266318321228
scunet,high,Bacterial,266,33.8920708696898,0.9157379269599915,0.9673212766647339,0.9165977835655212,0.272230327129364
scunet,high,Bacterial,267,32.12759705124683,0.8717573881149292,0.9506627321243286,0.8959960341453552,0.3172428011894226
scunet,high,Bacterial,268,33.23569766409696,0.8920720219612122,0.9543465971946716,0.9069312214851379,0.318074107170105
scunet,high,Bacterial,269,33.4475785267177,0.910234808921814,0.9623799324035645,0.9243792295455933,0.25802066922187805
scunet,high,Bacterial,270,34.38832116345207,0.9304218292236328,0.9696698188781738,0.9404464364051819,0.2362554669380188
scunet,high,Bacterial,271,33.711102585295265,0.9151368737220764,0.9705593585968018,0.9249225854873657,0.22721314430236816
scunet,high,Bacterial,272,34.498854940669624,0.922990083694458,0.9685832858085632,0.9286702275276184,0.2829466462135315
scunet,high,Bacterial,273,34.19671530764085,0.9238256812095642,0.9606091380119324,0.9275707006454468,0.26125454902648926
scunet,high,Bacterial,274,32.47312036769732,0.8829391002655029,0.957050085067749,0.9085777997970581,0.25793957710266113
scunet,high,Bacterial,275,31.606421319619052,0.878494143486023,0.951488733291626,0.902513861656189,0.28439560532569885
scunet,high,Bacterial,276,30.956009214282357,0.8670920729637146,0.9553305506706238,0.9074905514717102,0.2118116319179535
scunet,high,Bacterial,277,32.19558703756767,0.8793451189994812,0.9465545415878296,0.8989945650100708,0.3046088218688965
scunet,high,Bacterial,278,32.77040342692325,0.8873944878578186,0.9539825320243835,0.9084891080856323,0.2958386540412903
scunet,high,Bacterial,279,32.83507776653065,0.8994308710098267,0.9602866172790527,0.9148398637771606,0.2628116309642792
scunet,high,Bacterial,280,34.05313016372356,0.8972874283790588,0.959709882736206,0.9122152328491211,0.2734606862068176
scunet,high,Bacterial,281,33.020570717311465,0.8805081248283386,0.950557291507721,0.9001467823982239,0.30816906690597534
scunet,high,Bacterial,282,32.01317433791665,0.8827211856842041,0.9558753371238708,0.9047800898551941,0.2880183458328247
scunet,high,Bacterial,283,33.284061650240254,0.9053425192832947,0.962363600730896,0.9160094857215881,0.2713608741760254
scunet,high,Bacterial,284,30.952400987928005,0.8721014261245728,0.9362373352050781,0.8968861103057861,0.3431805968284607
scunet,high,Bacterial,285,34.16101982436547,0.9129348397254944,0.9557974934577942,0.9174683690071106,0.30095773935317993
scunet,high,Bacterial,286,32.08132229064098,0.900880753993988,0.9612401723861694,0.9205646514892578,0.2647048830986023
scunet,high,Bacterial,287,31.927622828760036,0.8699542880058289,0.9431944489479065,0.9068127274513245,0.3077281713485718
scunet,high,Bacterial,288,33.78176816336054,0.912855327129364,0.9619165062904358,0.9212239384651184,0.2509872317314148
scunet,high,Bacterial,289,32.57865088278451,0.887127697467804,0.952499270439148,0.9041221737861633,0.26941365003585815
scunet,high,Bacterial,290,34.037895181564366,0.9157464504241943,0.9616217613220215,0.9218200445175171,0.29409804940223694
scunet,high,Bacterial,291,32.546078452991615,0.893373429775238,0.950171172618866,0.9108198881149292,0.28625917434692383
scunet,high,Bacterial,292,32.026467510940314,0.8771471977233887,0.9535784721374512,0.9083799719810486,0.2428019940853119
scunet,high,Bacterial,293,34.37146142641015,0.9223368763923645,0.9715109467506409,0.9284394383430481,0.2644585371017456
scunet,high,Bacterial,294,33.195386013758366,0.9069804549217224,0.960995614528656,0.9229204654693604,0.2628977596759796
scunet,high,Bacterial,295,32.15675378515151,0.8991425633430481,0.9611607789993286,0.9172061681747437,0.2586739957332611
scunet,high,Bacterial,296,33.87843544575277,0.9196158051490784,0.9704008102416992,0.9290968775749207,0.2606546878814697
scunet,high,Bacterial,297,33.0090374873341,0.9067868590354919,0.9658874273300171,0.9223872423171997,0.27775126695632935
scunet,high,Bacterial,298,30.536120348330925,0.8559667468070984,0.9396387934684753,0.8888609409332275,0.28757306933403015
scunet,high,Bacterial,299,31.013168693684705,0.8668618202209473,0.9442813992500305,0.8969656825065613,0.29846224188804626
scunet,high,Bacterial,300,30.927631356472745,0.8823448419570923,0.9583948254585266,0.901667058467865,0.27024221420288086
scunet,high,Bacterial,301,30.75049349799667,0.8455883264541626,0.94168621301651,0.900370180606842,0.23903648555278778
scunet,high,Bacterial,302,32.51984752456678,0.8837799429893494,0.9550922513008118,0.9075914025306702,0.24660688638687134
scunet,high,Bacterial,303,31.941617179515145,0.9041434526443481,0.9595136046409607,0.9214516878128052,0.2934166193008423
scunet,high,Bacterial,304,33.15618958701246,0.9040291905403137,0.9601959586143494,0.9123058915138245,0.29408106207847595
scunet,high,Bacterial,305,34.222271129173826,0.9149858355522156,0.964234471321106,0.9196575880050659,0.25684601068496704
scunet,high,Bacterial,306,32.267439047101035,0.9005513191223145,0.9600210785865784,0.9152559041976929,0.28389233350753784
scunet,high,Bacterial,307,32.24617187257828,0.9042757153511047,0.9609840512275696,0.9177389740943909,0.2762645483016968
scunet,high,Bacterial,308,32.389171000199,0.8721396327018738,0.9485005736351013,0.9135979413986206,0.2690460681915283
scunet,high,Bacterial,309,32.474106483988265,0.891863226890564,0.9569409489631653,0.9162000417709351,0.25005772709846497
scunet,high,Bacterial,310,31.11687389428355,0.8676751852035522,0.9532964825630188,0.9100647568702698,0.22034235298633575
scunet,high,Bacterial,311,31.848996677228428,0.8735082149505615,0.9426137208938599,0.9012386798858643,0.2859339416027069
scunet,high,Bacterial,312,31.51464704922622,0.8867105841636658,0.9604227542877197,0.914384663105011,0.25162577629089355
scunet,high,Bacterial,313,33.20052046486498,0.8966659903526306,0.9531872868537903,0.909782886505127,0.3348005414009094
scunet,high,Bacterial,314,32.55649693531021,0.8752262592315674,0.955208957195282,0.9064794182777405,0.25832974910736084
scunet,high,Bacterial,315,34.40754691721827,0.9246264100074768,0.9650532603263855,0.9353739619255066,0.2828729748725891
scunet,high,Bacterial,316,33.92554528053668,0.9148430824279785,0.9597304463386536,0.9223327040672302,0.29425933957099915
scunet,high,Bacterial,317,33.5084905888905,0.9217377305030823,0.960076093673706,0.9185647368431091,0.3140707015991211
scunet,high,Bacterial,318,33.46335090092143,0.9107155203819275,0.9613135457038879,0.9221860766410828,0.24619001150131226
scunet,high,Bacterial,319,33.668253682342225,0.9042825698852539,0.9589452743530273,0.9188240170478821,0.24640488624572754
scunet,high,Bacterial,320,33.90323534569633,0.91553795337677,0.9608767032623291,0.9155857563018799,0.279388964176178
scunet,high,Bacterial,321,30.5539646042504,0.876866340637207,0.9512316584587097,0.9103389382362366,0.27956271171569824
scunet,high,Bacterial,322,32.00754943878063,0.8905184268951416,0.9580981135368347,0.9105074405670166,0.2884334623813629
scunet,high,Bacterial,323,32.04985242843007,0.8903322815895081,0.9612584710121155,0.9169856905937195,0.24735592305660248
scunet,high,Bacterial,324,31.136249271635453,0.880928635597229,0.9620509147644043,0.9131634831428528,0.2564343810081482
scunet,high,Bacterial,325,30.649033566661792,0.8801758885383606,0.9632393717765808,0.9069287180900574,0.2524588406085968
scunet,high,Bacterial,326,31.89723793055719,0.8883997201919556,0.9524609446525574,0.9097501635551453,0.2856212854385376
scunet,high,Bacterial,327,33.410909498145344,0.9207728505134583,0.9698313474655151,0.9243669509887695,0.25106656551361084
scunet,high,Bacterial,328,33.59152649931151,0.9186538457870483,0.9677273631095886,0.9264348149299622,0.27389663457870483
scunet,high,Bacterial,329,32.999380711789534,0.9089663624763489,0.9699352383613586,0.9279608130455017,0.17866672575473785
scunet,high,Bacterial,330,34.72274987117806,0.9183257818222046,0.964117705821991,0.919571042060852,0.2605903148651123
scunet,high,Bacterial,331,33.80772125556706,0.9264611601829529,0.9737434983253479,0.9305886626243591,0.23856639862060547
scunet,high,Bacterial,332,34.509589414846815,0.9265353679656982,0.9618270993232727,0.929081916809082,0.2646995782852173
scunet,high,Bacterial,333,34.15891261624352,0.9246078729629517,0.9634348154067993,0.9328725337982178,0.2619292736053467
scunet,high,Bacterial,334,34.13149209783433,0.9259768128395081,0.9631279706954956,0.9304274320602417,0.25648388266563416
scunet,high,Bacterial,335,31.963593225847646,0.8725970387458801,0.9526023864746094,0.9107463359832764,0.2750004231929779
scunet,high,Bacterial,336,33.965313444368896,0.9139286875724792,0.967397153377533,0.925529956817627,0.2576349973678589
scunet,high,Bacterial,337,32.91898851999363,0.8944464325904846,0.9581562280654907,0.912443220615387,0.2639421820640564
scunet,high,Bacterial,338,34.008041359330335,0.9104397296905518,0.961483359336853,0.9165739417076111,0.28836965560913086
scunet,high,Bacterial,339,32.21283389298871,0.8891071677207947,0.9640592336654663,0.9128476977348328,0.21117159724235535
scunet,high,Bacterial,340,33.659113373615156,0.9098082780838013,0.9582317471504211,0.9171767234802246,0.27020028233528137
scunet,high,Bacterial,341,32.44219949033722,0.9154338836669922,0.956753671169281,0.9162622690200806,0.27801430225372314
scunet,high,Bacterial,342,32.79073862812354,0.9102086424827576,0.9599773287773132,0.919614315032959,0.2631576657295227
scunet,high,Bacterial,343,32.92223241504641,0.9178115725517273,0.9580785036087036,0.9162883162498474,0.2891935110092163
scunet,high,Bacterial,344,33.7296307929232,0.9105217456817627,0.9573317766189575,0.9251665472984314,0.29058802127838135
scunet,high,Bacterial,345,32.714460151790476,0.9004871845245361,0.9495341181755066,0.9137240648269653,0.3005439341068268
scunet,high,Bacterial,346,31.595453039632982,0.8889660239219666,0.9509271383285522,0.9087429642677307,0.2801675498485565
scunet,high,Bacterial,347,33.678487230016735,0.9190968871116638,0.9648897647857666,0.9265894889831543,0.27879881858825684
scunet,high,Bacterial,348,32.886567646455035,0.8873053193092346,0.9526560306549072,0.9075677990913391,0.2835042178630829
scunet,high,Bacterial,349,34.49512704986457,0.9220878481864929,0.9595311880111694,0.9297576546669006,0.2586912214756012
scunet,high,Bacterial,350,34.948292962479925,0.9261824488639832,0.9688138365745544,0.9325782060623169,0.29091888666152954
scunet,high,Bacterial,351,31.44980024817467,0.8690653443336487,0.9475585222244263,0.9114753603935242,0.24492394924163818
scunet,high,Bacterial,352,34.20981094785315,0.9148809313774109,0.9665123820304871,0.9280433654785156,0.253207266330719
scunet,high,Bacterial,353,32.90038423088081,0.9106985330581665,0.9686932563781738,0.9256157875061035,0.24343791604042053
scunet,high,Bacterial,354,34.82140430236488,0.9123101830482483,0.9586043953895569,0.9247780442237854,0.3034017086029053
scunet,high,Bacterial,355,33.721867123924625,0.8963916301727295,0.9575756192207336,0.9218742251396179,0.25862184166908264
scunet,high,Bacterial,356,33.42391896418759,0.9025096893310547,0.9635681509971619,0.9166162610054016,0.25409308075904846
scunet,high,Bacterial,357,34.0108865771344,0.8998022675514221,0.953586220741272,0.918548047542572,0.28392142057418823
scunet,high,Bacterial,358,33.68487073529422,0.9037590026855469,0.9528205394744873,0.9145932197570801,0.3467763066291809
scunet,high,Bacterial,359,32.47318738255588,0.8953908681869507,0.9611081480979919,0.9201790690422058,0.21687328815460205
scunet,high,Bacterial,360,32.96501178112596,0.9074698090553284,0.9552327394485474,0.9167633652687073,0.28258782625198364
scunet,high,Bacterial,361,33.68029820657664,0.9109418392181396,0.9556117057800293,0.9213632941246033,0.2673339247703552
scunet,high,Bacterial,362,33.5520829273195,0.9105778932571411,0.9522756338119507,0.9291963577270508,0.3023911118507385
scunet,high,Bacterial,363,32.18377387118388,0.9117366075515747,0.9677692651748657,0.9311159253120422,0.2516701817512512
scunet,high,Bacterial,364,34.34149630031755,0.9220962524414062,0.9637464284896851,0.9268607497215271,0.24798162281513214
scunet,high,Bacterial,365,30.820261692362514,0.8829798698425293,0.9620487093925476,0.9080812335014343,0.2470911592245102
scunet,high,Bacterial,366,33.910689952044244,0.9194923639297485,0.9653325080871582,0.9258080124855042,0.2884023189544678
scunet,high,Bacterial,367,32.28615728445748,0.8941349387168884,0.962894856929779,0.9188822507858276,0.2282247543334961
scunet,high,Bacterial,368,32.90208376206999,0.8917242288589478,0.9572849273681641,0.9108377695083618,0.26569026708602905
scunet,high,Bacterial,369,32.059427057220766,0.8860622644424438,0.9630140066146851,0.9134232401847839,0.22577115893363953
scunet,high,Bacterial,370,31.15993348512001,0.8718771934509277,0.9610868096351624,0.9113368988037109,0.21272137761116028
scunet,high,Bacterial,371,33.57659018602425,0.9160870909690857,0.9682258367538452,0.9256099462509155,0.24039413034915924
scunet,high,Bacterial,372,32.57725130497745,0.8809210658073425,0.9556630253791809,0.9042550325393677,0.33928799629211426
scunet,high,Bacterial,373,33.29856911635128,0.9026153087615967,0.9577671885490417,0.9199846982955933,0.2670101821422577
scunet,high,Bacterial,374,32.45144270207285,0.8934701085090637,0.9510586261749268,0.913002073764801,0.25258171558380127
scunet,high,Bacterial,375,33.01435188396742,0.911171019077301,0.9641356468200684,0.9187138080596924,0.27595779299736023
scunet,high,Bacterial,376,31.52168912331488,0.8922110795974731,0.9601155519485474,0.91484135389328,0.28180021047592163
scunet,high,Bacterial,377,32.73045018368214,0.9153104424476624,0.9674540758132935,0.9169103503227234,0.2762106657028198
scunet,high,Bacterial,378,32.03977400264478,0.8790144324302673,0.9582327008247375,0.9072952270507812,0.2192409634590149
scunet,high,Bacterial,379,32.62235134733248,0.8977169990539551,0.9589617848396301,0.9172918200492859,0.2784048914909363
scunet,high,Bacterial,380,33.22040328726956,0.9156681299209595,0.9571090340614319,0.9262968897819519,0.26758575439453125
scunet,high,Bacterial,381,31.025386524922553,0.872381329536438,0.956032931804657,0.9093794226646423,0.2274649441242218
scunet,high,Bacterial,382,32.48625491600378,0.8982824087142944,0.9562599658966064,0.9119741916656494,0.2567600607872009
scunet,high,Bacterial,383,31.328967819455276,0.8726614713668823,0.9534420967102051,0.8978090286254883,0.24973928928375244
scunet,high,Bacterial,384,30.576452116046497,0.8708799481391907,0.9556487202644348,0.903820276260376,0.21557354927062988
scunet,high,Bacterial,385,30.73576918543369,0.860672652721405,0.9509738683700562,0.907401978969574,0.2482932209968567
scunet,high,Bacterial,386,33.27982022019629,0.9122992157936096,0.9583730697631836,0.9290842413902283,0.2453807294368744
scunet,high,Bacterial,387,33.68620379543395,0.9207683205604553,0.9681259989738464,0.9323211312294006,0.22526180744171143
scunet,high,Bacterial,388,31.95974504799957,0.9028593301773071,0.9693734049797058,0.9260554909706116,0.1811986267566681
scunet,high,Bacterial,389,30.644696326084194,0.855930507183075,0.9487420320510864,0.8997899293899536,0.2646852731704712
scunet,high,Bacterial,390,32.955779312265484,0.8913119435310364,0.9572871327400208,0.915375828742981,0.2503204643726349
scunet,high,Bacterial,391,31.35427943647607,0.8713201284408569,0.9481009244918823,0.900761604309082,0.34806615114212036
scunet,high,Bacterial,392,33.249590088249754,0.9086759686470032,0.9559756517410278,0.9193866848945618,0.2733537554740906
scunet,high,Bacterial,393,33.31540369571059,0.8945911526679993,0.9532190561294556,0.9159405827522278,0.29553458094596863
scunet,high,Bacterial,394,33.24220164676709,0.9139826893806458,0.9617521166801453,0.9248225092887878,0.2591171860694885
scunet,high,Bacterial,395,32.627226186508985,0.9038894176483154,0.9537283182144165,0.9176065921783447,0.25518998503685
scunet,high,Bacterial,396,31.300501982535273,0.8475611805915833,0.9441004991531372,0.8909285664558411,0.28215059638023376
scunet,high,Bacterial,397,34.84185049591577,0.9104717373847961,0.9548636674880981,0.9178576469421387,0.3076298236846924
scunet,high,Bacterial,398,33.59483470428851,0.8981685638427734,0.9526284337043762,0.9099370241165161,0.33350709080696106
scunet,high,Bacterial,399,31.73729057638404,0.8864782452583313,0.9582597017288208,0.9142568707466125,0.2787363529205322
scunet,high,Bacterial,400,32.74026381186137,0.8984035849571228,0.9639932513237,0.9130575656890869,0.233470618724823
scunet,high,Bacterial,401,30.8420927506716,0.8524325489997864,0.944875955581665,0.8934180736541748,0.27608275413513184
scunet,high,Bacterial,402,33.85823909138629,0.9113179445266724,0.9568554162979126,0.9205425381660461,0.28424015641212463
scunet,high,Bacterial,403,33.03018081448232,0.9145313501358032,0.9665529131889343,0.9239273071289062,0.25007864832878113
scunet,high,Bacterial,404,32.7193104630583,0.8963403701782227,0.9571307897567749,0.9073565006256104,0.2717096209526062
scunet,high,Bacterial,405,31.790042718540356,0.8715065717697144,0.9496583938598633,0.906238853931427,0.29134953022003174
scunet,high,Bacterial,406,34.79380837115333,0.9309927821159363,0.9651283025741577,0.9332320690155029,0.24346984922885895
scunet,high,Bacterial,407,32.1885354511531,0.8986038565635681,0.9535394906997681,0.9173436760902405,0.2777240574359894
scunet,high,Bacterial,408,32.8185340921618,0.9040981531143188,0.9666228294372559,0.9202098846435547,0.2478305697441101
scunet,high,Bacterial,409,31.74334399232318,0.8811428546905518,0.9596972465515137,0.9010695815086365,0.25586047768592834
scunet,high,Bacterial,410,30.950850038250262,0.858552873134613,0.9502089619636536,0.9045093059539795,0.2492401897907257
scunet,high,Bacterial,411,32.3346326767616,0.8852531909942627,0.9533567428588867,0.9041790962219238,0.2826839089393616
scunet,high,Bacterial,412,33.54283354407412,0.9065440893173218,0.9586309790611267,0.9158667325973511,0.2688682973384857
scunet,high,Bacterial,413,30.785673531198373,0.8524399399757385,0.9418079853057861,0.8907349109649658,0.2453364133834839
scunet,high,Bacterial,414,34.012546777254336,0.916051983833313,0.9608904719352722,0.9188322424888611,0.28764259815216064
scunet,high,Bacterial,415,32.80782313423548,0.8972600698471069,0.9543668627738953,0.9104692935943604,0.308950811624527
scunet,high,Bacterial,416,34.74177716271573,0.9264205694198608,0.9697738885879517,0.928313136100769,0.27643436193466187
scunet,high,Bacterial,417,33.37661227241067,0.891133189201355,0.9553378224372864,0.9087605476379395,0.26008933782577515
scunet,high,Bacterial,418,34.375864526249465,0.9136746525764465,0.9705544710159302,0.932442307472229,0.22898006439208984
scunet,high,Bacterial,419,33.201186603922594,0.9013035893440247,0.9664000272750854,0.926917314529419,0.18982791900634766
scunet,high,Bacterial,420,33.63322279557599,0.9159875512123108,0.9706850647926331,0.9325494766235352,0.22864249348640442
scunet,high,Bacterial,421,32.988137940553784,0.9013853073120117,0.9653841257095337,0.9240794777870178,0.23504990339279175
scunet,high,Bacterial,422,32.12082998861808,0.8875436782836914,0.9553622007369995,0.9061264991760254,0.2763880789279938
scunet,high,Bacterial,423,32.93632862640315,0.9060409069061279,0.9572890400886536,0.9234943985939026,0.26995375752449036
scunet,high,Bacterial,424,32.95268339485841,0.9042356610298157,0.9585360884666443,0.921707272529602,0.27196550369262695
scunet,high,Bacterial,425,34.040031305144794,0.9113107323646545,0.9653884768486023,0.9228684306144714,0.2833574414253235
scunet,high,Bacterial,426,35.64860310185845,0.9365964531898499,0.9692994356155396,0.9287911057472229,0.2846350371837616
scunet,high,Bacterial,427,34.862576956739176,0.9217726588249207,0.9603428840637207,0.9183403849601746,0.3328104615211487
scunet,high,Bacterial,428,34.00276186978821,0.9111889600753784,0.9591771960258484,0.9203162789344788,0.31544768810272217
scunet,high,Bacterial,429,31.719543223054252,0.8743477463722229,0.9565767645835876,0.9156119227409363,0.24270254373550415
scunet,high,Bacterial,430,34.17078455608437,0.9259639978408813,0.9682949781417847,0.9288210272789001,0.258552610874176
scunet,high,Bacterial,431,34.43434211676028,0.9170270562171936,0.9574228525161743,0.9138757586479187,0.2913512885570526
scunet,high,Bacterial,432,33.785528560837705,0.9116591811180115,0.958193838596344,0.9214913845062256,0.26532959938049316
scunet,high,Bacterial,433,32.3107480101042,0.8823114633560181,0.958864152431488,0.9031398296356201,0.29347488284111023
scunet,high,Bacterial,434,33.273659082713365,0.9070714116096497,0.9651293754577637,0.9188864231109619,0.25626590847969055
scunet,high,Bacterial,435,32.1722357717911,0.8992356061935425,0.9638999700546265,0.9157894849777222,0.2579699754714966
scunet,high,Bacterial,436,31.762409553974038,0.8914639353752136,0.9660652875900269,0.9181571006774902,0.19080309569835663
scunet,high,Bacterial,437,34.72009581569023,0.9132453799247742,0.960899829864502,0.9242570400238037,0.2308276742696762
scunet,high,Bacterial,438,31.59655990373272,0.8707926273345947,0.946613609790802,0.8970141410827637,0.2984631359577179
scunet,high,Bacterial,439,32.91173542375465,0.8933276534080505,0.9594836235046387,0.9116782546043396,0.28382259607315063
scunet,high,Bacterial,440,32.11483773953533,0.8870754241943359,0.9636384844779968,0.9132317304611206,0.2586183547973633
scunet,high,Bacterial,441,31.56322462870375,0.87330561876297,0.9537494778633118,0.9092872142791748,0.2575618624687195
scunet,high,Bacterial,442,34.226355214324485,0.9185611605644226,0.9690102934837341,0.9287335872650146,0.2514168620109558
scunet,high,Bacterial,443,33.73287664724243,0.9109650254249573,0.956440806388855,0.9232167601585388,0.2754526436328888
scunet,high,Bacterial,444,33.15174730877875,0.9060304760932922,0.9672815799713135,0.9220625758171082,0.26747751235961914
scunet,high,Bacterial,445,33.48846249927239,0.9069989919662476,0.9586371779441833,0.9163620471954346,0.30086803436279297
scunet,high,Bacterial,446,32.68426500671024,0.9030147194862366,0.958313524723053,0.9136249423027039,0.31092578172683716
scunet,high,Bacterial,447,34.44484319919165,0.9120705723762512,0.9667955040931702,0.9139476418495178,0.29587453603744507
scunet,high,Bacterial,448,34.13608686931073,0.9143727421760559,0.9698154330253601,0.9285873174667358,0.3290236294269562
scunet,high,Bacterial,449,32.4305526253911,0.8688071966171265,0.9557367563247681,0.9074140787124634,0.2592209577560425
scunet,high,Bacterial,450,32.39399529528327,0.895850419998169,0.9595596790313721,0.9154059290885925,0.272600382566452
scunet,high,Bacterial,451,31.138493080486526,0.860529363155365,0.9514551162719727,0.9036261439323425,0.23043188452720642
scunet,high,Bacterial,452,31.98877815456749,0.8896044492721558,0.9513173699378967,0.9152793884277344,0.27773863077163696
scunet,high,Bacterial,453,34.08079172031901,0.9196410179138184,0.9622966647148132,0.9258482456207275,0.2559097707271576
scunet,high,Bacterial,454,32.149486246375034,0.9037961959838867,0.9627125263214111,0.9202102422714233,0.25810176134109497
scunet,high,Bacterial,455,34.20389087773428,0.919465959072113,0.9590008854866028,0.9264841675758362,0.2903895080089569
scunet,high,Bacterial,456,30.84343618812133,0.847305178642273,0.9430499076843262,0.9027678966522217,0.2924295961856842
scunet,high,Bacterial,457,33.616762285301796,0.911544144153595,0.958016574382782,0.9181501865386963,0.2935772240161896
scunet,high,Bacterial,458,33.84098610473343,0.9273775219917297,0.9675284028053284,0.9279566407203674,0.27578747272491455
scunet,high,Bacterial,459,34.77387455770967,0.9295140504837036,0.9685565829277039,0.927701473236084,0.2786211669445038
scunet,high,Bacterial,460,32.99248211118159,0.8984636664390564,0.96160489320755,0.9188665747642517,0.24195170402526855
scunet,high,Bacterial,461,32.8744165132241,0.9080619812011719,0.9691291451454163,0.9219467043876648,0.2184855043888092
scunet,high,Bacterial,462,31.947650475103107,0.8787518739700317,0.9582045674324036,0.9142670631408691,0.22432014346122742
scunet,high,Bacterial,463,33.72203657405774,0.9066300392150879,0.9535573124885559,0.9144511222839355,0.30303430557250977
scunet,high,Bacterial,464,32.62833404723773,0.8932873606681824,0.9625530242919922,0.9107807874679565,0.24908553063869476
scunet,high,Bacterial,465,33.660790902126514,0.905558705329895,0.9598441123962402,0.9214056730270386,0.27842646837234497
scunet,high,Bacterial,466,32.81566352161978,0.8916213512420654,0.9549679756164551,0.9122143387794495,0.2949281930923462
scunet,high,Bacterial,467,33.12251901179482,0.8855490684509277,0.9574873447418213,0.9082852602005005,0.33470168709754944
scunet,high,Bacterial,468,33.39824901107789,0.9144913554191589,0.963100016117096,0.9286450743675232,0.22716771066188812
scunet,high,Bacterial,469,34.21438030109194,0.909885048866272,0.9596986174583435,0.9131479263305664,0.2721049189567566
scunet,high,Bacterial,470,32.72068327541519,0.9026724100112915,0.952437698841095,0.9120134711265564,0.293556272983551
scunet,high,Bacterial,471,31.96853135209835,0.8700032830238342,0.9519208669662476,0.9065102934837341,0.2298499345779419
scunet,high,Bacterial,472,32.40775220378339,0.8854725360870361,0.9584400057792664,0.915668249130249,0.21578489243984222
scunet,high,Bacterial,473,30.173097393193416,0.8701995611190796,0.9495763778686523,0.8987203240394592,0.30450066924095154
scunet,high,Bacterial,474,31.837567824747662,0.9028101563453674,0.9647461175918579,0.9208287596702576,0.26947516202926636
scunet,high,Bacterial,475,30.652447608389444,0.856334388256073,0.9510468244552612,0.8980576992034912,0.2527148127555847
scunet,high,Viral,476,32.35733811226237,0.8938767910003662,0.9631537199020386,0.9221984148025513,0.2691793441772461
scunet,high,Viral,477,32.77255634962014,0.9034271240234375,0.9649520516395569,0.9284780025482178,0.2319779098033905
scunet,high,Viral,478,32.44991065042071,0.9012088775634766,0.9614890217781067,0.9297571778297424,0.23760095238685608
scunet,high,Viral,479,33.397928383169514,0.9006635546684265,0.9653061628341675,0.9181584715843201,0.2515849769115448
scunet,high,Viral,480,34.082179563249746,0.9139269590377808,0.9557074308395386,0.9146749377250671,0.33158284425735474
scunet,high,Viral,481,32.37447643881677,0.910441517829895,0.9649131894111633,0.9247007369995117,0.28011539578437805
scunet,high,Viral,482,31.352125319507707,0.860539436340332,0.9461525082588196,0.8976022601127625,0.25903743505477905
scunet,high,Viral,483,33.01292604873419,0.9012032747268677,0.9498885869979858,0.9129840135574341,0.2908206284046173
scunet,high,Viral,484,32.27587372461028,0.9056521058082581,0.9509931206703186,0.9114978313446045,0.31781041622161865
scunet,high,Viral,485,32.67214277615321,0.8925302624702454,0.9573807120323181,0.9178825616836548,0.2864615321159363
scunet,high,Viral,486,33.40096036876283,0.8913193941116333,0.9486740231513977,0.9072026014328003,0.3264835476875305
scunet,high,Viral,487,33.49349957757529,0.8981529474258423,0.963787853717804,0.9185035824775696,0.2596195936203003
scunet,high,Viral,488,32.57334055409715,0.9047842025756836,0.969594419002533,0.9266115427017212,0.21946975588798523
scunet,high,Viral,489,33.433562225316635,0.906729519367218,0.9669548869132996,0.9258511662483215,0.24920769035816193
scunet,high,Viral,490,32.72802475515347,0.8883779644966125,0.9586082696914673,0.9126959443092346,0.30651557445526123
scunet,high,Viral,491,32.673529296540586,0.8930482268333435,0.9604050517082214,0.9202933311462402,0.2738008499145508
scunet,high,Viral,492,32.29597112512293,0.8854601383209229,0.9620729684829712,0.9167850017547607,0.2604876756668091
scunet,high,Viral,493,32.674779602657765,0.8932853937149048,0.9622400999069214,0.91987144947052,0.24855929613113403
scunet,high,Viral,494,32.7060119880516,0.8921399116516113,0.9628589749336243,0.9214650392532349,0.25810006260871887
scunet,high,Viral,495,32.02116919237339,0.8866274356842041,0.961588978767395,0.9162431359291077,0.2424507588148117
scunet,high,Viral,496,32.93937957725025,0.8886169195175171,0.9566869139671326,0.9139086008071899,0.31172215938568115
scunet,high,Viral,497,32.71337212761254,0.9137983322143555,0.969954252243042,0.9296544194221497,0.2034675031900406
scunet,high,Viral,498,33.4504794866709,0.9070614576339722,0.9665457606315613,0.9264658689498901,0.2649247646331787
scunet,high,Viral,499,33.673402780935135,0.8940280079841614,0.9588069319725037,0.9109944701194763,0.26230907440185547
scunet,high,Viral,500,32.23017443775669,0.8708670139312744,0.954022228717804,0.9065709710121155,0.2972872257232666
scunet,high,Viral,501,31.40368824225588,0.8804162740707397,0.9599276781082153,0.9097718596458435,0.22657686471939087
scunet,high,Viral,502,32.806201087450866,0.8977782726287842,0.9632479548454285,0.9245880246162415,0.23601362109184265
scunet,high,Viral,503,32.12635449229661,0.8984095454216003,0.9651898145675659,0.9217204451560974,0.23606640100479126
scunet,high,Viral,504,32.36201436592448,0.8917738795280457,0.9660768508911133,0.9172078371047974,0.25796765089035034
scunet,high,Viral,505,33.28464594175066,0.9069843888282776,0.9676986336708069,0.9234604835510254,0.2327485829591751
scunet,high,Viral,506,32.62769142581678,0.8819653391838074,0.9590880274772644,0.9119459390640259,0.26728177070617676
scunet,high,Viral,507,31.073227435666997,0.861132025718689,0.9502217769622803,0.8972693085670471,0.26755455136299133
scunet,high,Viral,508,34.08538429517392,0.9060499668121338,0.9637157917022705,0.9205513000488281,0.29715409874916077
scunet,high,Viral,509,31.967521167366186,0.8853098750114441,0.9643873572349548,0.910572350025177,0.24435961246490479
scunet,high,Viral,510,29.990168196034706,0.872011661529541,0.953239381313324,0.9047127962112427,0.26323971152305603
scunet,high,Viral,511,32.35318836930127,0.8988789319992065,0.9649874567985535,0.9245319962501526,0.22616155445575714
scunet,high,Viral,512,34.16209572812528,0.9108428359031677,0.9634052515029907,0.9273706674575806,0.261932909488678
scunet,high,Viral,513,31.322471110538217,0.8886532187461853,0.9594373106956482,0.9132510423660278,0.27096864581108093
scunet,high,Viral,514,31.36922955214224,0.8907609581947327,0.9616974592208862,0.9126094579696655,0.221090629696846
scunet,high,Viral,515,33.22546541403809,0.9009133577346802,0.9676089882850647,0.9200440049171448,0.2623826265335083
scunet,high,Viral,516,33.381402257336916,0.9023907780647278,0.9626622796058655,0.9212084412574768,0.2577274441719055
scunet,high,Viral,517,31.930182792942354,0.8838284611701965,0.9572607278823853,0.914427638053894,0.25946834683418274
scunet,high,Viral,518,31.569572685792096,0.8745377659797668,0.9619651436805725,0.9084792733192444,0.21320608258247375
scunet,high,Viral,519,33.9515168109427,0.9301425814628601,0.9732122421264648,0.9434693455696106,0.19611793756484985
scunet,high,Viral,520,33.2903907225868,0.9111261963844299,0.9666701555252075,0.9297435879707336,0.2542437016963959
scunet,high,Viral,521,32.97863186985856,0.9144119620323181,0.969038724899292,0.9263914823532104,0.21712543070316315
scunet,high,Viral,522,33.5151348539403,0.9117580652236938,0.9711123108863831,0.9274141192436218,0.23604178428649902
scunet,high,Viral,523,34.18728727609261,0.9139496684074402,0.9691458344459534,0.9324948787689209,0.27411800622940063
scunet,high,Viral,524,33.89156763594733,0.915354311466217,0.9689030051231384,0.930473268032074,0.28938624262809753
scunet,high,Viral,525,33.86563249452222,0.9153343439102173,0.9677793383598328,0.9304388165473938,0.2495017796754837
scunet,high,Viral,526,33.32790185931149,0.8935285210609436,0.9579753875732422,0.9167386889457703,0.30355197191238403
scunet,high,Viral,527,32.915109923275914,0.8816537857055664,0.9492979049682617,0.9067151546478271,0.3230949640274048
scunet,high,Viral,528,32.65924094088887,0.8942297697067261,0.9601447582244873,0.9173313975334167,0.25607115030288696
scunet,high,Viral,529,30.96037250093065,0.8299128413200378,0.9465942978858948,0.8904135227203369,0.28793472051620483
scunet,high,Viral,530,33.32080863449526,0.9019015431404114,0.9656084775924683,0.9253945350646973,0.25956106185913086
scunet,high,Viral,531,32.83691758169114,0.9066779017448425,0.9654656052589417,0.9227182865142822,0.2309795618057251
scunet,high,Viral,532,32.37625297926116,0.901353657245636,0.9549349546432495,0.9168909192085266,0.2759791612625122
scunet,high,Viral,533,32.3660452754394,0.8986567854881287,0.9631571769714355,0.9180939197540283,0.23437604308128357
scunet,high,Viral,534,31.10172761771715,0.8747832775115967,0.957102358341217,0.9139333963394165,0.26756229996681213
scunet,high,Viral,535,31.992189412601864,0.8946704864501953,0.9586213231086731,0.9164085388183594,0.24649474024772644
scunet,high,Viral,536,33.66005040801336,0.9000067114830017,0.9600151181221008,0.9122805595397949,0.3028944134712219
scunet,high,Viral,537,32.15369147807786,0.881453812122345,0.9615203142166138,0.9101268649101257,0.3234666883945465
scunet,high,Viral,538,33.85075885931099,0.9062881469726562,0.9650963544845581,0.9220766425132751,0.32025015354156494
scunet,high,Viral,539,32.86606006470999,0.9106407165527344,0.9700263142585754,0.9263487458229065,0.19901132583618164
scunet,high,Viral,540,33.32798671549319,0.9027819633483887,0.970962643623352,0.9239262342453003,0.2305637151002884
scunet,high,Viral,541,32.54892440555643,0.8944328427314758,0.9661489725112915,0.9210048913955688,0.2399228811264038
scunet,high,Viral,542,33.77321797892786,0.9155645370483398,0.9708721041679382,0.9293059706687927,0.23049840331077576
scunet,high,Viral,543,34.46935094706936,0.9221011400222778,0.9601424336433411,0.9230519533157349,0.30076462030410767
scunet,high,Viral,544,31.785650338857657,0.898350179195404,0.9693068265914917,0.9149351119995117,0.23426204919815063
scunet,high,Viral,545,31.821549961304257,0.8978619575500488,0.9661098718643188,0.9142623543739319,0.24853157997131348
scunet,high,Viral,546,33.48166671004161,0.902249813079834,0.9591063261032104,0.9192514419555664,0.2864055633544922
scunet,high,Viral,547,33.47361487474937,0.9042503833770752,0.9592142105102539,0.9186208248138428,0.28496935963630676
scunet,high,Viral,548,31.87396754449802,0.8891264200210571,0.9575969576835632,0.913014829158783,0.25793182849884033
scunet,high,Viral,549,35.166703179857734,0.9055956602096558,0.9665691256523132,0.9208579063415527,0.3145262598991394
scunet,high,Viral,550,34.99983584820606,0.9047505259513855,0.9652507305145264,0.9183570742607117,0.31361669301986694
scunet,high,Viral,551,32.43398128758771,0.8942534923553467,0.9658681750297546,0.9160211682319641,0.26811718940734863
scunet,high,Viral,552,33.232218254888046,0.9189662337303162,0.9648024439811707,0.9279181957244873,0.2673299312591553
scunet,high,Viral,553,33.768816432693825,0.9135366082191467,0.9650191068649292,0.9225530624389648,0.24352163076400757
scunet,high,Viral,554,32.10887921777779,0.8847418427467346,0.9584182500839233,0.9170503616333008,0.27534425258636475
scunet,high,Viral,555,32.24240867060068,0.9004700183868408,0.9668888449668884,0.9246881604194641,0.22840505838394165
scunet,high,Viral,556,32.906145707005784,0.8959165811538696,0.9610627889633179,0.9203417897224426,0.23710127174854279
scunet,high,Viral,557,33.51945707976381,0.8974043130874634,0.9645779132843018,0.9115420579910278,0.2616799473762512
scunet,high,Viral,558,32.89214302960226,0.9052948951721191,0.9664022326469421,0.9215542078018188,0.23560327291488647
scunet,high,Viral,559,33.46220316587108,0.8925032019615173,0.9511927366256714,0.9124132394790649,0.33886969089508057
scunet,high,Viral,560,33.55032948993006,0.9084171056747437,0.960668683052063,0.9258350133895874,0.25927114486694336
scunet,high,Viral,561,32.76321736250384,0.9034489989280701,0.9646912217140198,0.9184196591377258,0.22848030924797058
scunet,high,Viral,562,33.18447897243761,0.9083890914916992,0.9671251773834229,0.9260098934173584,0.2346818447113037
scunet,high,Viral,563,32.813094384287375,0.8980510234832764,0.9631488919258118,0.9224545359611511,0.2308109700679779
scunet,high,Viral,564,33.11646031426276,0.9081952571868896,0.9630872011184692,0.926675021648407,0.24734805524349213
scunet,high,Viral,565,33.495570545753736,0.9087988138198853,0.9646369814872742,0.9200118184089661,0.2802050709724426
scunet,high,Viral,566,32.490885520501195,0.900026798248291,0.9688051342964172,0.9239489436149597,0.2565092444419861
scunet,high,Viral,567,32.70625239546397,0.9109593033790588,0.9697484374046326,0.9292734265327454,0.24188873171806335
scunet,high,Viral,568,32.430500421951564,0.8993832468986511,0.9665048122406006,0.9199126362800598,0.2414187490940094
scunet,high,Viral,569,32.44075095811793,0.8799250721931458,0.9572697877883911,0.9115908145904541,0.3163967430591583
scunet,high,Viral,570,32.34607728998362,0.8995975852012634,0.9658902883529663,0.9236510396003723,0.22628895938396454
scunet,high,Viral,571,33.38702758538069,0.9003832936286926,0.9654657244682312,0.9235933423042297,0.23100395500659943
scunet,high,Viral,572,32.11358566473312,0.8814849853515625,0.9550611972808838,0.9106226563453674,0.27753570675849915
scunet,high,Viral,573,32.85650682806008,0.8992722034454346,0.9627876281738281,0.9230853915214539,0.22743551433086395
scunet,high,Viral,574,33.87092869816816,0.9228597283363342,0.9561280012130737,0.9333993196487427,0.30091410875320435
scunet,high,Viral,575,33.58085757166957,0.9169630408287048,0.9710978269577026,0.9322893023490906,0.21786125004291534
scunet,high,Viral,576,32.74036168487341,0.8948912620544434,0.9607809782028198,0.9183710217475891,0.2624918818473816
scunet,high,Viral,577,32.02517013059028,0.8995062708854675,0.9550775289535522,0.9233978390693665,0.26817744970321655
scunet,high,Viral,578,34.02086688167969,0.9202229976654053,0.9714593887329102,0.9315789341926575,0.22725734114646912
scunet,high,Viral,579,32.25263231007474,0.9022849798202515,0.9671436548233032,0.92061448097229,0.2168152630329132
scunet,high,Viral,580,32.61810137561301,0.9098469018936157,0.9665834307670593,0.9273707866668701,0.23281332850456238
scunet,high,Viral,581,32.55283278855615,0.9111108779907227,0.9694510698318481,0.925768256187439,0.21512511372566223
scunet,high,Viral,582,32.58089123744858,0.8913394212722778,0.9607025384902954,0.9140090346336365,0.2652391791343689
scunet,high,Viral,583,32.892367394453885,0.8913973569869995,0.9548556804656982,0.9130136966705322,0.2561405301094055
scunet,high,Viral,584,33.97012282607123,0.9016948938369751,0.9637867212295532,0.9178445339202881,0.30303069949150085
scunet,high,Viral,585,33.77086726204345,0.9169955253601074,0.968636155128479,0.9309853911399841,0.24963420629501343
scunet,high,Viral,586,33.12271461118212,0.8882849216461182,0.955902636051178,0.9078491926193237,0.2970367670059204
scunet,high,Viral,587,33.66722518295419,0.9018592834472656,0.955174446105957,0.908445417881012,0.27338677644729614
scunet,high,Viral,588,32.1883530215255,0.8772149085998535,0.9595615267753601,0.9068294167518616,0.28342998027801514
scunet,high,Viral,589,29.915014669352846,0.8416355848312378,0.9518832564353943,0.897392749786377,0.22036752104759216
scunet,high,Viral,590,32.38789643648498,0.8995499610900879,0.9661957025527954,0.9181486964225769,0.2599479556083679
scunet,high,Viral,591,32.03943639563605,0.8992781043052673,0.9672266840934753,0.9217202663421631,0.22734782099723816
scunet,high,Viral,592,32.397806605987746,0.911401629447937,0.971948504447937,0.9232268333435059,0.20440956950187683
scunet,high,Viral,593,34.3809905452827,0.888694167137146,0.9521484375,0.9080014824867249,0.23503389954566956
scunet,high,Viral,594,34.03632611414193,0.9094332456588745,0.9668775796890259,0.9310341477394104,0.2549743354320526
scunet,high,Viral,595,33.625502430318306,0.9096094965934753,0.9651208519935608,0.9212080836296082,0.25197935104370117
scunet,high,Viral,596,33.009058715797494,0.8968391418457031,0.9520258903503418,0.9180885553359985,0.3266024589538574
scunet,high,Viral,597,32.767193969952224,0.9014277458190918,0.961817741394043,0.9241170883178711,0.27027618885040283
scunet,high,Viral,598,31.512574504261174,0.8887068629264832,0.9582251906394958,0.9145981073379517,0.27682754397392273
scunet,high,Viral,599,31.96311251367912,0.8933534026145935,0.9671472907066345,0.9207649230957031,0.217910498380661
scunet,high,Viral,600,32.61735034509392,0.8893193602561951,0.9544926881790161,0.9153435826301575,0.25853532552719116
scunet,high,Viral,601,33.79739533677168,0.9109246134757996,0.9699267745018005,0.9302309155464172,0.24755072593688965
scunet,high,Viral,602,32.34064717489604,0.8988811373710632,0.9656895399093628,0.9205083250999451,0.2507808804512024
scunet,high,Viral,603,32.26471203116846,0.9075133204460144,0.9627392292022705,0.9221913814544678,0.24548065662384033
scunet,high,Viral,604,32.88457996075301,0.9133853316307068,0.9688916802406311,0.9288108944892883,0.21763452887535095
scunet,high,Viral,605,33.564807086199295,0.9102730751037598,0.9715940952301025,0.9235643744468689,0.2562251687049866
scunet,high,Viral,606,33.266619504549624,0.8988479375839233,0.9644691348075867,0.923803985118866,0.2757229804992676
scunet,high,Viral,607,33.524592008076596,0.9033917784690857,0.9646963477134705,0.9267088174819946,0.25019609928131104
scunet,high,Viral,608,33.70305169549133,0.912727952003479,0.9595386385917664,0.9232634902000427,0.2839868366718292
scunet,high,Viral,609,33.50039570643423,0.9166313409805298,0.9515591859817505,0.9262556433677673,0.27429622411727905
scunet,high,Viral,610,34.02175768351782,0.9146752953529358,0.965486466884613,0.928810715675354,0.26195937395095825
scunet,high,Viral,611,31.89090029074112,0.892498254776001,0.960200846195221,0.9182493090629578,0.2315947264432907
scunet,high,Viral,612,32.07063797950004,0.8900316953659058,0.9669790267944336,0.920025110244751,0.2328207790851593
scunet,high,Viral,613,33.03331165371044,0.8994452953338623,0.9655246734619141,0.9272409081459045,0.24723291397094727
scunet,high,Viral,614,33.47670074510698,0.9082862138748169,0.9651222825050354,0.9264057278633118,0.28187912702560425
scunet,high,Viral,615,33.589791732697954,0.9037410616874695,0.9640301465988159,0.9160363674163818,0.26772916316986084
scunet,high,Viral,616,33.72085234831155,0.9121022820472717,0.9690189957618713,0.9253706336021423,0.2457929402589798
scunet,high,Viral,617,32.9592961518931,0.8939613699913025,0.9610767960548401,0.9201723337173462,0.2721252143383026
scunet,high,Viral,618,32.310227727211505,0.8929274082183838,0.9624243974685669,0.919333815574646,0.25730013847351074
scunet,high,Viral,619,32.58373031348951,0.8878614902496338,0.9588960409164429,0.9185320138931274,0.24866357445716858
scunet,high,Viral,620,32.65856062623055,0.9047806859016418,0.96943199634552,0.9257790446281433,0.23086658120155334
scunet,high,Viral,621,34.700307960163435,0.9220834970474243,0.961488664150238,0.9305963516235352,0.3071085810661316
scunet,high,Viral,622,33.1496238013407,0.901046633720398,0.964026689529419,0.9242569804191589,0.24636799097061157
scunet,high,Viral,623,33.04168688705402,0.8991408944129944,0.965472400188446,0.922083854675293,0.25184744596481323
sharpxr,high,Normal,0,31.245881330030734,0.867790162563324,0.9519774317741394,0.907723069190979,0.22660382091999054
sharpxr,high,Normal,1,30.011265181594982,0.8250965476036072,0.9420257210731506,0.8829425573348999,0.2694094181060791
sharpxr,high,Normal,2,31.019222326932642,0.8684905171394348,0.9553582668304443,0.9038288593292236,0.22668609023094177
sharpxr,high,Normal,3,31.908674846916586,0.8998950719833374,0.9655625820159912,0.9227784276008606,0.20186519622802734
sharpxr,high,Normal,4,30.628044568784006,0.8165638446807861,0.928691029548645,0.8833343386650085,0.2913374900817871
sharpxr,high,Normal,5,32.20788379632931,0.8944826126098633,0.9677072763442993,0.9206468462944031,0.22291982173919678
sharpxr,high,Normal,6,31.604414983386704,0.8707551956176758,0.9499834775924683,0.9078380465507507,0.2631765305995941
sharpxr,high,Normal,7,32.27556677621018,0.8996490240097046,0.9631155133247375,0.9210451245307922,0.24161291122436523
sharpxr,high,Normal,8,30.35571394413603,0.8669945001602173,0.9538082480430603,0.9129866361618042,0.21338394284248352
sharpxr,high,Normal,9,30.550405263228345,0.845321536064148,0.9499977827072144,0.9041875600814819,0.2545119524002075
sharpxr,high,Normal,10,31.53276170912834,0.8909412026405334,0.9665014743804932,0.9215931296348572,0.19187232851982117
sharpxr,high,Normal,11,31.42518094138569,0.8572983145713806,0.9536782503128052,0.9051336646080017,0.24836835265159607
sharpxr,high,Normal,12,31.575873348937293,0.861967921257019,0.9530090689659119,0.8953882455825806,0.26099467277526855
sharpxr,high,Normal,13,32.67338894033295,0.8852320909500122,0.9509696960449219,0.9153775572776794,0.24764831364154816
sharpxr,high,Normal,14,31.868532411608328,0.8600009083747864,0.9461145401000977,0.9283537864685059,0.19282670319080353
sharpxr,high,Normal,15,30.632123381842746,0.8412637114524841,0.944752037525177,0.8882187604904175,0.2882477045059204
sharpxr,high,Normal,16,32.20607985035693,0.8851532340049744,0.9545527696609497,0.9134424328804016,0.2595614790916443
sharpxr,high,Normal,17,31.81047759389964,0.8708352446556091,0.9556171894073486,0.902039647102356,0.2403780221939087
sharpxr,high,Normal,18,31.26751393560336,0.8682935833930969,0.9596149921417236,0.90697181224823,0.20373287796974182
sharpxr,high,Normal,19,32.25859716929983,0.8875327706336975,0.9638796448707581,0.9185234904289246,0.22854067385196686
sharpxr,high,Normal,20,33.21984985889209,0.9149675369262695,0.9698978662490845,0.9288880825042725,0.20232686400413513
sharpxr,high,Normal,21,31.741061271188666,0.8837961554527283,0.9605839252471924,0.914879322052002,0.21823644638061523
sharpxr,high,Normal,22,32.304360894079885,0.8867014050483704,0.9622368216514587,0.9128129482269287,0.2369273453950882
sharpxr,high,Normal,23,29.999821325779152,0.796573281288147,0.9227803349494934,0.8656312227249146,0.3563658595085144
sharpxr,high,Normal,24,31.32071302084682,0.8658062219619751,0.9578496813774109,0.9062200784683228,0.24291959404945374
sharpxr,high,Normal,25,31.703018138020372,0.8914088010787964,0.9654459953308105,0.9155396223068237,0.20864742994308472
sharpxr,high,Normal,26,30.12983780038144,0.850077211856842,0.956292450428009,0.8990883827209473,0.2248898297548294
sharpxr,high,Normal,27,30.07245410890075,0.8434500098228455,0.9461884498596191,0.8877837657928467,0.26003748178482056
sharpxr,high,Normal,28,32.06937089817704,0.8895602822303772,0.9586211442947388,0.9159485101699829,0.23988640308380127
sharpxr,high,Normal,29,31.450582512188824,0.870449960231781,0.9510553479194641,0.9054666757583618,0.2740147113800049
sharpxr,high,Normal,30,30.080635855275133,0.8108159899711609,0.932083785533905,0.8785037994384766,0.2797633409500122
sharpxr,high,Normal,31,31.42189630766125,0.879567563533783,0.9629356265068054,0.9118005633354187,0.21670690178871155
sharpxr,high,Normal,32,30.139614907206482,0.8430623412132263,0.9431312680244446,0.8961737751960754,0.25480401515960693
sharpxr,high,Normal,33,29.47770699614682,0.8120893836021423,0.9379609227180481,0.8765084743499756,0.2871015667915344
sharpxr,high,Normal,34,30.258151208941936,0.8542298078536987,0.9621694684028625,0.902479350566864,0.22153009474277496
sharpxr,high,Normal,35,31.39500346340693,0.8717530369758606,0.9589091539382935,0.9117456078529358,0.21541595458984375
sharpxr,high,Normal,36,32.48026147586823,0.9032937288284302,0.9593871831893921,0.9274092316627502,0.18784651160240173
sharpxr,high,Normal,37,32.85306538905783,0.9044218063354492,0.9587194919586182,0.9241161942481995,0.28071504831314087
sharpxr,high,Normal,38,30.909617501441147,0.8712097406387329,0.9566747546195984,0.9117292761802673,0.21557891368865967
sharpxr,high,Normal,39,29.25804975498433,0.8194077610969543,0.9381029605865479,0.877851665019989,0.25280600786209106
sharpxr,high,Normal,40,31.228099504964785,0.8748785853385925,0.9540227055549622,0.9072912335395813,0.2399916797876358
sharpxr,high,Normal,41,31.81664240883705,0.8690134286880493,0.9515129923820496,0.9058414101600647,0.2661253809928894
sharpxr,high,Normal,42,29.386890661718404,0.8199343085289001,0.942433774471283,0.8817217946052551,0.2633206844329834
sharpxr,high,Normal,43,31.19218626002871,0.8692139983177185,0.9568895697593689,0.9024648070335388,0.22531890869140625
sharpxr,high,Normal,44,30.973376752637634,0.8598181009292603,0.945090115070343,0.8981702327728271,0.22788739204406738
sharpxr,high,Normal,45,30.533488166734067,0.8484598398208618,0.9492093920707703,0.8997137546539307,0.24815227091312408
sharpxr,high,Normal,46,32.91129656069808,0.8727190494537354,0.9438756704330444,0.9012182950973511,0.2841924726963043
sharpxr,high,Normal,47,30.250756615991946,0.8627274036407471,0.9591370224952698,0.8977091312408447,0.20792749524116516
sharpxr,high,Normal,48,30.871442004605925,0.8594735264778137,0.9519141912460327,0.9059781432151794,0.23414471745491028
sharpxr,high,Normal,49,30.844223045507743,0.8637357354164124,0.9503256678581238,0.9008501768112183,0.22482842206954956
sharpxr,high,Normal,50,30.851534768934357,0.8571687936782837,0.9563174843788147,0.9076611995697021,0.25306984782218933
sharpxr,high,Normal,51,31.728595830862268,0.8687682151794434,0.9509548544883728,0.90656977891922,0.24231328070163727
sharpxr,high,Normal,52,31.137728918783736,0.8573465943336487,0.9441019892692566,0.8962473273277283,0.2627037763595581
sharpxr,high,Normal,53,31.35300237183963,0.8806065320968628,0.967128574848175,0.9152038097381592,0.1947830617427826
sharpxr,high,Normal,54,31.464870531421848,0.8609288930892944,0.9547502398490906,0.909539520740509,0.2495395839214325
sharpxr,high,Normal,55,32.49911064076211,0.8829501867294312,0.9611703157424927,0.9150808453559875,0.22694367170333862
sharpxr,high,Normal,56,32.69534282566031,0.9095490574836731,0.966722309589386,0.9271676540374756,0.2454105168581009
sharpxr,high,Normal,57,30.596638101319723,0.8318882584571838,0.9430773258209229,0.8848779797554016,0.2789871096611023
sharpxr,high,Normal,58,30.91362958846834,0.8626579642295837,0.9574244618415833,0.9110450744628906,0.2362273931503296
sharpxr,high,Normal,59,31.601526740910018,0.877324640750885,0.9585469365119934,0.9144549369812012,0.22511038184165955
sharpxr,high,Normal,60,31.776502120804693,0.8734886646270752,0.954436719417572,0.9117531776428223,0.25166261196136475
sharpxr,high,Normal,61,31.80232885266506,0.8920597434043884,0.9644555449485779,0.9199894070625305,0.19276036322116852
sharpxr,high,Normal,62,31.18147462180502,0.8516868948936462,0.949413537979126,0.9003483057022095,0.2819526195526123
sharpxr,high,Normal,63,31.027324280139187,0.8719775080680847,0.9617447257041931,0.9129014611244202,0.21823620796203613
sharpxr,high,Normal,64,31.888857748727006,0.8805635571479797,0.9596365094184875,0.9072327017784119,0.22449514269828796
sharpxr,high,Normal,65,29.608723063774534,0.8492879271507263,0.9518288969993591,0.9003781676292419,0.22943955659866333
sharpxr,high,Normal,66,29.561193934903148,0.8098539710044861,0.9339531660079956,0.8810364007949829,0.2854217290878296
sharpxr,high,Normal,67,29.80512234165728,0.8315616846084595,0.9468504190444946,0.8911871314048767,0.2706601023674011
sharpxr,high,Normal,68,29.07061127363463,0.8007539510726929,0.9315645694732666,0.8730043768882751,0.28845101594924927
sharpxr,high,Normal,69,30.6925554535372,0.8458150029182434,0.9466527104377747,0.8887683153152466,0.27943092584609985
sharpxr,high,Normal,70,32.88695634878316,0.9085911512374878,0.9650074243545532,0.9241973757743835,0.23129665851593018
sharpxr,high,Normal,71,32.29095197257528,0.8649289608001709,0.941542387008667,0.9032291173934937,0.27374061942100525
sharpxr,high,Normal,72,32.13262123977202,0.8857978582382202,0.9597979187965393,0.9205684065818787,0.23936498165130615
sharpxr,high,Normal,73,32.22699028399902,0.8939669132232666,0.9594718217849731,0.9176934361457825,0.22936074435710907
sharpxr,high,Normal,74,31.407458258442034,0.8783011436462402,0.943490743637085,0.8986868262290955,0.32473188638687134
sharpxr,high,Normal,75,30.367149067728214,0.854667067527771,0.9483233094215393,0.8976204991340637,0.25105518102645874
sharpxr,high,Normal,76,29.821922491899493,0.834809422492981,0.9420310258865356,0.8805068731307983,0.2824471890926361
sharpxr,high,Normal,77,31.470306334199535,0.8803265690803528,0.9641004204750061,0.9164939522743225,0.19158418476581573
sharpxr,high,Normal,78,32.2786564608007,0.8856291174888611,0.9547257423400879,0.9169601202011108,0.2718932628631592
sharpxr,high,Normal,79,31.29316441236979,0.8762661218643188,0.9636903405189514,0.9169762134552002,0.20611073076725006
sharpxr,high,Normal,80,32.1483472697986,0.8680557012557983,0.94438236951828,0.905436635017395,0.2807367742061615
sharpxr,high,Normal,81,31.838467933100574,0.8771240711212158,0.9599089622497559,0.9153240919113159,0.23724421858787537
sharpxr,high,Normal,82,30.402774619106072,0.8417263627052307,0.944991409778595,0.8932263851165771,0.2550560534000397
sharpxr,high,Normal,83,30.914902655385667,0.8658835887908936,0.9571806788444519,0.9074714183807373,0.22344128787517548
sharpxr,high,Normal,84,31.186793416597645,0.8681865334510803,0.962916374206543,0.9156607389450073,0.2214588224887848
sharpxr,high,Normal,85,33.42091036935919,0.9084864258766174,0.9677839875221252,0.9239169359207153,0.24591410160064697
sharpxr,high,Normal,86,31.698547639248456,0.8813234567642212,0.9627538323402405,0.9129711389541626,0.21068677306175232
sharpxr,high,Normal,87,32.33582027955986,0.8854761719703674,0.9614354372024536,0.9175305366516113,0.2140865921974182
sharpxr,high,Normal,88,30.06914462518916,0.8643463850021362,0.9548747539520264,0.9083972573280334,0.2362787425518036
sharpxr,high,Normal,89,32.04822231349722,0.8725599646568298,0.9536586403846741,0.909090518951416,0.2501726746559143
sharpxr,high,Normal,90,30.934694348601624,0.873223602771759,0.9588761925697327,0.9122536778450012,0.2112526297569275
sharpxr,high,Normal,91,30.32456807329753,0.8544445633888245,0.9553900361061096,0.8977022171020508,0.23287560045719147
sharpxr,high,Normal,92,32.463556789794374,0.8979259133338928,0.9632974863052368,0.924068033695221,0.21974916756153107
sharpxr,high,Normal,93,30.924179845482808,0.8491215705871582,0.9498693943023682,0.9026864767074585,0.2600736618041992
sharpxr,high,Normal,94,31.989776109004215,0.8889560699462891,0.9603505730628967,0.9104319214820862,0.222550168633461
sharpxr,high,Normal,95,30.02313520876321,0.8330936431884766,0.9405540227890015,0.8837879300117493,0.2665351927280426
sharpxr,high,Normal,96,31.587671342380766,0.8711957335472107,0.9590150713920593,0.9112766981124878,0.2214154601097107
sharpxr,high,Normal,97,30.059551108130268,0.8340461850166321,0.950003445148468,0.9012277722358704,0.2529306411743164
sharpxr,high,Normal,98,30.99038277814477,0.8666753172874451,0.9608145356178284,0.9121526479721069,0.20622618496418
sharpxr,high,Normal,99,31.60480600720598,0.8791587352752686,0.9609410166740417,0.9223312139511108,0.23062467575073242
sharpxr,high,Normal,100,32.23519696791098,0.8784383535385132,0.9570844769477844,0.9167007803916931,0.22863580286502838
sharpxr,high,Normal,101,30.262107646652645,0.8461372256278992,0.949070155620575,0.9024689197540283,0.2547215223312378
sharpxr,high,Normal,102,31.827187612689155,0.8822475075721741,0.9602528810501099,0.9040542840957642,0.20310786366462708
sharpxr,high,Normal,103,31.600132486712866,0.8757368326187134,0.956800639629364,0.9051386713981628,0.2366209477186203
sharpxr,high,Normal,104,31.03492290567332,0.8659324049949646,0.9611406922340393,0.907757043838501,0.21031464636325836
sharpxr,high,Normal,105,30.974587093275762,0.8645927309989929,0.9451639652252197,0.9152126312255859,0.22592055797576904
sharpxr,high,Normal,106,32.21049292237021,0.8892141580581665,0.9655814170837402,0.918576717376709,0.20111258327960968
sharpxr,high,Normal,107,31.279560747667837,0.8714048266410828,0.9566414952278137,0.9086139798164368,0.2253960520029068
sharpxr,high,Normal,108,29.80713520244075,0.8093814849853516,0.931833028793335,0.8686336874961853,0.2955385446548462
sharpxr,high,Normal,109,30.580521168386447,0.8321046829223633,0.9452254176139832,0.8934973478317261,0.2612094581127167
sharpxr,high,Normal,110,31.33893431534839,0.8519752025604248,0.9416807293891907,0.8990775942802429,0.2460346668958664
sharpxr,high,Normal,111,32.33289557037182,0.8727509379386902,0.9517858028411865,0.8971197605133057,0.24178797006607056
sharpxr,high,Normal,112,29.89992780221764,0.8398863077163696,0.9469128251075745,0.8922426104545593,0.2484591156244278
sharpxr,high,Normal,113,29.901777000470354,0.8185132145881653,0.9407966732978821,0.8760844469070435,0.26577693223953247
sharpxr,high,Normal,114,31.093727083059065,0.8541353344917297,0.954216480255127,0.8929551839828491,0.2576531767845154
sharpxr,high,Normal,115,31.27231638513553,0.8677748441696167,0.9588715434074402,0.913392186164856,0.23148858547210693
sharpxr,high,Normal,116,30.239267694256146,0.8531548976898193,0.9582167267799377,0.8994632959365845,0.2097056806087494
sharpxr,high,Normal,117,31.566097291267887,0.8737267851829529,0.9535349011421204,0.9138652086257935,0.2207285761833191
sharpxr,high,Normal,118,31.616306645629844,0.875001847743988,0.9593592882156372,0.9090246558189392,0.21513111889362335
sharpxr,high,Normal,119,33.08905933778607,0.9133681654930115,0.9651113152503967,0.9321495890617371,0.205663800239563
sharpxr,high,Normal,120,31.518830254373075,0.9013004899024963,0.9656867980957031,0.9250767827033997,0.1777825653553009
sharpxr,high,Normal,121,31.770200557958557,0.8741610646247864,0.9558703303337097,0.9102850556373596,0.21421928703784943
sharpxr,high,Normal,122,31.915533563842544,0.8831248879432678,0.9616266489028931,0.9219388365745544,0.20398271083831787
sharpxr,high,Normal,123,32.18820281572673,0.8862149715423584,0.9648059606552124,0.9182316660881042,0.19826386868953705
sharpxr,high,Normal,124,31.43285804302056,0.8666214942932129,0.9560423493385315,0.9052709341049194,0.23727115988731384
sharpxr,high,Normal,125,30.56892911698825,0.8526094555854797,0.9582191705703735,0.8960655927658081,0.25296807289123535
sharpxr,high,Normal,126,31.750160025259756,0.864109218120575,0.9494043588638306,0.9109941720962524,0.26977336406707764
sharpxr,high,Normal,127,29.84789224424034,0.8018617033958435,0.9305553436279297,0.8660721778869629,0.30448904633522034
sharpxr,high,Normal,128,30.51185366107096,0.8597643971443176,0.9580606818199158,0.9017201662063599,0.23474209010601044
sharpxr,high,Normal,129,31.588590721872016,0.8769593834877014,0.9614837169647217,0.9158331751823425,0.2053496241569519
sharpxr,high,Normal,130,31.221304076015084,0.8776440620422363,0.964654266834259,0.9133328199386597,0.21738973259925842
sharpxr,high,Normal,131,31.099053708395317,0.868361234664917,0.9587375521659851,0.910961389541626,0.2278388887643814
sharpxr,high,Normal,132,30.79821596388227,0.8607105016708374,0.9551969766616821,0.9097504019737244,0.23101970553398132
sharpxr,high,Normal,133,31.08327894949667,0.8635689616203308,0.9598744511604309,0.9121558666229248,0.21688058972358704
sharpxr,high,Normal,134,32.19750989923671,0.8906471133232117,0.9620630145072937,0.9132487773895264,0.24092012643814087
sharpxr,high,Normal,135,31.946362969307568,0.8837345242500305,0.9550632834434509,0.9121301174163818,0.20104385912418365
sharpxr,high,Normal,136,30.90790103896177,0.8762537837028503,0.9627696871757507,0.9157976508140564,0.2073315680027008
sharpxr,high,Normal,137,31.144079551630007,0.8759448528289795,0.9634595513343811,0.9128590226173401,0.19869568943977356
sharpxr,high,Normal,138,31.70711233919562,0.8825770616531372,0.9622014164924622,0.9168239235877991,0.21429000794887543
sharpxr,high,Normal,139,30.26139881401164,0.845096230506897,0.9537895321846008,0.896782636642456,0.2429991364479065
sharpxr,high,Normal,140,30.218751380681713,0.8377622365951538,0.9432510733604431,0.8901547789573669,0.24605566263198853
sharpxr,high,Normal,141,31.261270669853864,0.8599374890327454,0.9469289183616638,0.9052870869636536,0.25806641578674316
sharpxr,high,Normal,142,29.397581634988367,0.8085888624191284,0.9340768456459045,0.8825476765632629,0.2704685926437378
sharpxr,high,Normal,143,31.982827962303034,0.896223783493042,0.9633006453514099,0.9178875684738159,0.21851782500743866
sharpxr,high,Normal,144,31.43629313781577,0.8784817457199097,0.9602290987968445,0.9204088449478149,0.22132979333400726
sharpxr,high,Normal,145,30.655774078246036,0.8710398077964783,0.9591134786605835,0.9112523794174194,0.19380846619606018
sharpxr,high,Normal,146,30.21270082280674,0.8434083461761475,0.9517109394073486,0.8968077898025513,0.2608596086502075
sharpxr,high,Normal,147,30.000453833049168,0.8159628510475159,0.9339364767074585,0.8776531219482422,0.2788192629814148
sharpxr,high,Normal,148,31.534700652655815,0.868398129940033,0.9519955515861511,0.910151481628418,0.23277488350868225
sharpxr,high,Normal,149,30.899716976809874,0.8656735420227051,0.9619947671890259,0.914543867111206,0.2209421992301941
sharpxr,high,Normal,150,30.947643519705302,0.8306294679641724,0.9370924830436707,0.8918934464454651,0.27986329793930054
sharpxr,high,Normal,151,29.946590391176954,0.8047201037406921,0.9302659034729004,0.8780398368835449,0.28912776708602905
sharpxr,high,Normal,152,29.56087633323685,0.8041985630989075,0.9332841038703918,0.8676358461380005,0.27530139684677124
sharpxr,high,Normal,153,31.787448418697323,0.8854883909225464,0.9625465273857117,0.9155343174934387,0.23629263043403625
sharpxr,high,Normal,154,33.027107552794554,0.9010475873947144,0.962216317653656,0.9224206209182739,0.2521265745162964
sharpxr,high,Normal,155,30.49542662608859,0.8495662212371826,0.9448469877243042,0.8896005749702454,0.2467307597398758
sharpxr,high,Normal,156,30.285707082786075,0.8361068367958069,0.9453726410865784,0.8877636194229126,0.25908946990966797
sharpxr,high,Normal,157,31.928118937955624,0.8944424986839294,0.9688223004341125,0.9186952114105225,0.18706879019737244
sharpxr,high,Normal,158,31.311197084314273,0.8803489208221436,0.9585548639297485,0.9155306220054626,0.20670032501220703
sharpxr,high,Normal,159,31.766268570140728,0.8658952116966248,0.9484882950782776,0.9091632962226868,0.2689332365989685
sharpxr,high,Normal,160,32.37840091196758,0.897265613079071,0.957517147064209,0.9179545044898987,0.2700151205062866
sharpxr,high,Normal,161,31.879455080417305,0.8736932277679443,0.9593040943145752,0.9104916453361511,0.22608132660388947
sharpxr,high,Normal,162,31.51228372501968,0.8870207667350769,0.962489128112793,0.9120215773582458,0.2040497213602066
sharpxr,high,Normal,163,31.984271632347756,0.8869981169700623,0.962557852268219,0.9041785597801208,0.22817955911159515
sharpxr,high,Normal,164,33.05351662281739,0.9038709402084351,0.9606276154518127,0.9262331128120422,0.28239375352859497
sharpxr,high,Normal,165,33.12947182798435,0.8918907642364502,0.9513929486274719,0.9033998847007751,0.3276844024658203
sharpxr,high,Normal,166,33.00539025965479,0.8930400609970093,0.964818000793457,0.9165922999382019,0.19880783557891846
sharpxr,high,Normal,167,30.55646468997878,0.8280162215232849,0.9281009435653687,0.8776651620864868,0.3327283561229706
sharpxr,high,Normal,168,31.07589714519461,0.8834327459335327,0.9629207849502563,0.9164310693740845,0.19967173039913177
sharpxr,high,Normal,169,28.612271988999932,0.8212049603462219,0.948678195476532,0.8824712634086609,0.24217937886714935
sharpxr,high,Normal,170,30.909029689361944,0.8395323157310486,0.948305606842041,0.8900260329246521,0.2807437777519226
sharpxr,high,Normal,171,30.948052616957025,0.8404023051261902,0.9488537907600403,0.8984290361404419,0.26413488388061523
sharpxr,high,Normal,172,31.467005125441922,0.8567918539047241,0.9454400539398193,0.8985474705696106,0.25547122955322266
sharpxr,high,Normal,173,30.574230461705238,0.820406436920166,0.9359331130981445,0.8816888332366943,0.2794070243835449
sharpxr,high,Normal,174,32.289097781318276,0.885002851486206,0.9592339396476746,0.9137385487556458,0.24137017130851746
sharpxr,high,Normal,175,32.22936255243277,0.8978232741355896,0.9676961302757263,0.9106705188751221,0.2318412959575653
sharpxr,high,Normal,176,31.6771784369336,0.8951649069786072,0.9645941853523254,0.9176894426345825,0.21276023983955383
sharpxr,high,Normal,177,30.049004046391477,0.8200750350952148,0.9394071698188782,0.8795492649078369,0.26453912258148193
sharpxr,high,Normal,178,31.035777003279424,0.8493419289588928,0.9453092813491821,0.8984430432319641,0.2697485089302063
sharpxr,high,Normal,179,30.065870513356128,0.7950594425201416,0.929474413394928,0.8643578886985779,0.31933504343032837
sharpxr,high,Normal,180,29.611107312151148,0.8319993019104004,0.9427526593208313,0.8838173151016235,0.25619348883628845
sharpxr,high,Normal,181,31.769152262271128,0.8697291612625122,0.9506415724754333,0.9101287126541138,0.24429546296596527
sharpxr,high,Normal,182,32.702127247080426,0.8857288956642151,0.9573882818222046,0.9145523309707642,0.23331023752689362
sharpxr,high,Normal,183,31.254308449353108,0.866714596748352,0.95823073387146,0.9080427885055542,0.23725774884223938
sharpxr,high,Normal,184,31.514636300676223,0.8670386672019958,0.9555613994598389,0.9119173288345337,0.2382071614265442
sharpxr,high,Normal,185,32.1459562665344,0.8803898096084595,0.9615747928619385,0.9113571047782898,0.22221925854682922
sharpxr,high,Normal,186,30.297061165084823,0.8367255926132202,0.9452114701271057,0.8912273049354553,0.26844096183776855
sharpxr,high,Normal,187,31.759251348686025,0.890042245388031,0.959111213684082,0.919546365737915,0.22597309947013855
sharpxr,high,Normal,188,32.0178787239542,0.8684686422348022,0.9502521753311157,0.9021672010421753,0.26532626152038574
sharpxr,high,Normal,189,31.80067958413566,0.8610972762107849,0.9494115710258484,0.896945059299469,0.2677649259567261
sharpxr,high,Normal,190,29.577898202266027,0.8206097483634949,0.9377877712249756,0.8784797191619873,0.2778805196285248
sharpxr,high,Normal,191,32.190516728698555,0.8978747725486755,0.9666348695755005,0.916713297367096,0.21006065607070923
sharpxr,high,Normal,192,33.23951669746003,0.9127551913261414,0.9609375596046448,0.9208946228027344,0.26826703548431396
sharpxr,high,Normal,193,30.655485677450642,0.8651155233383179,0.9602053761482239,0.9112399816513062,0.22096911072731018
sharpxr,high,Normal,194,30.99504840441698,0.8512870669364929,0.9491437673568726,0.901750922203064,0.24063143134117126
sharpxr,high,Normal,195,31.10826624793657,0.8600776195526123,0.9527518153190613,0.905877411365509,0.22912423312664032
sharpxr,high,Normal,196,31.44947411111773,0.8630793690681458,0.949553370475769,0.9034439325332642,0.2499428242444992
sharpxr,high,Normal,197,31.558233702969297,0.8777344226837158,0.9616069793701172,0.912304162979126,0.21926578879356384
sharpxr,high,Normal,198,32.30991317779721,0.8952717185020447,0.9610838294029236,0.9174559116363525,0.26020026206970215
sharpxr,high,Normal,199,30.524315456053934,0.8539326786994934,0.9559265375137329,0.8993616104125977,0.22087739408016205
sharpxr,high,Normal,200,31.123899694803487,0.867254912853241,0.9581728577613831,0.9092113375663757,0.2328365445137024
sharpxr,high,Normal,201,30.90970508788791,0.8585550785064697,0.9527775049209595,0.904306173324585,0.23789304494857788
sharpxr,high,Normal,202,30.575802067856017,0.8468440771102905,0.9446347951889038,0.8983381390571594,0.2730509042739868
sharpxr,high,Normal,203,31.61247301262322,0.8795249462127686,0.9620023369789124,0.9187202453613281,0.20825983583927155
sharpxr,high,Normal,204,30.745879994291943,0.8646100163459778,0.9547672271728516,0.9113048315048218,0.21278369426727295
sharpxr,high,Normal,205,32.48277131940538,0.8869280815124512,0.9590391516685486,0.91159588098526,0.23831813037395477
sharpxr,high,Normal,206,32.72951217173504,0.8829925656318665,0.9548769593238831,0.9167433381080627,0.2319021224975586
sharpxr,high,Normal,207,31.88550013068751,0.8691786527633667,0.944240391254425,0.899578869342804,0.238470196723938
sharpxr,high,Normal,208,31.176746999859027,0.862544059753418,0.9583625793457031,0.9095332622528076,0.22563987970352173
sharpxr,high,Normal,209,30.418703108438955,0.854651689529419,0.9567238688468933,0.9113979339599609,0.22928372025489807
sharpxr,high,Normal,210,30.565553298224295,0.8298357725143433,0.9390732049942017,0.8838436007499695,0.29452478885650635
sharpxr,high,Normal,211,31.44482261839488,0.883889377117157,0.9642602801322937,0.9147145748138428,0.18541491031646729
sharpxr,high,Normal,212,32.15040237110073,0.8961496353149414,0.9626936316490173,0.9183520674705505,0.22841046750545502
sharpxr,high,Normal,213,32.46133381044237,0.8987786769866943,0.9633573293685913,0.9182807803153992,0.238266259431839
sharpxr,high,Normal,214,31.251112728120244,0.8657438158988953,0.9554312825202942,0.904076337814331,0.23612338304519653
sharpxr,high,Normal,215,30.63550249645155,0.8183743357658386,0.9318654537200928,0.8698739409446716,0.3094165623188019
sharpxr,high,Normal,216,30.684416834673677,0.8504760265350342,0.954585075378418,0.9069061279296875,0.23028701543807983
sharpxr,high,Normal,217,32.68289380998922,0.8826528787612915,0.9557183980941772,0.9103421568870544,0.28825053572654724
sharpxr,high,Normal,218,30.441440861944677,0.8234995603561401,0.9373798966407776,0.8820852637290955,0.27352622151374817
sharpxr,high,Normal,219,31.508131144648193,0.8791099786758423,0.9576102495193481,0.9139823317527771,0.21619734168052673
sharpxr,high,Normal,220,33.12893947831763,0.8882478475570679,0.9531063437461853,0.9118804335594177,0.27724266052246094
sharpxr,high,Normal,221,31.656545355843374,0.8864749670028687,0.9633884429931641,0.9176121354103088,0.202434703707695
sharpxr,high,Normal,222,31.246433018711315,0.8668834567070007,0.961245596408844,0.9063819050788879,0.20520015060901642
sharpxr,high,Normal,223,30.61313034350457,0.8426440954208374,0.9445085525512695,0.8994744420051575,0.27703580260276794
sharpxr,high,Normal,224,31.938822916430468,0.897971510887146,0.9693019986152649,0.9201027154922485,0.19197484850883484
sharpxr,high,Normal,225,30.20498587954399,0.8009771704673767,0.9392825961112976,0.8690880537033081,0.30678606033325195
sharpxr,high,Normal,226,32.09644792504319,0.8831063508987427,0.9592241048812866,0.9156513810157776,0.23050060868263245
sharpxr,high,Normal,227,30.781919215905,0.8614755272865295,0.9568073153495789,0.9086427688598633,0.22529497742652893
sharpxr,high,Normal,228,32.52603155248263,0.8941307067871094,0.9637081027030945,0.913478672504425,0.22187137603759766
sharpxr,high,Normal,229,30.902229821466264,0.8824878334999084,0.9643216133117676,0.9112311601638794,0.211477130651474
sharpxr,high,Normal,230,31.250469752841457,0.8617019653320312,0.9583107233047485,0.9100873470306396,0.23948635160923004
sharpxr,high,Normal,231,30.786485136929464,0.8363701701164246,0.9433587193489075,0.888088047504425,0.26259845495224
sharpxr,high,Normal,232,32.67809100259754,0.8882136344909668,0.9636834859848022,0.9197893738746643,0.231999933719635
sharpxr,high,Normal,233,31.882836105194553,0.8739379048347473,0.9574717283248901,0.9111447334289551,0.24396640062332153
sharpxr,high,Bacterial,234,32.583440227538844,0.8938001394271851,0.9469746947288513,0.9059829711914062,0.32715997099876404
sharpxr,high,Bacterial,235,30.997274483946722,0.8656123280525208,0.9464882612228394,0.8969629406929016,0.3086686134338379
sharpxr,high,Bacterial,236,33.21008758775698,0.8980878591537476,0.9554564356803894,0.9161132574081421,0.2814832925796509
sharpxr,high,Bacterial,237,32.52889652422432,0.8959147334098816,0.9550595879554749,0.9050836563110352,0.3031785488128662
sharpxr,high,Bacterial,238,33.19380509062486,0.8956131339073181,0.9416650533676147,0.9067707657814026,0.34259033203125
sharpxr,high,Bacterial,239,32.451674312460106,0.903250515460968,0.9557117819786072,0.9178481698036194,0.26363927125930786
sharpxr,high,Bacterial,240,32.821638919511415,0.8956624865531921,0.9509748816490173,0.9059855341911316,0.3067598342895508
sharpxr,high,Bacterial,241,31.65011186322922,0.8821945786476135,0.9461216330528259,0.898288905620575,0.3440619707107544
sharpxr,high,Bacterial,242,33.09502628596776,0.8974352478981018,0.9569447636604309,0.9083201885223389,0.3018704652786255
sharpxr,high,Bacterial,243,31.950702751210226,0.8740871548652649,0.9530881643295288,0.8958250284194946,0.32846131920814514
sharpxr,high,Bacterial,244,30.46155576058724,0.8477102518081665,0.9404492974281311,0.8855599761009216,0.2557078003883362
sharpxr,high,Bacterial,245,31.559369853697113,0.8853270411491394,0.9602376818656921,0.9139683842658997,0.22508147358894348
sharpxr,high,Bacterial,246,32.4300991842574,0.8977017998695374,0.9639877676963806,0.922289252281189,0.2582489252090454
sharpxr,high,Bacterial,247,31.712297299886977,0.8889999389648438,0.9595022797584534,0.9135450720787048,0.27196136116981506
sharpxr,high,Bacterial,248,33.62373715531565,0.9092679619789124,0.9583774209022522,0.9173859357833862,0.2740803360939026
sharpxr,high,Bacterial,249,33.523168807243565,0.9193344116210938,0.9581875205039978,0.915076494216919,0.31668195128440857
sharpxr,high,Bacterial,250,32.97183978855611,0.8833016157150269,0.9287906885147095,0.8928872346878052,0.3391624689102173
sharpxr,high,Bacterial,251,31.05383767253986,0.8674592971801758,0.9532313346862793,0.9017173647880554,0.24855703115463257
sharpxr,high,Bacterial,252,33.49584390367268,0.8986570239067078,0.9537338018417358,0.9015728235244751,0.32342812418937683
sharpxr,high,Bacterial,253,32.583105713294444,0.8951302170753479,0.9553022384643555,0.9122359156608582,0.31795555353164673
sharpxr,high,Bacterial,254,31.47764981077443,0.8614856004714966,0.9503908157348633,0.8950575590133667,0.248012974858284
sharpxr,high,Bacterial,255,31.58202887513413,0.8750216364860535,0.9417321681976318,0.8977456092834473,0.29128891229629517
sharpxr,high,Bacterial,256,30.913773725840507,0.857303261756897,0.9427189826965332,0.8878697156906128,0.2949222922325134
sharpxr,high,Bacterial,257,32.22067534002285,0.8916162252426147,0.9493304491043091,0.9038259387016296,0.3158505856990814
sharpxr,high,Bacterial,258,32.287638628214545,0.8722838759422302,0.9369755387306213,0.8879940509796143,0.35548919439315796
sharpxr,high,Bacterial,259,32.44883626996308,0.8751563429832458,0.942206084728241,0.9030060172080994,0.33437269926071167
sharpxr,high,Bacterial,260,32.605668373086935,0.9006224870681763,0.9515676498413086,0.9159407019615173,0.2961234450340271
sharpxr,high,Bacterial,261,30.375437267400258,0.8578868508338928,0.9459878206253052,0.8948882222175598,0.23567700386047363
sharpxr,high,Bacterial,262,33.96034106461053,0.9077559113502502,0.9545758962631226,0.911994993686676,0.2977144718170166
sharpxr,high,Bacterial,263,33.795337699642104,0.9106057286262512,0.9605131149291992,0.9198756814002991,0.3041570782661438
sharpxr,high,Bacterial,264,33.60715441842859,0.8950662016868591,0.9453175067901611,0.9086453318595886,0.2982785105705261
sharpxr,high,Bacterial,265,33.71648270916606,0.9127452373504639,0.9549078941345215,0.9167379140853882,0.3237808644771576
sharpxr,high,Bacterial,266,33.490993862370686,0.9079440832138062,0.9617855548858643,0.9103394746780396,0.2968241572380066
sharpxr,high,Bacterial,267,31.751412596018945,0.8623896837234497,0.9468736052513123,0.8898007273674011,0.3149693012237549
sharpxr,high,Bacterial,268,32.85180071755014,0.8821022510528564,0.9486484527587891,0.8982793092727661,0.3315015435218811
sharpxr,high,Bacterial,269,32.935185569098685,0.9019253253936768,0.9569715857505798,0.9171980023384094,0.28220096230506897
sharpxr,high,Bacterial,270,33.773909005689156,0.9177135229110718,0.9610294103622437,0.9311270117759705,0.2541276812553406
sharpxr,high,Bacterial,271,32.80574237328879,0.8979524374008179,0.9608873128890991,0.910744309425354,0.2468530237674713
sharpxr,high,Bacterial,272,33.136484979192666,0.9033200740814209,0.950268030166626,0.9124586582183838,0.33354005217552185
sharpxr,high,Bacterial,273,33.24043966148116,0.906270444393158,0.9455856084823608,0.9104240536689758,0.3103350102901459
sharpxr,high,Bacterial,274,31.93304330269715,0.8670837879180908,0.9507290124893188,0.8960809111595154,0.2753254175186157
sharpxr,high,Bacterial,275,30.967909117712175,0.8636938333511353,0.944176435470581,0.8913496732711792,0.31342020630836487
sharpxr,high,Bacterial,276,30.019775214874773,0.841422975063324,0.9424703121185303,0.8882564306259155,0.23628734052181244
sharpxr,high,Bacterial,277,31.785824240238433,0.8684440851211548,0.9389864802360535,0.889034628868103,0.32773295044898987
sharpxr,high,Bacterial,278,32.38227161998203,0.8789021968841553,0.9492847323417664,0.9007164239883423,0.3170152008533478
sharpxr,high,Bacterial,279,32.32264242070826,0.8858835101127625,0.9525617957115173,0.9064520597457886,0.28073650598526
sharpxr,high,Bacterial,280,33.37455903496661,0.8830484747886658,0.9506773352622986,0.9026333093643188,0.2947472035884857
sharpxr,high,Bacterial,281,32.368530514083,0.865321159362793,0.9425845146179199,0.887129008769989,0.3327212333679199
sharpxr,high,Bacterial,282,31.50000570080184,0.8696870803833008,0.9479414224624634,0.8937696814537048,0.31199008226394653
sharpxr,high,Bacterial,283,32.6461662401515,0.8898155689239502,0.95099937915802,0.9005577564239502,0.30388304591178894
sharpxr,high,Bacterial,284,30.491126245618982,0.8624570369720459,0.9260463714599609,0.8894720077514648,0.36572858691215515
sharpxr,high,Bacterial,285,33.319231883570886,0.8984291553497314,0.9425814747810364,0.9030894637107849,0.3474317789077759
sharpxr,high,Bacterial,286,31.361771927838472,0.8858343362808228,0.9521059989929199,0.9084608554840088,0.29622405767440796
sharpxr,high,Bacterial,287,31.308183359689412,0.8548707365989685,0.9331325888633728,0.8949809074401855,0.32275480031967163
sharpxr,high,Bacterial,288,33.20756367500333,0.9027957916259766,0.9547363519668579,0.9116000533103943,0.27416855096817017
sharpxr,high,Bacterial,289,31.949605221256103,0.8715196847915649,0.9418215155601501,0.8909578323364258,0.29280412197113037
sharpxr,high,Bacterial,290,33.362895987630154,0.9053004384040833,0.952652633190155,0.9106152653694153,0.3154284656047821
sharpxr,high,Bacterial,291,32.11902024514144,0.8838830590248108,0.942448079586029,0.90252685546875,0.30804210901260376
sharpxr,high,Bacterial,292,31.370879838527227,0.8617337346076965,0.9437409043312073,0.8950068354606628,0.26514118909835815
sharpxr,high,Bacterial,293,33.637012055020456,0.9098544120788574,0.9641031622886658,0.9163997173309326,0.29102760553359985
sharpxr,high,Bacterial,294,32.38310428830224,0.8913209438323975,0.9522150158882141,0.908892810344696,0.2831178903579712
sharpxr,high,Bacterial,295,31.420144489899485,0.8845173120498657,0.9533607363700867,0.9057716131210327,0.27631494402885437
sharpxr,high,Bacterial,296,33.14712225136066,0.9038800001144409,0.9595069885253906,0.9172654151916504,0.286556601524353
sharpxr,high,Bacterial,297,32.28682962606605,0.8950557112693787,0.9592556953430176,0.9132764339447021,0.291204035282135
sharpxr,high,Bacterial,298,29.91076090992211,0.8370867967605591,0.9301424622535706,0.8734205365180969,0.3221082389354706
sharpxr,high,Bacterial,299,30.331317068915446,0.8562028408050537,0.9388898015022278,0.8889098763465881,0.32352596521377563
sharpxr,high,Bacterial,300,30.30498062022666,0.8675488233566284,0.9516236782073975,0.8899228572845459,0.29436445236206055
sharpxr,high,Bacterial,301,30.24575638341608,0.8329891562461853,0.9344608783721924,0.889769971370697,0.24896329641342163
sharpxr,high,Bacterial,302,31.90327488788444,0.8666461110115051,0.9466323852539062,0.8969268202781677,0.26618897914886475
sharpxr,high,Bacterial,303,31.127064410758067,0.8868968486785889,0.9503473043441772,0.9080150723457336,0.32031306624412537
sharpxr,high,Bacterial,304,32.47258964654173,0.8897793889045715,0.9514390826225281,0.9031909704208374,0.31819209456443787
sharpxr,high,Bacterial,305,33.51314479261585,0.9025395512580872,0.9576592445373535,0.9099891781806946,0.2836223840713501
sharpxr,high,Bacterial,306,31.613694553907294,0.8893681168556213,0.9541471600532532,0.9043790102005005,0.3099294900894165
sharpxr,high,Bacterial,307,31.663314651794533,0.8915396332740784,0.9551636576652527,0.907396674156189,0.3024805188179016
sharpxr,high,Bacterial,308,31.68683265694247,0.8532311916351318,0.9391014575958252,0.9018164277076721,0.2735990285873413
sharpxr,high,Bacterial,309,31.78161709455332,0.8801507353782654,0.9517284631729126,0.9068112373352051,0.2704232633113861
sharpxr,high,Bacterial,310,30.363258246741207,0.8457084894180298,0.9418901801109314,0.8928652405738831,0.24376848340034485
sharpxr,high,Bacterial,311,31.395942558022224,0.8620820045471191,0.936129629611969,0.893315315246582,0.3120128810405731
sharpxr,high,Bacterial,312,30.49334316390965,0.8667279481887817,0.9484477043151855,0.9002682566642761,0.27456605434417725
sharpxr,high,Bacterial,313,32.707462176682576,0.8849084973335266,0.9488868117332458,0.8998106718063354,0.34298640489578247
sharpxr,high,Bacterial,314,31.834752909567104,0.8571134209632874,0.9472200274467468,0.8908644318580627,0.2688351273536682
sharpxr,high,Bacterial,315,33.79228515313151,0.9144302606582642,0.9566290974617004,0.925619900226593,0.31586766242980957
sharpxr,high,Bacterial,316,33.26827866843031,0.9042811989784241,0.951141357421875,0.9128188490867615,0.3231968283653259
sharpxr,high,Bacterial,317,32.87138929858005,0.9100745320320129,0.9480244517326355,0.904832661151886,0.3705028295516968
sharpxr,high,Bacterial,318,32.79979746224208,0.8982290625572205,0.9529740214347839,0.9095004796981812,0.29029107093811035
sharpxr,high,Bacterial,319,32.84687133284749,0.8832542300224304,0.9476826786994934,0.9007543325424194,0.293559730052948
sharpxr,high,Bacterial,320,33.18451423297458,0.9005169868469238,0.9488479495048523,0.8956276774406433,0.3300488591194153
sharpxr,high,Bacterial,321,29.437787780991552,0.8530508279800415,0.9401391744613647,0.8939726948738098,0.3070257306098938
sharpxr,high,Bacterial,322,31.414842851154944,0.8780604600906372,0.9504531621932983,0.9019496440887451,0.32061344385147095
sharpxr,high,Bacterial,323,31.415126828566862,0.8755171298980713,0.9543592929840088,0.907082736492157,0.2627662420272827
sharpxr,high,Bacterial,324,30.411294001279344,0.8607460856437683,0.9532693028450012,0.9000570178031921,0.27972039580345154
sharpxr,high,Bacterial,325,29.953534682892293,0.8618016242980957,0.9569524526596069,0.8945609927177429,0.26249390840530396
sharpxr,high,Bacterial,326,31.43719263456066,0.879842221736908,0.9481899738311768,0.9041543006896973,0.303952693939209
sharpxr,high,Bacterial,327,32.56580571404675,0.9043901562690735,0.9617801904678345,0.9117505550384521,0.28806376457214355
sharpxr,high,Bacterial,328,32.87066856432885,0.9078057408332825,0.9588964581489563,0.9168710708618164,0.31028783321380615
sharpxr,high,Bacterial,329,32.462495964045985,0.8960039615631104,0.9632638096809387,0.9148250222206116,0.2017137110233307
sharpxr,high,Bacterial,330,34.04179468691086,0.9066526889801025,0.9579436779022217,0.9079880118370056,0.29668378829956055
sharpxr,high,Bacterial,331,32.81476250735362,0.9130166172981262,0.9677719473838806,0.9199264645576477,0.2664906084537506
sharpxr,high,Bacterial,332,33.76259610042854,0.916013777256012,0.9544805288314819,0.9169716238975525,0.289087176322937
sharpxr,high,Bacterial,333,33.57528257190531,0.9136561751365662,0.9562376141548157,0.9229950308799744,0.27797576785087585
sharpxr,high,Bacterial,334,33.45685032875141,0.9153147339820862,0.9565332531929016,0.9221648573875427,0.27789637446403503
sharpxr,high,Bacterial,335,31.288067820328713,0.8550089001655579,0.943117082118988,0.8986870050430298,0.2860856056213379
sharpxr,high,Bacterial,336,33.4452142782137,0.9066138863563538,0.9632989764213562,0.9195540547370911,0.27058887481689453
sharpxr,high,Bacterial,337,32.27823184587281,0.8829904198646545,0.9511599540710449,0.9002841711044312,0.29438477754592896
sharpxr,high,Bacterial,338,33.35868098483657,0.8985898494720459,0.9536438584327698,0.9057621955871582,0.3191831707954407
sharpxr,high,Bacterial,339,31.68815583984717,0.8766741752624512,0.9581997990608215,0.9048500061035156,0.22240011394023895
sharpxr,high,Bacterial,340,33.08557528403269,0.9020823836326599,0.9497885704040527,0.9076628088951111,0.29576247930526733
sharpxr,high,Bacterial,341,32.04725255778271,0.9097096920013428,0.9557338356971741,0.910203754901886,0.2965772747993469
sharpxr,high,Bacterial,342,32.0943383483533,0.8960341811180115,0.9499831199645996,0.9093017578125,0.2985599637031555
sharpxr,high,Bacterial,343,32.43354873837732,0.90964275598526,0.9494784474372864,0.9086119532585144,0.33290666341781616
sharpxr,high,Bacterial,344,33.272420223709666,0.9010974764823914,0.9502670168876648,0.916167676448822,0.3077729344367981
sharpxr,high,Bacterial,345,31.881874118382054,0.8867102265357971,0.938879668712616,0.9043688774108887,0.33686625957489014
sharpxr,high,Bacterial,346,31.01503138497607,0.8769673109054565,0.9429020881652832,0.8970248699188232,0.30139434337615967
sharpxr,high,Bacterial,347,33.02160264888289,0.9057201147079468,0.9563891887664795,0.9175779819488525,0.30534300208091736
sharpxr,high,Bacterial,348,32.369737021538356,0.876916766166687,0.9441638588905334,0.8990136981010437,0.31082630157470703
sharpxr,high,Bacterial,349,33.75255703347689,0.9089566469192505,0.9513980150222778,0.9200504422187805,0.28882646560668945
sharpxr,high,Bacterial,350,34.001515412720764,0.913696825504303,0.9608678221702576,0.9202973246574402,0.3244212567806244
sharpxr,high,Bacterial,351,30.900896383139063,0.858542799949646,0.9422121644020081,0.9025226831436157,0.25921690464019775
sharpxr,high,Bacterial,352,33.445306487453415,0.9013872146606445,0.9594003558158875,0.9158591628074646,0.2872542142868042
sharpxr,high,Bacterial,353,32.171388799133986,0.8985016942024231,0.9635277986526489,0.9175718426704407,0.26796630024909973
sharpxr,high,Bacterial,354,34.060652963629884,0.8980797529220581,0.9489936232566833,0.9116531610488892,0.33076024055480957
sharpxr,high,Bacterial,355,33.092876477434984,0.8811620473861694,0.9483006596565247,0.9069839715957642,0.2864956259727478
sharpxr,high,Bacterial,356,32.682217749902684,0.8920309543609619,0.9587846994400024,0.9066615700721741,0.27212101221084595
sharpxr,high,Bacterial,357,33.31283167106574,0.8815208673477173,0.9453572034835815,0.9027589559555054,0.29248327016830444
sharpxr,high,Bacterial,358,32.99968986834663,0.890295147895813,0.9389756917953491,0.900373637676239,0.36938923597335815
sharpxr,high,Bacterial,359,31.656082649054262,0.8747920393943787,0.9501237273216248,0.9033123850822449,0.23386786878108978
sharpxr,high,Bacterial,360,31.86884027515947,0.8917145729064941,0.9428382515907288,0.9030948877334595,0.31710490584373474
sharpxr,high,Bacterial,361,33.34186667450427,0.9040974974632263,0.9516594409942627,0.9139319658279419,0.28980720043182373
sharpxr,high,Bacterial,362,33.045109903045656,0.898165225982666,0.945539116859436,0.9178954362869263,0.3341086208820343
sharpxr,high,Bacterial,363,31.661870400858902,0.8997206091880798,0.9617293477058411,0.9244531989097595,0.25661545991897583
sharpxr,high,Bacterial,364,33.7462679892364,0.9098295569419861,0.9553341269493103,0.9155914783477783,0.2715914845466614
sharpxr,high,Bacterial,365,30.10801631603438,0.8648837208747864,0.9538415670394897,0.8960008025169373,0.2604384422302246
sharpxr,high,Bacterial,366,33.09188105034363,0.905328094959259,0.9563780426979065,0.9117690920829773,0.3192490041255951
sharpxr,high,Bacterial,367,31.61014413042007,0.8793918490409851,0.955399751663208,0.9065563082695007,0.23645424842834473
sharpxr,high,Bacterial,368,32.350593751715195,0.8774701356887817,0.9502152800559998,0.8997161388397217,0.28800344467163086
sharpxr,high,Bacterial,369,31.339025153096415,0.8681886196136475,0.9509773850440979,0.8984872698783875,0.24788956344127655
sharpxr,high,Bacterial,370,30.16207763082761,0.8437719941139221,0.9459031820297241,0.8948229551315308,0.23693811893463135
sharpxr,high,Bacterial,371,32.81868792628466,0.8990536332130432,0.9599723219871521,0.912936270236969,0.26401782035827637
sharpxr,high,Bacterial,372,31.837006316475346,0.8631845116615295,0.9451591372489929,0.8885266184806824,0.36487722396850586
sharpxr,high,Bacterial,373,32.8569514140242,0.8933609127998352,0.9538960456848145,0.9103706479072571,0.29128414392471313
sharpxr,high,Bacterial,374,31.67202295047172,0.8752121329307556,0.9388615489006042,0.8990185856819153,0.28699791431427
sharpxr,high,Bacterial,375,32.25532285513022,0.900226891040802,0.9583684802055359,0.9086257219314575,0.3130303621292114
sharpxr,high,Bacterial,376,30.827111090643907,0.8781206607818604,0.9532012939453125,0.9040376543998718,0.3048134446144104
sharpxr,high,Bacterial,377,31.98605682688205,0.9010594487190247,0.957065761089325,0.9038830399513245,0.3208659291267395
sharpxr,high,Bacterial,378,31.533795488694487,0.8629052639007568,0.9515901803970337,0.896819531917572,0.23696205019950867
sharpxr,high,Bacterial,379,32.32967327210943,0.8892357349395752,0.955389678478241,0.9093649387359619,0.2929319143295288
sharpxr,high,Bacterial,380,32.61101748014657,0.905880868434906,0.9520947337150574,0.919144332408905,0.2926366329193115
sharpxr,high,Bacterial,381,30.483570050493856,0.8574135303497314,0.9499959349632263,0.899165689945221,0.24293270707130432
sharpxr,high,Bacterial,382,31.694905906350954,0.8806744813919067,0.9467405080795288,0.8992547988891602,0.2930485010147095
sharpxr,high,Bacterial,383,30.755462352209445,0.8565074801445007,0.9461997151374817,0.8835972547531128,0.27397599816322327
sharpxr,high,Bacterial,384,30.15499113135879,0.8585912585258484,0.9500313401222229,0.894639253616333,0.22393210232257843
sharpxr,high,Bacterial,385,30.284424316730668,0.8474270701408386,0.9453413486480713,0.898899257183075,0.26070135831832886
sharpxr,high,Bacterial,386,32.638027953280485,0.8987002968788147,0.9489622116088867,0.9161965250968933,0.26284247636795044
sharpxr,high,Bacterial,387,32.87461987268162,0.9068914651870728,0.9595255851745605,0.9198352694511414,0.24943815171718597
sharpxr,high,Bacterial,388,31.423392013085447,0.8933037519454956,0.9653725624084473,0.9171863198280334,0.19249163568019867
sharpxr,high,Bacterial,389,30.108346756174008,0.8415278196334839,0.9422191977500916,0.8918540477752686,0.2794959545135498
sharpxr,high,Bacterial,390,32.318673134178944,0.8751016855239868,0.9489820003509521,0.9046244025230408,0.26174241304397583
sharpxr,high,Bacterial,391,30.785447253840147,0.8581127524375916,0.9382317066192627,0.8926730155944824,0.3663825988769531
sharpxr,high,Bacterial,392,32.47728261191258,0.8920851945877075,0.9436982870101929,0.9077458381652832,0.3139458894729614
sharpxr,high,Bacterial,393,32.640577742827126,0.8787475228309631,0.9450804591178894,0.9021131992340088,0.3277626037597656
sharpxr,high,Bacterial,394,32.74073229199471,0.9046829342842102,0.95456463098526,0.9160422086715698,0.2914772033691406
sharpxr,high,Bacterial,395,32.117496922002665,0.8932379484176636,0.9466760158538818,0.9067840576171875,0.28738805651664734
sharpxr,high,Bacterial,396,30.648390760857616,0.8307823538780212,0.9349802136421204,0.8736816048622131,0.33071833848953247
sharpxr,high,Bacterial,397,34.28923556198519,0.9003195762634277,0.9476341009140015,0.9049763679504395,0.33652156591415405
sharpxr,high,Bacterial,398,33.099703771491264,0.8900917768478394,0.948438823223114,0.9045547246932983,0.35010218620300293
sharpxr,high,Bacterial,399,31.226837880454504,0.8729352951049805,0.9513709545135498,0.9049371480941772,0.3026546835899353
sharpxr,high,Bacterial,400,32.003676968700965,0.8819122314453125,0.9573763608932495,0.9002617001533508,0.2689853310585022
sharpxr,high,Bacterial,401,30.335537655817184,0.8404250144958496,0.9382976293563843,0.8838198781013489,0.28466087579727173
sharpxr,high,Bacterial,402,33.24851616350899,0.899293839931488,0.948391318321228,0.9056578278541565,0.32286781072616577
sharpxr,high,Bacterial,403,32.21884627027999,0.902321994304657,0.9599430561065674,0.9117867350578308,0.2808097004890442
sharpxr,high,Bacterial,404,31.929590260557553,0.8794468641281128,0.9461227059364319,0.8949559926986694,0.2974432408809662
sharpxr,high,Bacterial,405,31.331743519913505,0.8590797185897827,0.9409424066543579,0.8962041735649109,0.3093996047973633
sharpxr,high,Bacterial,406,34.124829430734096,0.9194812178611755,0.9594529867172241,0.9207874536514282,0.26883962750434875
sharpxr,high,Bacterial,407,31.586777293120623,0.8868927359580994,0.9484595656394958,0.9077282547950745,0.2941068410873413
sharpxr,high,Bacterial,408,32.39341625474815,0.8952378034591675,0.9628682136535645,0.9131872057914734,0.2639593183994293
sharpxr,high,Bacterial,409,31.270622509953093,0.8697174191474915,0.9543851017951965,0.8937669396400452,0.27184274792671204
sharpxr,high,Bacterial,410,30.421365216990207,0.8445557951927185,0.9432485103607178,0.8922454118728638,0.26084211468696594
sharpxr,high,Bacterial,411,31.802060119653305,0.8716341853141785,0.9450311064720154,0.8918632864952087,0.29423028230667114
sharpxr,high,Bacterial,412,32.74768989319281,0.8913406729698181,0.9504169225692749,0.9022917151451111,0.30387675762176514
sharpxr,high,Bacterial,413,30.312720025317365,0.8371897339820862,0.9325870871543884,0.8786213397979736,0.25635814666748047
sharpxr,high,Bacterial,414,33.550006595638735,0.9089422821998596,0.9550507664680481,0.9084955453872681,0.3149941861629486
sharpxr,high,Bacterial,415,32.30578440908727,0.8860952854156494,0.9442752003669739,0.9024869799613953,0.34371820092201233
sharpxr,high,Bacterial,416,34.180714605785695,0.9182430505752563,0.9637705683708191,0.9221358299255371,0.29997456073760986
sharpxr,high,Bacterial,417,32.81269387886317,0.8780686855316162,0.9475945234298706,0.8947862982749939,0.28078365325927734
sharpxr,high,Bacterial,418,33.61305947638591,0.8983593583106995,0.9644900560379028,0.9187046885490417,0.2571878135204315
sharpxr,high,Bacterial,419,32.45067949767667,0.8860441446304321,0.9593861103057861,0.9169292449951172,0.20727083086967468
sharpxr,high,Bacterial,420,32.931581442223965,0.9045393466949463,0.964916467666626,0.9237238168716431,0.2449825406074524
sharpxr,high,Bacterial,421,32.29585360661789,0.8888962268829346,0.9576511383056641,0.9143940210342407,0.26758232712745667
sharpxr,high,Bacterial,422,31.812000136461442,0.8778514862060547,0.9524120092391968,0.8982141613960266,0.2939344644546509
sharpxr,high,Bacterial,423,32.51655528975641,0.8954407572746277,0.9523137807846069,0.9144254922866821,0.300445020198822
sharpxr,high,Bacterial,424,32.38530202161395,0.891486406326294,0.9533503651618958,0.9099231362342834,0.3130071461200714
sharpxr,high,Bacterial,425,33.179752442399305,0.8924545049667358,0.9522554278373718,0.9070406556129456,0.3173714876174927
sharpxr,high,Bacterial,426,35.010551427028325,0.9272680282592773,0.9633772969245911,0.9192953109741211,0.3090239465236664
sharpxr,high,Bacterial,427,33.951868469953126,0.9056622982025146,0.9441593289375305,0.9051201343536377,0.36874544620513916
sharpxr,high,Bacterial,428,33.565527207257816,0.9009907841682434,0.9515683054924011,0.9146830439567566,0.35173508524894714
sharpxr,high,Bacterial,429,30.99923982567158,0.8543952703475952,0.9460397958755493,0.9008560180664062,0.26311182975769043
sharpxr,high,Bacterial,430,33.56676004902393,0.9147491455078125,0.9628207683563232,0.9179460406303406,0.2825309634208679
sharpxr,high,Bacterial,431,33.77119224372606,0.9054147005081177,0.9480718374252319,0.9005914926528931,0.3295931816101074
sharpxr,high,Bacterial,432,33.226390710162015,0.9013709425926208,0.9514304399490356,0.9128619432449341,0.28092753887176514
sharpxr,high,Bacterial,433,31.6310376553097,0.8668549060821533,0.9504171013832092,0.8889490365982056,0.32891321182250977
sharpxr,high,Bacterial,434,32.60186633853789,0.8942395448684692,0.9585020542144775,0.9068006873130798,0.2764965295791626
sharpxr,high,Bacterial,435,31.645153055479508,0.8851346969604492,0.9585219025611877,0.9036098122596741,0.27294909954071045
sharpxr,high,Bacterial,436,31.269775142759407,0.8774868845939636,0.9601550102233887,0.9062237739562988,0.1973407119512558
sharpxr,high,Bacterial,437,34.076879679400676,0.8994661569595337,0.9536647200584412,0.9121260643005371,0.2530364394187927
sharpxr,high,Bacterial,438,30.850730903555043,0.8535575270652771,0.937487781047821,0.8818567991256714,0.3211790919303894
sharpxr,high,Bacterial,439,32.3231257809123,0.8812941908836365,0.9531508088111877,0.9008636474609375,0.31427818536758423
sharpxr,high,Bacterial,440,31.48459402835597,0.8738731741905212,0.9565286636352539,0.9042764902114868,0.28974637389183044
sharpxr,high,Bacterial,441,30.93873470048399,0.8578177094459534,0.9439448118209839,0.8961079120635986,0.2720519006252289
sharpxr,high,Bacterial,442,33.35034934629648,0.9057849645614624,0.9628784656524658,0.917023241519928,0.26491641998291016
sharpxr,high,Bacterial,443,33.03342703283787,0.8938207030296326,0.9458497762680054,0.9080528616905212,0.3005799651145935
sharpxr,high,Bacterial,444,32.61449428988493,0.8921259641647339,0.9596179723739624,0.9103129506111145,0.2795262336730957
sharpxr,high,Bacterial,445,32.767323048500934,0.8948357701301575,0.9527410864830017,0.907508134841919,0.3302169740200043
sharpxr,high,Bacterial,446,31.89150007195154,0.8914473056793213,0.9513409733772278,0.904164731502533,0.33113962411880493
sharpxr,high,Bacterial,447,33.7335684507367,0.8994922041893005,0.958931028842926,0.9012214541435242,0.32468289136886597
sharpxr,high,Bacterial,448,33.41847700057768,0.9001083970069885,0.9612473845481873,0.9165129065513611,0.35162076354026794
sharpxr,high,Bacterial,449,31.740863109369215,0.8517508506774902,0.9480987191200256,0.8929830193519592,0.28252163529396057
sharpxr,high,Bacterial,450,31.796770384601913,0.8816154599189758,0.9513900876045227,0.9039082527160645,0.294843852519989
sharpxr,high,Bacterial,451,30.496333690542063,0.8409105539321899,0.9418440461158752,0.889616072177887,0.2456302046775818
sharpxr,high,Bacterial,452,31.450376695316677,0.8770966529846191,0.9429566264152527,0.9038663506507874,0.30329859256744385
sharpxr,high,Bacterial,453,33.59319719935432,0.909022331237793,0.9568072557449341,0.9158259630203247,0.2858993411064148
sharpxr,high,Bacterial,454,31.683029772486606,0.8952914476394653,0.9562481641769409,0.9130984544754028,0.28028154373168945
sharpxr,high,Bacterial,455,33.61636029759495,0.9080498218536377,0.948567271232605,0.9158890247344971,0.320295125246048
sharpxr,high,Bacterial,456,30.145318707411896,0.8273741602897644,0.9319291114807129,0.8891029953956604,0.3047095537185669
sharpxr,high,Bacterial,457,32.96862223731417,0.8982663750648499,0.9496771693229675,0.90590500831604,0.33254942297935486
sharpxr,high,Bacterial,458,33.089821364521505,0.913299560546875,0.9580555558204651,0.9161418676376343,0.2854340672492981
sharpxr,high,Bacterial,459,33.962909017899236,0.9183523654937744,0.9601133465766907,0.9165993928909302,0.3096528947353363
sharpxr,high,Bacterial,460,32.43408799263567,0.8867005109786987,0.9561779499053955,0.9092234969139099,0.2583468556404114
sharpxr,high,Bacterial,461,32.08524013347121,0.894648551940918,0.9605880975723267,0.9103884100914001,0.24685001373291016
sharpxr,high,Bacterial,462,31.322109838693276,0.8618641495704651,0.9493304491043091,0.9020761251449585,0.24164330959320068
sharpxr,high,Bacterial,463,33.27178709992416,0.8985158801078796,0.9462969899177551,0.9067582488059998,0.3201320469379425
sharpxr,high,Bacterial,464,31.88459334375001,0.8770908117294312,0.9536042809486389,0.9006240367889404,0.2811690866947174
sharpxr,high,Bacterial,465,33.194577808978636,0.8985376954078674,0.9559618830680847,0.9132089614868164,0.29453930258750916
sharpxr,high,Bacterial,466,32.21601147042239,0.879345715045929,0.9450937509536743,0.9034895300865173,0.314138263463974
sharpxr,high,Bacterial,467,32.54597214085517,0.8723646998405457,0.9487081170082092,0.896186113357544,0.36707085371017456
sharpxr,high,Bacterial,468,32.58391867351039,0.8990824818611145,0.953713595867157,0.9149614572525024,0.2761298418045044
sharpxr,high,Bacterial,469,33.45077296265909,0.8994874358177185,0.9540085792541504,0.9012472033500671,0.3058985471725464
sharpxr,high,Bacterial,470,31.919073755344854,0.8879719376564026,0.9440339803695679,0.8988370299339294,0.31989288330078125
sharpxr,high,Bacterial,471,31.512115067656786,0.8575688600540161,0.9452135562896729,0.8964275121688843,0.24156436324119568
sharpxr,high,Bacterial,472,31.877503992996353,0.8732599020004272,0.9517025351524353,0.9052131175994873,0.22841493785381317
sharpxr,high,Bacterial,473,29.311716765130654,0.8488750457763672,0.9383789300918579,0.8825384974479675,0.337150901556015
sharpxr,high,Bacterial,474,31.01897331985084,0.8856076598167419,0.9556866884231567,0.9104239344596863,0.28373393416404724
sharpxr,high,Bacterial,475,30.00950254648954,0.8398533463478088,0.9429728388786316,0.8840287923812866,0.26488807797431946
sharpxr,high,Viral,476,31.919578721308277,0.8815017342567444,0.9565849900245667,0.9137214422225952,0.2908827066421509
sharpxr,high,Viral,477,32.300526344642556,0.8952834606170654,0.9608426094055176,0.9202315807342529,0.2476208657026291
sharpxr,high,Viral,478,31.759465892873013,0.8858206868171692,0.9532186985015869,0.9205620288848877,0.26054686307907104
sharpxr,high,Viral,479,32.576501357161185,0.8871307969093323,0.956132173538208,0.9068343043327332,0.2723506689071655
sharpxr,high,Viral,480,33.33534504408802,0.9031602144241333,0.945600688457489,0.9055312871932983,0.34331947565078735
sharpxr,high,Viral,481,31.695888989127763,0.8968248963356018,0.9565381407737732,0.9137718677520752,0.30251848697662354
sharpxr,high,Viral,482,30.787142045753004,0.8441579341888428,0.9374102354049683,0.8827065229415894,0.2789367437362671
sharpxr,high,Viral,483,32.45694734483542,0.8893782496452332,0.9418541789054871,0.9039717316627502,0.3142065405845642
sharpxr,high,Viral,484,31.485279737374213,0.8933689594268799,0.9401276111602783,0.8994536399841309,0.348812997341156
sharpxr,high,Viral,485,32.316710105505415,0.8847412467002869,0.952948272228241,0.9097038507461548,0.3044237196445465
sharpxr,high,Viral,486,32.75007014256573,0.8787350058555603,0.9377310872077942,0.8972208499908447,0.3528009057044983
sharpxr,high,Viral,487,32.714124365249134,0.8816603422164917,0.9557188153266907,0.9042855501174927,0.28100553154945374
sharpxr,high,Viral,488,32.14587505605089,0.8915257453918457,0.9633086323738098,0.9165602326393127,0.2416336089372635
sharpxr,high,Viral,489,32.67617913707207,0.8919199109077454,0.9588624835014343,0.9173550009727478,0.2586926221847534
sharpxr,high,Viral,490,31.980247555136152,0.8705573081970215,0.9457555413246155,0.8980334401130676,0.3341962695121765
sharpxr,high,Viral,491,31.786347130413652,0.8751716613769531,0.9516637921333313,0.9065274596214294,0.2917129397392273
sharpxr,high,Viral,492,31.579378762149734,0.8709142804145813,0.9538000822067261,0.9052441716194153,0.2874898314476013
sharpxr,high,Viral,493,31.823583781653788,0.8780934810638428,0.9545952677726746,0.9059473276138306,0.2729693651199341
sharpxr,high,Viral,494,32.02140230811302,0.8766607642173767,0.9562351703643799,0.9081900715827942,0.2865089774131775
sharpxr,high,Viral,495,31.53379728803808,0.876815140247345,0.9573432207107544,0.9096349477767944,0.2588898539543152
sharpxr,high,Viral,496,32.55031306375662,0.8771919012069702,0.9525710940361023,0.9008339643478394,0.32436585426330566
sharpxr,high,Viral,497,32.26509572042342,0.9008432030677795,0.9638025164604187,0.919772744178772,0.22379010915756226
sharpxr,high,Viral,498,32.86277671626298,0.8950977325439453,0.9608800411224365,0.9191334247589111,0.2787594199180603
sharpxr,high,Viral,499,32.85652439590627,0.8772981762886047,0.9481839537620544,0.9016321897506714,0.2814590334892273
sharpxr,high,Viral,500,31.66384895357271,0.8571816086769104,0.9470920562744141,0.8960251212120056,0.32540690898895264
sharpxr,high,Viral,501,30.88658229295291,0.8673954606056213,0.9553075432777405,0.900778591632843,0.23967283964157104
sharpxr,high,Viral,502,32.23029568443838,0.8851105570793152,0.9556131362915039,0.913277804851532,0.2654701769351959
sharpxr,high,Viral,503,31.6938920552205,0.883872926235199,0.9566446542739868,0.9112644791603088,0.2599297761917114
sharpxr,high,Viral,504,31.690806027508177,0.8766232132911682,0.9597236514091492,0.9065651297569275,0.28006482124328613
sharpxr,high,Viral,505,32.733441894290685,0.8935016393661499,0.961179256439209,0.9144262671470642,0.24314427375793457
sharpxr,high,Viral,506,31.730197990426223,0.8590738773345947,0.9489036202430725,0.894767701625824,0.29243507981300354
sharpxr,high,Viral,507,30.573371888160562,0.845505952835083,0.9419313073158264,0.8824585676193237,0.2855793833732605
sharpxr,high,Viral,508,33.22364302709287,0.8919220566749573,0.9530013203620911,0.9091351628303528,0.32929420471191406
sharpxr,high,Viral,509,31.05091486073913,0.8611748218536377,0.9514281153678894,0.8937687873840332,0.2912031412124634
sharpxr,high,Viral,510,29.049582846520977,0.8434429168701172,0.9384080767631531,0.8902176022529602,0.2833365499973297
sharpxr,high,Viral,511,31.841719062893354,0.8881243467330933,0.9576086401939392,0.9161486029624939,0.24007104337215424
sharpxr,high,Viral,512,33.81288978702951,0.9004610776901245,0.9580352306365967,0.9185206890106201,0.28379595279693604
sharpxr,high,Viral,513,30.965679722429403,0.8784923553466797,0.9542461037635803,0.9065932035446167,0.2891467213630676
sharpxr,high,Viral,514,30.952183796446047,0.8757394552230835,0.9562067985534668,0.9031647443771362,0.23624254763126373
sharpxr,high,Viral,515,32.58357220736994,0.8865781426429749,0.9603273272514343,0.9079505205154419,0.2786986231803894
sharpxr,high,Viral,516,32.96165629348514,0.89137202501297,0.9564981460571289,0.9149191975593567,0.2776593565940857
sharpxr,high,Viral,517,31.304429553806514,0.8702523708343506,0.9518840909004211,0.904483437538147,0.28355178236961365
sharpxr,high,Viral,518,31.061772094644322,0.8617238998413086,0.956488847732544,0.8974667191505432,0.22604703903198242
sharpxr,high,Viral,519,33.48959912942501,0.9181386232376099,0.9685958027839661,0.9362380504608154,0.20796822011470795
sharpxr,high,Viral,520,32.68502394667557,0.8993856310844421,0.9600362777709961,0.920907199382782,0.2698739469051361
sharpxr,high,Viral,521,32.430320369139956,0.9004870057106018,0.9616703987121582,0.9174918532371521,0.2362387329339981
sharpxr,high,Viral,522,32.95612732294258,0.9020898342132568,0.9668816328048706,0.9191237092018127,0.2543092966079712
sharpxr,high,Viral,523,33.30327672211132,0.9001383185386658,0.9618415236473083,0.9210407733917236,0.27918705344200134
sharpxr,high,Viral,524,33.12852045149213,0.9019806981086731,0.9607706665992737,0.9212902784347534,0.31640124320983887
sharpxr,high,Viral,525,33.14934633121294,0.9032647609710693,0.9600431323051453,0.922166109085083,0.25954702496528625
sharpxr,high,Viral,526,32.76250767114168,0.8829972743988037,0.9528080224990845,0.90799880027771,0.3187448978424072
sharpxr,high,Viral,527,32.28968235077001,0.8686742782592773,0.9437212347984314,0.8923819065093994,0.35441601276397705
sharpxr,high,Viral,528,32.11675603903406,0.8828629851341248,0.9545919895172119,0.9090723991394043,0.2830968499183655
sharpxr,high,Viral,529,30.53729284882821,0.81369948387146,0.9406061172485352,0.875929057598114,0.31313973665237427
sharpxr,high,Viral,530,32.59930973342666,0.8873504400253296,0.9578354954719543,0.914339005947113,0.2763562798500061
sharpxr,high,Viral,531,32.29703494093642,0.8973321318626404,0.9596964716911316,0.9151572585105896,0.25267431139945984
sharpxr,high,Viral,532,31.974379129998884,0.890201210975647,0.9476040601730347,0.9096932411193848,0.28871390223503113
sharpxr,high,Viral,533,31.964180482003393,0.884432315826416,0.9561887979507446,0.9087585210800171,0.25162094831466675
sharpxr,high,Viral,534,30.523800645466615,0.8603063821792603,0.9510118365287781,0.9012846946716309,0.2976381778717041
sharpxr,high,Viral,535,31.489711878702302,0.8833048939704895,0.952332615852356,0.9080967903137207,0.2669961154460907
sharpxr,high,Viral,536,33.03779234311818,0.887091875076294,0.9501029253005981,0.9028249382972717,0.31668326258659363
sharpxr,high,Viral,537,31.516259274650626,0.8685245513916016,0.9541089534759521,0.9012236595153809,0.3414677381515503
sharpxr,high,Viral,538,33.34284740174561,0.8964400291442871,0.9580923318862915,0.9116499423980713,0.3392600417137146
sharpxr,high,Viral,539,32.24512086554735,0.8990877270698547,0.9646093249320984,0.9165879487991333,0.21610645949840546
sharpxr,high,Viral,540,32.37386855449377,0.8875356912612915,0.9622827172279358,0.911822497844696,0.2585349678993225
sharpxr,high,Viral,541,32.00739773248038,0.8820800185203552,0.9600257873535156,0.9123504757881165,0.26619845628738403
sharpxr,high,Viral,542,33.288477556478576,0.9090369939804077,0.9663456678390503,0.9223172068595886,0.2445848286151886
sharpxr,high,Viral,543,33.96738926154797,0.915311336517334,0.9528043866157532,0.9143781661987305,0.31402313709259033
sharpxr,high,Viral,544,31.193093149332952,0.8841819763183594,0.9632000923156738,0.902254045009613,0.2512587010860443
sharpxr,high,Viral,545,31.370887810772963,0.8860366940498352,0.9607810974121094,0.9070704579353333,0.25858235359191895
sharpxr,high,Viral,546,33.24090294981633,0.8940352201461792,0.9554296135902405,0.9135773181915283,0.3089430630207062
sharpxr,high,Viral,547,32.82879679748126,0.8919486999511719,0.9512836933135986,0.9092166423797607,0.3020574450492859
sharpxr,high,Viral,548,31.29760915958392,0.8759686350822449,0.9507687091827393,0.9052587747573853,0.2735408544540405
sharpxr,high,Viral,549,34.40456176945831,0.8911927342414856,0.9587424397468567,0.9075774550437927,0.33080798387527466
sharpxr,high,Viral,550,34.38786150888287,0.8930732011795044,0.9589975476264954,0.9077147245407104,0.32615533471107483
sharpxr,high,Viral,551,32.00018736325134,0.8831854462623596,0.9608074426651001,0.9085135459899902,0.28079646825790405
sharpxr,high,Viral,552,32.658445929802355,0.9053369760513306,0.9543755054473877,0.917455792427063,0.2876177430152893
sharpxr,high,Viral,553,33.015200624897076,0.9008805155754089,0.9572392702102661,0.909281313419342,0.26855969429016113
sharpxr,high,Viral,554,31.838817682467507,0.8790373802185059,0.9537140130996704,0.9085809588432312,0.28544819355010986
sharpxr,high,Viral,555,31.51286960063684,0.8843454122543335,0.9571201205253601,0.9132906198501587,0.2506299316883087
sharpxr,high,Viral,556,31.97325131146149,0.8755371570587158,0.9512263536453247,0.9061275124549866,0.2630504071712494
sharpxr,high,Viral,557,32.82934524385008,0.8832157850265503,0.9559968113899231,0.9038476347923279,0.2830076217651367
sharpxr,high,Viral,558,32.21320839709139,0.8917203545570374,0.9593711495399475,0.9112805128097534,0.2654082477092743
sharpxr,high,Viral,559,33.060245961124615,0.8826194405555725,0.9423484802246094,0.9041081666946411,0.3535516560077667
sharpxr,high,Viral,560,33.08437066798168,0.8982903957366943,0.954910159111023,0.9185983538627625,0.27071401476860046
sharpxr,high,Viral,561,31.879994043594788,0.8850563168525696,0.9540712833404541,0.9027984738349915,0.2560781240463257
sharpxr,high,Viral,562,32.60839234053064,0.8942742943763733,0.9606476426124573,0.9146193265914917,0.2546115815639496
sharpxr,high,Viral,563,32.03948612531966,0.8811960220336914,0.9551098942756653,0.9109619855880737,0.25247833132743835
sharpxr,high,Viral,564,32.47897063745658,0.8948553800582886,0.9558194875717163,0.9166488647460938,0.2728912830352783
sharpxr,high,Viral,565,32.62057062242793,0.8931031823158264,0.9541999697685242,0.908984899520874,0.3088805675506592
sharpxr,high,Viral,566,31.792797853106244,0.884330153465271,0.961922824382782,0.9131705164909363,0.27506035566329956
sharpxr,high,Viral,567,32.31043815670604,0.9037493467330933,0.9655067324638367,0.9231081604957581,0.2547578811645508
sharpxr,high,Viral,568,31.733434981088486,0.8833231925964355,0.9590126276016235,0.90822833776474,0.26958414912223816
sharpxr,high,Viral,569,31.83804410241132,0.8651646971702576,0.9501439929008484,0.9012190699577332,0.3292706608772278
sharpxr,high,Viral,570,31.586934303118845,0.8847830295562744,0.9567431807518005,0.9128133654594421,0.2545706033706665
sharpxr,high,Viral,571,32.6895287187087,0.887001633644104,0.9593631625175476,0.9129644632339478,0.25191494822502136
sharpxr,high,Viral,572,31.666978589910045,0.868554413318634,0.9488615989685059,0.8995004892349243,0.3155927062034607
sharpxr,high,Viral,573,32.190726879163996,0.8841413855552673,0.9562828540802002,0.9126263856887817,0.242939755320549
sharpxr,high,Viral,574,33.332904133586794,0.9127828478813171,0.9472469091415405,0.9234396815299988,0.3202279508113861
sharpxr,high,Viral,575,32.562907632460984,0.8975048661231995,0.9635668992996216,0.9185846447944641,0.2498491406440735
sharpxr,high,Viral,576,32.1625496329409,0.8860774636268616,0.9552250504493713,0.9107590317726135,0.28586602210998535
sharpxr,high,Viral,577,31.383589180640968,0.8856605887413025,0.947430431842804,0.9108410477638245,0.28935134410858154
sharpxr,high,Viral,578,33.12903768140031,0.898454487323761,0.9623474478721619,0.920488178730011,0.242742657661438
sharpxr,high,Viral,579,31.978925231934227,0.8935453295707703,0.9626731276512146,0.9145915508270264,0.22632521390914917
sharpxr,high,Viral,580,32.24187321233557,0.8998121023178101,0.9614167809486389,0.9201752543449402,0.2418750524520874
sharpxr,high,Viral,581,32.1576436084937,0.8983192443847656,0.9652823805809021,0.9165869355201721,0.2318229377269745
sharpxr,high,Viral,582,31.99141161944936,0.8785932660102844,0.9546526670455933,0.9054211974143982,0.28216123580932617
sharpxr,high,Viral,583,32.28016046125048,0.8752070069313049,0.942916989326477,0.9004849791526794,0.286596417427063
sharpxr,high,Viral,584,33.3181365307269,0.8896550536155701,0.9522460699081421,0.9058205485343933,0.32692673802375793
sharpxr,high,Viral,585,33.23598230425155,0.9023787975311279,0.9619115591049194,0.9199028611183167,0.27020496129989624
sharpxr,high,Viral,586,32.47394606287176,0.8750892877578735,0.9485332369804382,0.8985095024108887,0.31303051114082336
sharpxr,high,Viral,587,33.13571524169585,0.8903704881668091,0.9473843574523926,0.8957021236419678,0.30788925290107727
sharpxr,high,Viral,588,31.69086311478761,0.8657529354095459,0.953177809715271,0.8992080688476562,0.29447731375694275
sharpxr,high,Viral,589,29.368942063150854,0.8258037567138672,0.9448249936103821,0.8862547278404236,0.2304711639881134
sharpxr,high,Viral,590,31.818016886726404,0.8854398727416992,0.9591413736343384,0.9051485061645508,0.2731659412384033
sharpxr,high,Viral,591,31.51273064499116,0.8843595385551453,0.9594466686248779,0.9131433367729187,0.23960217833518982
sharpxr,high,Viral,592,31.707434064294212,0.8997607827186584,0.9665344953536987,0.915030300617218,0.22153306007385254
sharpxr,high,Viral,593,33.57459652713211,0.8673118948936462,0.9415104389190674,0.8904572129249573,0.26786869764328003
sharpxr,high,Viral,594,33.368864163278246,0.8983438611030579,0.9605010747909546,0.9211046099662781,0.28334885835647583
sharpxr,high,Viral,595,33.07421108644904,0.8987844586372375,0.9580383896827698,0.9123207330703735,0.2555081844329834
sharpxr,high,Viral,596,32.37300665749798,0.8850762844085693,0.9410634636878967,0.9087687134742737,0.3455846607685089
sharpxr,high,Viral,597,32.18059890186978,0.8862464427947998,0.9525012373924255,0.9130144119262695,0.28925350308418274
sharpxr,high,Viral,598,30.777703379894717,0.8700830340385437,0.9480723738670349,0.9021932482719421,0.30643677711486816
sharpxr,high,Viral,599,31.41577643981426,0.8753920793533325,0.9623531103134155,0.912197470664978,0.2348388433456421
sharpxr,high,Viral,600,32.017739529648146,0.8780612349510193,0.9515080451965332,0.9068232178688049,0.2848328948020935
sharpxr,high,Viral,601,33.08548165970893,0.898848831653595,0.9620764851570129,0.9204887747764587,0.28439921140670776
sharpxr,high,Viral,602,31.855860546700434,0.8860986828804016,0.961094081401825,0.9118648171424866,0.2678363025188446
sharpxr,high,Viral,603,31.661968992039,0.8936045169830322,0.9539813995361328,0.9137692451477051,0.26020169258117676
sharpxr,high,Viral,604,32.392731595066486,0.904323160648346,0.9642102718353271,0.9221504926681519,0.23667186498641968
sharpxr,high,Viral,605,33.080380642700845,0.899060070514679,0.9681218266487122,0.9142409563064575,0.2754291594028473
sharpxr,high,Viral,606,32.694700556118946,0.8852103352546692,0.9573166370391846,0.9133870005607605,0.2889021337032318
sharpxr,high,Viral,607,33.16751663088883,0.8962264657020569,0.9601292610168457,0.9218297004699707,0.25820192694664
sharpxr,high,Viral,608,32.996136651864134,0.8999037742614746,0.9494049549102783,0.9116554856300354,0.31525754928588867
sharpxr,high,Viral,609,32.64261149889657,0.9035343527793884,0.9417898058891296,0.9139554500579834,0.30635353922843933
sharpxr,high,Viral,610,33.60410374541848,0.9070524573326111,0.960976779460907,0.9206957817077637,0.27534350752830505
sharpxr,high,Viral,611,31.23400637901583,0.8767046928405762,0.9524712562561035,0.9066042304039001,0.25676918029785156
sharpxr,high,Viral,612,31.26211367480323,0.8705906271934509,0.9590296149253845,0.9064597487449646,0.26790374517440796
sharpxr,high,Viral,613,32.46054302865677,0.8890783786773682,0.9606884121894836,0.9186460971832275,0.2698296308517456
sharpxr,high,Viral,614,32.911950423530925,0.897596538066864,0.9568182826042175,0.9183063507080078,0.29200610518455505
sharpxr,high,Viral,615,33.33645591916045,0.8961430788040161,0.9597473740577698,0.9073035717010498,0.2718999683856964
sharpxr,high,Viral,616,32.908455896364,0.8977757096290588,0.9621054530143738,0.9130575656890869,0.26855021715164185
sharpxr,high,Viral,617,32.12963987782738,0.8746808767318726,0.9483635425567627,0.9054833054542542,0.31214314699172974
sharpxr,high,Viral,618,31.571912580887016,0.8751885294914246,0.9516988396644592,0.906282365322113,0.277549147605896
sharpxr,high,Viral,619,31.788857574664835,0.874735951423645,0.9518309831619263,0.9080408215522766,0.2653633952140808
sharpxr,high,Viral,620,31.928145734982078,0.8882807493209839,0.961477518081665,0.9132661819458008,0.25230005383491516
sharpxr,high,Viral,621,33.990122667410276,0.9113483428955078,0.9527276754379272,0.921355128288269,0.32846683263778687
sharpxr,high,Viral,622,32.48764743403569,0.8883169293403625,0.9561821818351746,0.916752278804779,0.26820576190948486
sharpxr,high,Viral,623,32.511258555977996,0.8862957954406738,0.9592396020889282,0.9111315608024597,0.2705466151237488
