model,class,psnr,ssim,lpips
A (L2),Normal,33.60656336800664,0.9103140830993652,0.1805659979581833
D (NLL+SSIM+FFL),Normal,32.587172037017716,0.886642336845398,0.22588391602039337
H (PP-VAE),Normal,31.870714748801845,0.867494523525238,0.2858409583568573
DnCNN,Normal,32.07699321075853,0.8702718615531921,0.259077250957489
SCUNet,Normal,33.859152474221034,0.9151806235313416,0.17046931385993958
A (L2),Normal,32.2947630664881,0.8747856616973877,0.21906450390815735
D (NLL+SSIM+FFL),Normal,31.284771390734267,0.8478058576583862,0.2660030126571655
H (PP-VAE),Normal,30.709668229482965,0.8301321864128113,0.31267249584198
DnCNN,Normal,30.82144506494278,0.8301079273223877,0.2871425449848175
SCUNet,Normal,32.42478396191847,0.8767942786216736,0.21459706127643585
A (L2),Normal,33.153230959629944,0.9048371315002441,0.19347618520259857
D (NLL+SSIM+FFL),Normal,32.153445341593574,0.8836838603019714,0.22334280610084534
H (PP-VAE),Normal,31.3202340390786,0.865753710269928,0.27336061000823975
DnCNN,Normal,31.535929674184327,0.8626227974891663,0.2569829225540161
SCUNet,Normal,33.30765699485782,0.9077168703079224,0.1861189305782318
A (L2),Normal,34.24791569980552,0.9314333200454712,0.16099996864795685
D (NLL+SSIM+FFL),Normal,32.85917307360502,0.9106016159057617,0.21370576322078705
H (PP-VAE),Normal,31.927424243345065,0.8915269374847412,0.2660254240036011
DnCNN,Normal,32.23462687512849,0.8899188041687012,0.25801336765289307
SCUNet,Normal,34.282205685764445,0.9334749579429626,0.15499836206436157
A (L2),Normal,32.88226377963494,0.8657981157302856,0.24477654695510864
D (NLL+SSIM+FFL),Normal,32.01448582657466,0.8425787687301636,0.29512202739715576
H (PP-VAE),Normal,31.55344226608795,0.8286330699920654,0.33393266797065735
DnCNN,Normal,31.59046324296856,0.8278010487556458,0.3226517140865326
SCUNet,Normal,32.979607194533436,0.8712825775146484,0.22818955779075623
A (L2),Normal,34.50373322710299,0.9236679077148438,0.19140976667404175
D (NLL+SSIM+FFL),Normal,33.1883050943879,0.9019008874893188,0.23531007766723633
H (PP-VAE),Normal,32.450615940401754,0.8851399421691895,0.27277642488479614
DnCNN,Normal,32.56863083198936,0.8833372592926025,0.24775519967079163
SCUNet,Normal,34.60230644007143,0.9269343018531799,0.18617984652519226
A (L2),Normal,33.94362391099891,0.9069796800613403,0.2258567065000534
D (NLL+SSIM+FFL),Normal,32.67681680028457,0.8833259344100952,0.2574922740459442
H (PP-VAE),Normal,32.030373679393904,0.8704948425292969,0.269954115152359
DnCNN,Normal,32.04078779002634,0.8637878894805908,0.2561413645744324
SCUNet,Normal,34.206818770441494,0.9130608439445496,0.22009339928627014
A (L2),Normal,34.48772241579788,0.9272174835205078,0.19354969263076782
D (NLL+SSIM+FFL),Normal,33.16697278351647,0.9051637053489685,0.2616671323776245
H (PP-VAE),Normal,32.272486966796706,0.8875765800476074,0.30547070503234863
DnCNN,Normal,32.380253838266235,0.8828869462013245,0.2960922420024872
SCUNet,Normal,34.52876980209765,0.9277468323707581,0.18747390806674957
A (L2),Normal,32.71830914650907,0.9060859084129333,0.17614248394966125
D (NLL+SSIM+FFL),Normal,31.388301841976578,0.8764322996139526,0.23024621605873108
H (PP-VAE),Normal,30.460730416929795,0.8533433675765991,0.27513545751571655
DnCNN,Normal,30.69582022058762,0.8516899943351746,0.2674699127674103
SCUNet,Normal,32.86746000686066,0.9097771644592285,0.17174887657165527
A (L2),Normal,32.69563390001543,0.8892517685890198,0.2078384906053543
D (NLL+SSIM+FFL),Normal,31.532853814551082,0.8619883060455322,0.2618848383426666
H (PP-VAE),Normal,30.654888945588375,0.8417310118675232,0.3073842525482178
DnCNN,Normal,31.02874388545456,0.8430683612823486,0.2811526954174042
SCUNet,Normal,32.909959487905354,0.8942892551422119,0.19897902011871338
A (L2),Normal,33.63327152324653,0.919807493686676,0.1539326012134552
D (NLL+SSIM+FFL),Normal,32.30076421413798,0.8971137404441833,0.19760888814926147
H (PP-VAE),Normal,31.327587669408608,0.877028226852417,0.25012949109077454
DnCNN,Normal,31.60629873237873,0.8754068613052368,0.24292846024036407
SCUNet,Normal,33.72210447508778,0.9212749004364014,0.15168681740760803
A (L2),Normal,33.501573112403534,0.8960058689117432,0.21557721495628357
D (NLL+SSIM+FFL),Normal,32.12122548131207,0.8677014708518982,0.2635645866394043
H (PP-VAE),Normal,31.156017601817254,0.843923032283783,0.3107665181159973
DnCNN,Normal,31.415000419558915,0.8441465497016907,0.2930070757865906
SCUNet,Normal,33.65013901171374,0.8982024788856506,0.21721696853637695
A (L2),Normal,33.677489318665934,0.8970623016357422,0.2284989207983017
D (NLL+SSIM+FFL),Normal,32.6042448676708,0.8742995858192444,0.27041178941726685
H (PP-VAE),Normal,31.9374681228536,0.8542695045471191,0.298814982175827
DnCNN,Normal,31.950957072359753,0.8488879203796387,0.28118884563446045
SCUNet,Normal,33.78244303713235,0.8997382521629333,0.22454386949539185
A (L2),Normal,34.802123479947085,0.916348934173584,0.19468775391578674
D (NLL+SSIM+FFL),Normal,33.76380439407703,0.8983871340751648,0.24596986174583435
H (PP-VAE),Normal,33.2476622343538,0.8878871202468872,0.2852882146835327
DnCNN,Normal,33.11837406548842,0.8829646706581116,0.3117940127849579
SCUNet,Normal,34.8911218657035,0.9169303774833679,0.18886739015579224
A (L2),Normal,33.97642805593203,0.8768821358680725,0.16831746697425842
D (NLL+SSIM+FFL),Normal,33.533092263578254,0.8945106863975525,0.17598821222782135
H (PP-VAE),Normal,32.65368217715538,0.8810246586799622,0.2087499350309372
DnCNN,Normal,33.64504432216304,0.9149608612060547,0.22186227142810822
SCUNet,Normal,34.44490440196346,0.9219837188720703,0.13871139287948608
A (L2),Normal,32.914700393662706,0.8834918737411499,0.25226908922195435
D (NLL+SSIM+FFL),Normal,31.696853986237905,0.8582082390785217,0.29214298725128174
H (PP-VAE),Normal,31.10817456409137,0.8445603251457214,0.31243035197257996
DnCNN,Normal,31.123827327384518,0.8392499685287476,0.2948199510574341
SCUNet,Normal,33.015264907204326,0.8861404061317444,0.24868623912334442
A (L2),Normal,34.41297305511898,0.9187325239181519,0.21023991703987122
D (NLL+SSIM+FFL),Normal,33.11429391691449,0.8966384530067444,0.27745792269706726
H (PP-VAE),Normal,32.268892280605705,0.8798508048057556,0.3174322843551636
DnCNN,Normal,32.330320393777626,0.8731934428215027,0.31888899207115173
SCUNet,Normal,34.42398853097064,0.9183868765830994,0.2015519142150879
A (L2),Normal,33.845690632536204,0.9067620038986206,0.19781097769737244
D (NLL+SSIM+FFL),Normal,32.62032797891098,0.8803830742835999,0.24061894416809082
H (PP-VAE),Normal,31.71058066079803,0.8575185537338257,0.2878762185573578
DnCNN,Normal,31.893568878089795,0.8583659529685974,0.2544756531715393
SCUNet,Normal,33.938074350953556,0.9074113965034485,0.19458644092082977
A (L2),Normal,33.42060556800834,0.903256356716156,0.17185530066490173
D (NLL+SSIM+FFL),Normal,32.36748130830935,0.8817923665046692,0.20561029016971588
H (PP-VAE),Normal,31.502563500820834,0.8640785813331604,0.25901973247528076
DnCNN,Normal,31.659056307088814,0.8624380826950073,0.2543048560619354
SCUNet,Normal,33.55412300509657,0.9054396152496338,0.16833102703094482
A (L2),Normal,34.29344564046279,0.918224573135376,0.18995586037635803
D (NLL+SSIM+FFL),Normal,32.95050714280428,0.8941179513931274,0.24213774502277374
H (PP-VAE),Normal,32.134986725557376,0.8779559135437012,0.27467018365859985
DnCNN,Normal,32.258771091964164,0.8735024929046631,0.27718088030815125
SCUNet,Normal,34.36514917001209,0.9188640117645264,0.18785133957862854
A (L2),Normal,35.48285431341785,0.9406733512878418,0.15323901176452637
D (NLL+SSIM+FFL),Normal,34.06337404241504,0.9197507500648499,0.21402394771575928
H (PP-VAE),Normal,33.145661549178556,0.9023863077163696,0.258343905210495
DnCNN,Normal,33.18977863160507,0.9016604423522949,0.26025253534317017
SCUNet,Normal,35.63108272993623,0.9432684183120728,0.1463630497455597
A (L2),Normal,34.21183765917162,0.9171382188796997,0.17896847426891327
D (NLL+SSIM+FFL),Normal,32.73807459853693,0.8932336568832397,0.23180103302001953
H (PP-VAE),Normal,31.771686615317467,0.8725312352180481,0.26807382702827454
DnCNN,Normal,31.905782114870235,0.8689953684806824,0.2585732340812683
SCUNet,Normal,34.31455337437353,0.9195326566696167,0.17814767360687256
A (L2),Normal,34.24604781031902,0.9118794202804565,0.21816813945770264
D (NLL+SSIM+FFL),Normal,33.17253057231769,0.8965128660202026,0.23787705600261688
H (PP-VAE),Normal,32.50315212272585,0.884678304195404,0.2504452168941498
DnCNN,Normal,32.40809504598772,0.8748557567596436,0.2381574511528015
SCUNet,Normal,34.368066908309835,0.913000226020813,0.21636147797107697
A (L2),Normal,31.953325905732886,0.8434358835220337,0.3104524314403534
D (NLL+SSIM+FFL),Normal,31.360995813516382,0.8263007998466492,0.3568234145641327
H (PP-VAE),Normal,30.87049049801813,0.8107276558876038,0.38761621713638306
DnCNN,Normal,31.02520022323847,0.8122909665107727,0.3701922297477722
SCUNet,Normal,32.09643317779415,0.8486121892929077,0.298267662525177
A (L2),Normal,33.23669917951081,0.89970463514328,0.21180252730846405
D (NLL+SSIM+FFL),Normal,32.167140589705426,0.8775736093521118,0.25088271498680115
H (PP-VAE),Normal,31.47026590474127,0.8629232048988342,0.27623432874679565
DnCNN,Normal,31.570725961867442,0.8577398657798767,0.2722156047821045
SCUNet,Normal,33.39507749440325,0.9029608964920044,0.20995086431503296
A (L2),Normal,34.12253428224076,0.9244468212127686,0.16513925790786743
D (NLL+SSIM+FFL),Normal,32.83007903860029,0.9033411145210266,0.21672335267066956
H (PP-VAE),Normal,31.876610167258992,0.8845208287239075,0.2746840715408325
DnCNN,Normal,32.06190499095762,0.8825641870498657,0.26745644211769104
SCUNet,Normal,34.198655817541194,0.9268803596496582,0.16485008597373962
A (L2),Normal,32.25945069032449,0.8900829553604126,0.18835905194282532
D (NLL+SSIM+FFL),Normal,31.08970439535686,0.8664877414703369,0.22977380454540253
H (PP-VAE),Normal,30.29460887403687,0.8491302728652954,0.2745022773742676
DnCNN,Normal,30.563785633995344,0.8488338589668274,0.2617662250995636
SCUNet,Normal,32.30581879927972,0.8920937180519104,0.18604430556297302
A (L2),Normal,32.27975022765251,0.8894436359405518,0.217064768075943
D (NLL+SSIM+FFL),Normal,31.26151368456608,0.8628437519073486,0.24584002792835236
H (PP-VAE),Normal,30.75310243729237,0.84962397813797,0.26322993636131287
DnCNN,Normal,30.717674821549643,0.8418949246406555,0.25139176845550537
SCUNet,Normal,32.39471788822748,0.8931563496589661,0.21008996665477753
A (L2),Normal,34.27228449978347,0.9225264191627502,0.19936782121658325
D (NLL+SSIM+FFL),Normal,33.16885727615918,0.903217077255249,0.2501661777496338
H (PP-VAE),Normal,32.24803115409612,0.8888863325119019,0.28159621357917786
DnCNN,Normal,32.478215999105295,0.8841691613197327,0.27614322304725647
SCUNet,Normal,34.37330689772776,0.9232669472694397,0.18628811836242676
A (L2),Normal,33.44065152872442,0.9072882533073425,0.23489882051944733
D (NLL+SSIM+FFL),Normal,32.39302456882953,0.8829545974731445,0.2899448573589325
H (PP-VAE),Normal,31.726821948061747,0.867114245891571,0.31984809041023254
DnCNN,Normal,31.79529139106853,0.8646216988563538,0.3285014033317566
SCUNet,Normal,33.530630004369584,0.9070931077003479,0.22339653968811035
A (L2),Normal,32.251004944449534,0.8595981597900391,0.23365914821624756
D (NLL+SSIM+FFL),Normal,31.43852145750278,0.8397194743156433,0.27047741413116455
H (PP-VAE),Normal,30.958991459315595,0.8249209523200989,0.31871625781059265
DnCNN,Normal,31.039877534110687,0.8220089077949524,0.319105863571167
SCUNet,Normal,32.40216140330971,0.8635162711143494,0.2178526520729065
A (L2),Normal,33.555322807460286,0.9144873023033142,0.18286897242069244
D (NLL+SSIM+FFL),Normal,32.3555584200201,0.8906736373901367,0.22879432141780853
H (PP-VAE),Normal,31.571615260456856,0.8685824275016785,0.2807210087776184
DnCNN,Normal,31.738170891953814,0.8684273362159729,0.2696547508239746
SCUNet,Normal,33.6875381512387,0.9170824289321899,0.1781303435564041
A (L2),Normal,32.396936872669755,0.887643039226532,0.2061663269996643
D (NLL+SSIM+FFL),Normal,31.323230770624125,0.86091148853302,0.2525765299797058
H (PP-VAE),Normal,30.64036546341418,0.845514714717865,0.29226043820381165
DnCNN,Normal,30.80975010203538,0.8425129652023315,0.27643102407455444
SCUNet,Normal,32.417363795068546,0.8875081539154053,0.20364031195640564
A (L2),Normal,31.80701176319015,0.8650394082069397,0.23647429049015045
D (NLL+SSIM+FFL),Normal,30.828730133748778,0.8376562595367432,0.27665504813194275
H (PP-VAE),Normal,30.38602591824935,0.8254129886627197,0.30181971192359924
DnCNN,Normal,30.571331149317512,0.8245960474014282,0.3014187216758728
SCUNet,Normal,31.86288357038908,0.8683818578720093,0.23397603631019592
A (L2),Normal,32.226292953495445,0.8923543691635132,0.18061098456382751
D (NLL+SSIM+FFL),Normal,30.83186164927962,0.8608905673027039,0.23379965126514435
H (PP-VAE),Normal,29.965596350303656,0.8389195203781128,0.28261685371398926
DnCNN,Normal,30.31051139314071,0.8411759734153748,0.2736648917198181
SCUNet,Normal,32.36903253051689,0.8956703543663025,0.1755971610546112
A (L2),Normal,33.790417503055224,0.9102091193199158,0.18168164789676666
D (NLL+SSIM+FFL),Normal,32.4422394138653,0.883228600025177,0.22765454649925232
H (PP-VAE),Normal,31.61007710699613,0.8618984222412109,0.27732691168785095
DnCNN,Normal,31.675541801925363,0.8597317934036255,0.270973265171051
SCUNet,Normal,33.97442776844119,0.9137877225875854,0.17461884021759033
A (L2),Normal,35.08116028352002,0.938161313533783,0.14250200986862183
D (NLL+SSIM+FFL),Normal,33.46992809852579,0.9181091785430908,0.188400000333786
H (PP-VAE),Normal,32.23089563072351,0.8967735171318054,0.2459908127784729
DnCNN,Normal,32.84646185810929,0.8953197002410889,0.25989437103271484
SCUNet,Normal,35.345215655030024,0.9407047033309937,0.1360379159450531
A (L2),Normal,34.9426063588978,0.9295424222946167,0.2349090278148651
D (NLL+SSIM+FFL),Normal,33.45763599263217,0.9104151725769043,0.3005402386188507
H (PP-VAE),Normal,32.816134404945124,0.900957465171814,0.3145221471786499
DnCNN,Normal,32.89404557809638,0.8935182094573975,0.3104746341705322
SCUNet,Normal,35.0261354664858,0.930866003036499,0.22189784049987793
A (L2),Normal,33.063173369226774,0.9091262221336365,0.1746910810470581
D (NLL+SSIM+FFL),Normal,31.894460726871692,0.8836513161659241,0.22041139006614685
H (PP-VAE),Normal,31.050273483993536,0.8650562763214111,0.2684776186943054
DnCNN,Normal,31.327016310642108,0.8645729422569275,0.24886152148246765
SCUNet,Normal,33.079171302435476,0.909695029258728,0.17450472712516785
A (L2),Normal,31.65705402002828,0.8732419013977051,0.20586130023002625
D (NLL+SSIM+FFL),Normal,30.60419680167033,0.8490036725997925,0.24683426320552826
H (PP-VAE),Normal,30.02673485529737,0.833313524723053,0.2923845052719116
DnCNN,Normal,30.357339338887257,0.8289146423339844,0.27065104246139526
SCUNet,Normal,31.828137175657826,0.8766022324562073,0.19835256040096283
A (L2),Normal,33.60800604369287,0.9148263335227966,0.1853504776954651
D (NLL+SSIM+FFL),Normal,32.25939199740948,0.8875595331192017,0.2514999210834503
H (PP-VAE),Normal,31.48311658132976,0.8718453049659729,0.2856091856956482
DnCNN,Normal,31.74737056123961,0.8700735569000244,0.27815961837768555
SCUNet,Normal,33.666103140617196,0.9164502620697021,0.17727228999137878
A (L2),Normal,34.209974889335506,0.9103471636772156,0.20534026622772217
D (NLL+SSIM+FFL),Normal,32.82243968231867,0.8834132552146912,0.2720346748828888
H (PP-VAE),Normal,32.0763860158553,0.8651989698410034,0.32486218214035034
DnCNN,Normal,32.25220131512421,0.8623292446136475,0.3129005432128906
SCUNet,Normal,34.311469420095676,0.9127697944641113,0.20064987242221832
A (L2),Normal,31.656678624542508,0.872047483921051,0.20727871358394623
D (NLL+SSIM+FFL),Normal,30.600131639471876,0.8454002141952515,0.258908212184906
H (PP-VAE),Normal,29.90261982793351,0.8281267285346985,0.2959228754043579
DnCNN,Normal,30.24416285094699,0.8286250829696655,0.27094367146492004
SCUNet,Normal,31.599667347606793,0.8719061017036438,0.20755691826343536
A (L2),Normal,33.2996906186859,0.9035727381706238,0.18987488746643066
D (NLL+SSIM+FFL),Normal,32.179738187003366,0.8824007511138916,0.22225938737392426
H (PP-VAE),Normal,31.567602156212807,0.8690201044082642,0.24266481399536133
DnCNN,Normal,31.69867996034789,0.8643708229064941,0.2282143384218216
SCUNet,Normal,33.39249706197988,0.9064119458198547,0.1865214705467224
A (L2),Normal,33.14353371588527,0.8977310061454773,0.1974067986011505
D (NLL+SSIM+FFL),Normal,32.17687871487706,0.8736018538475037,0.2299194037914276
H (PP-VAE),Normal,31.549638779730714,0.8576980233192444,0.26515620946884155
DnCNN,Normal,31.67389612009501,0.8549018502235413,0.2641637921333313
SCUNet,Normal,33.258160013458074,0.9018074870109558,0.19482162594795227
A (L2),Normal,32.776649797485135,0.8910766243934631,0.21436847746372223
D (NLL+SSIM+FFL),Normal,31.694505192148384,0.8685730695724487,0.245770663022995
H (PP-VAE),Normal,30.902728955014737,0.8490471839904785,0.2884722054004669
DnCNN,Normal,31.149251598608814,0.8501975536346436,0.2629351317882538
SCUNet,Normal,32.86585808375663,0.8919273614883423,0.21278062462806702
A (L2),Normal,35.19702693153165,0.9070862531661987,0.22996282577514648
D (NLL+SSIM+FFL),Normal,34.14595915226466,0.8880578279495239,0.2807708978652954
H (PP-VAE),Normal,33.65910838368494,0.8777474164962769,0.3156978189945221
DnCNN,Normal,33.653042228825186,0.8753907084465027,0.30847567319869995
SCUNet,Normal,35.326422274504694,0.9085756540298462,0.21957507729530334
A (L2),Normal,32.20366693645555,0.8982335925102234,0.1780465543270111
D (NLL+SSIM+FFL),Normal,31.15929594399631,0.875613272190094,0.2075764536857605
H (PP-VAE),Normal,30.349394053092652,0.856623113155365,0.24728521704673767
DnCNN,Normal,30.647041471684492,0.8549853563308716,0.23050805926322937
SCUNet,Normal,32.34830107343083,0.9012978076934814,0.17660698294639587
A (L2),Normal,32.9269743451887,0.8942373991012573,0.20473860204219818
D (NLL+SSIM+FFL),Normal,31.658181141864652,0.8739359378814697,0.23855650424957275
H (PP-VAE),Normal,31.04511339838926,0.8618624210357666,0.2698270082473755
DnCNN,Normal,31.55610010655598,0.8629348874092102,0.2478587031364441
SCUNet,Normal,32.9645880134188,0.8959750533103943,0.1973257064819336
A (L2),Normal,33.167297773275585,0.9030308127403259,0.19173574447631836
D (NLL+SSIM+FFL),Normal,31.84727621465335,0.8773582577705383,0.2311123162508011
H (PP-VAE),Normal,31.214848621957437,0.863292396068573,0.2641744017601013
DnCNN,Normal,31.567883242999702,0.8647708892822266,0.24400341510772705
SCUNet,Normal,33.352214483138255,0.9075265526771545,0.18327584862709045
A (L2),Normal,33.02871880192651,0.8950458765029907,0.21950173377990723
D (NLL+SSIM+FFL),Normal,31.786758316576808,0.8677398562431335,0.26228436827659607
H (PP-VAE),Normal,30.920556083912206,0.8431101441383362,0.31131112575531006
DnCNN,Normal,31.07701038663935,0.843122661113739,0.2912192940711975
SCUNet,Normal,33.108107831307166,0.8977451920509338,0.21594476699829102
A (L2),Normal,33.84709176695903,0.904141366481781,0.20528921484947205
D (NLL+SSIM+FFL),Normal,32.76843662980252,0.8843154311180115,0.24355927109718323
H (PP-VAE),Normal,32.09491529829506,0.872295081615448,0.27362892031669617
DnCNN,Normal,32.34504997760983,0.870081901550293,0.2665966749191284
SCUNet,Normal,34.00210429051461,0.9071358442306519,0.20495577156543732
A (L2),Normal,33.347581692156076,0.8960924744606018,0.22089415788650513
D (NLL+SSIM+FFL),Normal,32.36106164527991,0.8739488124847412,0.263785183429718
H (PP-VAE),Normal,31.698371964922103,0.8610885143280029,0.2835710346698761
DnCNN,Normal,31.780947727301804,0.8532965779304504,0.2877539396286011
SCUNet,Normal,33.40403045407016,0.8976367712020874,0.2181290090084076
A (L2),Normal,33.25487811813816,0.9122400879859924,0.16139674186706543
D (NLL+SSIM+FFL),Normal,32.107840787057505,0.8914806842803955,0.20065373182296753
H (PP-VAE),Normal,31.363551565509642,0.8744130730628967,0.24162836372852325
DnCNN,Normal,31.493617248799065,0.8722776770591736,0.23935739696025848
SCUNet,Normal,33.37826832827047,0.914318323135376,0.16056516766548157
A (L2),Normal,33.80147410795828,0.9033653736114502,0.2038021683692932
D (NLL+SSIM+FFL),Normal,32.376067297433345,0.8744346499443054,0.2541607618331909
H (PP-VAE),Normal,31.78560343244081,0.8588269352912903,0.30943721532821655
DnCNN,Normal,32.038030857899685,0.8621910214424133,0.2748037576675415
SCUNet,Normal,33.83989904933598,0.9055666327476501,0.1945149004459381
A (L2),Normal,34.40052464438801,0.9123621582984924,0.19415444135665894
D (NLL+SSIM+FFL),Normal,33.32902606625521,0.8929229378700256,0.22811751067638397
H (PP-VAE),Normal,32.52156528035863,0.8749127984046936,0.27128875255584717
DnCNN,Normal,32.71761053638269,0.8752062320709229,0.2550872564315796
SCUNet,Normal,34.468623389319596,0.9131171107292175,0.18933585286140442
A (L2),Normal,35.02041877246142,0.9355984926223755,0.19804364442825317
D (NLL+SSIM+FFL),Normal,33.88326171480456,0.9175174832344055,0.2560608685016632
H (PP-VAE),Normal,33.119509604080164,0.9063876867294312,0.2955728769302368
DnCNN,Normal,33.17240540249391,0.9024356007575989,0.29616230726242065
SCUNet,Normal,35.06289250231945,0.9374036192893982,0.19410227239131927
A (L2),Normal,32.81164713500895,0.8758033514022827,0.23183050751686096
D (NLL+SSIM+FFL),Normal,31.722823022243386,0.8511801958084106,0.26833376288414
H (PP-VAE),Normal,31.156584056063203,0.8381542563438416,0.2978895902633667
DnCNN,Normal,31.373134140639507,0.8378534317016602,0.276162326335907
SCUNet,Normal,32.915279582725624,0.8787268996238708,0.22786958515644073
A (L2),Normal,33.03337925432515,0.8994633555412292,0.20151621103286743
D (NLL+SSIM+FFL),Normal,31.83597880925957,0.8751034736633301,0.24621781706809998
H (PP-VAE),Normal,30.98609520500124,0.8556420803070068,0.28892627358436584
DnCNN,Normal,31.24230412748706,0.8552305698394775,0.27970245480537415
SCUNet,Normal,33.10840310592341,0.9032619595527649,0.1937127709388733
A (L2),Normal,33.61223502589668,0.9088560342788696,0.19131289422512054
D (NLL+SSIM+FFL),Normal,32.423239201094695,0.8850114941596985,0.241461843252182
H (PP-VAE),Normal,31.416963150460532,0.8613256812095642,0.2933295667171478
DnCNN,Normal,31.73491190140346,0.8602333068847656,0.27808645367622375
SCUNet,Normal,33.600632957279004,0.9086316823959351,0.19147518277168274
A (L2),Normal,34.14446347012575,0.9098836779594421,0.19566145539283752
D (NLL+SSIM+FFL),Normal,33.028101441133,0.8881560564041138,0.25224608182907104
H (PP-VAE),Normal,32.51073396953232,0.8761476278305054,0.28519129753112793
DnCNN,Normal,32.608683176149434,0.8751683831214905,0.2696564197540283
SCUNet,Normal,34.28211115906184,0.9125044941902161,0.18915395438671112
A (L2),Normal,34.18199967259402,0.9272639751434326,0.15349149703979492
D (NLL+SSIM+FFL),Normal,32.9673339816688,0.9035618901252747,0.2048959881067276
H (PP-VAE),Normal,32.08625805217535,0.8893317580223083,0.24554267525672913
DnCNN,Normal,32.364621046452015,0.8882188200950623,0.2472548633813858
SCUNet,Normal,34.36654319396769,0.9278371930122375,0.1523418426513672
A (L2),Normal,33.18516949952108,0.8844247460365295,0.24391508102416992
D (NLL+SSIM+FFL),Normal,32.27038778620917,0.867425262928009,0.27987176179885864
H (PP-VAE),Normal,31.705531026688067,0.8548349738121033,0.30027735233306885
DnCNN,Normal,31.740070175123634,0.8491040468215942,0.2834584414958954
SCUNet,Normal,33.343202744901006,0.8878828883171082,0.23548375070095062
A (L2),Normal,33.152029372383936,0.9085935950279236,0.17444682121276855
D (NLL+SSIM+FFL),Normal,31.95001037594755,0.8826566338539124,0.2220945507287979
H (PP-VAE),Normal,30.973610189892604,0.8617807030677795,0.276694118976593
DnCNN,Normal,31.231747265162145,0.8590285778045654,0.25765734910964966
SCUNet,Normal,33.232404756947375,0.9100522994995117,0.1709071397781372
A (L2),Normal,34.01997562460676,0.9121473431587219,0.19366544485092163
D (NLL+SSIM+FFL),Normal,32.64361456234066,0.8881992101669312,0.24200251698493958
H (PP-VAE),Normal,31.689340671090463,0.8694810271263123,0.2908472418785095
DnCNN,Normal,31.89313807242971,0.8661860227584839,0.27321764826774597
SCUNet,Normal,34.18299402305428,0.915514349937439,0.1913299262523651
A (L2),Normal,31.990809075478165,0.8952109217643738,0.18443740904331207
D (NLL+SSIM+FFL),Normal,30.76503002258139,0.8656938076019287,0.2279544174671173
H (PP-VAE),Normal,29.88824743804214,0.8433302640914917,0.28407520055770874
DnCNN,Normal,30.109009007979495,0.8403639197349548,0.26876193284988403
SCUNet,Normal,32.161927447411934,0.8990591764450073,0.1795203685760498
A (L2),Normal,31.73753157049172,0.8604235053062439,0.2349577248096466
D (NLL+SSIM+FFL),Normal,30.98021457536168,0.8401196002960205,0.26771003007888794
H (PP-VAE),Normal,30.393870274481948,0.8218053579330444,0.3101138472557068
DnCNN,Normal,30.634041947035154,0.8232606053352356,0.29257386922836304
SCUNet,Normal,31.831463438184585,0.8634780645370483,0.2296290397644043
A (L2),Normal,31.884370187700775,0.8735934495925903,0.2238355278968811
D (NLL+SSIM+FFL),Normal,30.85461876051721,0.8523035049438477,0.2602080702781677
H (PP-VAE),Normal,30.33107152657117,0.8368871212005615,0.2972729206085205
DnCNN,Normal,30.489794373858146,0.832971453666687,0.2799217104911804
SCUNet,Normal,31.954782797319346,0.8750596642494202,0.2240886688232422
A (L2),Normal,31.38645289804094,0.8561192750930786,0.23749428987503052
D (NLL+SSIM+FFL),Normal,30.629233096420975,0.8368979692459106,0.26529380679130554
H (PP-VAE),Normal,30.251753817704504,0.8232573866844177,0.29418647289276123
DnCNN,Normal,30.29551201769128,0.8212610483169556,0.2804322838783264
SCUNet,Normal,31.4454840921656,0.8583067059516907,0.23555758595466614
A (L2),Normal,32.93886530008532,0.8857614398002625,0.23031166195869446
D (NLL+SSIM+FFL),Normal,31.86576339819267,0.8639789819717407,0.2744479775428772
H (PP-VAE),Normal,31.171581190526638,0.8502495884895325,0.30440542101860046
DnCNN,Normal,31.368904212684008,0.8488714694976807,0.2877245545387268
SCUNet,Normal,33.11237186901389,0.8894737362861633,0.2204783409833908
A (L2),Normal,35.135819675392405,0.9356246590614319,0.19204188883304596
D (NLL+SSIM+FFL),Normal,33.46011047352677,0.9133386611938477,0.2491854578256607
H (PP-VAE),Normal,32.95126519072841,0.9046337008476257,0.2754119634628296
DnCNN,Normal,33.13039274692279,0.9000758528709412,0.26333683729171753
SCUNet,Normal,35.237867775841366,0.9360989928245544,0.17910191416740417
A (L2),Normal,34.608528721080035,0.9025572538375854,0.22247552871704102
D (NLL+SSIM+FFL),Normal,33.71448861081515,0.8853187561035156,0.26516714692115784
H (PP-VAE),Normal,33.271422786809886,0.8760484457015991,0.2983818054199219
DnCNN,Normal,33.17074835761924,0.8694815039634705,0.2955678105354309
SCUNet,Normal,34.69251749265011,0.9039449095726013,0.21761727333068848
A (L2),Normal,34.367356466124306,0.9146562814712524,0.19736997783184052
D (NLL+SSIM+FFL),Normal,33.13992209791922,0.8921095728874207,0.24892602860927582
H (PP-VAE),Normal,32.21288480681823,0.8754876852035522,0.28695839643478394
DnCNN,Normal,32.29053300775038,0.8732888698577881,0.2751167416572571
SCUNet,Normal,34.4646050951078,0.9161902666091919,0.19434207677841187
A (L2),Normal,34.71718197178351,0.9271763563156128,0.17895802855491638
D (NLL+SSIM+FFL),Normal,33.51894065236354,0.9018300771713257,0.23474764823913574
H (PP-VAE),Normal,32.77375506023846,0.8820826411247253,0.2790176570415497
DnCNN,Normal,32.85058417225689,0.8745253682136536,0.2733709514141083
SCUNet,Normal,34.87103732484457,0.928877592086792,0.16847819089889526
A (L2),Normal,33.802099874573585,0.9140046238899231,0.26822447776794434
D (NLL+SSIM+FFL),Normal,32.95311448500372,0.8978692889213562,0.3189963102340698
H (PP-VAE),Normal,32.21099802777239,0.8842872977256775,0.3515188694000244
DnCNN,Normal,32.31563715134632,0.8802578449249268,0.3668588697910309
SCUNet,Normal,33.88441130828272,0.9135726690292358,0.2591412365436554
A (L2),Normal,32.599419659022736,0.8906009197235107,0.20156018435955048
D (NLL+SSIM+FFL),Normal,31.523541630291312,0.8662881851196289,0.26496297121047974
H (PP-VAE),Normal,30.96340571211804,0.8486759066581726,0.30954742431640625
DnCNN,Normal,31.155321594391157,0.8499394655227661,0.2915802597999573
SCUNet,Normal,32.91436953380947,0.8949914574623108,0.19183459877967834
A (L2),Normal,32.20840331036403,0.8794255256652832,0.2299618422985077
D (NLL+SSIM+FFL),Normal,31.377013779744992,0.8603249192237854,0.26417624950408936
H (PP-VAE),Normal,30.80490194721993,0.8464169502258301,0.3036893606185913
DnCNN,Normal,31.109146968229876,0.8482596278190613,0.275012344121933
SCUNet,Normal,32.327551890768255,0.8830731511116028,0.22073853015899658
A (L2),Normal,33.327768594936806,0.9128236174583435,0.15434689819812775
D (NLL+SSIM+FFL),Normal,32.03059155393239,0.8874736428260803,0.1974530667066574
H (PP-VAE),Normal,30.999990185818078,0.8670418858528137,0.2488919198513031
DnCNN,Normal,31.26482226788525,0.8652763366699219,0.24654319882392883
SCUNet,Normal,33.37721740233148,0.9134187698364258,0.15429234504699707
A (L2),Normal,34.475861591949304,0.9141660332679749,0.2373635619878769
D (NLL+SSIM+FFL),Normal,33.16757324734843,0.8952116370201111,0.2694031000137329
H (PP-VAE),Normal,32.449553382757806,0.8825979828834534,0.29067981243133545
DnCNN,Normal,32.44639524201027,0.8754585385322571,0.25752151012420654
SCUNet,Normal,34.70403780773023,0.9161844253540039,0.23543953895568848
A (L2),Normal,33.299154012174235,0.9074381589889526,0.17901398241519928
D (NLL+SSIM+FFL),Normal,32.20711850900643,0.8862018585205078,0.2188960611820221
H (PP-VAE),Normal,31.30467533700955,0.8659830093383789,0.2683028280735016
DnCNN,Normal,31.545559318678396,0.8652939796447754,0.2571084499359131
SCUNet,Normal,33.37758987421158,0.9088752865791321,0.17303912341594696
A (L2),Normal,34.166127547256615,0.9007801413536072,0.23873326182365417
D (NLL+SSIM+FFL),Normal,33.47491501707609,0.8854365944862366,0.2764267921447754
H (PP-VAE),Normal,33.05161081625908,0.8736402988433838,0.31725919246673584
DnCNN,Normal,32.99944173442376,0.8702841401100159,0.30578774213790894
SCUNet,Normal,34.24974538364179,0.9019296765327454,0.23125319182872772
A (L2),Normal,34.085296870849376,0.9132652282714844,0.19150260090827942
D (NLL+SSIM+FFL),Normal,32.73193511194998,0.8870735764503479,0.2394043207168579
H (PP-VAE),Normal,31.95302665926118,0.868880033493042,0.28293925523757935
DnCNN,Normal,32.00121599634934,0.8674349188804626,0.27480027079582214
SCUNet,Normal,34.27428275199689,0.915645956993103,0.18959510326385498
A (L2),Normal,32.332900328618344,0.8789644837379456,0.2095925658941269
D (NLL+SSIM+FFL),Normal,31.16212613911192,0.8602074384689331,0.2556811571121216
H (PP-VAE),Normal,30.59589745285175,0.845209002494812,0.29368680715560913
DnCNN,Normal,30.85829478229072,0.8414689302444458,0.2798629403114319
SCUNet,Normal,32.50063317421581,0.8837506175041199,0.19710391759872437
A (L2),Normal,32.82103771824588,0.8991059064865112,0.20012161135673523
D (NLL+SSIM+FFL),Normal,31.669251651209514,0.874169647693634,0.2367020845413208
H (PP-VAE),Normal,30.81009310273776,0.8528082966804504,0.2748558521270752
DnCNN,Normal,31.060388768239683,0.8525820970535278,0.2509002685546875
SCUNet,Normal,32.827056387506666,0.9005572199821472,0.19676300883293152
A (L2),Normal,33.149377653387695,0.9023764729499817,0.18771576881408691
D (NLL+SSIM+FFL),Normal,31.97381677708413,0.8780156970024109,0.23133239150047302
H (PP-VAE),Normal,31.22092165491273,0.861321747303009,0.2749257981777191
DnCNN,Normal,31.485422088052644,0.8606146574020386,0.2721290588378906
SCUNet,Normal,33.161304838372516,0.9031319618225098,0.18275955319404602
A (L2),Normal,35.4198877158734,0.9323546290397644,0.2083963006734848
D (NLL+SSIM+FFL),Normal,34.41550699248667,0.9202070236206055,0.25327417254447937
H (PP-VAE),Normal,33.622171954906705,0.905196487903595,0.29198190569877625
DnCNN,Normal,33.65639412451246,0.8997657299041748,0.2750278115272522
SCUNet,Normal,35.54934651944697,0.9353584051132202,0.2048390954732895
A (L2),Normal,33.7979759655168,0.9150058031082153,0.17672516405582428
D (NLL+SSIM+FFL),Normal,32.511442446638156,0.8924221396446228,0.21814903616905212
H (PP-VAE),Normal,31.513965285542728,0.8713799118995667,0.26085489988327026
DnCNN,Normal,31.90433215994421,0.87043696641922,0.2443685531616211
SCUNet,Normal,33.90919881516722,0.9160805344581604,0.1729413866996765
A (L2),Normal,34.165382757122124,0.9134958386421204,0.18354174494743347
D (NLL+SSIM+FFL),Normal,32.882290288181835,0.8906512260437012,0.2243335247039795
H (PP-VAE),Normal,31.8256470361737,0.8683556914329529,0.26773014664649963
DnCNN,Normal,31.99119050369029,0.8665529489517212,0.2691704034805298
SCUNet,Normal,34.266696305588304,0.9167574048042297,0.1759178638458252
A (L2),Normal,32.45281342850716,0.9045515656471252,0.1917438805103302
D (NLL+SSIM+FFL),Normal,31.552915230602608,0.8863674402236938,0.23170463740825653
H (PP-VAE),Normal,31.009567542917903,0.870476484298706,0.2741687297821045
DnCNN,Normal,31.04466643880886,0.8619004487991333,0.27825427055358887
SCUNet,Normal,32.65153197600177,0.9080697298049927,0.18307586014270782
A (L2),Normal,34.06643435353132,0.9044225811958313,0.22412267327308655
D (NLL+SSIM+FFL),Normal,32.69574017758198,0.881129801273346,0.26343217492103577
H (PP-VAE),Normal,31.897805324406203,0.8622693419456482,0.29464030265808105
DnCNN,Normal,32.10986242314004,0.8607213497161865,0.2855421304702759
SCUNet,Normal,34.153489702551745,0.9066203236579895,0.22053837776184082
A (L2),Normal,33.42814741567992,0.9108285307884216,0.16557440161705017
D (NLL+SSIM+FFL),Normal,32.18431893416867,0.8870972990989685,0.21541360020637512
H (PP-VAE),Normal,31.516005880182114,0.8696104884147644,0.25270920991897583
DnCNN,Normal,31.7389197155132,0.8716138005256653,0.24471227824687958
SCUNet,Normal,33.43520585506208,0.9115116596221924,0.1624264419078827
A (L2),Normal,32.38714606910443,0.891110360622406,0.20583337545394897
D (NLL+SSIM+FFL),Normal,31.518403504787635,0.8720920085906982,0.2297225147485733
H (PP-VAE),Normal,30.881651060708673,0.8586605787277222,0.25022560358047485
DnCNN,Normal,31.11924411362866,0.8575685024261475,0.23979298770427704
SCUNet,Normal,32.43286126416178,0.891928493976593,0.19950801134109497
A (L2),Normal,34.81374066787457,0.9305930137634277,0.18360251188278198
D (NLL+SSIM+FFL),Normal,33.647638198886476,0.9138889312744141,0.2315770983695984
H (PP-VAE),Normal,32.95803114024887,0.9026167392730713,0.24661144614219666
DnCNN,Normal,32.978546043741474,0.8949298858642578,0.25749292969703674
SCUNet,Normal,34.9979401554953,0.9331374168395996,0.17604582011699677
A (L2),Normal,32.78980768875958,0.8834739327430725,0.21962393820285797
D (NLL+SSIM+FFL),Normal,31.657119550969178,0.8595083951950073,0.2709047794342041
H (PP-VAE),Normal,30.965111423914887,0.8428483605384827,0.3066476285457611
DnCNN,Normal,31.235708877857093,0.8437255620956421,0.30250608921051025
SCUNet,Normal,32.836434724772914,0.8851974010467529,0.21377679705619812
A (L2),Normal,34.238595680165496,0.9244739413261414,0.17947830259799957
D (NLL+SSIM+FFL),Normal,32.80686633318067,0.8999994397163391,0.2412579357624054
H (PP-VAE),Normal,31.850703111419083,0.88287353515625,0.28058063983917236
DnCNN,Normal,32.04300018048043,0.8726497888565063,0.2737831771373749
SCUNet,Normal,34.350892704242185,0.9254070520401001,0.1747005730867386
A (L2),Normal,32.061468944384956,0.874578058719635,0.22290877997875214
D (NLL+SSIM+FFL),Normal,31.374413670728167,0.8568888902664185,0.25476086139678955
H (PP-VAE),Normal,30.813977053493197,0.8362069725990295,0.29579678177833557
DnCNN,Normal,30.915819307411496,0.826091468334198,0.2809140086174011
SCUNet,Normal,32.072448038815,0.8754610419273376,0.2155350297689438
A (L2),Normal,33.74868932436009,0.9072463512420654,0.18738602101802826
D (NLL+SSIM+FFL),Normal,32.238976358921676,0.8780607581138611,0.2311420738697052
H (PP-VAE),Normal,31.129096600219263,0.8520767688751221,0.2864433526992798
DnCNN,Normal,31.476367916447458,0.8541767001152039,0.27233046293258667
SCUNet,Normal,33.841556060625514,0.9096512794494629,0.18259063363075256
A (L2),Normal,32.02104841193722,0.8738657236099243,0.22228044271469116
D (NLL+SSIM+FFL),Normal,31.05948948740181,0.8479651808738708,0.2569059729576111
H (PP-VAE),Normal,30.338714398767806,0.8267372846603394,0.2887275815010071
DnCNN,Normal,30.49831935218539,0.8277579545974731,0.2805382013320923
SCUNet,Normal,32.06890275792817,0.8761451840400696,0.21799209713935852
A (L2),Normal,33.03082132999459,0.9048388004302979,0.17140817642211914
D (NLL+SSIM+FFL),Normal,31.807423760802344,0.878617525100708,0.21376711130142212
H (PP-VAE),Normal,30.760191754453516,0.851284921169281,0.2664574384689331
DnCNN,Normal,30.976644750418032,0.8531302809715271,0.24944444000720978
SCUNet,Normal,33.15863358808846,0.9064874053001404,0.1719008982181549
A (L2),Normal,33.76103444530492,0.9128307104110718,0.19660067558288574
D (NLL+SSIM+FFL),Normal,32.538842449451295,0.886711597442627,0.24570831656455994
H (PP-VAE),Normal,31.759504557440195,0.8704766631126404,0.28235673904418945
DnCNN,Normal,31.94034647779653,0.8678028583526611,0.28500422835350037
SCUNet,Normal,33.80947511925426,0.9142528176307678,0.19392459094524384
A (L2),Normal,34.22200514160235,0.9083805680274963,0.19759300351142883
D (NLL+SSIM+FFL),Normal,32.92488083324748,0.8845683932304382,0.24561166763305664
H (PP-VAE),Normal,31.833895988228544,0.8620390892028809,0.29390573501586914
DnCNN,Normal,32.19057952159703,0.8628318309783936,0.2854185104370117
SCUNet,Normal,34.372432665761465,0.9114054441452026,0.19408415257930756
A (L2),Normal,32.31020147803072,0.8860993981361389,0.21460583806037903
D (NLL+SSIM+FFL),Normal,31.32562065829734,0.8624961376190186,0.24851521849632263
H (PP-VAE),Normal,30.672697094658233,0.8456012010574341,0.29349344968795776
DnCNN,Normal,30.860237966280224,0.8447479009628296,0.271918922662735
SCUNet,Normal,32.38762921549028,0.8882783651351929,0.21224026381969452
A (L2),Normal,33.93485510548417,0.9153869152069092,0.1659902036190033
D (NLL+SSIM+FFL),Normal,32.7375774413269,0.8917973041534424,0.19849345088005066
H (PP-VAE),Normal,31.8058541632943,0.8714191913604736,0.2508202791213989
DnCNN,Normal,31.978100778193188,0.8685649037361145,0.2535287141799927
SCUNet,Normal,33.96417120730052,0.9177209138870239,0.16152313351631165
A (L2),Normal,34.228889304024015,0.9152754545211792,0.19646161794662476
D (NLL+SSIM+FFL),Normal,32.78051884470137,0.8890471458435059,0.243165522813797
H (PP-VAE),Normal,32.11074679962434,0.8734771609306335,0.269544780254364
DnCNN,Normal,32.14719781583725,0.8713862299919128,0.2485983669757843
SCUNet,Normal,34.29647466714786,0.9160107970237732,0.1968686729669571
A (L2),Normal,33.010094993143554,0.9022825360298157,0.17422738671302795
D (NLL+SSIM+FFL),Normal,31.661878554931754,0.8739510774612427,0.21653397381305695
H (PP-VAE),Normal,30.804488468240105,0.8553648591041565,0.2659391164779663
DnCNN,Normal,31.06749857405734,0.8529211282730103,0.2573115825653076
SCUNet,Normal,33.03891947252024,0.9033495187759399,0.17208978533744812
A (L2),Normal,33.37671403836337,0.9059774279594421,0.18386363983154297
D (NLL+SSIM+FFL),Normal,32.20765432205385,0.8850508332252502,0.2136419415473938
H (PP-VAE),Normal,31.535261481082326,0.8702895641326904,0.24378949403762817
DnCNN,Normal,31.851008552216612,0.8713006377220154,0.2334611415863037
SCUNet,Normal,33.46686276062976,0.9077444672584534,0.1786009669303894
A (L2),Normal,34.238222704781776,0.9180310964584351,0.16340219974517822
D (NLL+SSIM+FFL),Normal,32.82428093163545,0.8929237127304077,0.21858009696006775
H (PP-VAE),Normal,31.745712176808738,0.8708069920539856,0.27484726905822754
DnCNN,Normal,31.99786291684073,0.8677792549133301,0.28167855739593506
SCUNet,Normal,34.31996462634706,0.919574499130249,0.16384844481945038
A (L2),Normal,33.380722487656755,0.90407794713974,0.18112361431121826
D (NLL+SSIM+FFL),Normal,32.15833914359063,0.8813074231147766,0.23551738262176514
H (PP-VAE),Normal,31.36748222138193,0.8646094799041748,0.27914464473724365
DnCNN,Normal,31.581791626850343,0.8642536997795105,0.2673031985759735
SCUNet,Normal,33.54281954132857,0.9072263240814209,0.17331856489181519
A (L2),Normal,32.0282277957954,0.8603441119194031,0.24873223900794983
D (NLL+SSIM+FFL),Normal,31.17055035436968,0.8375943303108215,0.28698793053627014
H (PP-VAE),Normal,30.638482463598802,0.8196057677268982,0.32368287444114685
DnCNN,Normal,30.754865861638017,0.8204745054244995,0.30826765298843384
SCUNet,Normal,32.10571540734009,0.861738920211792,0.24573877453804016
A (L2),Normal,32.63910515305389,0.8730770349502563,0.2201482653617859
D (NLL+SSIM+FFL),Normal,31.769716843875013,0.8536591529846191,0.26398777961730957
H (PP-VAE),Normal,31.265948132825166,0.8383433818817139,0.3043810725212097
DnCNN,Normal,31.415899018871258,0.8376070857048035,0.28798648715019226
SCUNet,Normal,32.8212051942935,0.8788548707962036,0.21344906091690063
A (L2),Normal,33.63792622238628,0.8969024419784546,0.19952858984470367
D (NLL+SSIM+FFL),Normal,32.2819283275835,0.8711239695549011,0.24897471070289612
H (PP-VAE),Normal,31.865374960490364,0.8600627183914185,0.27275049686431885
DnCNN,Normal,32.02797253848702,0.8595908284187317,0.25278523564338684
SCUNet,Normal,33.846647964186246,0.9012322425842285,0.19252316653728485
A (L2),Normal,34.30579518203423,0.9073318243026733,0.20015433430671692
D (NLL+SSIM+FFL),Normal,33.28866918555252,0.884937047958374,0.23895025253295898
H (PP-VAE),Normal,32.39395318064104,0.8626900315284729,0.2773996591567993
DnCNN,Normal,32.5686093673139,0.8648785352706909,0.27164003252983093
SCUNet,Normal,34.46481145160031,0.9101808667182922,0.1943545639514923
A (L2),Normal,32.105600462816774,0.8846254944801331,0.20854198932647705
D (NLL+SSIM+FFL),Normal,30.646309486053177,0.8605373501777649,0.24830202758312225
H (PP-VAE),Normal,30.02840882476978,0.8439709544181824,0.289646714925766
DnCNN,Normal,30.543567198451697,0.8399311900138855,0.27101877331733704
SCUNet,Normal,32.35051036038661,0.8887739181518555,0.20486804842948914
A (L2),Normal,32.474166811010925,0.8760149478912354,0.21132387220859528
D (NLL+SSIM+FFL),Normal,31.194944776196913,0.8433961272239685,0.266929566860199
H (PP-VAE),Normal,30.622575925395537,0.8245720267295837,0.31546545028686523
DnCNN,Normal,30.807144059844816,0.8252418041229248,0.29318973422050476
SCUNet,Normal,32.67902078336446,0.8795497417449951,0.2003188282251358
A (L2),Normal,33.33835762727619,0.8936224579811096,0.2207743227481842
D (NLL+SSIM+FFL),Normal,32.00562861826547,0.8629925847053528,0.272635817527771
H (PP-VAE),Normal,31.25041513636007,0.8435195684432983,0.3121558427810669
DnCNN,Normal,31.349892241776924,0.8432044982910156,0.28283607959747314
SCUNet,Normal,33.419072161066566,0.8945433497428894,0.21407067775726318
A (L2),Normal,33.2063607151405,0.9001516103744507,0.19636797904968262
D (NLL+SSIM+FFL),Normal,32.026845633817814,0.877565860748291,0.22584718465805054
H (PP-VAE),Normal,31.178129102055337,0.8575446605682373,0.2646799683570862
DnCNN,Normal,31.349870165158414,0.8554754257202148,0.2403697669506073
SCUNet,Normal,33.20929913749476,0.8996015787124634,0.1946984827518463
A (L2),Normal,32.29948141892103,0.8943553566932678,0.17929840087890625
D (NLL+SSIM+FFL),Normal,31.309383404056582,0.8734597563743591,0.20842468738555908
H (PP-VAE),Normal,30.410005276540957,0.8499963283538818,0.2555113434791565
DnCNN,Normal,30.61122215609891,0.8498058915138245,0.24249836802482605
SCUNet,Normal,32.35257129027476,0.895667552947998,0.17517666518688202
A (L2),Normal,33.631219598736536,0.9028782248497009,0.1852487176656723
D (NLL+SSIM+FFL),Normal,32.36236711716656,0.8873790502548218,0.2207580804824829
H (PP-VAE),Normal,31.66447232692862,0.8723838925361633,0.25356370210647583
DnCNN,Normal,32.17385514974872,0.8713379502296448,0.26495927572250366
SCUNet,Normal,33.65290124259018,0.9017941355705261,0.18507078289985657
A (L2),Normal,33.59153690306694,0.9066489338874817,0.18775668740272522
D (NLL+SSIM+FFL),Normal,32.29971966046545,0.8818202018737793,0.2294168472290039
H (PP-VAE),Normal,31.24810265754597,0.8573240041732788,0.2799474596977234
DnCNN,Normal,31.47500119243905,0.8542843461036682,0.26837173104286194
SCUNet,Normal,33.59360138563074,0.9071710705757141,0.18532860279083252
A (L2),Normal,35.57086845228169,0.9401664733886719,0.16344228386878967
D (NLL+SSIM+FFL),Normal,33.93290669570463,0.9190335869789124,0.2291947305202484
H (PP-VAE),Normal,33.034338991594645,0.9042022228240967,0.27567240595817566
DnCNN,Normal,33.02768720874757,0.8974892497062683,0.2874401807785034
SCUNet,Normal,35.53701172922232,0.939787745475769,0.15780507028102875
A (L2),Normal,34.22405125926506,0.9361491203308105,0.1378593146800995
D (NLL+SSIM+FFL),Normal,32.655537569452164,0.9157904386520386,0.1798478662967682
H (PP-VAE),Normal,31.598455954371044,0.8967508673667908,0.2225314974784851
DnCNN,Normal,32.199924847610916,0.8964674472808838,0.22660169005393982
SCUNet,Normal,34.64642364374326,0.9414283037185669,0.128875270485878
A (L2),Normal,33.9324856088598,0.9125345945358276,0.16521351039409637
D (NLL+SSIM+FFL),Normal,32.67558650323265,0.8884868621826172,0.2183903157711029
H (PP-VAE),Normal,31.978947559744096,0.8716400265693665,0.2684633731842041
DnCNN,Normal,32.13660343427512,0.8730117082595825,0.25364845991134644
SCUNet,Normal,34.02200243077455,0.9146059155464172,0.16506874561309814
A (L2),Normal,34.18921992904738,0.9176459312438965,0.1709318459033966
D (NLL+SSIM+FFL),Normal,32.99147771431527,0.8992176055908203,0.21338485181331635
H (PP-VAE),Normal,32.122346651666916,0.8805598020553589,0.2599148154258728
DnCNN,Normal,32.28243368661984,0.878637433052063,0.25372618436813354
SCUNet,Normal,34.433348164442684,0.9222176671028137,0.16382348537445068
A (L2),Normal,34.43097244210974,0.9178140163421631,0.16416069865226746
D (NLL+SSIM+FFL),Normal,32.96090942636319,0.8908171653747559,0.2156791239976883
H (PP-VAE),Normal,31.999148558875046,0.8687784671783447,0.28069326281547546
DnCNN,Normal,32.104259120938316,0.8645823001861572,0.2608420252799988
SCUNet,Normal,34.559941625842384,0.9206416606903076,0.15758952498435974
A (L2),Normal,33.55762275816854,0.9031238555908203,0.2050190418958664
D (NLL+SSIM+FFL),Normal,32.387484660165974,0.8780170679092407,0.2485836148262024
H (PP-VAE),Normal,31.661072117119588,0.859733521938324,0.28469061851501465
DnCNN,Normal,31.777945035308864,0.8580207228660583,0.25576353073120117
SCUNet,Normal,33.71745332715883,0.9066048860549927,0.20046813786029816
A (L2),Normal,32.63442329651419,0.8919318914413452,0.21820136904716492
D (NLL+SSIM+FFL),Normal,31.442496977023936,0.8682277202606201,0.2505597174167633
H (PP-VAE),Normal,30.734509233117397,0.8496667146682739,0.294412225484848
DnCNN,Normal,30.90466939926931,0.8485490679740906,0.2713981866836548
SCUNet,Normal,32.75766996015029,0.8927437663078308,0.2144213169813156
A (L2),Normal,33.6193745130577,0.8944253325462341,0.24300014972686768
D (NLL+SSIM+FFL),Normal,32.8577025797742,0.8772440552711487,0.27892470359802246
H (PP-VAE),Normal,32.318044989165756,0.866131067276001,0.2908221185207367
DnCNN,Normal,32.35225930763187,0.8615560531616211,0.2807946801185608
SCUNet,Normal,33.68663445480259,0.8964042663574219,0.23273301124572754
A (L2),Normal,32.1110069688097,0.8594931960105896,0.2519807815551758
D (NLL+SSIM+FFL),Normal,31.208214438746175,0.8349080085754395,0.29268401861190796
H (PP-VAE),Normal,30.687408355478265,0.8164972066879272,0.34390926361083984
DnCNN,Normal,30.776091758976598,0.8162809610366821,0.3237696886062622
SCUNet,Normal,32.262565529780225,0.8638325929641724,0.23949980735778809
A (L2),Normal,32.61142471718647,0.8979616165161133,0.1998569369316101
D (NLL+SSIM+FFL),Normal,31.538224850736214,0.8745125532150269,0.23509065806865692
H (PP-VAE),Normal,30.70249055660511,0.855543851852417,0.2660512924194336
DnCNN,Normal,30.83186899716263,0.8503592610359192,0.26334160566329956
SCUNet,Normal,32.677035930844426,0.9002071022987366,0.19356298446655273
A (L2),Normal,33.72230193016789,0.9129767417907715,0.1695099025964737
D (NLL+SSIM+FFL),Normal,32.49500241969469,0.8901428580284119,0.20890134572982788
H (PP-VAE),Normal,31.636601959628827,0.8717584609985352,0.2576507329940796
DnCNN,Normal,31.895949243666365,0.8711361885070801,0.24733316898345947
SCUNet,Normal,33.67650666640694,0.9135938286781311,0.16788770258426666
A (L2),Normal,33.17894503904771,0.9088827967643738,0.17702385783195496
D (NLL+SSIM+FFL),Normal,32.00452875226655,0.8883785009384155,0.22477860748767853
H (PP-VAE),Normal,31.268864966029795,0.8726648092269897,0.2558426260948181
DnCNN,Normal,31.517670956010207,0.8717703223228455,0.2454860359430313
SCUNet,Normal,33.233330202319245,0.9095540642738342,0.1747901439666748
A (L2),Normal,33.29621844065065,0.9022761583328247,0.19176514446735382
D (NLL+SSIM+FFL),Normal,31.8562969728103,0.8750669360160828,0.23084303736686707
H (PP-VAE),Normal,30.941292207408058,0.8555790781974792,0.28893738985061646
DnCNN,Normal,31.31137521174214,0.8560631275177002,0.2749425172805786
SCUNet,Normal,33.24001640095829,0.9028030633926392,0.18702052533626556
A (L2),Normal,32.67136223456931,0.8934523463249207,0.19706566631793976
D (NLL+SSIM+FFL),Normal,31.68265212507841,0.8731404542922974,0.236223503947258
H (PP-VAE),Normal,30.700088851238917,0.8503497242927551,0.28839752078056335
DnCNN,Normal,31.026704949751164,0.8523273468017578,0.2824898362159729
SCUNet,Normal,32.7267694478913,0.8950173854827881,0.19222722947597504
A (L2),Normal,33.26146822874618,0.9009952545166016,0.18416497111320496
D (NLL+SSIM+FFL),Normal,31.942415362387177,0.8748167753219604,0.2432274967432022
H (PP-VAE),Normal,31.25307022467542,0.8558672070503235,0.2808114290237427
DnCNN,Normal,31.4189916071636,0.8551862239837646,0.2720178961753845
SCUNet,Normal,33.32656831198997,0.903741717338562,0.18027324974536896
A (L2),Normal,34.66364291116939,0.9235883355140686,0.18432223796844482
D (NLL+SSIM+FFL),Normal,33.28637450468146,0.9014289379119873,0.2588425874710083
H (PP-VAE),Normal,32.48846289405578,0.8843767642974854,0.30172672867774963
DnCNN,Normal,32.51134464107751,0.880361795425415,0.3014427423477173
SCUNet,Normal,34.86121133841472,0.9282143115997314,0.17421728372573853
A (L2),Normal,33.92717098369441,0.9124915599822998,0.17709991335868835
D (NLL+SSIM+FFL),Normal,32.820840240337034,0.8933771848678589,0.21004143357276917
H (PP-VAE),Normal,32.01069151228386,0.8755959868431091,0.254459947347641
DnCNN,Normal,32.039533025380436,0.8668619990348816,0.25416553020477295
SCUNet,Normal,33.96954646569162,0.914032518863678,0.17315813899040222
A (L2),Normal,33.159417601992864,0.9122980833053589,0.17290827631950378
D (NLL+SSIM+FFL),Normal,31.87983308807795,0.8855317234992981,0.21600158512592316
H (PP-VAE),Normal,30.970202871768194,0.8633599281311035,0.27682363986968994
DnCNN,Normal,31.214812508316918,0.8637755513191223,0.2607041299343109
SCUNet,Normal,33.28375634207656,0.9147456884384155,0.16959479451179504
A (L2),Normal,33.00927606079717,0.9074862003326416,0.1686505824327469
D (NLL+SSIM+FFL),Normal,31.739944888906738,0.8828315734863281,0.2085488885641098
H (PP-VAE),Normal,30.676279555702152,0.8589986562728882,0.2664448916912079
DnCNN,Normal,30.97165071858033,0.857306182384491,0.2557108998298645
SCUNet,Normal,33.09661497251327,0.9093760251998901,0.16801871359348297
A (L2),Normal,34.02470577904657,0.9148909449577332,0.17270436882972717
D (NLL+SSIM+FFL),Normal,32.67889711338734,0.8931398391723633,0.22156554460525513
H (PP-VAE),Normal,31.880715103992898,0.8775903582572937,0.2693544626235962
DnCNN,Normal,31.95846784143694,0.8761789798736572,0.25592565536499023
SCUNet,Normal,34.119284733614535,0.9165697693824768,0.1699291467666626
A (L2),Normal,32.29835992755469,0.8863092064857483,0.20545995235443115
D (NLL+SSIM+FFL),Normal,31.118406475252964,0.8596508502960205,0.24673369526863098
H (PP-VAE),Normal,30.180079402044445,0.8360437154769897,0.28604310750961304
DnCNN,Normal,30.551183826130952,0.837597668170929,0.2699841260910034
SCUNet,Normal,32.386211029099606,0.8881963491439819,0.2020772099494934
A (L2),Normal,32.573079505376064,0.884395182132721,0.19824570417404175
D (NLL+SSIM+FFL),Normal,31.51881626779765,0.8605098724365234,0.24874451756477356
H (PP-VAE),Normal,30.890465153237542,0.8409318923950195,0.2969844341278076
DnCNN,Normal,31.05988860700846,0.8420958518981934,0.2725396156311035
SCUNet,Normal,32.69662906083519,0.8872561454772949,0.19162651896476746
A (L2),Normal,33.58014297495251,0.8987866640090942,0.21245872974395752
D (NLL+SSIM+FFL),Normal,32.49735322116553,0.8771771788597107,0.2767805755138397
H (PP-VAE),Normal,31.969291531835967,0.8654189705848694,0.30593281984329224
DnCNN,Normal,31.905047865243205,0.8547735214233398,0.31060099601745605
SCUNet,Normal,33.57092746644141,0.9009225964546204,0.20111210644245148
A (L2),Normal,31.671429323196612,0.8614327907562256,0.23000429570674896
D (NLL+SSIM+FFL),Normal,30.929036899712415,0.8378194570541382,0.27318763732910156
H (PP-VAE),Normal,30.474556762639153,0.8241294622421265,0.30548185110092163
DnCNN,Normal,30.731603873648524,0.8274336457252502,0.2817966938018799
SCUNet,Normal,31.860631055922187,0.8657854795455933,0.2225801944732666
A (L2),Normal,34.7884734053775,0.9306616187095642,0.16474667191505432
D (NLL+SSIM+FFL),Normal,33.26203154038426,0.9072932600975037,0.2262910008430481
H (PP-VAE),Normal,32.55053045123807,0.8942355513572693,0.2654452621936798
DnCNN,Normal,32.669599166588704,0.8913511037826538,0.24639970064163208
SCUNet,Normal,35.04638717629781,0.934224545955658,0.16182437539100647
A (L2),Normal,33.5774758783581,0.9117003679275513,0.17805469036102295
D (NLL+SSIM+FFL),Normal,32.161894593835626,0.8852930665016174,0.2319142073392868
H (PP-VAE),Normal,31.155749411338896,0.8620765805244446,0.28965598344802856
DnCNN,Normal,31.448543837378836,0.8613969087600708,0.27156031131744385
SCUNet,Normal,33.740655852816985,0.9145662188529968,0.1754847764968872
A (L2),Normal,32.83031768198357,0.909674346446991,0.15414884686470032
D (NLL+SSIM+FFL),Normal,31.51555503945076,0.8869408965110779,0.2010696530342102
H (PP-VAE),Normal,30.5737855747886,0.8621838688850403,0.2507758140563965
DnCNN,Normal,31.105029773052824,0.8675684332847595,0.23224568367004395
SCUNet,Normal,32.943856459668204,0.9127418994903564,0.15232184529304504
A (L2),Normal,32.11278788157203,0.8808554410934448,0.2286546379327774
D (NLL+SSIM+FFL),Normal,31.222429768228945,0.8577384948730469,0.2543708086013794
H (PP-VAE),Normal,30.532491579333083,0.8387836813926697,0.2928752601146698
DnCNN,Normal,30.76738888825499,0.8399559855461121,0.25953900814056396
SCUNet,Normal,32.142694539965085,0.8809453248977661,0.22844281792640686
A (L2),Normal,32.26439522563613,0.8667649030685425,0.23604390025138855
D (NLL+SSIM+FFL),Normal,31.525466044682382,0.8459248542785645,0.27818602323532104
H (PP-VAE),Normal,30.887464146308893,0.8243417143821716,0.32434481382369995
DnCNN,Normal,31.13875725019927,0.8280990123748779,0.29683437943458557
SCUNet,Normal,32.48194170644384,0.8707700371742249,0.2253478765487671
A (L2),Normal,33.84645887139664,0.9033588171005249,0.18575507402420044
D (NLL+SSIM+FFL),Normal,32.70383902607399,0.8834822177886963,0.2370424121618271
H (PP-VAE),Normal,32.00046583550092,0.8669312000274658,0.28662145137786865
DnCNN,Normal,32.313607450809144,0.8664131760597229,0.2710476517677307
SCUNet,Normal,33.920515636984305,0.9049375653266907,0.17789597809314728
A (L2),Normal,32.862262634537565,0.899100124835968,0.18913640081882477
D (NLL+SSIM+FFL),Normal,31.783308687595362,0.8767169117927551,0.22231420874595642
H (PP-VAE),Normal,30.969070852744608,0.8592583537101746,0.25393056869506836
DnCNN,Normal,31.263742009656255,0.8600671291351318,0.24185395240783691
SCUNet,Normal,32.91853605302194,0.9008713364601135,0.1853186935186386
A (L2),Normal,33.030270206693004,0.872243344783783,0.23658856749534607
D (NLL+SSIM+FFL),Normal,32.00342515508547,0.8482829928398132,0.2894006371498108
H (PP-VAE),Normal,31.517981816978008,0.8350945711135864,0.32898008823394775
DnCNN,Normal,31.704726923780196,0.837367594242096,0.30755615234375
SCUNet,Normal,33.12100899053411,0.8756341934204102,0.2213723063468933
A (L2),Normal,32.16597532886514,0.8550933003425598,0.23585474491119385
D (NLL+SSIM+FFL),Normal,31.280355711136536,0.8281115293502808,0.3001316487789154
H (PP-VAE),Normal,30.826497033804316,0.8123198747634888,0.33973193168640137
DnCNN,Normal,31.02917895668956,0.813877284526825,0.3193269670009613
SCUNet,Normal,32.30479666705303,0.8576905131340027,0.2245493233203888
A (L2),Normal,31.7514050288168,0.8584056496620178,0.21718215942382812
D (NLL+SSIM+FFL),Normal,30.861082738315403,0.828632652759552,0.2698453664779663
H (PP-VAE),Normal,30.289652774927568,0.8118258118629456,0.32356518507003784
DnCNN,Normal,30.450716235552253,0.81270831823349,0.3007270097732544
SCUNet,Normal,31.837553544943503,0.8624926209449768,0.21460185945034027
A (L2),Normal,33.81115764678848,0.9158980846405029,0.19841256737709045
D (NLL+SSIM+FFL),Normal,32.61453167517683,0.8974577188491821,0.24850131571292877
H (PP-VAE),Normal,31.776430196962618,0.880283534526825,0.2742951214313507
DnCNN,Normal,32.007257268408765,0.8729978799819946,0.27942168712615967
SCUNet,Normal,33.916355963017615,0.9183939695358276,0.19123542308807373
A (L2),Normal,34.96150700713481,0.9276872873306274,0.21108071506023407
D (NLL+SSIM+FFL),Normal,33.55830870777492,0.9041852951049805,0.28116461634635925
H (PP-VAE),Normal,32.76730966239907,0.8895469903945923,0.30508366227149963
DnCNN,Normal,32.82048015667725,0.8849546909332275,0.3110443651676178
SCUNet,Normal,35.05522906041266,0.9298282861709595,0.2041553258895874
A (L2),Normal,32.66920934046938,0.893731415271759,0.20475426316261292
D (NLL+SSIM+FFL),Normal,31.638656403768167,0.8688541650772095,0.23172858357429504
H (PP-VAE),Normal,30.78543392595645,0.8450178503990173,0.2704164385795593
DnCNN,Normal,30.951931364343285,0.8436851501464844,0.2797958552837372
SCUNet,Normal,32.8669796124705,0.897518515586853,0.20002613961696625
A (L2),Normal,32.436962931448974,0.8790969848632812,0.223456472158432
D (NLL+SSIM+FFL),Normal,31.51453884837023,0.8584349751472473,0.25583159923553467
H (PP-VAE),Normal,30.926481278110597,0.8418068885803223,0.2941776514053345
DnCNN,Normal,31.179242330694144,0.8411878943443298,0.2668197453022003
SCUNet,Normal,32.627430330158276,0.8834988474845886,0.21491315960884094
A (L2),Normal,33.98255746023122,0.9226298332214355,0.15752138197422028
D (NLL+SSIM+FFL),Normal,32.73390536936785,0.9023880362510681,0.19669385254383087
H (PP-VAE),Normal,31.96470780874522,0.885854959487915,0.2336941361427307
DnCNN,Normal,32.10392261913341,0.8821969032287598,0.23304928839206696
SCUNet,Normal,34.03919249187078,0.9245726466178894,0.15522627532482147
A (L2),Normal,33.538335555946674,0.916100800037384,0.16075220704078674
D (NLL+SSIM+FFL),Normal,32.01044812714041,0.8888193964958191,0.2270718216896057
H (PP-VAE),Normal,30.960437149482697,0.8660240173339844,0.27838873863220215
DnCNN,Normal,31.240053138620127,0.8632378578186035,0.2727699875831604
SCUNet,Normal,33.61002438939469,0.9180283546447754,0.15472789108753204
A (L2),Normal,33.9374199209396,0.902418315410614,0.22332963347434998
D (NLL+SSIM+FFL),Normal,33.1299117347072,0.8886866569519043,0.2554353177547455
H (PP-VAE),Normal,32.45001197048035,0.8724570870399475,0.29768890142440796
DnCNN,Normal,32.531455922534846,0.8707602620124817,0.2790808379650116
SCUNet,Normal,33.93941794722362,0.9041796326637268,0.21776233613491058
A (L2),Normal,34.46990916588025,0.9244494438171387,0.23927785456180573
D (NLL+SSIM+FFL),Normal,33.52201368864612,0.9073053598403931,0.28827887773513794
H (PP-VAE),Normal,32.94714888682447,0.8972204327583313,0.29973283410072327
DnCNN,Normal,32.97547348207482,0.8913040161132812,0.30286288261413574
SCUNet,Normal,34.48187185222226,0.9252170324325562,0.23340503871440887
A (L2),Normal,34.04803926127911,0.9119716286659241,0.17997285723686218
D (NLL+SSIM+FFL),Normal,32.870911407074075,0.8870654106140137,0.2367732673883438
H (PP-VAE),Normal,32.02690287916963,0.8652404546737671,0.28885990381240845
DnCNN,Normal,32.1960275395868,0.8694013357162476,0.277940034866333
SCUNet,Normal,34.28772466391219,0.9157288670539856,0.17379702627658844
A (L2),Normal,34.07688000256428,0.9225625395774841,0.16293847560882568
D (NLL+SSIM+FFL),Normal,32.62086412365497,0.8986518979072571,0.2117808759212494
H (PP-VAE),Normal,31.84243650050389,0.8788182735443115,0.25881248712539673
DnCNN,Normal,31.997621050410018,0.8790646195411682,0.2509491741657257
SCUNet,Normal,34.074178225788174,0.9243090748786926,0.16225498914718628
A (L2),Normal,33.98443590077341,0.9163974523544312,0.1908240020275116
D (NLL+SSIM+FFL),Normal,32.989007735209825,0.8979308009147644,0.23786622285842896
H (PP-VAE),Normal,32.174748901347215,0.8763341307640076,0.2998991310596466
DnCNN,Normal,32.27010510129566,0.8760318756103516,0.2906810939311981
SCUNet,Normal,34.0687181006014,0.9187783002853394,0.18307630717754364
A (L2),Normal,35.36182154489794,0.9316648244857788,0.24325372278690338
D (NLL+SSIM+FFL),Normal,34.02929661030927,0.913083016872406,0.2903434634208679
H (PP-VAE),Normal,33.37624703479134,0.9024885296821594,0.31173282861709595
DnCNN,Normal,33.41017575734918,0.8931211233139038,0.2947697341442108
SCUNet,Normal,35.37672054274198,0.9328734278678894,0.238714337348938
A (L2),Normal,35.21612564236857,0.9209200143814087,0.26066797971725464
D (NLL+SSIM+FFL),Normal,33.90723950278811,0.9003877639770508,0.3393827974796295
H (PP-VAE),Normal,33.09522219771572,0.8842693567276001,0.37682753801345825
DnCNN,Normal,33.09788953880372,0.8794514536857605,0.3620309829711914
SCUNet,Normal,35.33392641734025,0.9225479364395142,0.2531164586544037
A (L2),Normal,35.21189189353648,0.9267643094062805,0.16503295302391052
D (NLL+SSIM+FFL),Normal,33.706350141135964,0.9023605585098267,0.21122878789901733
H (PP-VAE),Normal,32.85858960096322,0.8852128386497498,0.2642088234424591
DnCNN,Normal,32.982877108746365,0.8812219500541687,0.26111477613449097
SCUNet,Normal,35.3053468888468,0.929100751876831,0.161482036113739
A (L2),Normal,33.112919015973155,0.8777433037757874,0.267042338848114
D (NLL+SSIM+FFL),Normal,31.85872524840955,0.848516047000885,0.32300233840942383
H (PP-VAE),Normal,31.188967434101894,0.8319031596183777,0.3573225736618042
DnCNN,Normal,31.205024752288555,0.8278350234031677,0.3396288752555847
SCUNet,Normal,33.28696180166692,0.8790159821510315,0.2608198821544647
A (L2),Normal,33.23171173336243,0.9159131646156311,0.1680941879749298
D (NLL+SSIM+FFL),Normal,31.94221768084741,0.8914023637771606,0.2139548659324646
H (PP-VAE),Normal,30.964769849146098,0.8673543334007263,0.26638832688331604
DnCNN,Normal,31.254837248492677,0.8699194192886353,0.24448630213737488
SCUNet,Normal,33.34067094536378,0.9177753329277039,0.1638462096452713
A (L2),Normal,30.854106661371286,0.875731885433197,0.19445767998695374
D (NLL+SSIM+FFL),Normal,29.74184873430896,0.8424830436706543,0.23365214467048645
H (PP-VAE),Normal,28.97071541658356,0.8222549557685852,0.27645716071128845
DnCNN,Normal,29.15124241256946,0.8197122812271118,0.26481369137763977
SCUNet,Normal,30.940557570396724,0.8775230050086975,0.19395971298217773
A (L2),Normal,32.97281358890832,0.8810033202171326,0.23935219645500183
D (NLL+SSIM+FFL),Normal,31.739171741598717,0.8556433320045471,0.28437724709510803
H (PP-VAE),Normal,31.035834120230582,0.8366051316261292,0.3139321506023407
DnCNN,Normal,31.231411587531376,0.8339145183563232,0.2931727468967438
SCUNet,Normal,33.14927063688989,0.8846593499183655,0.23400893807411194
A (L2),Normal,32.908973499871855,0.881483793258667,0.22007322311401367
D (NLL+SSIM+FFL),Normal,32.0001396841817,0.861943244934082,0.26055681705474854
H (PP-VAE),Normal,31.408565776541153,0.8469937443733215,0.30832698941230774
DnCNN,Normal,31.54007757866889,0.8461979627609253,0.2715151906013489
SCUNet,Normal,33.009790655809226,0.8838352560997009,0.2147698998451233
A (L2),Normal,33.459905521300705,0.8941551446914673,0.22180619835853577
D (NLL+SSIM+FFL),Normal,32.298213163662986,0.8688316345214844,0.2524804472923279
H (PP-VAE),Normal,31.45656782176866,0.8477138876914978,0.2882313132286072
DnCNN,Normal,31.63214810543068,0.8424922823905945,0.28374677896499634
SCUNet,Normal,33.64281721862517,0.8974427580833435,0.21469679474830627
A (L2),Normal,32.67169286028324,0.8653631806373596,0.23785991966724396
D (NLL+SSIM+FFL),Normal,31.686859869661976,0.8406463265419006,0.28819042444229126
H (PP-VAE),Normal,31.333747673457246,0.8287326097488403,0.3232716917991638
DnCNN,Normal,31.32670990114072,0.8245369791984558,0.3183653950691223
SCUNet,Normal,32.83263737732454,0.8707070350646973,0.22907455265522003
A (L2),Normal,34.61590275182537,0.9153842926025391,0.20316943526268005
D (NLL+SSIM+FFL),Normal,33.21503938343152,0.8945032954216003,0.25176024436950684
H (PP-VAE),Normal,32.46425449082446,0.8816070556640625,0.2797527015209198
DnCNN,Normal,32.77421854824037,0.8812620043754578,0.2640816271305084
SCUNet,Normal,34.73790903692126,0.9178709983825684,0.19973339140415192
A (L2),Normal,34.11943974524938,0.9260988235473633,0.18418000638484955
D (NLL+SSIM+FFL),Normal,32.72717868556542,0.9054725170135498,0.2464974820613861
H (PP-VAE),Normal,31.690381068013032,0.8856393694877625,0.29749464988708496
DnCNN,Normal,32.20207376223111,0.8869455456733704,0.2655578851699829
SCUNet,Normal,34.36720962364872,0.9294309616088867,0.1756429821252823
A (L2),Normal,34.06225822288516,0.9282276034355164,0.16106855869293213
D (NLL+SSIM+FFL),Normal,32.69234716326288,0.906692385673523,0.2257675677537918
H (PP-VAE),Normal,31.870392364159517,0.8871489763259888,0.27868878841400146
DnCNN,Normal,32.0131936275554,0.8868468403816223,0.2694222331047058
SCUNet,Normal,34.11041586649815,0.9307498931884766,0.1524643748998642
A (L2),Normal,32.253733558417224,0.8704922795295715,0.21298454701900482
D (NLL+SSIM+FFL),Normal,31.291917103536363,0.8439279794692993,0.2606405019760132
H (PP-VAE),Normal,30.675962616259994,0.8243466019630432,0.31418874859809875
DnCNN,Normal,30.8515839774629,0.8254953622817993,0.2970091700553894
SCUNet,Normal,32.34971778837046,0.8727057576179504,0.21099799871444702
A (L2),Normal,33.329387898113076,0.8929834365844727,0.20711395144462585
D (NLL+SSIM+FFL),Normal,31.928922526537207,0.8595334887504578,0.280592143535614
H (PP-VAE),Normal,31.06385921439444,0.834224283695221,0.35403668880462646
DnCNN,Normal,31.21868205337458,0.8349900245666504,0.3478243350982666
SCUNet,Normal,33.38531885548184,0.8957902193069458,0.20305034518241882
A (L2),Normal,31.888247008614208,0.8479448556900024,0.2584070563316345
D (NLL+SSIM+FFL),Normal,31.127309534147834,0.822034478187561,0.3134925961494446
H (PP-VAE),Normal,30.641703595306453,0.8035985231399536,0.34468144178390503
DnCNN,Normal,30.683254531282703,0.8009402751922607,0.33621054887771606
SCUNet,Normal,32.12521208082569,0.8547828197479248,0.25049036741256714
A (L2),Normal,31.89024590085385,0.8806500434875488,0.20080432295799255
D (NLL+SSIM+FFL),Normal,30.457520489687447,0.8528445363044739,0.25539809465408325
H (PP-VAE),Normal,29.802700216173722,0.8340834379196167,0.29490551352500916
DnCNN,Normal,30.11421878673906,0.8301711678504944,0.2824288010597229
SCUNet,Normal,32.025766579170686,0.8830788731575012,0.19660069048404694
A (L2),Normal,33.965697721776216,0.9066799283027649,0.19325636327266693
D (NLL+SSIM+FFL),Normal,32.87212925279796,0.8866469264030457,0.23908576369285583
H (PP-VAE),Normal,32.188208673237135,0.8687637448310852,0.29136115312576294
DnCNN,Normal,32.19737992099924,0.8677388429641724,0.2857443690299988
SCUNet,Normal,34.00309927519441,0.906898021697998,0.18554674088954926
A (L2),Normal,34.474779112034035,0.9112648367881775,0.20883400738239288
D (NLL+SSIM+FFL),Normal,33.29446193607413,0.887911319732666,0.25315722823143005
H (PP-VAE),Normal,32.605653173055856,0.8734182119369507,0.27509984374046326
DnCNN,Normal,32.684677763541046,0.8706272840499878,0.2708195745944977
SCUNet,Normal,34.61087132018782,0.9149872064590454,0.20527306199073792
A (L2),Normal,33.313494932525124,0.9010542631149292,0.20545750856399536
D (NLL+SSIM+FFL),Normal,32.20812589222484,0.8804811239242554,0.2409137487411499
H (PP-VAE),Normal,31.52852804819267,0.8662232160568237,0.27522212266921997
DnCNN,Normal,31.712970419580877,0.8627346158027649,0.26316481828689575
SCUNet,Normal,33.54319220121,0.9057047963142395,0.1958441585302353
A (L2),Normal,33.635226332991664,0.903976321220398,0.19988733530044556
D (NLL+SSIM+FFL),Normal,32.33366647430256,0.8789433836936951,0.24037206172943115
H (PP-VAE),Normal,31.326071417318914,0.8535583019256592,0.2886251211166382
DnCNN,Normal,31.50846243220507,0.8513314723968506,0.2709108293056488
SCUNet,Normal,33.70970157751987,0.9064581990242004,0.19857105612754822
A (L2),Normal,34.03506006588876,0.911618173122406,0.1941554695367813
D (NLL+SSIM+FFL),Normal,32.92913536033396,0.8892407417297363,0.22756889462471008
H (PP-VAE),Normal,32.0322622886193,0.871410071849823,0.2684886157512665
DnCNN,Normal,32.086064339107146,0.8675259351730347,0.2573776841163635
SCUNet,Normal,34.24327904530669,0.9139220118522644,0.187997967004776
A (L2),Normal,32.49000995418595,0.878718376159668,0.2258928418159485
D (NLL+SSIM+FFL),Normal,31.389643984923804,0.8550588488578796,0.2620897889137268
H (PP-VAE),Normal,30.758938546772182,0.8394304513931274,0.30397629737854004
DnCNN,Normal,30.863379339221403,0.8342276811599731,0.29804572463035583
SCUNet,Normal,32.569285327175564,0.8809534311294556,0.21905039250850677
A (L2),Normal,34.40901531820815,0.9273025989532471,0.1901075541973114
D (NLL+SSIM+FFL),Normal,33.02847357327603,0.9047073125839233,0.24510426819324493
H (PP-VAE),Normal,32.39215009192294,0.8906393051147461,0.28414642810821533
DnCNN,Normal,32.39223077850619,0.8685901761054993,0.30067718029022217
SCUNet,Normal,34.49144999736774,0.9281524419784546,0.1786690205335617
A (L2),Normal,34.103527576597756,0.901389479637146,0.2310749590396881
D (NLL+SSIM+FFL),Normal,33.06502844962036,0.8821049928665161,0.2660592794418335
H (PP-VAE),Normal,32.47208042963593,0.8716813325881958,0.2888502776622772
DnCNN,Normal,32.52678233342578,0.8655844330787659,0.26966923475265503
SCUNet,Normal,34.15753032663681,0.9026403427124023,0.2302038073539734
A (L2),Normal,33.67846216887465,0.8929945230484009,0.23515407741069794
D (NLL+SSIM+FFL),Normal,32.663815664566236,0.8747087121009827,0.26128315925598145
H (PP-VAE),Normal,32.03176584380729,0.8592653274536133,0.2853408753871918
DnCNN,Normal,31.999797532097265,0.8535606265068054,0.27379804849624634
SCUNet,Normal,33.69053862547719,0.8940134048461914,0.23168529570102692
A (L2),Normal,31.858816388489004,0.8727519512176514,0.22133387625217438
D (NLL+SSIM+FFL),Normal,30.978142560571094,0.8487495183944702,0.2617420554161072
H (PP-VAE),Normal,30.359288528988486,0.8309546709060669,0.3029176890850067
DnCNN,Normal,30.636916408644144,0.8340182900428772,0.27459174394607544
SCUNet,Normal,31.916313997661018,0.8735635876655579,0.21599280834197998
A (L2),Normal,34.58463723925776,0.9322941303253174,0.1655445396900177
D (NLL+SSIM+FFL),Normal,32.91986685631505,0.9054723978042603,0.22395750880241394
H (PP-VAE),Normal,31.97311672556218,0.8849601149559021,0.2835165858268738
DnCNN,Normal,32.21649868842317,0.887175977230072,0.2635871171951294
SCUNet,Normal,34.52495847101535,0.9316355586051941,0.16605022549629211
A (L2),Normal,35.903668277604226,0.9394397735595703,0.20929759740829468
D (NLL+SSIM+FFL),Normal,34.161335153536896,0.9166198968887329,0.28889045119285583
H (PP-VAE),Normal,33.38658290358094,0.9037840366363525,0.3329591453075409
DnCNN,Normal,33.27578097625568,0.8978309631347656,0.3258160650730133
SCUNet,Normal,36.055460315725945,0.9402819275856018,0.20035028457641602
A (L2),Normal,32.69475368315827,0.8984631299972534,0.19399404525756836
D (NLL+SSIM+FFL),Normal,31.594305586579104,0.87537682056427,0.2219262421131134
H (PP-VAE),Normal,30.77764199977013,0.85799640417099,0.2526320219039917
DnCNN,Normal,31.04126912070882,0.85653156042099,0.24103112518787384
SCUNet,Normal,32.79203900910276,0.90146404504776,0.18787401914596558
A (L2),Normal,32.983454910558706,0.888670802116394,0.20840027928352356
D (NLL+SSIM+FFL),Normal,31.766970992236914,0.8641850352287292,0.24937358498573303
H (PP-VAE),Normal,30.717928611365362,0.8396046161651611,0.29637259244918823
DnCNN,Normal,30.97255444492067,0.8365280628204346,0.2956947088241577
SCUNet,Normal,33.112958359376,0.8916566967964172,0.2007492184638977
A (L2),Normal,33.09435303559692,0.8967782258987427,0.19148139655590057
D (NLL+SSIM+FFL),Normal,31.939609127468355,0.872979462146759,0.23538821935653687
H (PP-VAE),Normal,31.141729938427588,0.8525763750076294,0.2894594967365265
DnCNN,Normal,31.228440629076857,0.8482032418251038,0.2725260853767395
SCUNet,Normal,33.23711465915706,0.8997240662574768,0.1875852793455124
A (L2),Normal,33.49700197871935,0.8993395566940308,0.2157282829284668
D (NLL+SSIM+FFL),Normal,32.42086989824577,0.8741900324821472,0.24700380861759186
H (PP-VAE),Normal,31.5501202645071,0.8544800877571106,0.27857375144958496
DnCNN,Normal,31.743141572273732,0.853689968585968,0.2659088969230652
SCUNet,Normal,33.568932954849295,0.9005995392799377,0.2121046781539917
A (L2),Normal,33.79905985190654,0.9106337428092957,0.1866338849067688
D (NLL+SSIM+FFL),Normal,32.46406946653151,0.8860296010971069,0.23312143981456757
H (PP-VAE),Normal,31.49382619488823,0.8625037670135498,0.2920114994049072
DnCNN,Normal,31.75307656558873,0.8603033423423767,0.27038076519966125
SCUNet,Normal,33.86171447457865,0.9117755889892578,0.18266624212265015
A (L2),Normal,34.25147188366223,0.9197138547897339,0.22086140513420105
D (NLL+SSIM+FFL),Normal,33.2323273350061,0.9045813679695129,0.2702453136444092
H (PP-VAE),Normal,32.423354034295016,0.8899075984954834,0.3018520474433899
DnCNN,Normal,32.62835025289755,0.8858705163002014,0.2998717725276947
SCUNet,Normal,34.42805209184966,0.9215256571769714,0.2175024449825287
A (L2),Normal,32.594777610584195,0.8940021991729736,0.1874692738056183
D (NLL+SSIM+FFL),Normal,31.3707599099877,0.8639259934425354,0.23153311014175415
H (PP-VAE),Normal,30.331341896747517,0.8379878997802734,0.2955629527568817
DnCNN,Normal,30.726643399566814,0.8399640321731567,0.27267229557037354
SCUNet,Normal,32.697836163950086,0.8969602584838867,0.18374088406562805
A (L2),Normal,33.37647943017409,0.9037938714027405,0.19640055298805237
D (NLL+SSIM+FFL),Normal,32.06951175720604,0.8756227493286133,0.24118804931640625
H (PP-VAE),Normal,31.43438003937685,0.8598619103431702,0.2782338261604309
DnCNN,Normal,31.532979383293732,0.8570323586463928,0.28032779693603516
SCUNet,Normal,33.51460446030929,0.907346248626709,0.18833887577056885
A (L2),Normal,33.15892551666714,0.9013493657112122,0.18961766362190247
D (NLL+SSIM+FFL),Normal,32.35229667484501,0.8815914392471313,0.24448281526565552
H (PP-VAE),Normal,31.849766792451074,0.8662668466567993,0.2803005874156952
DnCNN,Normal,32.01709149004151,0.8682344555854797,0.27497920393943787
SCUNet,Normal,33.10919232716098,0.9017417430877686,0.18818369507789612
A (L2),Normal,32.8836173950198,0.8870920538902283,0.22159212827682495
D (NLL+SSIM+FFL),Normal,32.00937233542782,0.8676161766052246,0.2685163617134094
H (PP-VAE),Normal,31.49036668657707,0.8545224070549011,0.31283316016197205
DnCNN,Normal,31.47891325001853,0.8481895327568054,0.3064844012260437
SCUNet,Normal,32.90093341191604,0.8879512548446655,0.21602477133274078
A (L2),Normal,33.72063918028642,0.9121003150939941,0.17618948221206665
D (NLL+SSIM+FFL),Normal,32.19752625161304,0.8840590119361877,0.22725644707679749
H (PP-VAE),Normal,31.430677257232166,0.8669003248214722,0.27123552560806274
DnCNN,Normal,31.64210403791204,0.8649740815162659,0.2704424262046814
SCUNet,Normal,33.80207408987334,0.9143368601799011,0.1713401973247528
A (L2),Normal,33.01764756679755,0.9037205576896667,0.17441986501216888
D (NLL+SSIM+FFL),Normal,31.57205671056955,0.8738818168640137,0.22520703077316284
H (PP-VAE),Normal,30.594708155658836,0.8511361479759216,0.2840152084827423
DnCNN,Normal,30.749035218853102,0.8465308547019958,0.2760198712348938
SCUNet,Normal,33.15055370349234,0.9061665534973145,0.1696723997592926
A (L2),Normal,34.68021994491162,0.9193169474601746,0.19397857785224915
D (NLL+SSIM+FFL),Normal,33.31215821332369,0.8954063057899475,0.252106249332428
H (PP-VAE),Normal,32.59962755938899,0.8790500164031982,0.3030049800872803
DnCNN,Normal,32.55332380239519,0.8757207989692688,0.2774105668067932
SCUNet,Normal,34.93254724161843,0.9223783016204834,0.18576514720916748
A (L2),Normal,34.63642625519026,0.9134396910667419,0.19466418027877808
D (NLL+SSIM+FFL),Normal,33.660212472062234,0.9014154672622681,0.23180648684501648
H (PP-VAE),Normal,33.12844901573859,0.8883945345878601,0.2599745988845825
DnCNN,Normal,33.29438043121064,0.8835567831993103,0.2558959126472473
SCUNet,Normal,34.710078262961446,0.9163838028907776,0.1900082677602768
A (L2),Normal,33.98801442827671,0.9026873707771301,0.20022204518318176
D (NLL+SSIM+FFL),Normal,32.955360937492536,0.8851671814918518,0.23609988391399384
H (PP-VAE),Normal,32.332900328618344,0.8711728453636169,0.27203723788261414
DnCNN,Normal,32.42012837690625,0.8661342859268188,0.2778434455394745
SCUNet,Normal,34.33507788282344,0.909456193447113,0.18976542353630066
A (L2),Normal,33.26733689578913,0.9026970267295837,0.18037152290344238
D (NLL+SSIM+FFL),Normal,31.932872873493654,0.8732262849807739,0.24113807082176208
H (PP-VAE),Normal,31.133262610320394,0.8531600832939148,0.29842981696128845
DnCNN,Normal,31.37600519820133,0.853687584400177,0.27506738901138306
SCUNet,Normal,33.31067426483516,0.9040610790252686,0.17715485394001007
A (L2),Normal,32.52789879471451,0.8934532403945923,0.19422857463359833
D (NLL+SSIM+FFL),Normal,31.449745890297685,0.8672791123390198,0.23601379990577698
H (PP-VAE),Normal,30.77963260922871,0.8520514369010925,0.2738555371761322
DnCNN,Normal,30.906729073658703,0.8470076322555542,0.2689800262451172
SCUNet,Normal,32.57061197587076,0.8946428894996643,0.18461933732032776
A (L2),Normal,32.42253966749538,0.8696376085281372,0.25971901416778564
D (NLL+SSIM+FFL),Normal,31.60230245431677,0.8494232892990112,0.3052743077278137
H (PP-VAE),Normal,31.113374561606314,0.836568295955658,0.32752612233161926
DnCNN,Normal,31.30694744196692,0.8364914655685425,0.3231310248374939
SCUNet,Normal,32.565728583239235,0.8737257122993469,0.25499123334884644
A (L2),Normal,33.75238218978067,0.9219968914985657,0.15530997514724731
D (NLL+SSIM+FFL),Normal,32.53720943445963,0.8980887532234192,0.2063516229391098
H (PP-VAE),Normal,31.615650174955302,0.8752790689468384,0.2631565034389496
DnCNN,Normal,31.835198791502613,0.8700973391532898,0.259712278842926
SCUNet,Normal,33.708760598782234,0.9232441782951355,0.14755812287330627
A (L2),Normal,34.69382660522832,0.9323148727416992,0.17798477411270142
D (NLL+SSIM+FFL),Normal,33.21369871345719,0.9097474813461304,0.23976661264896393
H (PP-VAE),Normal,32.141608255851835,0.8885090351104736,0.2838749885559082
DnCNN,Normal,32.337287486639156,0.8868142366409302,0.2808937430381775
SCUNet,Normal,34.74547382924477,0.9308657050132751,0.1653958410024643
A (L2),Normal,34.684186413402045,0.930387556552887,0.18399477005004883
D (NLL+SSIM+FFL),Normal,32.8963537705885,0.9049785733222961,0.2519874572753906
H (PP-VAE),Normal,31.77284654943672,0.8827750086784363,0.3049214482307434
DnCNN,Normal,32.199436968454705,0.8808844685554504,0.2885376811027527
SCUNet,Normal,34.87622728596758,0.9320118427276611,0.18253004550933838
A (L2),Normal,33.220806066160876,0.8997101187705994,0.20005035400390625
D (NLL+SSIM+FFL),Normal,32.111309491599,0.8730712532997131,0.2410726249217987
H (PP-VAE),Normal,31.386225400806293,0.8557645082473755,0.27803313732147217
DnCNN,Normal,31.55526460998123,0.8511829972267151,0.2598625719547272
SCUNet,Normal,33.338613359732896,0.9027480483055115,0.19356873631477356
A (L2),Normal,32.600308364754596,0.8632239103317261,0.2614840865135193
D (NLL+SSIM+FFL),Normal,31.926529933474765,0.8440565466880798,0.30690866708755493
H (PP-VAE),Normal,31.460395365255142,0.8312436938285828,0.3444984555244446
DnCNN,Normal,31.49685490247662,0.8270288705825806,0.3403463363647461
SCUNet,Normal,32.658696773890156,0.8663932681083679,0.2537422180175781
A (L2),Normal,32.65050707073546,0.8857499957084656,0.19790129363536835
D (NLL+SSIM+FFL),Normal,31.703994825484003,0.8667227029800415,0.24146632850170135
H (PP-VAE),Normal,30.8670985908056,0.8476080298423767,0.2927184998989105
DnCNN,Normal,31.214759007179246,0.8508326411247253,0.27580827474594116
SCUNet,Normal,32.79128373119731,0.8892478942871094,0.18946708738803864
A (L2),Normal,34.761851413159036,0.9162567853927612,0.22169461846351624
D (NLL+SSIM+FFL),Normal,33.36911126498428,0.8889023065567017,0.3083847761154175
H (PP-VAE),Normal,32.491858628891876,0.8687660694122314,0.3689979314804077
DnCNN,Normal,32.298047094714185,0.8618519902229309,0.361447274684906
SCUNet,Normal,34.77981732689318,0.9171984791755676,0.21917465329170227
A (L2),Normal,32.806453376773504,0.876456081867218,0.21931248903274536
D (NLL+SSIM+FFL),Normal,31.638719445678014,0.847664475440979,0.2758703827857971
H (PP-VAE),Normal,31.237112900078387,0.8339149355888367,0.3187546133995056
DnCNN,Normal,31.24890772288088,0.8318901062011719,0.2952191233634949
SCUNet,Normal,32.83862161147567,0.8784425854682922,0.2148246467113495
A (L2),Normal,33.658930217580576,0.9142880439758301,0.1695926934480667
D (NLL+SSIM+FFL),Normal,32.192872502798984,0.8851631283760071,0.23451057076454163
H (PP-VAE),Normal,31.122870946408916,0.860939621925354,0.2903684675693512
DnCNN,Normal,31.391225433436478,0.8595986366271973,0.2809562087059021
SCUNet,Normal,33.86024712707995,0.9193574786186218,0.16362997889518738
A (L2),Normal,35.25123712284875,0.9162783026695251,0.2434728890657425
D (NLL+SSIM+FFL),Normal,34.04905959748575,0.8968018889427185,0.2798866927623749
H (PP-VAE),Normal,33.50331093542699,0.88504958152771,0.30294594168663025
DnCNN,Normal,33.32404428632746,0.8768634796142578,0.2752947509288788
SCUNet,Normal,35.30875343803549,0.9177815318107605,0.24150758981704712
A (L2),Normal,33.87173316485196,0.9198693037033081,0.1650385856628418
D (NLL+SSIM+FFL),Normal,32.728495707392554,0.898709774017334,0.20231978595256805
H (PP-VAE),Normal,31.822111012896258,0.877495288848877,0.24457231163978577
DnCNN,Normal,32.00830724694939,0.8779814839363098,0.22484193742275238
SCUNet,Normal,33.968838101232166,0.9216252565383911,0.16081106662750244
A (L2),Normal,33.310942730634345,0.9034407734870911,0.17541652917861938
D (NLL+SSIM+FFL),Normal,32.065849279353614,0.87855064868927,0.22118404507637024
H (PP-VAE),Normal,31.293468123662148,0.8627797365188599,0.26209500432014465
DnCNN,Normal,31.516232393348286,0.860998272895813,0.24691355228424072
SCUNet,Normal,33.46837914704021,0.9056975245475769,0.17243501543998718
A (L2),Normal,32.639107473893326,0.8803571462631226,0.2373896837234497
D (NLL+SSIM+FFL),Normal,31.735300152137917,0.8597471714019775,0.2750440239906311
H (PP-VAE),Normal,31.193207605168205,0.8464418053627014,0.30003678798675537
DnCNN,Normal,31.253249357411292,0.8411384224891663,0.2903618812561035
SCUNet,Normal,32.69128251574206,0.8818619251251221,0.23726409673690796
A (L2),Normal,34.43753321281874,0.9320060610771179,0.14698438346385956
D (NLL+SSIM+FFL),Normal,32.919206849692934,0.9056769013404846,0.198263481259346
H (PP-VAE),Normal,31.896929221181523,0.8818066716194153,0.26525425910949707
DnCNN,Normal,32.12995897569001,0.8847473859786987,0.24334752559661865
SCUNet,Normal,34.40695237347849,0.9309912323951721,0.14522835612297058
A (L2),Normal,32.0322421068293,0.8504303097724915,0.2606700658798218
D (NLL+SSIM+FFL),Normal,30.93856714030803,0.8167827725410461,0.30349311232566833
H (PP-VAE),Normal,30.020909995422194,0.7866356372833252,0.35662516951560974
DnCNN,Normal,30.40979913829101,0.7969992756843567,0.32451921701431274
SCUNet,Normal,32.04151056636802,0.849751353263855,0.2608427405357361
A (L2),Normal,34.405552988855334,0.9160302877426147,0.1806168258190155
D (NLL+SSIM+FFL),Normal,33.124006203325116,0.8937220573425293,0.23811322450637817
H (PP-VAE),Normal,32.53472005297122,0.8795931339263916,0.2748596668243408
DnCNN,Normal,32.51601878322093,0.8777151107788086,0.26729893684387207
SCUNet,Normal,34.29723072410659,0.9171350002288818,0.18144947290420532
A (L2),Normal,32.9292832376817,0.8996699452400208,0.18398919701576233
D (NLL+SSIM+FFL),Normal,31.60204691419181,0.8736568093299866,0.23160970211029053
H (PP-VAE),Normal,30.568399194190988,0.8488274216651917,0.29310694336891174
DnCNN,Normal,30.957646469498567,0.850562334060669,0.2858958840370178
SCUNet,Normal,33.2037792324057,0.9057220816612244,0.1773858368396759
A (L2),Normal,34.81451117211091,0.9256163239479065,0.18061360716819763
D (NLL+SSIM+FFL),Normal,33.707159414186265,0.907418966293335,0.2222437709569931
H (PP-VAE),Normal,32.925533273959424,0.8895928263664246,0.27601712942123413
DnCNN,Normal,33.08982342423441,0.8889549970626831,0.26101285219192505
SCUNet,Normal,34.785061398274436,0.9266723394393921,0.17394989728927612
A (L2),Normal,33.60145723558104,0.9196408987045288,0.17818933725357056
D (NLL+SSIM+FFL),Normal,32.1985058293365,0.8945646286010742,0.213809996843338
H (PP-VAE),Normal,31.042019387577156,0.87263023853302,0.25481274724006653
DnCNN,Normal,31.344829287160522,0.8735633492469788,0.23816430568695068
SCUNet,Normal,33.64781912272955,0.9201330542564392,0.17654314637184143
A (L2),Normal,33.09104397591578,0.896205723285675,0.1956869661808014
D (NLL+SSIM+FFL),Normal,31.872633607470586,0.8706668019294739,0.2538764476776123
H (PP-VAE),Normal,31.023528347279388,0.8483017086982727,0.29541289806365967
DnCNN,Normal,31.257010151461635,0.8496086001396179,0.2906673848628998
SCUNet,Normal,33.25960390176362,0.8972174525260925,0.1965331733226776
A (L2),Normal,33.016488983388584,0.8847481608390808,0.2135515809059143
D (NLL+SSIM+FFL),Normal,31.91099403183624,0.856685221195221,0.26569098234176636
H (PP-VAE),Normal,31.31538004943839,0.8385927677154541,0.312423437833786
DnCNN,Normal,31.42433235429762,0.8377152681350708,0.2923427224159241
SCUNet,Normal,33.18696527862598,0.8877557516098022,0.20419669151306152
A (L2),Normal,34.75300197756327,0.9192226529121399,0.1864936351776123
D (NLL+SSIM+FFL),Normal,33.288334985620914,0.8953588008880615,0.23591114580631256
H (PP-VAE),Normal,32.456804914646604,0.8777113556861877,0.2757328748703003
DnCNN,Normal,32.6410643828764,0.8747943639755249,0.2680281400680542
SCUNet,Normal,34.89055434769334,0.9209036827087402,0.18422359228134155
A (L2),Normal,34.0331877593713,0.9073976278305054,0.20879879593849182
D (NLL+SSIM+FFL),Normal,32.643456584223635,0.8811378479003906,0.25741076469421387
H (PP-VAE),Normal,32.006016967179605,0.866856038570404,0.2955682873725891
DnCNN,Normal,32.050965455904205,0.8600994348526001,0.2878851592540741
SCUNet,Normal,34.223012037224734,0.9099679589271545,0.2067231982946396
A (L2),Bacterial,35.0879416425322,0.9247526526451111,0.2561156153678894
D (NLL+SSIM+FFL),Bacterial,33.82465937573758,0.9046756029129028,0.3263336420059204
H (PP-VAE),Bacterial,33.288153881563844,0.8940683603286743,0.36421868205070496
DnCNN,Bacterial,32.97996615710518,0.8815065026283264,0.3841744661331177
SCUNet,Bacterial,35.107314459752025,0.9251512289047241,0.24555081129074097
A (L2),Bacterial,33.12618550058908,0.898110568523407,0.255516916513443
D (NLL+SSIM+FFL),Bacterial,32.03635749897473,0.8772068619728088,0.31182047724723816
H (PP-VAE),Bacterial,31.437814226681283,0.8636845946311951,0.34925127029418945
DnCNN,Bacterial,31.601817708588406,0.8614088296890259,0.3232024610042572
SCUNet,Bacterial,33.246462531289744,0.900436282157898,0.251120924949646
A (L2),Bacterial,35.14829653318116,0.9236974120140076,0.2392379641532898
D (NLL+SSIM+FFL),Bacterial,34.12775189773604,0.9064924120903015,0.2869473695755005
H (PP-VAE),Bacterial,33.3396656200427,0.8893735408782959,0.33373910188674927
DnCNN,Bacterial,33.24831721879474,0.8828549385070801,0.3240203261375427
SCUNet,Bacterial,35.231822661459724,0.9256739616394043,0.2326044738292694
A (L2),Bacterial,34.807288658727536,0.9255620241165161,0.2400268316268921
D (NLL+SSIM+FFL),Bacterial,33.74397760591262,0.9073110818862915,0.3062552213668823
H (PP-VAE),Bacterial,33.060352340566816,0.8922504782676697,0.3510281443595886
DnCNN,Bacterial,33.04350122329757,0.8872143626213074,0.33925509452819824
SCUNet,Bacterial,34.98269843035509,0.9282322525978088,0.23378580808639526
A (L2),Bacterial,35.10729438450096,0.916353702545166,0.301580011844635
D (NLL+SSIM+FFL),Bacterial,34.5003093011104,0.9087726473808289,0.34408268332481384
H (PP-VAE),Bacterial,34.09078275554638,0.9019092917442322,0.3597038984298706
DnCNN,Bacterial,33.7540655401135,0.8913711905479431,0.35497862100601196
SCUNet,Bacterial,35.16924290171587,0.9169122576713562,0.3021823465824127
A (L2),Bacterial,34.69702674654214,0.9294463992118835,0.22063156962394714
D (NLL+SSIM+FFL),Bacterial,33.55817133711686,0.9095738530158997,0.2898273468017578
H (PP-VAE),Bacterial,33.00458332212934,0.8989830017089844,0.31416213512420654
DnCNN,Bacterial,33.03210670952729,0.8921722173690796,0.31067705154418945
SCUNet,Bacterial,34.82149176329938,0.9314058423042297,0.21319277584552765
A (L2),Bacterial,34.979893449219084,0.9243454933166504,0.24603065848350525
D (NLL+SSIM+FFL),Bacterial,33.89947871011779,0.904680073261261,0.3096959888935089
H (PP-VAE),Bacterial,33.2914173379092,0.8928508758544922,0.34965142607688904
DnCNN,Bacterial,33.25688570038575,0.8880345821380615,0.33295297622680664
SCUNet,Bacterial,35.06760529728582,0.9268324971199036,0.23633795976638794
A (L2),Bacterial,34.028329480676135,0.9165223836898804,0.2802819013595581
D (NLL+SSIM+FFL),Bacterial,32.769948478074156,0.894138514995575,0.3417138159275055
H (PP-VAE),Bacterial,32.16720970753016,0.8824823498725891,0.3673296272754669
DnCNN,Bacterial,32.374551556866756,0.8772799968719482,0.32826972007751465
SCUNet,Bacterial,34.13459556513827,0.9200237989425659,0.26563960313796997
A (L2),Bacterial,35.144962255513946,0.923787534236908,0.2500433623790741
D (NLL+SSIM+FFL),Bacterial,34.11139754296626,0.9071926474571228,0.30494868755340576
H (PP-VAE),Bacterial,33.30824853085787,0.8928512930870056,0.35019391775131226
DnCNN,Bacterial,33.51309711046471,0.8915114998817444,0.3139401078224182
SCUNet,Bacterial,35.24054874736086,0.9251694083213806,0.2442794144153595
A (L2),Bacterial,33.961748215663675,0.9050679206848145,0.2635960876941681
D (NLL+SSIM+FFL),Bacterial,32.88681187128915,0.8844348192214966,0.33193597197532654
H (PP-VAE),Bacterial,32.248832111852444,0.8694236278533936,0.3795681297779083
DnCNN,Bacterial,32.32129016109297,0.8669159412384033,0.3274853825569153
SCUNet,Bacterial,34.112936296624184,0.9069899916648865,0.2575666904449463
A (L2),Bacterial,32.72254102242769,0.8914884924888611,0.21357089281082153
D (NLL+SSIM+FFL),Bacterial,31.72665942227613,0.8683425188064575,0.2471250593662262
H (PP-VAE),Bacterial,31.28018869563509,0.8568314909934998,0.2771293520927429
DnCNN,Bacterial,31.38570679340365,0.8544517755508423,0.2700131833553314
SCUNet,Bacterial,32.82972012812279,0.893036961555481,0.20772656798362732
A (L2),Bacterial,33.81578096229752,0.9182607531547546,0.19548571109771729
D (NLL+SSIM+FFL),Bacterial,32.7566578536177,0.9000778794288635,0.23926332592964172
H (PP-VAE),Bacterial,31.96884638689605,0.8844743967056274,0.29263946413993835
DnCNN,Bacterial,32.24939685889127,0.8841421604156494,0.26895713806152344
SCUNet,Bacterial,34.163805529930016,0.9214823842048645,0.19038204848766327
A (L2),Bacterial,34.417411824066036,0.924212634563446,0.2251904010772705
D (NLL+SSIM+FFL),Bacterial,33.32316423938863,0.9061177968978882,0.274056613445282
H (PP-VAE),Bacterial,32.381067311859965,0.8872153759002686,0.3168313503265381
DnCNN,Bacterial,32.539567322114614,0.8847972750663757,0.30922403931617737
SCUNet,Bacterial,34.6492549880804,0.9261609315872192,0.21701869368553162
A (L2),Bacterial,34.05570374262961,0.921802282333374,0.21857905387878418
D (NLL+SSIM+FFL),Bacterial,32.799328346825064,0.8964890837669373,0.2836166322231293
H (PP-VAE),Bacterial,31.979285281867362,0.8775038123130798,0.32147085666656494
DnCNN,Bacterial,32.01014451727006,0.872510552406311,0.3111393451690674
SCUNet,Bacterial,34.14573325679475,0.9233706593513489,0.2140478640794754
A (L2),Bacterial,35.56052934276006,0.9330187439918518,0.2258608043193817
D (NLL+SSIM+FFL),Bacterial,34.46260952603324,0.9156067967414856,0.27089202404022217
H (PP-VAE),Bacterial,33.81519034173443,0.9050302505493164,0.3046180009841919
DnCNN,Bacterial,33.684723692574394,0.8978699445724487,0.29858219623565674
SCUNet,Bacterial,35.66519226463326,0.9346857666969299,0.22110214829444885
A (L2),Bacterial,35.627631827834904,0.9382566809654236,0.26054155826568604
D (NLL+SSIM+FFL),Bacterial,34.72529448870432,0.9262637495994568,0.3225014805793762
H (PP-VAE),Bacterial,34.320110563576655,0.9190901517868042,0.3530269265174866
DnCNN,Bacterial,34.05259956277458,0.9106336236000061,0.343847393989563
SCUNet,Bacterial,35.757536322284466,0.9404497146606445,0.2480599284172058
A (L2),Bacterial,35.34559997080386,0.91959148645401,0.25983038544654846
D (NLL+SSIM+FFL),Bacterial,34.13123161223653,0.8991125822067261,0.32455819845199585
H (PP-VAE),Bacterial,33.43074411108647,0.8873376846313477,0.34541404247283936
DnCNN,Bacterial,33.15792189822759,0.873914361000061,0.37358832359313965
SCUNet,Bacterial,35.4140113910291,0.9218454957008362,0.25678277015686035
A (L2),Bacterial,33.015657707956365,0.8999613523483276,0.21438711881637573
D (NLL+SSIM+FFL),Bacterial,32.08220332364783,0.8813521265983582,0.23661485314369202
H (PP-VAE),Bacterial,31.613703351130184,0.8691917657852173,0.2614615261554718
DnCNN,Bacterial,31.504939414236706,0.8613917827606201,0.25844457745552063
SCUNet,Bacterial,33.19587802667127,0.9031703472137451,0.20712479948997498
A (L2),Bacterial,35.76532043334095,0.9283854961395264,0.2506203353404999
D (NLL+SSIM+FFL),Bacterial,34.4340603627331,0.9083520770072937,0.32699400186538696
H (PP-VAE),Bacterial,33.712535543849775,0.8939133286476135,0.37990203499794006
DnCNN,Bacterial,33.681853518310774,0.8878160119056702,0.3394972085952759
SCUNet,Bacterial,35.88988916852386,0.9299025535583496,0.24855831265449524
A (L2),Bacterial,34.69589144750238,0.9209115505218506,0.26445239782333374
D (NLL+SSIM+FFL),Bacterial,33.39776310320104,0.9015946984291077,0.32607153058052063
H (PP-VAE),Bacterial,32.79446726883297,0.8886464834213257,0.35862404108047485
DnCNN,Bacterial,32.833938229751325,0.8839300870895386,0.3343889117240906
SCUNet,Bacterial,34.899569339543824,0.9231400489807129,0.25351837277412415
A (L2),Bacterial,33.46531237540865,0.8966478705406189,0.2184208631515503
D (NLL+SSIM+FFL),Bacterial,32.47546426823028,0.8745746612548828,0.2561350464820862
H (PP-VAE),Bacterial,31.660833475819867,0.8548716306686401,0.2927308976650238
DnCNN,Bacterial,31.737588520974573,0.8511086702346802,0.26273196935653687
SCUNet,Bacterial,33.595737142858475,0.8992052674293518,0.21668048202991486
A (L2),Bacterial,33.92152172342403,0.9093529582023621,0.2524116635322571
D (NLL+SSIM+FFL),Bacterial,32.99659929267124,0.8960450291633606,0.2831721007823944
H (PP-VAE),Bacterial,32.408090204638555,0.8866729140281677,0.30822670459747314
DnCNN,Bacterial,32.60156721575474,0.8819303512573242,0.31153684854507446
SCUNet,Bacterial,33.91157336948383,0.907088041305542,0.24600820243358612
A (L2),Bacterial,32.99314780942271,0.8946281671524048,0.24756410717964172
D (NLL+SSIM+FFL),Bacterial,32.253765415108795,0.8819855451583862,0.2991214990615845
H (PP-VAE),Bacterial,31.763301046795096,0.8700388073921204,0.3269035220146179
DnCNN,Bacterial,31.93549159341993,0.8674740791320801,0.306291401386261
SCUNet,Bacterial,33.09730714300365,0.8946563005447388,0.2438722848892212
A (L2),Bacterial,34.24404907047974,0.920340359210968,0.26441705226898193
D (NLL+SSIM+FFL),Bacterial,33.50733086390483,0.9089194536209106,0.306829571723938
H (PP-VAE),Bacterial,32.98913955272309,0.8989543914794922,0.32648026943206787
DnCNN,Bacterial,32.87212876304468,0.8922571539878845,0.32749849557876587
SCUNet,Bacterial,34.322717753526405,0.9206904768943787,0.25886401534080505
A (L2),Bacterial,34.33182956104574,0.9013068675994873,0.31085747480392456
D (NLL+SSIM+FFL),Bacterial,33.42123103124462,0.8883771896362305,0.3446415066719055
H (PP-VAE),Bacterial,32.83993641127053,0.8772111535072327,0.37038901448249817
DnCNN,Bacterial,32.882805273354066,0.8724312782287598,0.3428187072277069
SCUNet,Bacterial,34.31323053404896,0.9008851647377014,0.3076401650905609
A (L2),Bacterial,34.52052729660342,0.9041253328323364,0.2952006459236145
D (NLL+SSIM+FFL),Bacterial,33.637016727591195,0.8929134607315063,0.3182154893875122
H (PP-VAE),Bacterial,33.18672569319581,0.8855401277542114,0.335544615983963
DnCNN,Bacterial,33.167855554322074,0.8798758387565613,0.31782516837120056
SCUNet,Bacterial,34.494651681958395,0.9038743376731873,0.2842678427696228
A (L2),Bacterial,34.73790376883183,0.9242410659790039,0.2504906952381134
D (NLL+SSIM+FFL),Bacterial,33.829288852768066,0.9117052555084229,0.30024832487106323
H (PP-VAE),Bacterial,33.248059805870575,0.9022853374481201,0.3156980872154236
DnCNN,Bacterial,33.28614284055838,0.8963051438331604,0.31161391735076904
SCUNet,Bacterial,34.70009271653226,0.9224526882171631,0.24489060044288635
A (L2),Bacterial,32.72485355386316,0.8977392911911011,0.2040918916463852
D (NLL+SSIM+FFL),Bacterial,31.833166465691605,0.879143476486206,0.2229195535182953
H (PP-VAE),Bacterial,31.286053359307196,0.8689643144607544,0.2413606494665146
DnCNN,Bacterial,31.21718795421938,0.8597463369369507,0.2284543812274933
SCUNet,Bacterial,32.844446208268174,0.9015642404556274,0.20153217017650604
A (L2),Bacterial,36.50191905321264,0.937138557434082,0.23985892534255981
D (NLL+SSIM+FFL),Bacterial,35.086795253157405,0.9194796085357666,0.2988625168800354
H (PP-VAE),Bacterial,34.38841768320495,0.9096289277076721,0.3270873725414276
DnCNN,Bacterial,34.246848908138155,0.9002560377120972,0.3227244019508362
SCUNet,Bacterial,36.50906763276009,0.9373856782913208,0.23300260305404663
A (L2),Bacterial,35.951200837726574,0.933871865272522,0.26372718811035156
D (NLL+SSIM+FFL),Bacterial,34.7379827908443,0.9169571995735168,0.30924808979034424
H (PP-VAE),Bacterial,34.250046033880245,0.9098315834999084,0.332133948802948
DnCNN,Bacterial,33.97037382528627,0.9005488753318787,0.2998810410499573
SCUNet,Bacterial,36.162149641942555,0.9358422160148621,0.2553935647010803
A (L2),Bacterial,35.656789795293065,0.9232578277587891,0.2508522868156433
D (NLL+SSIM+FFL),Bacterial,34.46358759003267,0.9064134359359741,0.3046616315841675
H (PP-VAE),Bacterial,34.02734020142993,0.8971333503723145,0.3384774923324585
DnCNN,Bacterial,33.83039737656912,0.8886511325836182,0.3198738396167755
SCUNet,Bacterial,35.7862282840265,0.9251713156700134,0.24333462119102478
A (L2),Bacterial,35.8434717041676,0.9347758293151855,0.2657971680164337
D (NLL+SSIM+FFL),Bacterial,34.70644932069051,0.9211027026176453,0.3183794617652893
H (PP-VAE),Bacterial,34.113658457500286,0.913154661655426,0.33494672179222107
DnCNN,Bacterial,34.092835425276874,0.9048978090286255,0.3005845546722412
SCUNet,Bacterial,35.90249907636832,0.9351210594177246,0.26632148027420044
A (L2),Bacterial,35.477875078562874,0.9296463131904602,0.24725010991096497
D (NLL+SSIM+FFL),Bacterial,34.304786280948456,0.9132447242736816,0.30111777782440186
H (PP-VAE),Bacterial,33.846656852056405,0.9062148332595825,0.3351144790649414
DnCNN,Bacterial,33.70568876811259,0.8983994126319885,0.300617516040802
SCUNet,Bacterial,35.53683759358542,0.929702877998352,0.246419295668602
A (L2),Bacterial,33.73867065653387,0.8953456282615662,0.277706503868103
D (NLL+SSIM+FFL),Bacterial,32.94306983445984,0.8814529776573181,0.30458617210388184
H (PP-VAE),Bacterial,32.64068453893093,0.8731324672698975,0.3273109793663025
DnCNN,Bacterial,32.645591633269966,0.8687916398048401,0.303101122379303
SCUNet,Bacterial,33.76113000391088,0.8969773650169373,0.27660831809043884
A (L2),Bacterial,34.88964865526683,0.9122523665428162,0.2825995683670044
D (NLL+SSIM+FFL),Bacterial,34.057750191132634,0.8996540904045105,0.3346865177154541
H (PP-VAE),Bacterial,33.5139282171987,0.8893172144889832,0.3567703366279602
DnCNN,Bacterial,33.46237764917993,0.8852872252464294,0.3335936367511749
SCUNet,Bacterial,34.978540955993076,0.9143460392951965,0.28024956583976746
A (L2),Bacterial,34.833220565136344,0.9244406223297119,0.24401205778121948
D (NLL+SSIM+FFL),Bacterial,33.866705997698936,0.9120685458183289,0.2944496273994446
H (PP-VAE),Bacterial,33.28484790410219,0.9017671942710876,0.3116130232810974
DnCNN,Bacterial,33.205543326365124,0.8946856260299683,0.3130226731300354
SCUNet,Bacterial,34.92674128913745,0.9262924194335938,0.23426350951194763
A (L2),Bacterial,35.918922289387545,0.9409858584403992,0.21787777543067932
D (NLL+SSIM+FFL),Bacterial,34.705937551221204,0.9230039119720459,0.2691834568977356
H (PP-VAE),Bacterial,33.95247546271645,0.9138976335525513,0.29535093903541565
DnCNN,Bacterial,33.73016036170803,0.9024204015731812,0.2950059175491333
SCUNet,Bacterial,36.10925028579612,0.943195641040802,0.2085750252008438
A (L2),Bacterial,35.11465839163037,0.9296629428863525,0.20346909761428833
D (NLL+SSIM+FFL),Bacterial,33.94524542389004,0.9138986468315125,0.24471229314804077
H (PP-VAE),Bacterial,33.24714910316433,0.9003430604934692,0.2863810062408447
DnCNN,Bacterial,33.27533249275228,0.8951719403266907,0.24450601637363434
SCUNet,Bacterial,35.21063092259466,0.9312994480133057,0.2016044557094574
A (L2),Bacterial,35.86411340109272,0.9330436587333679,0.26393556594848633
D (NLL+SSIM+FFL),Bacterial,34.37782477903436,0.9166275858879089,0.3214898109436035
H (PP-VAE),Bacterial,33.799865364394385,0.9087846875190735,0.34014391899108887
DnCNN,Bacterial,33.7555697690227,0.8999770879745483,0.30262911319732666
SCUNet,Bacterial,36.11761152565623,0.9362529516220093,0.2577459216117859
A (L2),Bacterial,35.75219131269618,0.9370751976966858,0.23544606566429138
D (NLL+SSIM+FFL),Bacterial,34.36717921923892,0.9158104062080383,0.3045639097690582
H (PP-VAE),Bacterial,33.77194410178785,0.9069092869758606,0.3257419168949127
DnCNN,Bacterial,33.43363551622404,0.8918828368186951,0.3397102952003479
SCUNet,Bacterial,35.91427632056204,0.9390437602996826,0.22502820193767548
A (L2),Bacterial,33.870796792181565,0.9037349820137024,0.2308262437582016
D (NLL+SSIM+FFL),Bacterial,32.78437598321063,0.8822639584541321,0.27744919061660767
H (PP-VAE),Bacterial,32.20105099636634,0.8665480613708496,0.3201192319393158
DnCNN,Bacterial,32.317272973803945,0.8655827641487122,0.29678380489349365
SCUNet,Bacterial,33.90904055769888,0.9043071866035461,0.22903624176979065
A (L2),Bacterial,33.11011568082899,0.8993873000144958,0.26436901092529297
D (NLL+SSIM+FFL),Bacterial,32.04884057490209,0.8773596286773682,0.30953699350357056
H (PP-VAE),Bacterial,31.38243657625681,0.8614537119865417,0.3530815839767456
DnCNN,Bacterial,31.49924554488217,0.8586099743843079,0.3427393138408661
SCUNet,Bacterial,33.19645083685352,0.9015325307846069,0.2586095333099365
A (L2),Bacterial,32.4141963522736,0.8882617950439453,0.18875238299369812
D (NLL+SSIM+FFL),Bacterial,31.478516342695944,0.8694106340408325,0.2256207913160324
H (PP-VAE),Bacterial,30.92807394396157,0.8561445474624634,0.2539764642715454
DnCNN,Bacterial,31.092160600239183,0.8533979654312134,0.24242138862609863
SCUNet,Bacterial,32.530394680129895,0.8938027620315552,0.18800774216651917
A (L2),Bacterial,34.02230399623107,0.9041174650192261,0.2681504189968109
D (NLL+SSIM+FFL),Bacterial,33.085506351642316,0.8858233094215393,0.31980836391448975
H (PP-VAE),Bacterial,32.44567154729357,0.8689074516296387,0.3572313189506531
DnCNN,Bacterial,32.43118663758672,0.8644901514053345,0.36160510778427124
SCUNet,Bacterial,34.039188006673776,0.9044488072395325,0.26355189085006714
A (L2),Bacterial,34.324294929734485,0.9069967865943909,0.2690483331680298
D (NLL+SSIM+FFL),Bacterial,33.4019733455368,0.8901116847991943,0.316474974155426
H (PP-VAE),Bacterial,32.906451258882804,0.8793238401412964,0.3417339026927948
DnCNN,Bacterial,32.916595039329366,0.8744779229164124,0.3300870954990387
SCUNet,Bacterial,34.38155173334678,0.9085981845855713,0.25685590505599976
A (L2),Bacterial,34.49710166448113,0.9189644455909729,0.22948423027992249
D (NLL+SSIM+FFL),Bacterial,33.37684193679375,0.8985326886177063,0.2834223508834839
H (PP-VAE),Bacterial,32.708802475897556,0.8856686949729919,0.3311358094215393
DnCNN,Bacterial,32.713795215736965,0.8805672526359558,0.3038182854652405
SCUNet,Bacterial,34.50209024685522,0.9192967414855957,0.22621257603168488
A (L2),Bacterial,35.323152972874155,0.912726640701294,0.2542794346809387
D (NLL+SSIM+FFL),Bacterial,34.16086562783968,0.8947743773460388,0.28610342741012573
H (PP-VAE),Bacterial,33.520494952005116,0.8829193711280823,0.3298162519931793
DnCNN,Bacterial,33.639398056409966,0.8798350095748901,0.3030601739883423
SCUNet,Bacterial,35.48612228940254,0.9153155088424683,0.24428680539131165
A (L2),Bacterial,34.4413950778478,0.9001455903053284,0.28509873151779175
D (NLL+SSIM+FFL),Bacterial,33.34606292399825,0.877221941947937,0.32697978615760803
H (PP-VAE),Bacterial,32.76182244666914,0.8638595938682556,0.36698007583618164
DnCNN,Bacterial,32.68494420014691,0.8595093488693237,0.3178904950618744
SCUNet,Bacterial,34.566580927772755,0.902373194694519,0.27988678216934204
A (L2),Bacterial,33.350225779537965,0.9004445672035217,0.25641822814941406
D (NLL+SSIM+FFL),Bacterial,32.49367891342526,0.8804861903190613,0.3146309554576874
H (PP-VAE),Bacterial,31.998687526327476,0.8688274025917053,0.33947399258613586
DnCNN,Bacterial,31.864448676787397,0.8608934879302979,0.3480963706970215
SCUNet,Bacterial,33.521562647187864,0.903904378414154,0.24989013373851776
A (L2),Bacterial,34.69662305894183,0.9186817407608032,0.2506972551345825
D (NLL+SSIM+FFL),Bacterial,33.70731641934661,0.9016880393028259,0.31483298540115356
H (PP-VAE),Bacterial,33.19079411963835,0.8916730880737305,0.3423161506652832
DnCNN,Bacterial,33.12778173267158,0.8855379223823547,0.31574752926826477
SCUNet,Bacterial,34.79502446414729,0.9202066659927368,0.2466064691543579
A (L2),Bacterial,32.62132452144384,0.8966478705406189,0.30899572372436523
D (NLL+SSIM+FFL),Bacterial,31.822805602110176,0.8822895884513855,0.360382080078125
H (PP-VAE),Bacterial,31.547579797510068,0.8772870302200317,0.36773496866226196
DnCNN,Bacterial,31.52611620752537,0.8693548440933228,0.35611021518707275
SCUNet,Bacterial,32.726338937378586,0.8979865312576294,0.3009730875492096
A (L2),Bacterial,35.75639248205892,0.9268797039985657,0.27854251861572266
D (NLL+SSIM+FFL),Bacterial,34.558770102641745,0.91164231300354,0.342351496219635
H (PP-VAE),Bacterial,34.03647114904472,0.904207170009613,0.37131327390670776
DnCNN,Bacterial,33.97724314679933,0.8972972631454468,0.3401024043560028
SCUNet,Bacterial,35.92495386025102,0.9298141598701477,0.26493486762046814
A (L2),Bacterial,33.806645833996555,0.9174057245254517,0.24023881554603577
D (NLL+SSIM+FFL),Bacterial,32.76268054623999,0.8993240594863892,0.2993241548538208
H (PP-VAE),Bacterial,32.26134247299531,0.8895918130874634,0.31939005851745605
DnCNN,Bacterial,32.20689537812855,0.8792917132377625,0.3127509355545044
SCUNet,Bacterial,33.781461711685886,0.9188411235809326,0.2318030595779419
A (L2),Bacterial,33.54868034734561,0.8910309076309204,0.28160619735717773
D (NLL+SSIM+FFL),Bacterial,32.725624355723546,0.8757942914962769,0.3073924779891968
H (PP-VAE),Bacterial,32.27461490453233,0.8653297424316406,0.32239800691604614
DnCNN,Bacterial,32.054582940749256,0.8551005125045776,0.300139844417572
SCUNet,Bacterial,33.599223126330685,0.8912014365196228,0.2762833833694458
A (L2),Bacterial,35.22350624968536,0.9271402955055237,0.233903706073761
D (NLL+SSIM+FFL),Bacterial,34.36614248714582,0.9131595492362976,0.28864139318466187
H (PP-VAE),Bacterial,33.692312338969714,0.9012473225593567,0.31240004301071167
DnCNN,Bacterial,33.55301290289457,0.8936512470245361,0.31628909707069397
SCUNet,Bacterial,35.25129599039301,0.9272960424423218,0.23020905256271362
A (L2),Bacterial,34.01331644674931,0.907444179058075,0.24188238382339478
D (NLL+SSIM+FFL),Bacterial,33.11703466198711,0.8883348703384399,0.2891498804092407
H (PP-VAE),Bacterial,32.53999195954327,0.8721762299537659,0.3343449532985687
DnCNN,Bacterial,32.420779849615,0.8652758002281189,0.3233204185962677
SCUNet,Bacterial,34.191971356404466,0.9095867276191711,0.23791742324829102
A (L2),Bacterial,35.58989024659942,0.9297148585319519,0.2659341096878052
D (NLL+SSIM+FFL),Bacterial,34.48750360110725,0.9162102341651917,0.30893558263778687
H (PP-VAE),Bacterial,33.85108650011548,0.9065644145011902,0.3408958911895752
DnCNN,Bacterial,33.91701221013223,0.9017826318740845,0.326934814453125
SCUNet,Bacterial,35.70274438888767,0.9316234588623047,0.2546893358230591
A (L2),Bacterial,33.99722384493819,0.9101393222808838,0.26248419284820557
D (NLL+SSIM+FFL),Bacterial,33.24551240090518,0.8968636393547058,0.306102991104126
H (PP-VAE),Bacterial,32.69986490927151,0.8855850696563721,0.33710694313049316
DnCNN,Bacterial,32.734720484414844,0.8808171153068542,0.33276426792144775
SCUNet,Bacterial,34.08297558938572,0.9117188453674316,0.2544669508934021
A (L2),Bacterial,33.540644805770384,0.8982455134391785,0.22091957926750183
D (NLL+SSIM+FFL),Bacterial,32.77022928734911,0.8835111260414124,0.25375843048095703
H (PP-VAE),Bacterial,32.21934771275575,0.8716604709625244,0.2674122750759125
DnCNN,Bacterial,32.24846470505122,0.8641059398651123,0.2565866708755493
SCUNet,Bacterial,33.56597651758198,0.8998553156852722,0.21769949793815613
A (L2),Bacterial,35.70198743993159,0.9319064021110535,0.24614465236663818
D (NLL+SSIM+FFL),Bacterial,34.566995497801635,0.9170874953269958,0.2890320122241974
H (PP-VAE),Bacterial,33.96149267940204,0.9069168567657471,0.3153408169746399
DnCNN,Bacterial,33.66288740237246,0.8960900902748108,0.3077174425125122
SCUNet,Bacterial,35.83672628409202,0.9342929124832153,0.24148689210414886
A (L2),Bacterial,34.727698315831205,0.9233202338218689,0.23927654325962067
D (NLL+SSIM+FFL),Bacterial,33.607684924227385,0.9053948521614075,0.2928524613380432
H (PP-VAE),Bacterial,33.1586620999613,0.8960583806037903,0.3243396580219269
DnCNN,Bacterial,33.131836623239295,0.8892577886581421,0.32240813970565796
SCUNet,Bacterial,34.897472521054034,0.9250295758247375,0.23517277836799622
A (L2),Bacterial,33.697794491344666,0.9169448018074036,0.23552535474300385
D (NLL+SSIM+FFL),Bacterial,32.60855826654825,0.8969507217407227,0.27695804834365845
H (PP-VAE),Bacterial,31.956406370067,0.8848077058792114,0.3072816729545593
DnCNN,Bacterial,32.14645599303326,0.8825254440307617,0.28031134605407715
SCUNet,Bacterial,33.94226084163789,0.9192861318588257,0.23304903507232666
A (L2),Bacterial,35.13211379997422,0.9301377534866333,0.23955972492694855
D (NLL+SSIM+FFL),Bacterial,33.96756321023874,0.9119681119918823,0.2905879020690918
H (PP-VAE),Bacterial,33.4833920740118,0.9031078219413757,0.31174659729003906
DnCNN,Bacterial,33.449012683795864,0.8966006636619568,0.303196519613266
SCUNet,Bacterial,35.270221494921806,0.9322161674499512,0.23469214141368866
A (L2),Bacterial,34.51608419121782,0.9227920174598694,0.2531004548072815
D (NLL+SSIM+FFL),Bacterial,33.30776717417606,0.9061666131019592,0.29062554240226746
H (PP-VAE),Bacterial,32.71001815767691,0.8964837789535522,0.30742260813713074
DnCNN,Bacterial,32.77662967518036,0.89162278175354,0.28916072845458984
SCUNet,Bacterial,34.61824603837191,0.9229803681373596,0.25121572613716125
A (L2),Bacterial,32.14084090028908,0.8819540143013,0.2646592855453491
D (NLL+SSIM+FFL),Bacterial,31.324597533476577,0.8623203039169312,0.3115335702896118
H (PP-VAE),Bacterial,30.70140867409974,0.8462614417076111,0.3465839922428131
DnCNN,Bacterial,30.892909617847025,0.8445860147476196,0.3460293710231781
SCUNet,Bacterial,32.27889356265089,0.8865388035774231,0.25483787059783936
A (L2),Bacterial,32.54821887904239,0.8902633786201477,0.2741948962211609
D (NLL+SSIM+FFL),Bacterial,31.978961514683558,0.8780872225761414,0.31424763798713684
H (PP-VAE),Bacterial,31.35172223168444,0.8641281127929688,0.34960028529167175
DnCNN,Bacterial,31.52627211739359,0.860767126083374,0.34292206168174744
SCUNet,Bacterial,32.66201366067898,0.8919177651405334,0.26967525482177734
A (L2),Bacterial,32.52443996433768,0.9032834768295288,0.24503041803836823
D (NLL+SSIM+FFL),Bacterial,31.69226068124491,0.888239860534668,0.2848976254463196
H (PP-VAE),Bacterial,31.16616227388285,0.8755886554718018,0.3193855881690979
DnCNN,Bacterial,31.422759853338768,0.8736516833305359,0.3173507750034332
SCUNet,Bacterial,32.687241955917585,0.9062526226043701,0.23763015866279602
A (L2),Bacterial,32.21094250956731,0.8738030791282654,0.21655502915382385
D (NLL+SSIM+FFL),Bacterial,31.533858106289983,0.8544930219650269,0.24613656103610992
H (PP-VAE),Bacterial,31.012507652718515,0.8391060829162598,0.2789822518825531
DnCNN,Bacterial,31.03483756931236,0.8344096541404724,0.27802586555480957
SCUNet,Bacterial,32.30556861684531,0.8758509159088135,0.2138943374156952
A (L2),Bacterial,34.09370672500431,0.9074655175209045,0.21705089509487152
D (NLL+SSIM+FFL),Bacterial,32.96251729969708,0.8849952220916748,0.26131534576416016
H (PP-VAE),Bacterial,32.19456747403775,0.8676297664642334,0.30820581316947937
DnCNN,Bacterial,32.414330339802284,0.8677085041999817,0.2839629054069519
SCUNet,Bacterial,34.12924608667866,0.9078801870346069,0.21562591195106506
A (L2),Bacterial,33.473171643877755,0.9203610420227051,0.2704692482948303
D (NLL+SSIM+FFL),Bacterial,32.402004936303264,0.901697039604187,0.3175157606601715
H (PP-VAE),Bacterial,31.804801057606113,0.8900392651557922,0.3378678858280182
DnCNN,Bacterial,32.00844854784415,0.8859763741493225,0.30659055709838867
SCUNet,Bacterial,33.69286577465134,0.92433762550354,0.2557322680950165
A (L2),Bacterial,34.704947056393024,0.9196391701698303,0.26411378383636475
D (NLL+SSIM+FFL),Bacterial,33.536007846092886,0.9040658473968506,0.31826794147491455
H (PP-VAE),Bacterial,32.99368215391896,0.8943799138069153,0.34176236391067505
DnCNN,Bacterial,33.02674264271573,0.8889173865318298,0.31177592277526855
SCUNet,Bacterial,34.883551840454324,0.9218466281890869,0.2595590054988861
A (L2),Bacterial,35.58394546843158,0.9275646209716797,0.23232415318489075
D (NLL+SSIM+FFL),Bacterial,34.460134090588554,0.911941409111023,0.29060766100883484
H (PP-VAE),Bacterial,33.80543831419838,0.9018044471740723,0.3238350450992584
DnCNN,Bacterial,33.74995849573148,0.8946362733840942,0.3240423798561096
SCUNet,Bacterial,35.67113508840134,0.9286526441574097,0.22956956923007965
A (L2),Bacterial,33.92708481364639,0.9185205698013306,0.26011836528778076
D (NLL+SSIM+FFL),Bacterial,32.990842471411156,0.9045615196228027,0.3105939030647278
H (PP-VAE),Bacterial,32.49357656949761,0.8958356380462646,0.3357402980327606
DnCNN,Bacterial,32.58655886488248,0.8900324106216431,0.3197859823703766
SCUNet,Bacterial,34.01154421425537,0.9203625917434692,0.2502419948577881
A (L2),Bacterial,33.81589203593062,0.9196200370788574,0.2566387951374054
D (NLL+SSIM+FFL),Bacterial,32.96083044792533,0.9047169089317322,0.30240291357040405
H (PP-VAE),Bacterial,32.47189194518518,0.8973934650421143,0.32241949439048767
DnCNN,Bacterial,32.56145749279201,0.8905330300331116,0.3205134868621826
SCUNet,Bacterial,33.9684614257572,0.9228600859642029,0.24511674046516418
A (L2),Bacterial,33.78304009343687,0.8924832344055176,0.24725690484046936
D (NLL+SSIM+FFL),Bacterial,32.74586560125517,0.8697608709335327,0.2733612060546875
H (PP-VAE),Bacterial,32.20660208981746,0.8558157086372375,0.29665690660476685
DnCNN,Bacterial,32.15817293630614,0.8500077128410339,0.2769117057323456
SCUNet,Bacterial,33.81827852279465,0.8938025832176208,0.24261927604675293
A (L2),Bacterial,34.121377367920964,0.9127104878425598,0.21872511506080627
D (NLL+SSIM+FFL),Bacterial,33.000370292021174,0.8913912773132324,0.273071825504303
H (PP-VAE),Bacterial,32.272033096157074,0.8728203773498535,0.31793031096458435
DnCNN,Bacterial,32.34104369946012,0.8710843920707703,0.3129926919937134
SCUNet,Bacterial,34.11203734805605,0.9125887155532837,0.21982407569885254
A (L2),Bacterial,32.55320866627165,0.8899760246276855,0.19999149441719055
D (NLL+SSIM+FFL),Bacterial,31.542641425940012,0.8643860220909119,0.23787307739257812
H (PP-VAE),Bacterial,30.761266994946208,0.8451489806175232,0.28456076979637146
DnCNN,Bacterial,30.925608047882967,0.8424029350280762,0.2656111717224121
SCUNet,Bacterial,32.64645822164486,0.8918538689613342,0.1947277933359146
A (L2),Bacterial,33.647582283818856,0.8990097641944885,0.25095173716545105
D (NLL+SSIM+FFL),Bacterial,32.965267462635076,0.8823262453079224,0.2974032461643219
H (PP-VAE),Bacterial,32.249494455979416,0.8688079118728638,0.32003968954086304
DnCNN,Bacterial,32.520863280700276,0.8678374886512756,0.33550119400024414
SCUNet,Bacterial,33.74758318516941,0.8998150825500488,0.24699312448501587
A (L2),Bacterial,32.903995604923324,0.90681391954422,0.2288261204957962
D (NLL+SSIM+FFL),Bacterial,31.968906055151436,0.8875483274459839,0.26858076453208923
H (PP-VAE),Bacterial,31.375707111062894,0.8751253485679626,0.30107581615448
DnCNN,Bacterial,31.550430566928135,0.8720162510871887,0.2865542769432068
SCUNet,Bacterial,33.12411701065728,0.9100587964057922,0.22017093002796173
A (L2),Bacterial,34.69670245159983,0.9128949642181396,0.3055100440979004
D (NLL+SSIM+FFL),Bacterial,33.7250726086457,0.8964080810546875,0.3405303359031677
H (PP-VAE),Bacterial,33.176469885150354,0.8851877450942993,0.375320166349411
DnCNN,Bacterial,33.13438868850115,0.8796704411506653,0.3487013280391693
SCUNet,Bacterial,34.79830122280927,0.9142014980316162,0.30304956436157227
A (L2),Bacterial,33.79844028193495,0.891285240650177,0.2431240677833557
D (NLL+SSIM+FFL),Bacterial,32.68276534109704,0.8716142773628235,0.26372063159942627
H (PP-VAE),Bacterial,32.044918578576876,0.8550771474838257,0.29502660036087036
DnCNN,Bacterial,32.11615478193745,0.8510460257530212,0.27476128935813904
SCUNet,Bacterial,33.92268679271473,0.8943467140197754,0.23940487205982208
A (L2),Bacterial,35.99139189229713,0.9368440508842468,0.25887584686279297
D (NLL+SSIM+FFL),Bacterial,34.87700040955536,0.9215336441993713,0.32322755455970764
H (PP-VAE),Bacterial,34.432751832073166,0.9147186875343323,0.34278738498687744
DnCNN,Bacterial,34.194971582183484,0.9048621654510498,0.3333398699760437
SCUNet,Bacterial,36.146816425632736,0.9375028014183044,0.25579833984375
A (L2),Bacterial,35.49182042542446,0.9292691349983215,0.2672407925128937
D (NLL+SSIM+FFL),Bacterial,34.32436574678624,0.9119577407836914,0.3280041217803955
H (PP-VAE),Bacterial,33.833376008332515,0.9041842818260193,0.35701271891593933
DnCNN,Bacterial,33.68607797298015,0.8966130018234253,0.3392954468727112
SCUNet,Bacterial,35.60173035528126,0.9305641055107117,0.2562885582447052
A (L2),Bacterial,35.3664493519274,0.9392746686935425,0.2786279022693634
D (NLL+SSIM+FFL),Bacterial,34.21883259138382,0.9226847290992737,0.3552291989326477
H (PP-VAE),Bacterial,33.74144192913481,0.9162023663520813,0.37130194902420044
DnCNN,Bacterial,33.70577540254273,0.9058446288108826,0.3706326484680176
SCUNet,Bacterial,35.79021942942883,0.9428344368934631,0.26954764127731323
A (L2),Bacterial,35.03539231314838,0.9285069704055786,0.223954975605011
D (NLL+SSIM+FFL),Bacterial,33.86014782536863,0.9078848958015442,0.29539918899536133
H (PP-VAE),Bacterial,32.96297687287979,0.8895329236984253,0.34408271312713623
DnCNN,Bacterial,32.902550300365185,0.8842681050300598,0.3519819676876068
SCUNet,Bacterial,35.1923040988096,0.929649829864502,0.21437957882881165
A (L2),Bacterial,35.221280319451786,0.9223387837409973,0.22829529643058777
D (NLL+SSIM+FFL),Bacterial,33.6859125781168,0.8909831643104553,0.30507904291152954
H (PP-VAE),Bacterial,32.937800631544654,0.8732430338859558,0.3462584614753723
DnCNN,Bacterial,32.845187913139355,0.8672295212745667,0.3530919551849365
SCUNet,Bacterial,35.212495023044355,0.9231076836585999,0.21338805556297302
A (L2),Bacterial,35.58225726839704,0.9316984415054321,0.24912656843662262
D (NLL+SSIM+FFL),Bacterial,34.184154220783924,0.9094890356063843,0.33873289823532104
H (PP-VAE),Bacterial,33.607822129549106,0.8982323408126831,0.37712734937667847
DnCNN,Bacterial,33.539150663440616,0.8916181921958923,0.37034255266189575
SCUNet,Bacterial,35.66674198527645,0.9330193400382996,0.24586237967014313
A (L2),Bacterial,32.388143959123745,0.9001409411430359,0.2603633403778076
D (NLL+SSIM+FFL),Bacterial,31.39104643832454,0.8806179165840149,0.28916260600090027
H (PP-VAE),Bacterial,30.770174614412895,0.8689548373222351,0.30951446294784546
DnCNN,Bacterial,30.99141840979819,0.8643627166748047,0.30445241928100586
SCUNet,Bacterial,32.57100721644869,0.9034177660942078,0.24881896376609802
A (L2),Bacterial,33.64618668961655,0.9098477363586426,0.256120502948761
D (NLL+SSIM+FFL),Bacterial,32.719170510700835,0.8933191299438477,0.30263790488243103
H (PP-VAE),Bacterial,32.16894009345572,0.8814667463302612,0.3220895826816559
DnCNN,Bacterial,32.18999851264193,0.8776400685310364,0.3068593144416809
SCUNet,Bacterial,33.75148858750676,0.9112304449081421,0.24559134244918823
A (L2),Bacterial,33.67182723556992,0.9114824533462524,0.2186666578054428
D (NLL+SSIM+FFL),Bacterial,32.66822511511764,0.8938544988632202,0.2565454840660095
H (PP-VAE),Bacterial,32.10469743311807,0.8810191750526428,0.28901407122612
DnCNN,Bacterial,32.23535642119874,0.8817415833473206,0.25522273778915405
SCUNet,Bacterial,33.73395664943093,0.9127614498138428,0.21743324398994446
A (L2),Bacterial,32.90654011483649,0.9054888486862183,0.22175785899162292
D (NLL+SSIM+FFL),Bacterial,31.85827112784152,0.8872650265693665,0.2613793611526489
H (PP-VAE),Bacterial,31.33268999183968,0.8737035393714905,0.2899588942527771
DnCNN,Bacterial,31.50867996520937,0.874263346195221,0.2728111743927002
SCUNet,Bacterial,32.99642793847772,0.9068509936332703,0.2170698046684265
A (L2),Bacterial,32.25305910091577,0.9025474786758423,0.21947477757930756
D (NLL+SSIM+FFL),Bacterial,31.609512027120132,0.8882701396942139,0.2523963153362274
H (PP-VAE),Bacterial,31.109858788599396,0.8780898451805115,0.2660817801952362
DnCNN,Bacterial,31.375139795678663,0.8785067796707153,0.2522328495979309
SCUNet,Bacterial,32.37832747577369,0.9042184948921204,0.2207869589328766
A (L2),Bacterial,33.63132109282363,0.9102755188941956,0.25070831179618835
D (NLL+SSIM+FFL),Bacterial,32.897646756495305,0.8965098261833191,0.2949577569961548
H (PP-VAE),Bacterial,32.392650460617716,0.8867858648300171,0.32157737016677856
DnCNN,Bacterial,32.30714818892496,0.8808463215827942,0.30485060811042786
SCUNet,Bacterial,33.68411106815802,0.9111848473548889,0.25055259466171265
A (L2),Bacterial,34.925134942903924,0.9334689974784851,0.23126590251922607
D (NLL+SSIM+FFL),Bacterial,33.829970236259605,0.9188889861106873,0.27437061071395874
H (PP-VAE),Bacterial,33.0554896791195,0.9060397148132324,0.3113160729408264
DnCNN,Bacterial,33.10186006125466,0.9013702869415283,0.2880631685256958
SCUNet,Bacterial,35.04707240143962,0.9352542161941528,0.224419504404068
A (L2),Bacterial,35.070441118311386,0.9312682151794434,0.2576887905597687
D (NLL+SSIM+FFL),Bacterial,33.90291771844972,0.9162378907203674,0.30157309770584106
H (PP-VAE),Bacterial,33.32634319391048,0.9069814085960388,0.32916563749313354
DnCNN,Bacterial,33.28027158844939,0.9021679759025574,0.31634899973869324
SCUNet,Bacterial,35.182510300173476,0.9319826364517212,0.2478029429912567
A (L2),Bacterial,34.32616324434954,0.9223324656486511,0.1674957275390625
D (NLL+SSIM+FFL),Bacterial,33.41190039740759,0.9075649380683899,0.19308699667453766
H (PP-VAE),Bacterial,32.92780518681285,0.8992425203323364,0.2118779867887497
DnCNN,Bacterial,32.7335158951813,0.8890289664268494,0.21514372527599335
SCUNet,Bacterial,34.44471165132549,0.9241028428077698,0.16190113127231598
A (L2),Bacterial,36.14394840741456,0.9313331842422485,0.23999819159507751
D (NLL+SSIM+FFL),Bacterial,34.82815624748626,0.9114593267440796,0.3146534264087677
H (PP-VAE),Bacterial,34.10752293797045,0.8981462717056274,0.35290512442588806
DnCNN,Bacterial,33.85085242462224,0.8894785642623901,0.33935561776161194
SCUNet,Bacterial,36.271520169287285,0.9331825375556946,0.23090822994709015
A (L2),Bacterial,35.45072721212664,0.9396706819534302,0.21622076630592346
D (NLL+SSIM+FFL),Bacterial,33.81710216180593,0.9212836027145386,0.27497389912605286
H (PP-VAE),Bacterial,33.249762646058734,0.9094910621643066,0.31515926122665405
DnCNN,Bacterial,33.23981358103278,0.9008330702781677,0.304570734500885
SCUNet,Bacterial,35.60120334020934,0.9413905143737793,0.2106178104877472
A (L2),Bacterial,36.071507518934865,0.9391159415245056,0.23754101991653442
D (NLL+SSIM+FFL),Bacterial,34.85359931642335,0.9252626299858093,0.2980140447616577
H (PP-VAE),Bacterial,34.217941501033465,0.9172026515007019,0.3216174840927124
DnCNN,Bacterial,34.08168487092762,0.9072888493537903,0.30535128712654114
SCUNet,Bacterial,36.2108019337733,0.9394263625144958,0.2360643744468689
A (L2),Bacterial,35.737428432730034,0.937264621257782,0.2398507297039032
D (NLL+SSIM+FFL),Bacterial,34.61947070087483,0.9214436411857605,0.2923848032951355
H (PP-VAE),Bacterial,34.21350379683818,0.9158073663711548,0.3065043091773987
DnCNN,Bacterial,33.878402720558256,0.9035534858703613,0.31126096844673157
SCUNet,Bacterial,35.78171726331787,0.9388989806175232,0.2323656529188156
A (L2),Bacterial,35.916822300140126,0.9409502148628235,0.24056945741176605
D (NLL+SSIM+FFL),Bacterial,34.84359789699191,0.927512526512146,0.2811705768108368
H (PP-VAE),Bacterial,34.12990390207294,0.9182401895523071,0.30827054381370544
DnCNN,Bacterial,34.00509120014161,0.9103803038597107,0.2918078303337097
SCUNet,Bacterial,36.058939118393624,0.9433366060256958,0.22494077682495117
A (L2),Bacterial,33.2308866341468,0.8890810608863831,0.2576925456523895
D (NLL+SSIM+FFL),Bacterial,32.40699267804839,0.8714364767074585,0.2767769694328308
H (PP-VAE),Bacterial,31.804224237095028,0.85783851146698,0.29789721965789795
DnCNN,Bacterial,31.712335921761145,0.8507023453712463,0.2728414237499237
SCUNet,Bacterial,33.350549739686386,0.8919594883918762,0.2544514536857605
A (L2),Bacterial,35.498449918300544,0.9308927655220032,0.2310657948255539
D (NLL+SSIM+FFL),Bacterial,34.37960157875389,0.9147273302078247,0.28670793771743774
H (PP-VAE),Bacterial,33.53723319157427,0.900973379611969,0.32595378160476685
DnCNN,Bacterial,33.58864995025586,0.8973991274833679,0.30408698320388794
SCUNet,Bacterial,35.584707270410554,0.9317940473556519,0.2249421626329422
A (L2),Bacterial,34.29808076544322,0.9126653671264648,0.24136771261692047
D (NLL+SSIM+FFL),Bacterial,33.40082456706428,0.8945921659469604,0.30302244424819946
H (PP-VAE),Bacterial,32.75663210092081,0.8810619115829468,0.34106898307800293
DnCNN,Bacterial,32.698657712798614,0.8750593066215515,0.34093421697616577
SCUNet,Bacterial,34.439852097990375,0.9143494367599487,0.2345442771911621
A (L2),Bacterial,35.49821500965737,0.9259960651397705,0.2553764283657074
D (NLL+SSIM+FFL),Bacterial,34.17572029452767,0.9063893556594849,0.31396570801734924
H (PP-VAE),Bacterial,33.38604620324189,0.8925192952156067,0.3574860095977783
DnCNN,Bacterial,33.43848159051874,0.8871650695800781,0.34686988592147827
SCUNet,Bacterial,35.63523493028981,0.9280595183372498,0.25183799862861633
A (L2),Bacterial,33.707181376759486,0.9096590280532837,0.1879250407218933
D (NLL+SSIM+FFL),Bacterial,32.55487411399258,0.8862480521202087,0.2333325445652008
H (PP-VAE),Bacterial,31.83481037793873,0.8700611591339111,0.26449674367904663
DnCNN,Bacterial,31.962980625097003,0.8657046556472778,0.266132652759552
SCUNet,Bacterial,33.78097445276232,0.9110568761825562,0.18486149609088898
A (L2),Bacterial,35.24635516526625,0.9261255264282227,0.24085016548633575
D (NLL+SSIM+FFL),Bacterial,34.31080023393876,0.9144143462181091,0.2881079614162445
H (PP-VAE),Bacterial,33.77994667874363,0.9064313173294067,0.3149954676628113
DnCNN,Bacterial,33.59678646345604,0.8966881632804871,0.3180157542228699
SCUNet,Bacterial,35.34048287762816,0.9263727068901062,0.2388644516468048
A (L2),Bacterial,34.56348231177568,0.9347671866416931,0.2488500475883484
D (NLL+SSIM+FFL),Bacterial,33.31813381711348,0.9221905469894409,0.29278022050857544
H (PP-VAE),Bacterial,32.74585370828217,0.9132055044174194,0.31738096475601196
DnCNN,Bacterial,32.76007477822007,0.9016649127006531,0.32759544253349304
SCUNet,Bacterial,34.72748508894299,0.9347745180130005,0.24157053232192993
A (L2),Bacterial,34.453336112138565,0.9238683581352234,0.23928874731063843
D (NLL+SSIM+FFL),Bacterial,33.2782437583161,0.9068362712860107,0.29831042885780334
H (PP-VAE),Bacterial,32.82421505549202,0.8986669778823853,0.31888169050216675
DnCNN,Bacterial,32.879032421916165,0.8887419104576111,0.31285834312438965
SCUNet,Bacterial,34.63807047960281,0.9261822700500488,0.2276313453912735
A (L2),Bacterial,35.14613402541719,0.9354197382926941,0.25841885805130005
D (NLL+SSIM+FFL),Bacterial,33.879854597980675,0.9222686886787415,0.32808423042297363
H (PP-VAE),Bacterial,33.362376461615085,0.9145362377166748,0.3487037420272827
DnCNN,Bacterial,33.310668576032086,0.9038411378860474,0.3571643829345703
SCUNet,Bacterial,35.231904455667205,0.9358235001564026,0.2546156346797943
A (L2),Bacterial,35.43218832893046,0.9282687306404114,0.2630360722541809
D (NLL+SSIM+FFL),Bacterial,34.50308936429659,0.9152913093566895,0.3028474450111389
H (PP-VAE),Bacterial,34.00801909367276,0.9072750210762024,0.3352428078651428
DnCNN,Bacterial,33.9214163337488,0.8990790843963623,0.31359297037124634
SCUNet,Bacterial,35.63121631172598,0.9308448433876038,0.25581204891204834
A (L2),Bacterial,34.3041177831745,0.9176607131958008,0.27441641688346863
D (NLL+SSIM+FFL),Bacterial,33.06539044649184,0.8998780846595764,0.3368528485298157
H (PP-VAE),Bacterial,32.453516966340835,0.889349639415741,0.36213260889053345
DnCNN,Bacterial,32.714144672277065,0.8868400454521179,0.33775582909584045
SCUNet,Bacterial,34.518461509999575,0.9216889142990112,0.2592320442199707
A (L2),Bacterial,33.30931322792827,0.9121314883232117,0.2452450692653656
D (NLL+SSIM+FFL),Bacterial,32.186942379582085,0.8909392952919006,0.3100006580352783
H (PP-VAE),Bacterial,31.587558756366914,0.8818230032920837,0.32848626375198364
DnCNN,Bacterial,31.82922946832035,0.8773449659347534,0.32494327425956726
SCUNet,Bacterial,33.421421939121856,0.9143489003181458,0.2368161976337433
A (L2),Bacterial,35.11266269704077,0.9310579299926758,0.2514038383960724
D (NLL+SSIM+FFL),Bacterial,33.92319364551477,0.9133210182189941,0.31486648321151733
H (PP-VAE),Bacterial,33.26450234937922,0.9039228558540344,0.3375089764595032
DnCNN,Bacterial,33.316836903962496,0.8983985185623169,0.32445868849754333
SCUNet,Bacterial,35.29300045550498,0.9336027503013611,0.2471073567867279
A (L2),Bacterial,34.41525545363048,0.90757155418396,0.25416213274002075
D (NLL+SSIM+FFL),Bacterial,33.46858084750871,0.8908758759498596,0.3198208808898926
H (PP-VAE),Bacterial,32.80470935856707,0.8770551681518555,0.3532489240169525
DnCNN,Bacterial,32.889050337744614,0.8743556141853333,0.32555246353149414
SCUNet,Bacterial,34.453898268162945,0.9075280427932739,0.25236907601356506
A (L2),Bacterial,35.92667531322316,0.9329537749290466,0.23917125165462494
D (NLL+SSIM+FFL),Bacterial,34.76774591515464,0.917938232421875,0.3001817464828491
H (PP-VAE),Bacterial,34.1523744956165,0.9091141223907471,0.3342650830745697
DnCNN,Bacterial,34.073654734901346,0.9013155698776245,0.3418475091457367
SCUNet,Bacterial,36.15208546302807,0.935219943523407,0.23357754945755005
A (L2),Bacterial,36.211712151824344,0.9361068606376648,0.27644479274749756
D (NLL+SSIM+FFL),Bacterial,35.035927491488266,0.9212066531181335,0.3299955129623413
H (PP-VAE),Bacterial,34.487916374399916,0.9127477407455444,0.3569011688232422
DnCNN,Bacterial,34.270208778994316,0.9045003056526184,0.31840336322784424
SCUNet,Bacterial,36.421343354372496,0.9372625350952148,0.26752370595932007
A (L2),Bacterial,32.98781753379795,0.8920605778694153,0.22622480988502502
D (NLL+SSIM+FFL),Bacterial,32.066247119066944,0.8740522265434265,0.2572973668575287
H (PP-VAE),Bacterial,31.55890073473318,0.8611449599266052,0.2788906693458557
DnCNN,Bacterial,31.540193986060864,0.8563902378082275,0.26639866828918457
SCUNet,Bacterial,32.961716288385155,0.8908513784408569,0.2224414050579071
A (L2),Bacterial,35.693554343784434,0.9297393560409546,0.2278880923986435
D (NLL+SSIM+FFL),Bacterial,34.21181232360891,0.9091812372207642,0.28922683000564575
H (PP-VAE),Bacterial,33.412691560158756,0.8933220505714417,0.3396754860877991
DnCNN,Bacterial,33.44264047462395,0.8903852701187134,0.3043627142906189
SCUNet,Bacterial,35.68407909845368,0.9295628666877747,0.22502559423446655
A (L2),Bacterial,34.51743953621681,0.9256359934806824,0.21929481625556946
D (NLL+SSIM+FFL),Bacterial,33.58043295040845,0.9102030396461487,0.2787092924118042
H (PP-VAE),Bacterial,32.93623319445745,0.8984295725822449,0.3200874626636505
DnCNN,Bacterial,32.9700541364626,0.8947079181671143,0.3048219084739685
SCUNet,Bacterial,34.530573939591086,0.9266959428787231,0.21479561924934387
A (L2),Bacterial,36.310732098464705,0.928166925907135,0.2756214141845703
D (NLL+SSIM+FFL),Bacterial,34.76015739137891,0.9031987190246582,0.341869056224823
H (PP-VAE),Bacterial,34.1338149063788,0.8909235596656799,0.38004931807518005
DnCNN,Bacterial,33.90944227553828,0.8833189606666565,0.3543073534965515
SCUNet,Bacterial,36.39150369591439,0.9294353723526001,0.27124977111816406
A (L2),Bacterial,35.14507631869357,0.9128211736679077,0.24518561363220215
D (NLL+SSIM+FFL),Bacterial,34.08565596939905,0.8953266143798828,0.2811262607574463
H (PP-VAE),Bacterial,33.49631885803692,0.8839319348335266,0.30784428119659424
DnCNN,Bacterial,33.481030510632664,0.8802242875099182,0.27886974811553955
SCUNet,Bacterial,35.19768363550415,0.9143924117088318,0.24015384912490845
A (L2),Bacterial,34.92840248615184,0.9218901991844177,0.22391340136528015
D (NLL+SSIM+FFL),Bacterial,33.81158263672706,0.9023743271827698,0.28214865922927856
H (PP-VAE),Bacterial,33.14495302474802,0.8884261846542358,0.31964874267578125
DnCNN,Bacterial,33.139334559337044,0.8833743929862976,0.3030218482017517
SCUNet,Bacterial,35.018327826714895,0.9221673607826233,0.219593346118927
A (L2),Bacterial,35.410792376201876,0.9163732528686523,0.2620321214199066
D (NLL+SSIM+FFL),Bacterial,34.13176863544657,0.8934080600738525,0.29567819833755493
H (PP-VAE),Bacterial,33.58727229678677,0.8816738724708557,0.3382134437561035
DnCNN,Bacterial,33.482062620754746,0.8747228980064392,0.2986108958721161
SCUNet,Bacterial,35.4636296871812,0.9172064661979675,0.2579112648963928
A (L2),Bacterial,35.14608069992046,0.9172477126121521,0.3223508596420288
D (NLL+SSIM+FFL),Bacterial,33.998096163678376,0.8990901708602905,0.3572235405445099
H (PP-VAE),Bacterial,33.402506484188024,0.8909488916397095,0.37999457120895386
DnCNN,Bacterial,33.26277657398054,0.8826879262924194,0.33437973260879517
SCUNet,Bacterial,35.304669844011876,0.919313907623291,0.31992805004119873
A (L2),Bacterial,33.83965486654681,0.9095028042793274,0.20553043484687805
D (NLL+SSIM+FFL),Bacterial,32.9046162962754,0.8930796384811401,0.2236167937517166
H (PP-VAE),Bacterial,32.39932389751755,0.8813969492912292,0.24280945956707
DnCNN,Bacterial,32.3461067940975,0.873709499835968,0.23129519820213318
SCUNet,Bacterial,34.089985945546026,0.9138336181640625,0.19902515411376953
A (L2),Bacterial,34.83191990123192,0.9266916513442993,0.2454753965139389
D (NLL+SSIM+FFL),Bacterial,33.30980965227366,0.9077224731445312,0.29591187834739685
H (PP-VAE),Bacterial,32.608325511008836,0.8970857262611389,0.32474207878112793
DnCNN,Bacterial,32.86003304522628,0.8897331357002258,0.3103214204311371
SCUNet,Bacterial,35.018219452593115,0.9274434447288513,0.23995360732078552
A (L2),Bacterial,35.456423909997426,0.9293103218078613,0.24436691403388977
D (NLL+SSIM+FFL),Bacterial,34.52468152446708,0.9159803986549377,0.2892671227455139
H (PP-VAE),Bacterial,33.947492343535,0.9071639180183411,0.3163830637931824
DnCNN,Bacterial,33.70849814691599,0.8964149355888367,0.3066343069076538
SCUNet,Bacterial,35.52087980714611,0.9303873777389526,0.234565868973732
A (L2),Bacterial,35.18950952125582,0.925753653049469,0.28231140971183777
D (NLL+SSIM+FFL),Bacterial,33.96168118314522,0.906613826751709,0.3260233998298645
H (PP-VAE),Bacterial,33.45650069238407,0.8981828689575195,0.34773173928260803
DnCNN,Bacterial,33.408548221136925,0.8900445103645325,0.3207358121871948
SCUNet,Bacterial,35.33639829050995,0.9277459979057312,0.2694118022918701
A (L2),Bacterial,33.886383852828104,0.92778080701828,0.22002115845680237
D (NLL+SSIM+FFL),Bacterial,32.96801135722688,0.9124662280082703,0.24735520780086517
H (PP-VAE),Bacterial,32.379266503539284,0.9008103609085083,0.27123260498046875
DnCNN,Bacterial,32.42467704341411,0.8956134915351868,0.2592361271381378
SCUNet,Bacterial,34.04894914046061,0.9305827021598816,0.2176113724708557
A (L2),Bacterial,36.04939043235849,0.9376364350318909,0.22495275735855103
D (NLL+SSIM+FFL),Bacterial,34.7324817785677,0.9200523495674133,0.27433282136917114
H (PP-VAE),Bacterial,34.028945337727436,0.9101678133010864,0.3073437809944153
DnCNN,Bacterial,33.9370619196596,0.9007454514503479,0.2982652187347412
SCUNet,Bacterial,36.145523969994166,0.9379581212997437,0.22026771306991577
A (L2),Bacterial,32.370497912955855,0.9060837030410767,0.22424033284187317
D (NLL+SSIM+FFL),Bacterial,31.563360861470926,0.8872531652450562,0.2684110403060913
H (PP-VAE),Bacterial,31.09646083995424,0.8729273080825806,0.2898004651069641
DnCNN,Bacterial,31.02145028096615,0.8652849793434143,0.27575141191482544
SCUNet,Bacterial,32.66216064930421,0.9099652767181396,0.21330046653747559
A (L2),Bacterial,35.39111708727773,0.9334050416946411,0.26784759759902954
D (NLL+SSIM+FFL),Bacterial,34.16680054101197,0.91628098487854,0.3134901821613312
H (PP-VAE),Bacterial,33.54610685273273,0.9057132005691528,0.3480531573295593
DnCNN,Bacterial,33.5493820579645,0.8993569612503052,0.29471662640571594
SCUNet,Bacterial,35.452106885164476,0.9331995248794556,0.2624439299106598
A (L2),Bacterial,33.828327404705014,0.9113809466362,0.20538096129894257
D (NLL+SSIM+FFL),Bacterial,32.8002945679585,0.8950631618499756,0.22031493484973907
H (PP-VAE),Bacterial,32.26997207946763,0.8866074085235596,0.22931966185569763
DnCNN,Bacterial,32.1962614303689,0.8788524866104126,0.21956446766853333
SCUNet,Bacterial,33.85361795961467,0.9123479127883911,0.20470799505710602
A (L2),Bacterial,34.283793635352524,0.9085260629653931,0.24606645107269287
D (NLL+SSIM+FFL),Bacterial,33.43125934728124,0.8905781507492065,0.2935427129268646
H (PP-VAE),Bacterial,32.901134565613866,0.8784995675086975,0.31869053840637207
DnCNN,Bacterial,32.99471930226026,0.8751963973045349,0.30819401144981384
SCUNet,Bacterial,34.50959726930945,0.9118983745574951,0.23596328496932983
A (L2),Bacterial,33.429929605591305,0.9054075479507446,0.20697247982025146
D (NLL+SSIM+FFL),Bacterial,32.34354068573641,0.8846452236175537,0.23337256908416748
H (PP-VAE),Bacterial,31.786312803088414,0.8693455457687378,0.25899386405944824
DnCNN,Bacterial,31.80114456164166,0.8651522397994995,0.26176369190216064
SCUNet,Bacterial,33.5578699398964,0.906748354434967,0.20317551493644714
A (L2),Bacterial,32.573620821766454,0.8941777944564819,0.19278079271316528
D (NLL+SSIM+FFL),Bacterial,31.222364784307345,0.8652284145355225,0.22902163863182068
H (PP-VAE),Bacterial,30.41529932405372,0.8455824851989746,0.27183687686920166
DnCNN,Bacterial,30.577623718552204,0.8426890969276428,0.2635107636451721
SCUNet,Bacterial,32.57241803885715,0.8952569961547852,0.1907898187637329
A (L2),Bacterial,35.012361642214515,0.927761971950531,0.2240201234817505
D (NLL+SSIM+FFL),Bacterial,33.76866772425312,0.9077516198158264,0.2742265462875366
H (PP-VAE),Bacterial,33.024983485703416,0.8944393992424011,0.31066325306892395
DnCNN,Bacterial,33.02402378468996,0.8891953229904175,0.3077918291091919
SCUNet,Bacterial,35.20476226121148,0.9313530921936035,0.2130003273487091
A (L2),Bacterial,34.018914903444994,0.9012190103530884,0.3152802288532257
D (NLL+SSIM+FFL),Bacterial,32.81048813760608,0.8764311671257019,0.36588335037231445
H (PP-VAE),Bacterial,32.2093563346331,0.8622196912765503,0.3948134779930115
DnCNN,Bacterial,32.36127760019724,0.8613077402114868,0.3467687964439392
SCUNet,Bacterial,34.118035052447865,0.9024020433425903,0.30882498621940613
A (L2),Bacterial,34.989467212206094,0.9224170446395874,0.2450149804353714
D (NLL+SSIM+FFL),Bacterial,33.900105417829145,0.9055321216583252,0.2952813506126404
H (PP-VAE),Bacterial,33.15493726223033,0.8929497599601746,0.3346731662750244
DnCNN,Bacterial,33.21872199599402,0.8866680860519409,0.3167304992675781
SCUNet,Bacterial,34.99867611666674,0.921872615814209,0.23255687952041626
A (L2),Bacterial,33.94059597070927,0.9124007225036621,0.2276584804058075
D (NLL+SSIM+FFL),Bacterial,32.82134653748609,0.8920669555664062,0.2873227894306183
H (PP-VAE),Bacterial,32.069094078715075,0.8761825561523438,0.33748018741607666
DnCNN,Bacterial,32.229180933931055,0.8745036125183105,0.3145837187767029
SCUNet,Bacterial,34.11682258551067,0.9155116081237793,0.22179722785949707
A (L2),Bacterial,34.66213984777501,0.9275290369987488,0.24782386422157288
D (NLL+SSIM+FFL),Bacterial,33.30870178046057,0.9108239412307739,0.3017439842224121
H (PP-VAE),Bacterial,32.78330773099232,0.8989299535751343,0.34219902753829956
DnCNN,Bacterial,32.76204543119868,0.8914233446121216,0.3276403546333313
SCUNet,Bacterial,34.83000345874623,0.9285252094268799,0.2413022816181183
A (L2),Bacterial,33.05247503903751,0.9112691879272461,0.2533709704875946
D (NLL+SSIM+FFL),Bacterial,32.14576898750228,0.8952829241752625,0.29674091935157776
H (PP-VAE),Bacterial,31.582426622576243,0.8824244141578674,0.3128119111061096
DnCNN,Bacterial,31.66050518018116,0.8768206238746643,0.32497572898864746
SCUNet,Bacterial,33.25616174029325,0.914283812046051,0.24495187401771545
A (L2),Bacterial,34.433322906352295,0.9318264722824097,0.24717499315738678
D (NLL+SSIM+FFL),Bacterial,33.43264828290482,0.9180248975753784,0.3066624701023102
H (PP-VAE),Bacterial,32.88500336078886,0.9072172045707703,0.3391238749027252
DnCNN,Bacterial,32.72907665042383,0.8970504999160767,0.3317027986049652
SCUNet,Bacterial,34.62145285958509,0.9332634210586548,0.2414158135652542
A (L2),Bacterial,33.39760943716739,0.8994140625,0.19841372966766357
D (NLL+SSIM+FFL),Bacterial,32.74011368084804,0.8861370086669922,0.2261323630809784
H (PP-VAE),Bacterial,32.15199371065927,0.8699579238891602,0.2525705099105835
DnCNN,Bacterial,32.152633563637536,0.8667421936988831,0.2546762228012085
SCUNet,Bacterial,33.55724255016702,0.9037288427352905,0.19312070310115814
A (L2),Bacterial,34.28201256888663,0.9149904251098633,0.25394877791404724
D (NLL+SSIM+FFL),Bacterial,33.481240688436834,0.9001568555831909,0.28526580333709717
H (PP-VAE),Bacterial,32.88216412858198,0.8897088766098022,0.3092251121997833
DnCNN,Bacterial,32.749941575773356,0.8811401724815369,0.29717472195625305
SCUNet,Bacterial,34.34167902821697,0.9158152937889099,0.24906906485557556
A (L2),Bacterial,35.15126749850513,0.9322896003723145,0.2444535344839096
D (NLL+SSIM+FFL),Bacterial,33.9308797889789,0.9166086316108704,0.2886130213737488
H (PP-VAE),Bacterial,33.2790407923919,0.9079898595809937,0.3144139051437378
DnCNN,Bacterial,33.26579873978445,0.8986281156539917,0.31148090958595276
SCUNet,Bacterial,35.25789845136674,0.9338119029998779,0.23373205959796906
A (L2),Bacterial,32.414781696630556,0.8937150835990906,0.20287033915519714
D (NLL+SSIM+FFL),Bacterial,31.468598694724857,0.8730434775352478,0.23492953181266785
H (PP-VAE),Bacterial,30.90410529240254,0.8589725494384766,0.2620173692703247
DnCNN,Bacterial,30.97246020575005,0.8541269898414612,0.24405232071876526
SCUNet,Bacterial,32.577389045895046,0.8978343605995178,0.19819018244743347
A (L2),Bacterial,34.10967405650692,0.9167419075965881,0.23718057572841644
D (NLL+SSIM+FFL),Bacterial,33.02460049290383,0.8995459079742432,0.29088279604911804
H (PP-VAE),Bacterial,32.46491484660475,0.8887302279472351,0.31235718727111816
DnCNN,Bacterial,32.399688038522086,0.8820124268531799,0.3323439955711365
SCUNet,Bacterial,34.20603068157351,0.9188525080680847,0.22889018058776855
A (L2),Bacterial,32.77585743241032,0.8949041962623596,0.22624471783638
D (NLL+SSIM+FFL),Bacterial,31.953484851647303,0.8768897652626038,0.2702244520187378
H (PP-VAE),Bacterial,31.344975377180514,0.8601420521736145,0.31335437297821045
DnCNN,Bacterial,31.54386007237961,0.8600875735282898,0.2895035147666931
SCUNet,Bacterial,32.9481196579217,0.8981251120567322,0.22190821170806885
A (L2),Bacterial,32.29047646344628,0.8966643810272217,0.19311663508415222
D (NLL+SSIM+FFL),Bacterial,31.501424252585895,0.8790936470031738,0.2276979684829712
H (PP-VAE),Bacterial,31.08136471189257,0.8703981041908264,0.24546869099140167
DnCNN,Bacterial,31.110038965214642,0.8647027611732483,0.24224233627319336
SCUNet,Bacterial,32.33260056926849,0.897891104221344,0.1939897984266281
A (L2),Bacterial,32.18695074502829,0.8832977414131165,0.22765237092971802
D (NLL+SSIM+FFL),Bacterial,31.341044719110304,0.8616915345191956,0.25648245215415955
H (PP-VAE),Bacterial,30.831890122395514,0.848313570022583,0.284390926361084
DnCNN,Bacterial,30.951426544151065,0.8466408252716064,0.2659248113632202
SCUNet,Bacterial,32.34262018848554,0.8867043852806091,0.22205476462841034
A (L2),Bacterial,34.95459057822443,0.930130124092102,0.21740645170211792
D (NLL+SSIM+FFL),Bacterial,33.96490589548678,0.9142608642578125,0.26107946038246155
H (PP-VAE),Bacterial,33.420972610369034,0.9039300084114075,0.2920224666595459
DnCNN,Bacterial,33.09063502714122,0.8903095126152039,0.3115503489971161
SCUNet,Bacterial,35.0170644327494,0.9300801753997803,0.21280325949192047
A (L2),Bacterial,35.332167818489694,0.9373903870582581,0.20336028933525085
D (NLL+SSIM+FFL),Bacterial,33.892115776457615,0.9166011810302734,0.2501623034477234
H (PP-VAE),Bacterial,33.27328709247358,0.9044528007507324,0.2795655131340027
DnCNN,Bacterial,33.087893901483625,0.8947188854217529,0.2827516198158264
SCUNet,Bacterial,35.35586659688025,0.9372507333755493,0.1981547623872757
A (L2),Bacterial,33.49703195253451,0.9197459816932678,0.16369302570819855
D (NLL+SSIM+FFL),Bacterial,32.503382008483264,0.9044216275215149,0.183406263589859
H (PP-VAE),Bacterial,31.854352384906313,0.8923295736312866,0.19852818548679352
DnCNN,Bacterial,31.86001185799896,0.8854082226753235,0.20102794468402863
SCUNet,Bacterial,33.59539147515912,0.9208712577819824,0.16163860261440277
A (L2),Bacterial,32.27809473060384,0.8822920322418213,0.23837214708328247
D (NLL+SSIM+FFL),Bacterial,31.532968229476257,0.8665285110473633,0.2640555799007416
H (PP-VAE),Bacterial,31.073051692582425,0.855017364025116,0.28240281343460083
DnCNN,Bacterial,31.034672034385785,0.846750020980835,0.26863983273506165
SCUNet,Bacterial,32.39901688316873,0.8853011727333069,0.23444914817810059
A (L2),Bacterial,34.45648018597427,0.9102068543434143,0.22434043884277344
D (NLL+SSIM+FFL),Bacterial,33.54945647112278,0.8926478028297424,0.25841328501701355
H (PP-VAE),Bacterial,32.95161234105232,0.8788073062896729,0.29848647117614746
DnCNN,Bacterial,33.010362443390065,0.8720197081565857,0.28637200593948364
SCUNet,Bacterial,34.59233247065222,0.9127030372619629,0.22122344374656677
A (L2),Bacterial,32.69604820911549,0.89345383644104,0.31383198499679565
D (NLL+SSIM+FFL),Bacterial,32.06772937245749,0.8791263103485107,0.3560634255409241
H (PP-VAE),Bacterial,31.724088411493053,0.8701474070549011,0.37015923857688904
DnCNN,Bacterial,31.618183085187944,0.8637340664863586,0.3537433445453644
SCUNet,Bacterial,32.800701157957036,0.8955420851707458,0.3037720322608948
A (L2),Bacterial,34.85781831797413,0.9237375855445862,0.24685093760490417
D (NLL+SSIM+FFL),Bacterial,33.587972186003306,0.9043703079223633,0.31632035970687866
H (PP-VAE),Bacterial,32.97373396327022,0.8924681544303894,0.3476962447166443
DnCNN,Bacterial,33.1216586347471,0.8881378769874573,0.3165823221206665
SCUNet,Bacterial,35.04814449467749,0.9267122149467468,0.23909685015678406
A (L2),Bacterial,34.93050800120167,0.9140480756759644,0.2683544158935547
D (NLL+SSIM+FFL),Bacterial,33.68308795664526,0.8918520212173462,0.3236531615257263
H (PP-VAE),Bacterial,33.02154790372132,0.8777196407318115,0.3719775080680847
DnCNN,Bacterial,33.00138784788879,0.871068000793457,0.33787477016448975
SCUNet,Bacterial,34.9813968020753,0.9156978130340576,0.2641053795814514
A (L2),Bacterial,34.99022128004067,0.9299030303955078,0.23322081565856934
D (NLL+SSIM+FFL),Bacterial,33.85069873315849,0.9138618111610413,0.2988104820251465
H (PP-VAE),Bacterial,33.33278977508715,0.9034294486045837,0.3287198841571808
DnCNN,Bacterial,33.28428512572819,0.8953549861907959,0.31273895502090454
SCUNet,Bacterial,35.162407356725936,0.9317197203636169,0.2291591316461563
A (L2),Bacterial,34.54683815040348,0.9237366914749146,0.22601547837257385
D (NLL+SSIM+FFL),Bacterial,33.516508556536905,0.9067256450653076,0.29337674379348755
H (PP-VAE),Bacterial,33.07932848735413,0.8984330892562866,0.32384052872657776
DnCNN,Bacterial,33.080283533703124,0.890788197517395,0.3131656050682068
SCUNet,Bacterial,34.562858082949546,0.926040768623352,0.2139912247657776
A (L2),Bacterial,32.82567715961867,0.8768625855445862,0.25459885597229004
D (NLL+SSIM+FFL),Bacterial,31.777596347308943,0.8477631211280823,0.31432634592056274
H (PP-VAE),Bacterial,31.303532221853366,0.8319056034088135,0.3516542315483093
DnCNN,Bacterial,31.20630608591442,0.8278471231460571,0.33685746788978577
SCUNet,Bacterial,32.92548815522362,0.8790110349655151,0.2468147873878479
A (L2),Bacterial,36.24217476007479,0.9243244528770447,0.28015995025634766
D (NLL+SSIM+FFL),Bacterial,35.07079455814932,0.9086136221885681,0.33580121397972107
H (PP-VAE),Bacterial,34.63297695152539,0.9005151391029358,0.3617843687534332
DnCNN,Bacterial,34.39876536749613,0.8923165202140808,0.33636897802352905
SCUNet,Bacterial,36.3933466007571,0.9263873100280762,0.2695479989051819
A (L2),Bacterial,35.152624367765895,0.9147248864173889,0.30508577823638916
D (NLL+SSIM+FFL),Bacterial,34.34720158624101,0.9029203653335571,0.34460437297821045
H (PP-VAE),Bacterial,33.77320050126407,0.8934923410415649,0.3768351078033447
DnCNN,Bacterial,33.66913237902727,0.8869860768318176,0.34006571769714355
SCUNet,Bacterial,35.23409913930628,0.9156938791275024,0.29471343755722046
A (L2),Bacterial,33.25811772659816,0.905383825302124,0.25755587220191956
D (NLL+SSIM+FFL),Bacterial,32.40292535970075,0.8868474364280701,0.306620717048645
H (PP-VAE),Bacterial,31.858582142952706,0.8745915293693542,0.33773431181907654
DnCNN,Bacterial,31.992340988513426,0.8725038170814514,0.3259693682193756
SCUNet,Bacterial,33.30224702951679,0.906597912311554,0.2500303089618683
A (L2),Bacterial,34.21545382620428,0.9159057140350342,0.20507457852363586
D (NLL+SSIM+FFL),Bacterial,32.925366188240105,0.8917908668518066,0.27917560935020447
H (PP-VAE),Bacterial,32.10016131910092,0.8695812225341797,0.3322875201702118
DnCNN,Bacterial,32.176468524622194,0.8685698509216309,0.31094086170196533
SCUNet,Bacterial,34.31968814513597,0.9182630181312561,0.2047022134065628
A (L2),Bacterial,32.415869729922626,0.8811153173446655,0.24408310651779175
D (NLL+SSIM+FFL),Bacterial,31.68095870208113,0.8648301959037781,0.25863173604011536
H (PP-VAE),Bacterial,31.195753696349904,0.8529985547065735,0.2792739272117615
DnCNN,Bacterial,31.13369285442037,0.8467200398445129,0.2658518850803375
SCUNet,Bacterial,32.44851685077234,0.8808984756469727,0.2414552867412567
A (L2),Bacterial,35.34519401663968,0.9256118535995483,0.2570653557777405
D (NLL+SSIM+FFL),Bacterial,34.17883502811458,0.9085685610771179,0.3290780782699585
H (PP-VAE),Bacterial,33.65666811434767,0.900999903678894,0.3475738763809204
DnCNN,Bacterial,33.59683999225687,0.8913407921791077,0.3457856774330139
SCUNet,Bacterial,35.45932948884149,0.9275102019309998,0.2538028061389923
A (L2),Bacterial,34.621990674317914,0.9280322790145874,0.2300945520401001
D (NLL+SSIM+FFL),Bacterial,33.08160162679692,0.9097204804420471,0.2824116349220276
H (PP-VAE),Bacterial,32.4931012405003,0.8992399573326111,0.3116931617259979
DnCNN,Bacterial,32.69165459588707,0.8944215774536133,0.29696136713027954
SCUNet,Bacterial,34.79952658974584,0.9297440052032471,0.2263067066669464
A (L2),Bacterial,34.279106011552514,0.913764238357544,0.2466496229171753
D (NLL+SSIM+FFL),Bacterial,33.08653633608559,0.895552396774292,0.29531264305114746
H (PP-VAE),Bacterial,32.66135577256118,0.8870834112167358,0.3261203169822693
DnCNN,Bacterial,32.5893805409094,0.8784586787223816,0.33537495136260986
SCUNet,Bacterial,34.444752803571916,0.9163646697998047,0.2418322116136551
A (L2),Bacterial,33.429655353504124,0.8917367458343506,0.27253401279449463
D (NLL+SSIM+FFL),Bacterial,32.937650972304986,0.8807251453399658,0.29024115204811096
H (PP-VAE),Bacterial,32.721540380031385,0.873779833316803,0.3008437752723694
DnCNN,Bacterial,32.56095324950802,0.8686196804046631,0.28738075494766235
SCUNet,Bacterial,33.49817507068919,0.895068883895874,0.261180579662323
A (L2),Bacterial,36.5507202655534,0.945130467414856,0.2095268815755844
D (NLL+SSIM+FFL),Bacterial,35.29302269059868,0.9279351234436035,0.2804466485977173
H (PP-VAE),Bacterial,34.58212940192551,0.9181191325187683,0.319918692111969
DnCNN,Bacterial,34.29688123537658,0.9097145795822144,0.30311644077301025
SCUNet,Bacterial,36.61201470265025,0.945186197757721,0.21007011830806732
A (L2),Bacterial,33.87033114677393,0.9174617528915405,0.24582047760486603
D (NLL+SSIM+FFL),Bacterial,32.976203294562744,0.9017152190208435,0.29307690262794495
H (PP-VAE),Bacterial,32.31432497422175,0.8902521729469299,0.32689839601516724
DnCNN,Bacterial,32.331425521829274,0.8842617869377136,0.3264539837837219
SCUNet,Bacterial,33.87587004471657,0.9167123436927795,0.2473500370979309
A (L2),Bacterial,34.3043735233538,0.9205664992332458,0.2243048995733261
D (NLL+SSIM+FFL),Bacterial,33.40915116700474,0.9058510661125183,0.26602083444595337
H (PP-VAE),Bacterial,32.76090150338954,0.8935829997062683,0.2982408404350281
DnCNN,Bacterial,32.81030562370554,0.8880571126937866,0.30191177129745483
SCUNet,Bacterial,34.373192376124194,0.9215155243873596,0.22114309668540955
A (L2),Bacterial,33.35590993386671,0.9045213460922241,0.22334334254264832
D (NLL+SSIM+FFL),Bacterial,32.518051450744075,0.8882142901420593,0.2608964145183563
H (PP-VAE),Bacterial,31.9112786195179,0.8747810125350952,0.2881113290786743
DnCNN,Bacterial,32.01158404118964,0.8715579509735107,0.2617475986480713
SCUNet,Bacterial,33.432439607783216,0.9058022499084473,0.21990834176540375
A (L2),Bacterial,32.356247246634695,0.8809627890586853,0.23094072937965393
D (NLL+SSIM+FFL),Bacterial,31.524520429055332,0.8615533113479614,0.2603139877319336
H (PP-VAE),Bacterial,30.9760420996076,0.8463452458381653,0.2772443890571594
DnCNN,Bacterial,30.988737581243868,0.8411341905593872,0.26324591040611267
SCUNet,Bacterial,32.45854021057141,0.8831632733345032,0.22472485899925232
A (L2),Bacterial,33.91273888443096,0.9056851267814636,0.2595287263393402
D (NLL+SSIM+FFL),Bacterial,32.93080795814021,0.8851401805877686,0.30023324489593506
H (PP-VAE),Bacterial,32.508791208131804,0.8754341006278992,0.3348003029823303
DnCNN,Bacterial,32.53821520111079,0.8705527186393738,0.3087559938430786
SCUNet,Bacterial,34.047801067516524,0.9084271192550659,0.247033953666687
A (L2),Bacterial,34.93397642149711,0.9216782450675964,0.250710666179657
D (NLL+SSIM+FFL),Bacterial,33.84337631858089,0.9010576009750366,0.31061407923698425
H (PP-VAE),Bacterial,33.18903310785201,0.8885698318481445,0.3364928364753723
DnCNN,Bacterial,33.29602026857491,0.8829734325408936,0.31300830841064453
SCUNet,Bacterial,35.08949878604974,0.9252325892448425,0.23561623692512512
A (L2),Bacterial,32.30203708024102,0.8800677061080933,0.2182728350162506
D (NLL+SSIM+FFL),Bacterial,31.570106101416503,0.8588014245033264,0.24579578638076782
H (PP-VAE),Bacterial,31.11347060202558,0.8457571864128113,0.2590200901031494
DnCNN,Bacterial,31.10310690410906,0.8397682905197144,0.2545197904109955
SCUNet,Bacterial,32.44203181552686,0.8831407427787781,0.21392425894737244
A (L2),Bacterial,35.633097061735064,0.9301993250846863,0.259884238243103
D (NLL+SSIM+FFL),Bacterial,34.577027414633775,0.9164921045303345,0.3088042736053467
H (PP-VAE),Bacterial,33.87489637922551,0.9067242741584778,0.3463084101676941
DnCNN,Bacterial,33.849024124833164,0.8994659185409546,0.3245754837989807
SCUNet,Bacterial,35.78008196691894,0.9320436120033264,0.25492578744888306
A (L2),Bacterial,34.47519563650558,0.9175687432289124,0.2704828083515167
D (NLL+SSIM+FFL),Bacterial,33.34433392314044,0.897347092628479,0.33909377455711365
H (PP-VAE),Bacterial,32.803283218257576,0.8874180316925049,0.365040123462677
DnCNN,Bacterial,32.87866404770482,0.8816185593605042,0.32563960552215576
SCUNet,Bacterial,34.58104805801686,0.9190670847892761,0.2638455629348755
A (L2),Bacterial,36.42444665640046,0.9403807520866394,0.24406549334526062
D (NLL+SSIM+FFL),Bacterial,35.027332319389714,0.922130823135376,0.3134017884731293
H (PP-VAE),Bacterial,34.441992246783315,0.9130820631980896,0.3428313732147217
DnCNN,Bacterial,34.331461514032206,0.9056286811828613,0.3106335997581482
SCUNet,Bacterial,36.432900597334864,0.940753698348999,0.23797208070755005
A (L2),Bacterial,34.78307882523781,0.909569501876831,0.23599311709403992
D (NLL+SSIM+FFL),Bacterial,33.756426088903396,0.8911338448524475,0.27264779806137085
H (PP-VAE),Bacterial,33.290978023634324,0.8798472881317139,0.28742122650146484
DnCNN,Bacterial,33.22773025485163,0.8754504919052124,0.28143125772476196
SCUNet,Bacterial,34.81232715572844,0.9101038575172424,0.23502381145954132
A (L2),Bacterial,35.66942478419496,0.9274515509605408,0.21362975239753723
D (NLL+SSIM+FFL),Bacterial,34.4204121162693,0.9076235294342041,0.2623491883277893
H (PP-VAE),Bacterial,33.51376442436056,0.8887048959732056,0.32490038871765137
DnCNN,Bacterial,33.585073172851295,0.8874677419662476,0.2869311571121216
SCUNet,Bacterial,35.78652241473499,0.9292481541633606,0.2076534777879715
A (L2),Bacterial,34.56000663946731,0.9173329472541809,0.17621463537216187
D (NLL+SSIM+FFL),Bacterial,33.24576752786372,0.8942233920097351,0.2206728458404541
H (PP-VAE),Bacterial,32.40413970273145,0.8774451017379761,0.26902657747268677
DnCNN,Bacterial,32.62372992264353,0.8773549795150757,0.2418438196182251
SCUNet,Bacterial,34.7149340513092,0.9192173480987549,0.16644302010536194
A (L2),Bacterial,34.94619144237456,0.9291732311248779,0.20925834774971008
D (NLL+SSIM+FFL),Bacterial,33.657365781069004,0.9082431793212891,0.27114349603652954
H (PP-VAE),Bacterial,32.763028227494985,0.8892399668693542,0.32440173625946045
DnCNN,Bacterial,32.92753185957672,0.8902867436408997,0.3126106560230255
SCUNet,Bacterial,35.15732908990466,0.9317106604576111,0.20391401648521423
A (L2),Bacterial,34.66860330734486,0.9208688735961914,0.20506227016448975
D (NLL+SSIM+FFL),Bacterial,33.215209248830746,0.8980870842933655,0.2785753011703491
H (PP-VAE),Bacterial,32.30777820031692,0.8779900670051575,0.3415853679180145
DnCNN,Bacterial,32.335679169807,0.8731271028518677,0.3373512625694275
SCUNet,Bacterial,34.75939079701736,0.9224726557731628,0.20456787943840027
A (L2),Bacterial,33.67671738444176,0.9077989459037781,0.24702560901641846
D (NLL+SSIM+FFL),Bacterial,32.90482995698563,0.8889056444168091,0.3139941692352295
H (PP-VAE),Bacterial,32.412786648549826,0.8764184713363647,0.3396798372268677
DnCNN,Bacterial,32.43116008951113,0.8736716508865356,0.3412853181362152
SCUNet,Bacterial,33.85967440570204,0.9106140732765198,0.23921817541122437
A (L2),Bacterial,34.58329489771563,0.9228024482727051,0.23959381878376007
D (NLL+SSIM+FFL),Bacterial,33.546461490157995,0.9042946100234985,0.3236389458179474
H (PP-VAE),Bacterial,32.84664979296979,0.8904340267181396,0.363874614238739
DnCNN,Bacterial,32.902463991934106,0.8862911462783813,0.3678489923477173
SCUNet,Bacterial,34.76360817373027,0.925667941570282,0.23130348324775696
A (L2),Bacterial,34.731868479746375,0.9237069487571716,0.24532312154769897
D (NLL+SSIM+FFL),Bacterial,33.42766928296814,0.9000154137611389,0.3279489278793335
H (PP-VAE),Bacterial,32.763026317082364,0.887575089931488,0.3619343042373657
DnCNN,Bacterial,32.790229158009446,0.8835570812225342,0.36792105436325073
SCUNet,Bacterial,34.76210644373539,0.9243286848068237,0.23620657622814178
A (L2),Bacterial,35.44932448394987,0.9253426790237427,0.2575639486312866
D (NLL+SSIM+FFL),Bacterial,34.252250765523954,0.9038211107254028,0.31420981884002686
H (PP-VAE),Bacterial,33.69500741577204,0.8917624354362488,0.340049147605896
DnCNN,Bacterial,33.39846572472574,0.8854449987411499,0.3239341974258423
SCUNet,Bacterial,35.60241997855837,0.9270179271697998,0.2530266046524048
A (L2),Bacterial,37.25222767423102,0.9490569233894348,0.25077423453330994
D (NLL+SSIM+FFL),Bacterial,35.58492678197402,0.9308902621269226,0.333221971988678
H (PP-VAE),Bacterial,35.050375604032936,0.9244296550750732,0.35743069648742676
DnCNN,Bacterial,34.83991695445535,0.9128311276435852,0.3552495837211609
SCUNet,Bacterial,37.321094733826826,0.9490497708320618,0.25198233127593994
A (L2),Bacterial,36.32572534766262,0.9322128891944885,0.3073045611381531
D (NLL+SSIM+FFL),Bacterial,35.14963137505562,0.9173437356948853,0.3810211718082428
H (PP-VAE),Bacterial,34.64199052370035,0.9100790023803711,0.39630597829818726
DnCNN,Bacterial,34.453991674175796,0.9003134965896606,0.3764150142669678
SCUNet,Bacterial,36.69673975284483,0.9372472167015076,0.2985565662384033
A (L2),Bacterial,35.358120936723125,0.9246771931648254,0.2884696125984192
D (NLL+SSIM+FFL),Bacterial,34.50497202237219,0.9084275960922241,0.367476224899292
H (PP-VAE),Bacterial,34.00748761450278,0.9009796380996704,0.3870692849159241
DnCNN,Bacterial,33.77572946683042,0.8903533220291138,0.3705745339393616
SCUNet,Bacterial,35.52855996305658,0.9271484017372131,0.2840825319290161
A (L2),Bacterial,33.13325653480132,0.8953307867050171,0.2248241901397705
D (NLL+SSIM+FFL),Bacterial,32.15896247756503,0.8694396018981934,0.26023730635643005
H (PP-VAE),Bacterial,31.635889728589184,0.856001079082489,0.2893652021884918
DnCNN,Bacterial,31.73763378016902,0.8535753488540649,0.2707224488258362
SCUNet,Bacterial,33.23173727084871,0.8973278999328613,0.2190828025341034
A (L2),Bacterial,35.79514344283618,0.9381727576255798,0.2316400706768036
D (NLL+SSIM+FFL),Bacterial,34.621823607569624,0.9222990274429321,0.28358280658721924
H (PP-VAE),Bacterial,33.902118319639165,0.910987377166748,0.30697518587112427
DnCNN,Bacterial,34.01383940305991,0.9054783582687378,0.29928189516067505
SCUNet,Bacterial,35.88587256042175,0.9396836757659912,0.22732645273208618
A (L2),Bacterial,35.94425632942337,0.9304929971694946,0.2700936496257782
D (NLL+SSIM+FFL),Bacterial,34.62842176501405,0.9145678281784058,0.340749055147171
H (PP-VAE),Bacterial,34.04231403066531,0.9050219058990479,0.37362197041511536
DnCNN,Bacterial,34.09715795849201,0.9001180529594421,0.34315037727355957
SCUNet,Bacterial,36.025043546579276,0.932272732257843,0.2624994218349457
A (L2),Bacterial,35.43780061989238,0.9293692111968994,0.23526811599731445
D (NLL+SSIM+FFL),Bacterial,34.46500297615928,0.913506805896759,0.2877572178840637
H (PP-VAE),Bacterial,33.73454498590126,0.9021263122558594,0.3200479745864868
DnCNN,Bacterial,33.5372654421772,0.8917088508605957,0.30937910079956055
SCUNet,Bacterial,35.49338874678153,0.9296467900276184,0.2335897833108902
A (L2),Bacterial,33.938522900597064,0.9023903012275696,0.2694145143032074
D (NLL+SSIM+FFL),Bacterial,32.83591986607588,0.8801285624504089,0.32120275497436523
H (PP-VAE),Bacterial,32.147758618512526,0.8663325905799866,0.3598771095275879
DnCNN,Bacterial,32.223700473996765,0.8643345236778259,0.32851698994636536
SCUNet,Bacterial,34.112119773793296,0.9047083258628845,0.2664755582809448
A (L2),Bacterial,34.67997933172064,0.9211640357971191,0.2325183004140854
D (NLL+SSIM+FFL),Bacterial,33.72672930569443,0.9085046648979187,0.27900785207748413
H (PP-VAE),Bacterial,32.92221804742155,0.8947633504867554,0.32238584756851196
DnCNN,Bacterial,33.042184964533796,0.893263578414917,0.2930530309677124
SCUNet,Bacterial,34.8743226480861,0.9237255454063416,0.2266213297843933
A (L2),Bacterial,33.84102344649239,0.9188887476921082,0.23207932710647583
D (NLL+SSIM+FFL),Bacterial,32.94907070572417,0.9035969972610474,0.2775737941265106
H (PP-VAE),Bacterial,32.35490404896376,0.8941857218742371,0.2927636504173279
DnCNN,Bacterial,32.52001823086562,0.8907800912857056,0.2827281355857849
SCUNet,Bacterial,33.88850087416464,0.9200991988182068,0.22274479269981384
A (L2),Bacterial,33.26516282748384,0.9086858034133911,0.17217642068862915
D (NLL+SSIM+FFL),Bacterial,32.328981300113725,0.890744686126709,0.19801774621009827
H (PP-VAE),Bacterial,31.805274521328492,0.8780156970024109,0.22241418063640594
DnCNN,Bacterial,31.848273125550666,0.8739708065986633,0.2215415984392166
SCUNet,Bacterial,33.39982568384725,0.9126784205436707,0.17055962979793549
A (L2),Bacterial,36.08169924584351,0.9266389608383179,0.20967400074005127
D (NLL+SSIM+FFL),Bacterial,34.717308180360924,0.9060208201408386,0.2705576419830322
H (PP-VAE),Bacterial,34.05612504819689,0.893741250038147,0.3132164180278778
DnCNN,Bacterial,33.887960924862725,0.8848616480827332,0.3101039528846741
SCUNet,Bacterial,36.2605923392359,0.9300857186317444,0.2027990072965622
A (L2),Bacterial,33.03143958562817,0.8914259076118469,0.25863081216812134
D (NLL+SSIM+FFL),Bacterial,32.083811526805725,0.8719285130500793,0.31325292587280273
H (PP-VAE),Bacterial,31.407568717895522,0.856837809085846,0.35631585121154785
DnCNN,Bacterial,31.63103875936171,0.8574663996696472,0.31347930431365967
SCUNet,Bacterial,33.24228991146411,0.8957447409629822,0.2530372738838196
A (L2),Bacterial,34.455456120111,0.9115246534347534,0.2588880658149719
D (NLL+SSIM+FFL),Bacterial,33.3949990509633,0.894108772277832,0.31442487239837646
H (PP-VAE),Bacterial,32.75947726655339,0.8814526796340942,0.34305211901664734
DnCNN,Bacterial,32.74326894882151,0.8748908638954163,0.31025707721710205
SCUNet,Bacterial,34.59292419281664,0.9137850403785706,0.2505123019218445
A (L2),Bacterial,33.465056651525046,0.9031690359115601,0.23955920338630676
D (NLL+SSIM+FFL),Bacterial,32.494543995509886,0.8852870464324951,0.28631508350372314
H (PP-VAE),Bacterial,31.849436284065224,0.8702707290649414,0.31800076365470886
DnCNN,Bacterial,31.959743460188314,0.8682457804679871,0.3002021014690399
SCUNet,Bacterial,33.57721490438353,0.9066522717475891,0.2253182828426361
A (L2),Bacterial,33.184247417815385,0.8969168066978455,0.2304498553276062
D (NLL+SSIM+FFL),Bacterial,32.18900118355597,0.8757733106613159,0.2699466347694397
H (PP-VAE),Bacterial,31.620653223846233,0.8607686758041382,0.2981434166431427
DnCNN,Bacterial,31.52945656141914,0.8533721566200256,0.27029022574424744
SCUNet,Bacterial,33.21756048668082,0.8969601392745972,0.23298875987529755
A (L2),Bacterial,35.53916027805356,0.9308429956436157,0.23175035417079926
D (NLL+SSIM+FFL),Bacterial,34.17637890518915,0.914118230342865,0.28351354598999023
H (PP-VAE),Bacterial,33.24330948541214,0.8978613018989563,0.3406437337398529
DnCNN,Bacterial,33.32757904020814,0.8945223093032837,0.3222852945327759
SCUNet,Bacterial,35.65994521434377,0.9318850636482239,0.22970572113990784
A (L2),Bacterial,35.13978751788124,0.9253727197647095,0.24915729463100433
D (NLL+SSIM+FFL),Bacterial,34.36758796905188,0.9114328622817993,0.3006170392036438
H (PP-VAE),Bacterial,33.7673115215334,0.9011539220809937,0.3375355005264282
DnCNN,Bacterial,33.69967783077623,0.8933308124542236,0.31234848499298096
SCUNet,Bacterial,35.33912048953788,0.9277552366256714,0.23859509825706482
A (L2),Bacterial,34.452058403041185,0.9206672310829163,0.24328367412090302
D (NLL+SSIM+FFL),Bacterial,33.547652025283526,0.9050157070159912,0.2665030360221863
H (PP-VAE),Bacterial,32.96968897987264,0.8922889232635498,0.300045907497406
DnCNN,Bacterial,32.99742844007841,0.8873229026794434,0.2751874327659607
SCUNet,Bacterial,34.629085215074184,0.9235051274299622,0.24047397077083588
A (L2),Bacterial,34.996362374637265,0.9214135408401489,0.27501773834228516
D (NLL+SSIM+FFL),Bacterial,33.599138302055984,0.9028069376945496,0.331378698348999
H (PP-VAE),Bacterial,32.97751826974451,0.8928775787353516,0.35215798020362854
DnCNN,Bacterial,33.051778236420006,0.8858942985534668,0.34608927369117737
SCUNet,Bacterial,35.030866085521666,0.9212732315063477,0.266765296459198
A (L2),Bacterial,34.423808257619704,0.9209783673286438,0.2754519283771515
D (NLL+SSIM+FFL),Bacterial,33.38534338322454,0.9050344824790955,0.3207339644432068
H (PP-VAE),Bacterial,33.024603029168894,0.8976220488548279,0.3498093783855438
DnCNN,Bacterial,32.87714771490294,0.8889965415000916,0.33248382806777954
SCUNet,Bacterial,34.62536012615003,0.9229152202606201,0.2689253091812134
A (L2),Bacterial,35.840213116711375,0.925371527671814,0.2750079035758972
D (NLL+SSIM+FFL),Bacterial,34.42270402787966,0.9058209657669067,0.3305724859237671
H (PP-VAE),Bacterial,33.78487435787096,0.8970239758491516,0.3599676489830017
DnCNN,Bacterial,33.82858743251581,0.8921481370925903,0.32352524995803833
SCUNet,Bacterial,35.89347002765026,0.9254640936851501,0.26622527837753296
A (L2),Bacterial,35.477544908888014,0.9260647296905518,0.3130742907524109
D (NLL+SSIM+FFL),Bacterial,34.30675763730519,0.9091203808784485,0.35467958450317383
H (PP-VAE),Bacterial,33.647600726929134,0.8993856906890869,0.36557304859161377
DnCNN,Bacterial,33.72079161222175,0.8956224322319031,0.31628596782684326
SCUNet,Bacterial,35.50508236260648,0.9274405241012573,0.3006850779056549
A (L2),Bacterial,33.6282574830457,0.8876630663871765,0.23828700184822083
D (NLL+SSIM+FFL),Bacterial,32.42875683368198,0.8638451099395752,0.2734825909137726
H (PP-VAE),Bacterial,31.808279691009673,0.848461925983429,0.2992404103279114
DnCNN,Bacterial,31.808147821534753,0.8441144227981567,0.28144678473472595
SCUNet,Bacterial,33.760080176587714,0.8900309205055237,0.2325405776500702
A (L2),Bacterial,33.732044061418456,0.9145379066467285,0.24781440198421478
D (NLL+SSIM+FFL),Bacterial,32.98345390561926,0.898655116558075,0.2925731837749481
H (PP-VAE),Bacterial,32.34845301276096,0.8849171996116638,0.3222525119781494
DnCNN,Bacterial,32.461602040685015,0.8796201348304749,0.3061031699180603
SCUNet,Bacterial,33.917625876882866,0.9171918630599976,0.23781999945640564
A (L2),Bacterial,32.53933778113504,0.8863295912742615,0.2057931125164032
D (NLL+SSIM+FFL),Bacterial,31.66390865410662,0.8681013584136963,0.23339563608169556
H (PP-VAE),Bacterial,31.102948522956403,0.8550291657447815,0.2614717483520508
DnCNN,Bacterial,31.261841218258198,0.8514883518218994,0.24526141583919525
SCUNet,Bacterial,32.645107274549936,0.8881069421768188,0.20415295660495758
A (L2),Bacterial,33.53310994170579,0.9081648588180542,0.2501562535762787
D (NLL+SSIM+FFL),Bacterial,32.67606678321235,0.8921392560005188,0.29739809036254883
H (PP-VAE),Bacterial,32.22254735172859,0.8829038739204407,0.32291892170906067
DnCNN,Bacterial,32.3276754547399,0.876267671585083,0.32343554496765137
SCUNet,Bacterial,33.68916019515584,0.9108989834785461,0.23921513557434082
A (L2),Bacterial,35.59144263648008,0.9330098628997803,0.23616492748260498
D (NLL+SSIM+FFL),Bacterial,34.31031767896274,0.9157399535179138,0.2931841015815735
H (PP-VAE),Bacterial,33.503708257866755,0.9048254489898682,0.3279484510421753
DnCNN,Bacterial,33.67554839671562,0.8981989026069641,0.3115471601486206
SCUNet,Bacterial,35.7302762007768,0.9344866871833801,0.2273356318473816
A (L2),Bacterial,33.73895227849116,0.9205469489097595,0.23907263576984406
D (NLL+SSIM+FFL),Bacterial,32.80520413327813,0.9055169224739075,0.28600436449050903
H (PP-VAE),Bacterial,32.20693319611456,0.8949102163314819,0.3050541579723358
DnCNN,Bacterial,32.30799625285226,0.890346348285675,0.29779407382011414
SCUNet,Bacterial,33.86528036200585,0.922029972076416,0.22979578375816345
A (L2),Bacterial,35.7949356041867,0.9323568344116211,0.2618601620197296
D (NLL+SSIM+FFL),Bacterial,34.54093263217728,0.9173934459686279,0.31909483671188354
H (PP-VAE),Bacterial,33.89510854270242,0.9087343811988831,0.35736262798309326
DnCNN,Bacterial,33.93603752310464,0.8996424674987793,0.3506866991519928
SCUNet,Bacterial,35.799021721554794,0.9328148365020752,0.25540250539779663
A (L2),Bacterial,32.14913668520864,0.8666514158248901,0.2719849646091461
D (NLL+SSIM+FFL),Bacterial,31.356784250190415,0.8481763005256653,0.29370537400245667
H (PP-VAE),Bacterial,30.857780401562664,0.8349698781967163,0.3116105794906616
DnCNN,Bacterial,30.977709089130457,0.8312029242515564,0.29494255781173706
SCUNet,Bacterial,32.31648859847601,0.8717159032821655,0.26726770401000977
A (L2),Bacterial,35.252915372464145,0.9257607460021973,0.2729475498199463
D (NLL+SSIM+FFL),Bacterial,34.17426390293332,0.9098267555236816,0.32987070083618164
H (PP-VAE),Bacterial,33.739055125881386,0.902241587638855,0.3535914719104767
DnCNN,Bacterial,33.573909151599814,0.8935334086418152,0.32505273818969727
SCUNet,Bacterial,35.372270775015146,0.9273318648338318,0.26077720522880554
A (L2),Bacterial,35.52806477253055,0.9404008984565735,0.24989452958106995
D (NLL+SSIM+FFL),Bacterial,34.38387420754652,0.9259757399559021,0.29268142580986023
H (PP-VAE),Bacterial,33.849237555482986,0.9172704815864563,0.3131614625453949
DnCNN,Bacterial,33.836654803406645,0.9095544815063477,0.2907126545906067
SCUNet,Bacterial,35.65735661571487,0.9434641599655151,0.24150869250297546
A (L2),Bacterial,36.33156233886322,0.9411507844924927,0.25146299600601196
D (NLL+SSIM+FFL),Bacterial,34.888044281878564,0.9224425554275513,0.3234931230545044
H (PP-VAE),Bacterial,34.36146627840094,0.9136831760406494,0.35486605763435364
DnCNN,Bacterial,34.06458424467499,0.9028000831604004,0.32861652970314026
SCUNet,Bacterial,36.47418344680415,0.9421955943107605,0.2480107694864273
A (L2),Bacterial,34.55142495370276,0.917421817779541,0.21423815190792084
D (NLL+SSIM+FFL),Bacterial,33.359204725912754,0.8947179913520813,0.2807135581970215
H (PP-VAE),Bacterial,32.544193842932046,0.8755594491958618,0.3226166367530823
DnCNN,Bacterial,32.8614696411029,0.8785136938095093,0.2875555753707886
SCUNet,Bacterial,34.61799748685754,0.9188010692596436,0.2149425446987152
A (L2),Bacterial,34.44528007925111,0.9243208169937134,0.19909623265266418
D (NLL+SSIM+FFL),Bacterial,33.24659412472221,0.9059836268424988,0.2509085237979889
H (PP-VAE),Bacterial,32.27509081429276,0.8870742321014404,0.31354421377182007
DnCNN,Bacterial,32.538751735483416,0.8892713785171509,0.28250136971473694
SCUNet,Bacterial,34.49484132474246,0.9252987504005432,0.19023454189300537
A (L2),Bacterial,33.47187202327983,0.9001350998878479,0.20570209622383118
D (NLL+SSIM+FFL),Bacterial,32.52536093444007,0.8761881589889526,0.24084141850471497
H (PP-VAE),Bacterial,31.769685307435566,0.8557319641113281,0.28891438245773315
DnCNN,Bacterial,31.821513816531294,0.8536472916603088,0.2680397629737854
SCUNet,Bacterial,33.4545608340143,0.9002346396446228,0.2007310390472412
A (L2),Bacterial,35.397179288892254,0.9244449734687805,0.27379006147384644
D (NLL+SSIM+FFL),Bacterial,34.378664069556834,0.9097506999969482,0.3154720664024353
H (PP-VAE),Bacterial,33.75752517510095,0.8998169898986816,0.3492530286312103
DnCNN,Bacterial,33.771408510073265,0.8950376510620117,0.31221359968185425
SCUNet,Bacterial,35.412783101956926,0.9244514107704163,0.26787441968917847
A (L2),Bacterial,34.19509511454331,0.9136547446250916,0.22744765877723694
D (NLL+SSIM+FFL),Bacterial,32.94439772063825,0.8881756663322449,0.2930581867694855
H (PP-VAE),Bacterial,32.2031756978929,0.8690096735954285,0.34752172231674194
DnCNN,Bacterial,32.40074856997651,0.8697052001953125,0.3248753547668457
SCUNet,Bacterial,34.24167126459897,0.9150216579437256,0.21762260794639587
A (L2),Bacterial,35.29760212438653,0.9230773448944092,0.24912980198860168
D (NLL+SSIM+FFL),Bacterial,34.2842410499283,0.9094167351722717,0.3009833097457886
H (PP-VAE),Bacterial,33.65982669909926,0.900905191898346,0.32542887330055237
DnCNN,Bacterial,33.65533206391637,0.8956523537635803,0.3043506145477295
SCUNet,Bacterial,35.23157307216352,0.9231213927268982,0.2503886818885803
A (L2),Bacterial,34.292213430563365,0.9099557399749756,0.2618182301521301
D (NLL+SSIM+FFL),Bacterial,33.30960679662606,0.893531084060669,0.3070039451122284
H (PP-VAE),Bacterial,32.73447375125873,0.8832371830940247,0.3181394040584564
DnCNN,Bacterial,32.88792309568727,0.8800864219665527,0.310160756111145
SCUNet,Bacterial,34.38845275026512,0.9115732908248901,0.26413851976394653
A (L2),Bacterial,34.53790615848375,0.9030311107635498,0.30717721581459045
D (NLL+SSIM+FFL),Bacterial,33.504713762129626,0.8862134218215942,0.3581998348236084
H (PP-VAE),Bacterial,32.97268427088498,0.8777700066566467,0.378309041261673
DnCNN,Bacterial,32.905021421702216,0.8741084933280945,0.3380085229873657
SCUNet,Bacterial,34.575174521220326,0.9035230875015259,0.30647897720336914
A (L2),Bacterial,35.05482385878021,0.9309016466140747,0.1937050223350525
D (NLL+SSIM+FFL),Bacterial,33.67676542369058,0.9075633883476257,0.2830551862716675
H (PP-VAE),Bacterial,32.80201079064661,0.8936169147491455,0.3292756974697113
DnCNN,Bacterial,32.78937616969454,0.886419415473938,0.3390357196331024
SCUNet,Bacterial,35.23697068727847,0.9324619174003601,0.18874341249465942
A (L2),Bacterial,35.66756413014218,0.923979640007019,0.2518015205860138
D (NLL+SSIM+FFL),Bacterial,34.51556147723376,0.9089739322662354,0.3144337832927704
H (PP-VAE),Bacterial,33.77272049568135,0.8947761654853821,0.348543643951416
DnCNN,Bacterial,33.655610386083865,0.8899984359741211,0.3293275535106659
SCUNet,Bacterial,35.760920122341766,0.9256062507629395,0.24412041902542114
A (L2),Bacterial,34.482157080091994,0.9214420914649963,0.26511305570602417
D (NLL+SSIM+FFL),Bacterial,33.25050744789148,0.9028887748718262,0.3169879913330078
H (PP-VAE),Bacterial,32.77197147597039,0.8933822512626648,0.35188019275665283
DnCNN,Bacterial,32.810614163585456,0.8881484866142273,0.34094566106796265
SCUNet,Bacterial,34.64037498540837,0.9244847893714905,0.2540751099586487
A (L2),Bacterial,33.33755126894588,0.8925221562385559,0.2130635678768158
D (NLL+SSIM+FFL),Bacterial,32.510905219309365,0.8745858073234558,0.24031275510787964
H (PP-VAE),Bacterial,31.905270518326482,0.8599984645843506,0.26576268672943115
DnCNN,Bacterial,31.945289482098747,0.8555892705917358,0.26156505942344666
SCUNet,Bacterial,33.48931910749346,0.8949704170227051,0.20732568204402924
A (L2),Bacterial,33.808034729880255,0.9049702286720276,0.19706621766090393
D (NLL+SSIM+FFL),Bacterial,33.0085901974117,0.8884754776954651,0.21974411606788635
H (PP-VAE),Bacterial,32.349741237739956,0.8747731447219849,0.24168065190315247
DnCNN,Bacterial,32.44281834626865,0.8707945346832275,0.24127230048179626
SCUNet,Bacterial,33.91062774632103,0.9071020483970642,0.19538140296936035
A (L2),Bacterial,31.747761817615014,0.8941418528556824,0.2732532024383545
D (NLL+SSIM+FFL),Bacterial,30.794221328352634,0.8736146092414856,0.3226945400238037
H (PP-VAE),Bacterial,30.160422695003938,0.8589863777160645,0.3559967279434204
DnCNN,Bacterial,30.60623967577611,0.8588964343070984,0.34371417760849
SCUNet,Bacterial,32.15856685789741,0.9008045792579651,0.2569395899772644
A (L2),Bacterial,33.39680084543152,0.9185472130775452,0.24095305800437927
D (NLL+SSIM+FFL),Bacterial,32.34571805008729,0.9035180807113647,0.2814485430717468
H (PP-VAE),Bacterial,31.714331977755165,0.8909081816673279,0.3025321364402771
DnCNN,Bacterial,32.058690734584516,0.8906105756759644,0.29783767461776733
SCUNet,Bacterial,33.49983570153385,0.9206140041351318,0.236088365316391
A (L2),Bacterial,32.27723924618081,0.8823375105857849,0.2265978455543518
D (NLL+SSIM+FFL),Bacterial,31.400481239271933,0.8605167269706726,0.2618102431297302
H (PP-VAE),Bacterial,30.86681494546959,0.8495687246322632,0.2838606834411621
DnCNN,Bacterial,31.212618499296752,0.8482110500335693,0.25875547528266907
SCUNet,Bacterial,32.24220490061562,0.8818199634552002,0.22706454992294312
A (L2),Viral,33.82971012564464,0.9119076728820801,0.24163605272769928
D (NLL+SSIM+FFL),Viral,32.5874944801338,0.8915783166885376,0.3002392649650574
H (PP-VAE),Viral,31.85697766803186,0.8772873878479004,0.3311108946800232
DnCNN,Viral,32.05453547216916,0.8723772168159485,0.3271307349205017
SCUNet,Viral,33.916237307181966,0.9144524335861206,0.23665335774421692
A (L2),Viral,34.292427377982975,0.9230047464370728,0.2055877298116684
D (NLL+SSIM+FFL),Viral,32.87294966708632,0.9012191891670227,0.2744094729423523
H (PP-VAE),Viral,32.02846129073711,0.8819578289985657,0.3167506456375122
DnCNN,Viral,32.13653232116164,0.8773191571235657,0.3070177137851715
SCUNet,Viral,34.32513899359916,0.9229711294174194,0.20260551571846008
A (L2),Viral,34.16832869001829,0.9192421436309814,0.21860292553901672
D (NLL+SSIM+FFL),Viral,32.959685921673994,0.8978328704833984,0.26541683077812195
H (PP-VAE),Viral,32.24210492549127,0.8824704885482788,0.3043951988220215
DnCNN,Viral,32.318311842694,0.8776447772979736,0.2958448529243469
SCUNet,Viral,34.25125994430939,0.9212689399719238,0.2108972668647766
A (L2),Viral,34.70030385663224,0.9166924357414246,0.22685959935188293
D (NLL+SSIM+FFL),Viral,33.57878501756303,0.9009912610054016,0.27284112572669983
H (PP-VAE),Viral,33.003575113420794,0.8904445171356201,0.31324848532676697
DnCNN,Viral,32.93983223133238,0.8842878937721252,0.2901953160762787
SCUNet,Viral,34.844474367911644,0.9186111092567444,0.22216792404651642
A (L2),Viral,35.80924592037648,0.9293963313102722,0.30409717559814453
D (NLL+SSIM+FFL),Viral,34.55492118029279,0.914152979850769,0.34453585743904114
H (PP-VAE),Viral,34.073741925178915,0.9090960621833801,0.3536831736564636
DnCNN,Viral,33.92531371105804,0.897665798664093,0.3370509743690491
SCUNet,Viral,35.96066547884344,0.9314725995063782,0.2947835326194763
A (L2),Viral,34.00369948952297,0.926869809627533,0.259297251701355
D (NLL+SSIM+FFL),Viral,32.8493728395819,0.9119634628295898,0.305522620677948
H (PP-VAE),Viral,32.42176518913086,0.904371440410614,0.3168988823890686
DnCNN,Viral,32.51896429438905,0.8989672660827637,0.3310767412185669
SCUNet,Viral,34.17125449489726,0.9292380213737488,0.24850071966648102
A (L2),Viral,32.7641201658052,0.8825663328170776,0.23698803782463074
D (NLL+SSIM+FFL),Viral,31.996667330972286,0.8658185005187988,0.259345680475235
H (PP-VAE),Viral,31.51216340826953,0.8527664542198181,0.2747777998447418
DnCNN,Viral,31.57174159192558,0.8499302864074707,0.25420600175857544
SCUNet,Viral,32.899548268121265,0.8862214684486389,0.23205013573169708
A (L2),Viral,34.55809636715101,0.9175195693969727,0.25562286376953125
D (NLL+SSIM+FFL),Viral,33.567852114472146,0.903037965297699,0.3122957646846771
H (PP-VAE),Viral,33.05414424658947,0.8945739269256592,0.3441382646560669
DnCNN,Viral,33.23559302558671,0.8883818984031677,0.32152891159057617
SCUNet,Viral,34.719329889995365,0.9201672077178955,0.2482454627752304
A (L2),Viral,33.98581353954852,0.9211363792419434,0.29284971952438354
D (NLL+SSIM+FFL),Viral,33.21293238588585,0.909459114074707,0.34175315499305725
H (PP-VAE),Viral,32.69844831130703,0.9022762775421143,0.3592990040779114
DnCNN,Viral,32.86528544791135,0.8946288228034973,0.349418580532074
SCUNet,Viral,34.2390961614919,0.923172652721405,0.2840401530265808
A (L2),Viral,34.24698266285726,0.911201536655426,0.256150484085083
D (NLL+SSIM+FFL),Viral,33.09435045826924,0.8938815593719482,0.309542179107666
H (PP-VAE),Viral,32.47065315382161,0.8820081949234009,0.33696866035461426
DnCNN,Viral,32.650280432701,0.8771659731864929,0.30287715792655945
SCUNet,Viral,34.39268891981369,0.9122196435928345,0.2540510594844818
A (L2),Viral,34.86943670798942,0.9094619154930115,0.30039846897125244
D (NLL+SSIM+FFL),Viral,33.954361355436866,0.8929794430732727,0.34667372703552246
H (PP-VAE),Viral,33.38635272350985,0.8814949989318848,0.38027462363243103
DnCNN,Viral,33.344510286836396,0.8757970333099365,0.3494390845298767
SCUNet,Viral,35.03071633907557,0.911444902420044,0.2887803614139557
A (L2),Viral,34.96126376356263,0.9163349270820618,0.23497551679611206
D (NLL+SSIM+FFL),Viral,33.638012099751116,0.8934367299079895,0.2871105670928955
H (PP-VAE),Viral,32.8415555471162,0.8735454082489014,0.33619600534439087
DnCNN,Viral,32.86896121487037,0.8731858730316162,0.3000125288963318
SCUNet,Viral,35.00696928932273,0.9170377254486084,0.23125988245010376
A (L2),Viral,33.958256663403986,0.9216225743293762,0.19814512133598328
D (NLL+SSIM+FFL),Viral,32.76957823942293,0.9031122922897339,0.24579022824764252
H (PP-VAE),Viral,31.75463363752053,0.883401095867157,0.3042403757572174
DnCNN,Viral,32.20240620251036,0.881865382194519,0.2707342505455017
SCUNet,Viral,34.0965008638712,0.9231290221214294,0.19183894991874695
A (L2),Viral,34.76754586772542,0.9205436706542969,0.22583216428756714
D (NLL+SSIM+FFL),Viral,33.6033786487869,0.9034185409545898,0.27168431878089905
H (PP-VAE),Viral,32.73036533242805,0.8839774131774902,0.32371532917022705
DnCNN,Viral,32.9126938611079,0.8838990926742554,0.282356321811676
SCUNet,Viral,34.90672918561498,0.9229973554611206,0.21745991706848145
A (L2),Viral,34.090746769518006,0.9051891565322876,0.2764228284358978
D (NLL+SSIM+FFL),Viral,33.179516408575445,0.8909786939620972,0.32928338646888733
H (PP-VAE),Viral,32.83361734897695,0.8828052878379822,0.34601452946662903
DnCNN,Viral,32.89759552230089,0.8799769282341003,0.2998265027999878
SCUNet,Viral,34.31267366917102,0.9087439775466919,0.2671378254890442
A (L2),Viral,33.996164858911776,0.9099296927452087,0.2524382174015045
D (NLL+SSIM+FFL),Viral,32.78196966713153,0.8895701169967651,0.298880934715271
H (PP-VAE),Viral,32.306572012788834,0.8814219832420349,0.30891337990760803
DnCNN,Viral,32.25550302062099,0.8740442991256714,0.28778961300849915
SCUNet,Viral,34.08913224385347,0.9112904667854309,0.2477983832359314
A (L2),Viral,33.88922287115734,0.9090595245361328,0.23327332735061646
D (NLL+SSIM+FFL),Viral,32.555143631544155,0.8819629549980164,0.30338579416275024
H (PP-VAE),Viral,31.68187309827658,0.8597202897071838,0.3671015202999115
DnCNN,Viral,31.80292609667709,0.8592748045921326,0.32157182693481445
SCUNet,Viral,33.858133689781766,0.9075953364372253,0.2325173318386078
A (L2),Viral,34.17940675720478,0.9131855964660645,0.2243354320526123
D (NLL+SSIM+FFL),Viral,33.1208658484676,0.8941059708595276,0.2865328788757324
H (PP-VAE),Viral,32.42332488404122,0.8803120851516724,0.32544440031051636
DnCNN,Viral,32.507779622269325,0.8760294914245605,0.2972325384616852
SCUNet,Viral,34.24352451168663,0.9133363962173462,0.2215614914894104
A (L2),Viral,34.121372797038994,0.90911465883255,0.23452366888523102
D (NLL+SSIM+FFL),Viral,33.09936160990071,0.8896582722663879,0.29131317138671875
H (PP-VAE),Viral,32.300950568656425,0.8729696869850159,0.33323997259140015
DnCNN,Viral,32.35835006114874,0.8681521415710449,0.30893033742904663
SCUNet,Viral,34.22679072895014,0.910741925239563,0.2285955399274826
A (L2),Viral,33.44181619673695,0.9083436727523804,0.21831274032592773
D (NLL+SSIM+FFL),Viral,32.22316731723446,0.8873183727264404,0.28421980142593384
H (PP-VAE),Viral,31.350323103252226,0.865188717842102,0.3246811032295227
DnCNN,Viral,31.580052686967797,0.8639242053031921,0.3141765296459198
SCUNet,Viral,33.52515578374416,0.908778190612793,0.2129509449005127
A (L2),Viral,34.47778883300841,0.9057055115699768,0.28254878520965576
D (NLL+SSIM+FFL),Viral,33.54806744495005,0.8915032148361206,0.31607139110565186
H (PP-VAE),Viral,33.140483927898096,0.8851351737976074,0.31927573680877686
DnCNN,Viral,33.27800634358001,0.8798563480377197,0.27995234727859497
SCUNet,Viral,34.5353590704621,0.9068217873573303,0.28121864795684814
A (L2),Viral,34.0414234903608,0.9264801144599915,0.1858702152967453
D (NLL+SSIM+FFL),Viral,32.613946470727754,0.9081617593765259,0.22905287146568298
H (PP-VAE),Viral,31.907736144996747,0.8949143886566162,0.25604143738746643
DnCNN,Viral,32.3530488670061,0.8913344740867615,0.23993021249771118
SCUNet,Viral,34.230859648518496,0.9281535148620605,0.18151457607746124
A (L2),Viral,34.98113612525833,0.9227979779243469,0.23481208086013794
D (NLL+SSIM+FFL),Viral,34.01881860304715,0.9066422581672668,0.2870566248893738
H (PP-VAE),Viral,33.43864173151336,0.8970391750335693,0.3109741508960724
DnCNN,Viral,33.51439805588618,0.8933888673782349,0.2863837778568268
SCUNet,Viral,35.14480604341141,0.9248212575912476,0.2332450896501541
A (L2),Viral,34.99588036705498,0.9125296473503113,0.23287995159626007
D (NLL+SSIM+FFL),Viral,33.90743032825152,0.891759991645813,0.27913177013397217
H (PP-VAE),Viral,33.39525261620887,0.881301760673523,0.30378788709640503
DnCNN,Viral,33.332062579946175,0.8766157627105713,0.2968512177467346
SCUNet,Viral,35.188900808359136,0.9149472117424011,0.2283356785774231
A (L2),Viral,33.654136566602446,0.8914546966552734,0.2724485993385315
D (NLL+SSIM+FFL),Viral,32.50940025501234,0.8683738708496094,0.33726006746292114
H (PP-VAE),Viral,31.712114319365206,0.849157452583313,0.3811292052268982
DnCNN,Viral,31.971402513907954,0.8524295091629028,0.3351835012435913
SCUNet,Viral,33.66346383828215,0.8928263187408447,0.27014532685279846
A (L2),Viral,33.07079941490484,0.9056399464607239,0.19146011769771576
D (NLL+SSIM+FFL),Viral,31.854797183929712,0.8851258754730225,0.24442368745803833
H (PP-VAE),Viral,31.092349471593582,0.8653400540351868,0.27515238523483276
DnCNN,Viral,31.602387637699877,0.8552112579345703,0.2668890655040741
SCUNet,Viral,33.16794127232753,0.9059551954269409,0.18853135406970978
A (L2),Viral,34.259712227252905,0.9154860377311707,0.21224310994148254
D (NLL+SSIM+FFL),Viral,32.90011213099816,0.8918418288230896,0.2838071584701538
H (PP-VAE),Viral,32.144499266367056,0.8794454336166382,0.31579384207725525
DnCNN,Viral,32.26653027752417,0.8719668984413147,0.3110524117946625
SCUNet,Viral,34.34852105524323,0.9170112013816833,0.20577633380889893
A (L2),Viral,33.72890143628928,0.9182305335998535,0.21677544713020325
D (NLL+SSIM+FFL),Viral,32.10168677550719,0.8966614603996277,0.2653850317001343
H (PP-VAE),Viral,31.392930784027083,0.8818091750144958,0.30237263441085815
DnCNN,Viral,31.969113707070832,0.8797664642333984,0.2822657823562622
SCUNet,Viral,33.89668382625953,0.9210318326950073,0.20319215953350067
A (L2),Viral,33.78973443182035,0.9100582599639893,0.23923499882221222
D (NLL+SSIM+FFL),Viral,32.55862427770781,0.8858280777931213,0.2763229012489319
H (PP-VAE),Viral,31.660869419400434,0.8629785776138306,0.3295537233352661
DnCNN,Viral,31.91390516446581,0.8657698035240173,0.2820171117782593
SCUNet,Viral,33.88586117579306,0.9108833074569702,0.23516687750816345
A (L2),Viral,34.83296978589958,0.9216135740280151,0.21171385049819946
D (NLL+SSIM+FFL),Viral,33.80482633279834,0.9079023003578186,0.24108724296092987
H (PP-VAE),Viral,33.27725896176992,0.8984177112579346,0.27083051204681396
DnCNN,Viral,33.369825193343125,0.8936335444450378,0.23743021488189697
SCUNet,Viral,34.862710560269484,0.9220835566520691,0.2086961716413498
A (L2),Viral,33.87039678403691,0.8997906446456909,0.24582743644714355
D (NLL+SSIM+FFL),Viral,32.589965656881105,0.8719774484634399,0.3026152551174164
H (PP-VAE),Viral,31.92646060260423,0.8536933660507202,0.3490367531776428
DnCNN,Viral,32.065846431961454,0.8541366457939148,0.30799728631973267
SCUNet,Viral,34.11595511447281,0.9034256339073181,0.23895959556102753
A (L2),Viral,32.67556777994265,0.8868798017501831,0.2416524589061737
D (NLL+SSIM+FFL),Viral,31.779439076808345,0.8657172322273254,0.2584989368915558
H (PP-VAE),Viral,31.195510338680602,0.8523218631744385,0.2880118489265442
DnCNN,Viral,31.295825332037012,0.8505388498306274,0.2557772994041443
SCUNet,Viral,32.735778274432015,0.8883141875267029,0.23618310689926147
A (L2),Viral,35.441149445723056,0.9209576845169067,0.27326682209968567
D (NLL+SSIM+FFL),Viral,33.79897073023517,0.8985134959220886,0.34086355566978455
H (PP-VAE),Viral,33.41706288426691,0.8899251222610474,0.3507782220840454
DnCNN,Viral,33.415407512228626,0.8832113742828369,0.30706173181533813
SCUNet,Viral,35.6116582588549,0.922914981842041,0.2674139142036438
A (L2),Viral,33.55006012344014,0.9066164493560791,0.22388455271720886
D (NLL+SSIM+FFL),Viral,32.106669974928586,0.8806571364402771,0.29089033603668213
H (PP-VAE),Viral,31.261254784803747,0.8601261973381042,0.35291117429733276
DnCNN,Viral,31.498517648026002,0.8587486743927002,0.32004982233047485
SCUNet,Viral,33.572511420613125,0.9087582230567932,0.21435827016830444
A (L2),Viral,31.5960151978863,0.8986050486564636,0.22810609638690948
D (NLL+SSIM+FFL),Viral,30.63893842083796,0.8746507167816162,0.26559585332870483
H (PP-VAE),Viral,29.901287197608248,0.856714129447937,0.2892163395881653
DnCNN,Viral,30.341554616588393,0.8555330038070679,0.277798593044281
SCUNet,Viral,31.768714629050066,0.9000994563102722,0.2256866693496704
A (L2),Viral,33.89323766724053,0.9175886511802673,0.19668881595134735
D (NLL+SSIM+FFL),Viral,32.612012349595226,0.8976254463195801,0.2573450207710266
H (PP-VAE),Viral,31.774614609684804,0.8790927529335022,0.3022812306880951
DnCNN,Viral,31.94230545034042,0.8754311203956604,0.3014828860759735
SCUNet,Viral,33.90220089149778,0.9183887243270874,0.19354842603206635
A (L2),Viral,35.88169513126236,0.9273055195808411,0.23752900958061218
D (NLL+SSIM+FFL),Viral,34.374461278043206,0.9078977108001709,0.2838640809059143
H (PP-VAE),Viral,33.8693451664323,0.8977494835853577,0.30824702978134155
DnCNN,Viral,33.649124456892864,0.8906614184379578,0.29880285263061523
SCUNet,Viral,35.93921797618534,0.9284597039222717,0.23025062680244446
A (L2),Viral,33.02077343500562,0.9094451069831848,0.24361571669578552
D (NLL+SSIM+FFL),Viral,31.960207919729967,0.8929522633552551,0.2827839255332947
H (PP-VAE),Viral,31.22617166791489,0.8806583285331726,0.2983070909976959
DnCNN,Viral,31.471277463575703,0.8720540404319763,0.28695765137672424
SCUNet,Viral,33.18570062744022,0.9120739102363586,0.23828434944152832
A (L2),Viral,32.95202985599797,0.9122960567474365,0.19836905598640442
D (NLL+SSIM+FFL),Viral,31.824077765286496,0.8974986672401428,0.23334074020385742
H (PP-VAE),Viral,31.137119919712784,0.8843908309936523,0.26382699608802795
DnCNN,Viral,31.305311707039998,0.8785110116004944,0.26224368810653687
SCUNet,Viral,33.02553241639596,0.913503885269165,0.19264397025108337
A (L2),Viral,34.50702462154131,0.9155770540237427,0.2436528354883194
D (NLL+SSIM+FFL),Viral,33.4673396111572,0.8997998833656311,0.2779473662376404
H (PP-VAE),Viral,32.74964160139159,0.8859372735023499,0.3082254230976105
DnCNN,Viral,32.83234862151921,0.8814554214477539,0.2712417244911194
SCUNet,Viral,34.60998191901427,0.9168190956115723,0.24060234427452087
A (L2),Viral,34.90951978401259,0.9180624485015869,0.23327594995498657
D (NLL+SSIM+FFL),Viral,33.94226397464011,0.9013810753822327,0.2716819941997528
H (PP-VAE),Viral,33.444134178789675,0.8932629227638245,0.28647488355636597
DnCNN,Viral,33.31775826936952,0.8853272795677185,0.2736848294734955
SCUNet,Viral,34.92981811039574,0.9197837114334106,0.22743898630142212
A (L2),Viral,33.44799426888065,0.9060488343238831,0.23710167407989502
D (NLL+SSIM+FFL),Viral,31.93793613057846,0.8818003535270691,0.2996141314506531
H (PP-VAE),Viral,31.081949077885792,0.8620777726173401,0.355448842048645
DnCNN,Viral,31.57189588103151,0.8620448112487793,0.31497570872306824
SCUNet,Viral,33.59542040027162,0.9071802496910095,0.23141619563102722
A (L2),Viral,32.93568748330112,0.8962369561195374,0.19495339691638947
D (NLL+SSIM+FFL),Viral,32.117456170154654,0.8801150918006897,0.22120535373687744
H (PP-VAE),Viral,31.46206509204586,0.8631971478462219,0.25910767912864685
DnCNN,Viral,31.591106071636208,0.8621295690536499,0.2326052039861679
SCUNet,Viral,33.01995299348995,0.8982446193695068,0.1928660273551941
A (L2),Viral,35.32165827044754,0.9413166046142578,0.17801767587661743
D (NLL+SSIM+FFL),Viral,33.84767723916174,0.9286196827888489,0.21258357167243958
H (PP-VAE),Viral,33.01883685406952,0.9195126891136169,0.2352006435394287
DnCNN,Viral,33.6291703922996,0.9160635471343994,0.229975163936615
SCUNet,Viral,35.50764598961773,0.9422005414962769,0.17353320121765137
A (L2),Viral,34.80352565198534,0.9242541193962097,0.2355647087097168
D (NLL+SSIM+FFL),Viral,33.46521721404852,0.9060473442077637,0.28150302171707153
H (PP-VAE),Viral,32.953700317280095,0.8971969485282898,0.29967010021209717
DnCNN,Viral,32.857673780251616,0.8885204195976257,0.2776246666908264
SCUNet,Viral,34.87975369166857,0.9263218641281128,0.23045563697814941
A (L2),Viral,34.41154555056647,0.9272873997688293,0.19400528073310852
D (NLL+SSIM+FFL),Viral,32.83126316849946,0.9103865027427673,0.24762140214443207
H (PP-VAE),Viral,31.943458479189452,0.8975426554679871,0.27953875064849854
DnCNN,Viral,32.60476843867683,0.8942285776138306,0.27301788330078125
SCUNet,Viral,34.576922984827874,0.9287287592887878,0.18840718269348145
A (L2),Viral,34.96325725707947,0.926917314529419,0.21374428272247314
D (NLL+SSIM+FFL),Viral,33.906862227607064,0.9097838997840881,0.2600100040435791
H (PP-VAE),Viral,33.1796951412496,0.8984234929084778,0.28639015555381775
DnCNN,Viral,33.225402725250156,0.8948894143104553,0.25900450348854065
SCUNet,Viral,35.05837521304891,0.9276277422904968,0.20688965916633606
A (L2),Viral,35.407631063416424,0.9248408675193787,0.2562829256057739
D (NLL+SSIM+FFL),Viral,34.03174480062094,0.9073227643966675,0.2882624566555023
H (PP-VAE),Viral,33.38643652418335,0.8963190913200378,0.3008077144622803
DnCNN,Viral,33.440232581458396,0.8891034722328186,0.2554207444190979
SCUNet,Viral,35.59121134558318,0.9261266589164734,0.25285831093788147
A (L2),Viral,35.313422101905935,0.9253186583518982,0.27666908502578735
D (NLL+SSIM+FFL),Viral,34.171250201480476,0.9115062355995178,0.3141946792602539
H (PP-VAE),Viral,33.53631999957021,0.9019997715950012,0.33342644572257996
DnCNN,Viral,33.69460492679727,0.8982247710227966,0.2890298366546631
SCUNet,Viral,35.4994340725822,0.92878258228302,0.2660762369632721
A (L2),Viral,35.32950602906634,0.9287372827529907,0.22210153937339783
D (NLL+SSIM+FFL),Viral,34.118729674169956,0.9149878025054932,0.26347166299819946
H (PP-VAE),Viral,33.65882514116302,0.9062067270278931,0.27847254276275635
DnCNN,Viral,33.54434439117802,0.8988381624221802,0.25639528036117554
SCUNet,Viral,35.368838424678856,0.9299440383911133,0.21888338029384613
A (L2),Viral,34.67038424327792,0.9100432395935059,0.2824552655220032
D (NLL+SSIM+FFL),Viral,33.54389159636882,0.8940927982330322,0.3196498453617096
H (PP-VAE),Viral,33.07762235929145,0.8837357759475708,0.3331192135810852
DnCNN,Viral,33.050743193212014,0.8796265125274658,0.2977602481842041
SCUNet,Viral,34.79320235789816,0.9114685654640198,0.2763344943523407
A (L2),Viral,34.387099922522744,0.9020125269889832,0.3040068745613098
D (NLL+SSIM+FFL),Viral,33.4677353413655,0.8885741233825684,0.34596607089042664
H (PP-VAE),Viral,33.0681942558399,0.8828999996185303,0.3598701059818268
DnCNN,Viral,33.174807350767416,0.8785021305084229,0.31396472454071045
SCUNet,Viral,34.44793044184656,0.90200275182724,0.29247578978538513
A (L2),Viral,34.231249404595985,0.9135068655014038,0.24062052369117737
D (NLL+SSIM+FFL),Viral,33.32176750726767,0.899616003036499,0.2898067235946655
H (PP-VAE),Viral,32.793335451030615,0.8880210518836975,0.3131890296936035
DnCNN,Viral,32.867136639821275,0.884344220161438,0.2911169230937958
SCUNet,Viral,34.361500783463256,0.913516104221344,0.2298380732536316
A (L2),Viral,32.381545845461524,0.8528213500976562,0.273139625787735
D (NLL+SSIM+FFL),Viral,31.621564189688456,0.8314950466156006,0.30749624967575073
H (PP-VAE),Viral,31.08222150621941,0.816581666469574,0.3365667164325714
DnCNN,Viral,31.218799528428832,0.8143434524536133,0.3322928547859192
SCUNet,Viral,32.410198022146545,0.8562406897544861,0.2649356722831726
A (L2),Viral,34.57613984131481,0.9155809879302979,0.2342684268951416
D (NLL+SSIM+FFL),Viral,33.26313667918185,0.8925443291664124,0.3016214370727539
H (PP-VAE),Viral,32.44484455184779,0.8743773102760315,0.34556442499160767
DnCNN,Viral,32.58693629717232,0.8745671510696411,0.3101058304309845
SCUNet,Viral,34.75492515436236,0.9184830188751221,0.23045535385608673
A (L2),Viral,34.32244691036292,0.9246348738670349,0.20651546120643616
D (NLL+SSIM+FFL),Viral,32.94271440625963,0.9091796875,0.2538905739784241
H (PP-VAE),Viral,32.20265470984479,0.8967557549476624,0.28866735100746155
DnCNN,Viral,32.61679339157392,0.8926713466644287,0.27038198709487915
SCUNet,Viral,34.51305389718306,0.9258739352226257,0.19811919331550598
A (L2),Viral,34.12204280906729,0.9166345000267029,0.24633978307247162
D (NLL+SSIM+FFL),Viral,32.85445529480618,0.9026580452919006,0.3013074994087219
H (PP-VAE),Viral,32.009222572943415,0.8899444937705994,0.3239707946777344
DnCNN,Viral,32.39146870089251,0.884567141532898,0.3363743722438812
SCUNet,Viral,34.282609903799,0.9183833599090576,0.24417534470558167
A (L2),Viral,33.84390187053566,0.9136822819709778,0.21586471796035767
D (NLL+SSIM+FFL),Viral,32.42114226257628,0.8945102095603943,0.26076656579971313
H (PP-VAE),Viral,31.653101408525053,0.8807696104049683,0.28500914573669434
DnCNN,Viral,32.19090940853715,0.8760691285133362,0.27261096239089966
SCUNet,Viral,34.018211832107504,0.9181258678436279,0.206781804561615
A (L2),Viral,32.60316200815132,0.8981983661651611,0.24657437205314636
D (NLL+SSIM+FFL),Viral,31.378010096762544,0.8745672106742859,0.30690306425094604
H (PP-VAE),Viral,30.78479665852604,0.861814558506012,0.33308881521224976
DnCNN,Viral,31.049011291659113,0.8573175072669983,0.3208032250404358
SCUNet,Viral,32.65950302335846,0.8979453444480896,0.23888425529003143
A (L2),Viral,33.57955962374545,0.9132567644119263,0.22491444647312164
D (NLL+SSIM+FFL),Viral,32.37686425623211,0.8972812294960022,0.2646031081676483
H (PP-VAE),Viral,31.72771594861818,0.8857426047325134,0.28553301095962524
DnCNN,Viral,32.11210618095418,0.8816020488739014,0.2713676989078522
SCUNet,Viral,33.685728879062474,0.9149834513664246,0.21394968032836914
A (L2),Viral,35.03553416122462,0.9125187993049622,0.2871130704879761
D (NLL+SSIM+FFL),Viral,33.97464271727796,0.8984891176223755,0.32153838872909546
H (PP-VAE),Viral,33.567129596221996,0.8904976844787598,0.3343410789966583
DnCNN,Viral,33.55781545547619,0.8853448629379272,0.2847747504711151
SCUNet,Viral,35.18098904421422,0.9152374863624573,0.2831767201423645
A (L2),Viral,33.5801069455573,0.8980279564857483,0.3053967356681824
D (NLL+SSIM+FFL),Viral,32.74803875615633,0.8836895227432251,0.328111469745636
H (PP-VAE),Viral,32.31167253745213,0.8749920725822449,0.3364274501800537
DnCNN,Viral,32.32826740084636,0.8700349926948547,0.29686176776885986
SCUNet,Viral,33.71043484491358,0.9000192880630493,0.3006753921508789
A (L2),Viral,35.33320994509929,0.9201026558876038,0.30562660098075867
D (NLL+SSIM+FFL),Viral,34.275245013521534,0.9048072695732117,0.345661997795105
H (PP-VAE),Viral,33.634434146687504,0.8937769532203674,0.3628391623497009
DnCNN,Viral,33.59887081246299,0.8895460963249207,0.30891138315200806
SCUNet,Viral,35.39852277549662,0.9206656813621521,0.2968112826347351
A (L2),Viral,34.246914104647445,0.9244405031204224,0.17917299270629883
D (NLL+SSIM+FFL),Viral,32.931985615148015,0.9075109958648682,0.22924505174160004
H (PP-VAE),Viral,32.09296814352395,0.891313374042511,0.2737535238265991
DnCNN,Viral,32.565023972299,0.890872061252594,0.258632630109787
SCUNet,Viral,34.430563292533535,0.9269433617591858,0.1728629767894745
A (L2),Viral,34.61899397504776,0.9176567792892456,0.21424546837806702
D (NLL+SSIM+FFL),Viral,33.30047295089181,0.8952419757843018,0.278764545917511
H (PP-VAE),Viral,32.46920849247823,0.8770695328712463,0.3297967314720154
DnCNN,Viral,32.49143283910081,0.8739179968833923,0.3034563958644867
SCUNet,Viral,34.869043432912235,0.9204050302505493,0.2067079246044159
A (L2),Viral,33.86604160739886,0.9122340679168701,0.21478226780891418
D (NLL+SSIM+FFL),Viral,32.474357181776945,0.8889670968055725,0.2876288592815399
H (PP-VAE),Viral,31.501294949470335,0.8660719394683838,0.3384539484977722
DnCNN,Viral,31.69971175465068,0.8642723560333252,0.32267558574676514
SCUNet,Viral,33.9827791365551,0.9135203957557678,0.20793893933296204
A (L2),Viral,35.2582326981512,0.9313197731971741,0.21189728379249573
D (NLL+SSIM+FFL),Viral,34.229748499974015,0.9178953766822815,0.24765071272850037
H (PP-VAE),Viral,33.633575864721315,0.906362771987915,0.27532732486724854
DnCNN,Viral,33.53858906510877,0.8997727036476135,0.2591891586780548
SCUNet,Viral,35.36059011949588,0.9321073889732361,0.2073696404695511
A (L2),Viral,36.06660455553953,0.9367510676383972,0.27160292863845825
D (NLL+SSIM+FFL),Viral,34.982674941862655,0.9254735708236694,0.30634817481040955
H (PP-VAE),Viral,34.56127098677234,0.9188607931137085,0.32420116662979126
DnCNN,Viral,34.48294971459122,0.9125809073448181,0.28486520051956177
SCUNet,Viral,36.06246359021423,0.9360693693161011,0.27104198932647705
A (L2),Viral,33.19813936461804,0.9142118096351624,0.2150614857673645
D (NLL+SSIM+FFL),Viral,31.928007022750045,0.8936373591423035,0.2549206018447876
H (PP-VAE),Viral,30.970650135361666,0.8756510019302368,0.2820797562599182
DnCNN,Viral,31.647804461763034,0.876634955406189,0.2691863179206848
SCUNet,Viral,33.35798066202478,0.9159595966339111,0.21423569321632385
A (L2),Viral,33.291684076483335,0.916520893573761,0.22641119360923767
D (NLL+SSIM+FFL),Viral,31.950085232710578,0.8969915509223938,0.2655440866947174
H (PP-VAE),Viral,31.00386274262781,0.8819664716720581,0.2893509864807129
DnCNN,Viral,31.667712639342017,0.8802367448806763,0.2735579013824463
SCUNet,Viral,33.511040464572716,0.9171932935714722,0.2220258116722107
A (L2),Viral,35.14760507516452,0.9202722311019897,0.2551282048225403
D (NLL+SSIM+FFL),Viral,34.00006483978966,0.9035071134567261,0.305860310792923
H (PP-VAE),Viral,33.44691347793187,0.8953060507774353,0.317123144865036
DnCNN,Viral,33.41669617217262,0.8889347910881042,0.2946653962135315
SCUNet,Viral,34.9668598321345,0.9188678860664368,0.25774526596069336
A (L2),Viral,35.00157322747856,0.9195040464401245,0.2642098069190979
D (NLL+SSIM+FFL),Viral,33.78167788618691,0.9042326807975769,0.3085503578186035
H (PP-VAE),Viral,33.30755114954576,0.895821213722229,0.3243550658226013
DnCNN,Viral,33.28961775269269,0.8897706866264343,0.2887374758720398
SCUNet,Viral,35.11097872267431,0.9206292629241943,0.2610751986503601
A (L2),Viral,33.29976276570527,0.908086359500885,0.23620718717575073
D (NLL+SSIM+FFL),Viral,32.04101387221543,0.8885535597801208,0.2827882170677185
H (PP-VAE),Viral,31.22842117388391,0.8733496069908142,0.308192640542984
DnCNN,Viral,31.591269802138207,0.8691808581352234,0.28895819187164307
SCUNet,Viral,33.4817670227942,0.9097662568092346,0.2307443916797638
A (L2),Viral,36.264306048702146,0.9179579019546509,0.2954553961753845
D (NLL+SSIM+FFL),Viral,35.409874225271906,0.9025089740753174,0.3333975672721863
H (PP-VAE),Viral,34.89463191246171,0.8897993564605713,0.36054670810699463
DnCNN,Viral,34.5162415182771,0.880007266998291,0.31838205456733704
SCUNet,Viral,36.43795198551163,0.9205207824707031,0.29028964042663574
A (L2),Viral,36.27300981797963,0.9186007976531982,0.2962512969970703
D (NLL+SSIM+FFL),Viral,35.31863556746342,0.9025866389274597,0.33651506900787354
H (PP-VAE),Viral,34.918408733776005,0.8934249877929688,0.3571833670139313
DnCNN,Viral,34.27682669730302,0.8806121349334717,0.33279529213905334
SCUNet,Viral,36.361572610988155,0.9198554158210754,0.29010480642318726
A (L2),Viral,33.933110220017596,0.9104381799697876,0.24831031262874603
D (NLL+SSIM+FFL),Viral,32.92471377262708,0.8933396339416504,0.28679296374320984
H (PP-VAE),Viral,32.43989430728129,0.8844166398048401,0.2957227826118469
DnCNN,Viral,32.438135864809155,0.877324640750885,0.2761322855949402
SCUNet,Viral,33.98798244995401,0.9122054576873779,0.24213962256908417
A (L2),Viral,34.98627294826146,0.9321572780609131,0.25311508774757385
D (NLL+SSIM+FFL),Viral,33.79244920095293,0.9174668788909912,0.28539222478866577
H (PP-VAE),Viral,33.29754026909445,0.9089726209640503,0.29571324586868286
DnCNN,Viral,33.125252235019985,0.9000384211540222,0.26655760407447815
SCUNet,Viral,34.988124091521385,0.9328530430793762,0.2486846148967743
A (L2),Viral,35.27729673768995,0.9284082651138306,0.22417724132537842
D (NLL+SSIM+FFL),Viral,34.27797602078328,0.9135943651199341,0.26335155963897705
H (PP-VAE),Viral,33.709482720155044,0.9013495445251465,0.3002353012561798
DnCNN,Viral,33.67113460049307,0.8957030177116394,0.2696164548397064
SCUNet,Viral,35.476185677343786,0.9307825565338135,0.21697844564914703
A (L2),Viral,33.799804422772276,0.9054677486419678,0.24604731798171997
D (NLL+SSIM+FFL),Viral,32.77777775383531,0.8882231116294861,0.2917035222053528
H (PP-VAE),Viral,32.204217861522835,0.8770235776901245,0.3184610605239868
DnCNN,Viral,32.31695058701653,0.8718748092651367,0.3009103536605835
SCUNet,Viral,33.875501655105055,0.9061205983161926,0.24139608442783356
A (L2),Viral,33.56477750260642,0.9157482385635376,0.20994141697883606
D (NLL+SSIM+FFL),Viral,32.05357728579871,0.8938165307044983,0.2508220076560974
H (PP-VAE),Viral,31.06924243739971,0.8761429786682129,0.2967143654823303
DnCNN,Viral,31.71007393399131,0.8751175403594971,0.2617611587047577
SCUNet,Viral,33.76922224600567,0.9187224507331848,0.2053980827331543
A (L2),Viral,34.422585046819634,0.9146267175674438,0.2077365219593048
D (NLL+SSIM+FFL),Viral,33.134750270008674,0.8901962041854858,0.2676437199115753
H (PP-VAE),Viral,32.25187183453242,0.8688275218009949,0.3166434168815613
DnCNN,Viral,32.56769013939115,0.8722142577171326,0.28347647190093994
SCUNet,Viral,34.48402677976152,0.9152337908744812,0.20657822489738464
A (L2),Viral,34.97164382817188,0.9144732356071472,0.23632106184959412
D (NLL+SSIM+FFL),Viral,33.58879695271182,0.8932631015777588,0.2866328954696655
H (PP-VAE),Viral,32.987324646480744,0.8803375363349915,0.3112610876560211
DnCNN,Viral,32.99982856726501,0.8768861889839172,0.2883482873439789
SCUNet,Viral,34.98721296740665,0.9148050546646118,0.2347327619791031
A (L2),Viral,34.25810812358875,0.9218941926956177,0.220547154545784
D (NLL+SSIM+FFL),Viral,32.85885178775766,0.9011756777763367,0.2776206135749817
H (PP-VAE),Viral,31.956170767639662,0.8833043575286865,0.31595379114151
DnCNN,Viral,32.35192823078768,0.8829360008239746,0.2864189147949219
SCUNet,Viral,34.49871676080155,0.9242205619812012,0.20982767641544342
A (L2),Viral,35.12496574073638,0.9105421304702759,0.30403804779052734
D (NLL+SSIM+FFL),Viral,33.98648954603829,0.8957505226135254,0.3346572518348694
H (PP-VAE),Viral,33.52480060508146,0.8899966478347778,0.3537992835044861
DnCNN,Viral,33.590506474311454,0.8849053978919983,0.30276036262512207
SCUNet,Viral,35.15798271955764,0.9123751521110535,0.2941797971725464
A (L2),Viral,35.206604142599446,0.9228315353393555,0.23893286287784576
D (NLL+SSIM+FFL),Viral,34.09640964466085,0.9120291471481323,0.27152469754219055
H (PP-VAE),Viral,33.62855476958633,0.9057050943374634,0.28447994589805603
DnCNN,Viral,33.78498555031523,0.900963544845581,0.26656949520111084
SCUNet,Viral,35.27564992712923,0.9241973161697388,0.23348835110664368
A (L2),Viral,34.235139841147436,0.9209089279174805,0.2022974193096161
D (NLL+SSIM+FFL),Viral,32.66066952882073,0.8985484838485718,0.2606668770313263
H (PP-VAE),Viral,31.526879285195832,0.8808048367500305,0.31373339891433716
DnCNN,Viral,32.107174646187616,0.8766471147537231,0.307345986366272
SCUNet,Viral,34.389934505487616,0.9218787550926208,0.20050442218780518
A (L2),Viral,34.59502753330861,0.9246747493743896,0.20996439456939697
D (NLL+SSIM+FFL),Viral,33.092052606131645,0.902198076248169,0.2719564139842987
H (PP-VAE),Viral,32.24742883615129,0.8820188641548157,0.32222288846969604
DnCNN,Viral,32.343646492552026,0.8776066899299622,0.2974085807800293
SCUNet,Viral,34.62790773429575,0.9249886870384216,0.20850533246994019
A (L2),Viral,34.440098389820214,0.9160707592964172,0.20991095900535583
D (NLL+SSIM+FFL),Viral,33.12243340740739,0.8943295478820801,0.2611660361289978
H (PP-VAE),Viral,32.29903115663135,0.874926745891571,0.3110432028770447
DnCNN,Viral,32.507300034555065,0.8754323720932007,0.28530073165893555
SCUNet,Viral,34.56416809098359,0.9181270003318787,0.2038722038269043
A (L2),Viral,34.609561033392595,0.9246049523353577,0.22804094851016998
D (NLL+SSIM+FFL),Viral,33.24283740598592,0.9029085040092468,0.2798428535461426
H (PP-VAE),Viral,32.58148895220732,0.8893174529075623,0.3208400309085846
DnCNN,Viral,32.638537977086024,0.8846283555030823,0.3045710623264313
SCUNet,Viral,34.66525750847518,0.9257333874702454,0.2168717086315155
A (L2),Viral,35.09750217719405,0.9237611889839172,0.2622261941432953
D (NLL+SSIM+FFL),Viral,33.67824812312996,0.9043676853179932,0.31008702516555786
H (PP-VAE),Viral,33.16583158068805,0.894603431224823,0.3280377984046936
DnCNN,Viral,33.09824087111359,0.8872182965278625,0.2922880947589874
SCUNet,Viral,35.26428964947077,0.9263896942138672,0.24905575811862946
A (L2),Viral,33.84188484471241,0.9164653420448303,0.22752004861831665
D (NLL+SSIM+FFL),Viral,32.39649087811739,0.8948485851287842,0.2963370382785797
H (PP-VAE),Viral,31.643918943881346,0.8787111639976501,0.34385502338409424
DnCNN,Viral,31.802809704221083,0.8740551471710205,0.328956663608551
SCUNet,Viral,33.94990676474193,0.9178538918495178,0.2270444929599762
A (L2),Viral,34.21485898444907,0.9277255535125732,0.21425649523735046
D (NLL+SSIM+FFL),Viral,32.869086991511395,0.9090734124183655,0.27362123131752014
H (PP-VAE),Viral,32.15027420984111,0.8961924314498901,0.29858583211898804
DnCNN,Viral,32.38042789130792,0.8903849720954895,0.2931194603443146
SCUNet,Viral,34.31311451464432,0.9291181564331055,0.20940238237380981
A (L2),Viral,33.8878742916829,0.9151602983474731,0.22386065125465393
D (NLL+SSIM+FFL),Viral,32.669173351093235,0.8909178972244263,0.28414031863212585
H (PP-VAE),Viral,31.877820673434798,0.8731865286827087,0.3307008147239685
DnCNN,Viral,31.916001964493912,0.8707760572433472,0.3234615623950958
SCUNet,Viral,34.09530055935636,0.9199573397636414,0.21592548489570618
A (L2),Viral,33.91910900325611,0.8991237282752991,0.2883111238479614
D (NLL+SSIM+FFL),Viral,32.931446395281924,0.8833106160163879,0.31215929985046387
H (PP-VAE),Viral,32.469010313142185,0.8727784156799316,0.33164259791374207
DnCNN,Viral,32.55454361361065,0.8709263801574707,0.28541305661201477
SCUNet,Viral,34.00791062974478,0.9010825753211975,0.2876296639442444
A (L2),Viral,33.65930651767289,0.9150276184082031,0.20095495879650116
D (NLL+SSIM+FFL),Viral,32.284073729470094,0.8914531469345093,0.2598174810409546
H (PP-VAE),Viral,31.545345703840198,0.8760905861854553,0.30097946524620056
DnCNN,Viral,31.625570153330216,0.871155321598053,0.2924899458885193
SCUNet,Viral,33.8208670907258,0.9175522327423096,0.19444814324378967
A (L2),Viral,34.73797375968439,0.9169982671737671,0.21239465475082397
D (NLL+SSIM+FFL),Viral,33.55784470492206,0.897061288356781,0.26001495122909546
H (PP-VAE),Viral,32.85813557188745,0.8811153173446655,0.3139563500881195
DnCNN,Viral,32.98201858698971,0.8797912001609802,0.2903389632701874
SCUNet,Viral,34.89016227348457,0.9190464615821838,0.2058434635400772
A (L2),Viral,33.55829465504463,0.9004397392272949,0.2570616900920868
D (NLL+SSIM+FFL),Viral,32.71987126335376,0.8813719749450684,0.3230322003364563
H (PP-VAE),Viral,32.030363189414146,0.8638352751731873,0.36245039105415344
DnCNN,Viral,32.08906868096384,0.8611541986465454,0.3570437729358673
SCUNet,Viral,33.68346015714781,0.9035112857818604,0.24751001596450806
A (L2),Viral,34.38078397423665,0.9181708097457886,0.20070572197437286
D (NLL+SSIM+FFL),Viral,33.224146483962755,0.8970018625259399,0.25141435861587524
H (PP-VAE),Viral,32.40853343051844,0.8762342929840088,0.3112591505050659
DnCNN,Viral,32.54655961610026,0.876612663269043,0.2996301054954529
SCUNet,Viral,34.56764420204265,0.9208679795265198,0.19617895781993866
A (L2),Viral,35.67528421964923,0.936730146408081,0.2735092341899872
D (NLL+SSIM+FFL),Viral,34.7579313515465,0.9261022806167603,0.3085799217224121
H (PP-VAE),Viral,34.21881055397361,0.9196807742118835,0.31902816891670227
DnCNN,Viral,34.2485806445642,0.9128972291946411,0.3434574007987976
SCUNet,Viral,35.859177835538645,0.9381332993507385,0.2578244209289551
A (L2),Viral,34.994827085143704,0.9288800954818726,0.2036985605955124
D (NLL+SSIM+FFL),Viral,33.608323415436544,0.9057970643043518,0.26816585659980774
H (PP-VAE),Viral,32.87384715739676,0.8869627714157104,0.31847596168518066
DnCNN,Viral,32.91009535049692,0.8858325481414795,0.2965282201766968
SCUNet,Viral,35.193869028892465,0.9329196810722351,0.19536684453487396
A (L2),Viral,34.15357916830249,0.9158211350440979,0.22867056727409363
D (NLL+SSIM+FFL),Viral,32.97103154473693,0.8971781134605408,0.2901604175567627
H (PP-VAE),Viral,32.156249549774984,0.8791411519050598,0.3379344046115875
DnCNN,Viral,32.352361850986185,0.8757763504981995,0.3270323872566223
SCUNet,Viral,34.27345189486669,0.9171609282493591,0.22405850887298584
A (L2),Viral,33.503300457707745,0.9154659509658813,0.2472335398197174
D (NLL+SSIM+FFL),Viral,32.291200029081466,0.8993527889251709,0.299031138420105
H (PP-VAE),Viral,31.57658634387429,0.8873151540756226,0.32280296087265015
DnCNN,Viral,32.0626085283781,0.8846948146820068,0.29634737968444824
SCUNet,Viral,33.6565006088724,0.9178946018218994,0.2389494925737381
A (L2),Viral,35.6077404610365,0.9337090253829956,0.20358651876449585
D (NLL+SSIM+FFL),Viral,34.17492526763157,0.9165015816688538,0.24047724902629852
H (PP-VAE),Viral,33.51192792628674,0.905049741268158,0.26819226145744324
DnCNN,Viral,33.43368233387692,0.8973484039306641,0.25016340613365173
SCUNet,Viral,35.72336376585719,0.9355455636978149,0.20486173033714294
A (L2),Viral,33.78600091735816,0.9204399585723877,0.1919642984867096
D (NLL+SSIM+FFL),Viral,32.56781616211316,0.9043658971786499,0.22930750250816345
H (PP-VAE),Viral,31.892379379798207,0.8918470740318298,0.2594786286354065
DnCNN,Viral,32.35180788496126,0.8884803652763367,0.24701188504695892
SCUNet,Viral,33.86257875653001,0.9220055937767029,0.18753573298454285
A (L2),Viral,34.16345375746121,0.9273972511291504,0.20681031048297882
D (NLL+SSIM+FFL),Viral,32.71239955897103,0.904915988445282,0.27127009630203247
H (PP-VAE),Viral,31.787492292909853,0.8840374946594238,0.3208879828453064
DnCNN,Viral,31.975982952606156,0.8799765706062317,0.3061908483505249
SCUNet,Viral,34.19176163720515,0.9269449710845947,0.20394495129585266
A (L2),Viral,34.06508053798707,0.9288567304611206,0.1897689551115036
D (NLL+SSIM+FFL),Viral,32.59903884080132,0.9071127772331238,0.2515660226345062
H (PP-VAE),Viral,31.80590741914643,0.8901698589324951,0.2822497487068176
DnCNN,Viral,32.17113207232992,0.8878001570701599,0.27006691694259644
SCUNet,Viral,34.21473855809393,0.9298334121704102,0.18353456258773804
A (L2),Viral,33.96425780146123,0.9069003462791443,0.24205580353736877
D (NLL+SSIM+FFL),Viral,32.989010250773774,0.8918952345848083,0.2816864550113678
H (PP-VAE),Viral,32.435517030293155,0.8820359110832214,0.3114551901817322
DnCNN,Viral,32.610547567757806,0.8793249130249023,0.2795015275478363
SCUNet,Viral,34.07717021319058,0.9101781249046326,0.2376360148191452
A (L2),Viral,34.46410832500068,0.9115548729896545,0.23459596931934357
D (NLL+SSIM+FFL),Viral,33.50537072289785,0.8947530388832092,0.2837997376918793
H (PP-VAE),Viral,32.945179605809905,0.8810989856719971,0.32050570845603943
DnCNN,Viral,33.001674945688904,0.8789449334144592,0.2866007685661316
SCUNet,Viral,34.44101516789683,0.9112894535064697,0.23212262988090515
A (L2),Viral,35.342771198898106,0.9153974652290344,0.2737328112125397
D (NLL+SSIM+FFL),Viral,34.240359026226194,0.8996238708496094,0.3098834753036499
H (PP-VAE),Viral,33.69003515060585,0.8931860327720642,0.3197208046913147
DnCNN,Viral,33.76254078973163,0.8875789046287537,0.274350106716156
SCUNet,Viral,35.44567791520326,0.9182878136634827,0.2726765275001526
A (L2),Viral,35.32469341618398,0.930009663105011,0.22975200414657593
D (NLL+SSIM+FFL),Viral,34.09672388830099,0.9136890769004822,0.2796994745731354
H (PP-VAE),Viral,33.51332814671681,0.9045761823654175,0.3018127679824829
DnCNN,Viral,33.591266413525545,0.8979259133338928,0.2688228487968445
SCUNet,Viral,35.40629177901363,0.9310489892959595,0.22632822394371033
A (L2),Viral,34.43114985741992,0.9048311710357666,0.2684783935546875
D (NLL+SSIM+FFL),Viral,33.58145781999546,0.8898303508758545,0.30183833837509155
H (PP-VAE),Viral,33.055251107719805,0.877488374710083,0.32351770997047424
DnCNN,Viral,33.097260203962,0.8765956163406372,0.28179144859313965
SCUNet,Viral,34.53538636560216,0.9061281085014343,0.271026074886322
A (L2),Viral,35.181284918014406,0.9208158254623413,0.23389320075511932
D (NLL+SSIM+FFL),Viral,34.02691337274369,0.90147864818573,0.3041546940803528
H (PP-VAE),Viral,33.307423380636244,0.8867045044898987,0.3410312831401825
DnCNN,Viral,33.29447543040441,0.8825806975364685,0.3141678273677826
SCUNet,Viral,35.25380728587775,0.9216605424880981,0.2374563366174698
A (L2),Viral,33.69549666767166,0.9000734090805054,0.2515217065811157
D (NLL+SSIM+FFL),Viral,32.70431537296392,0.8810913562774658,0.3049197494983673
H (PP-VAE),Viral,31.957874215108127,0.8639274835586548,0.3445547819137573
DnCNN,Viral,32.14007574919814,0.8642868995666504,0.31175944209098816
SCUNet,Viral,33.66217768628947,0.8997011780738831,0.25224971771240234
A (L2),Viral,31.292722502708212,0.8717491626739502,0.1972207874059677
D (NLL+SSIM+FFL),Viral,30.593278646754797,0.8518335223197937,0.21852558851242065
H (PP-VAE),Viral,29.81659115242401,0.8298473954200745,0.26020821928977966
DnCNN,Viral,30.089688712036633,0.831871509552002,0.2437298595905304
SCUNet,Viral,31.424246732717293,0.8744513988494873,0.19358763098716736
A (L2),Viral,33.88009333037478,0.915762186050415,0.23332583904266357
D (NLL+SSIM+FFL),Viral,32.48211585382104,0.8981700539588928,0.28132545948028564
H (PP-VAE),Viral,31.579914838467715,0.8846490979194641,0.31127381324768066
DnCNN,Viral,32.241406011154346,0.8830046653747559,0.2751285433769226
SCUNet,Viral,34.054853858918584,0.9177165627479553,0.2311094105243683
A (L2),Viral,33.5069972629138,0.9172574877738953,0.20246262848377228
D (NLL+SSIM+FFL),Viral,32.06403790160976,0.8985704779624939,0.24654366075992584
H (PP-VAE),Viral,31.201374024069203,0.8781386613845825,0.2894189953804016
DnCNN,Viral,31.697751181303516,0.8760712742805481,0.25503960251808167
SCUNet,Viral,33.63661840898823,0.9188392162322998,0.19579684734344482
A (L2),Viral,33.93392879045325,0.9284741282463074,0.18129763007164001
D (NLL+SSIM+FFL),Viral,32.43900723987132,0.910224199295044,0.23112866282463074
H (PP-VAE),Viral,31.289311302607654,0.8895502090454102,0.281317800283432
DnCNN,Viral,31.871361923625287,0.8881616592407227,0.26111286878585815
SCUNet,Viral,34.06704016148173,0.9296932816505432,0.17750754952430725
A (L2),Viral,35.58266680118323,0.906466543674469,0.2059418261051178
D (NLL+SSIM+FFL),Viral,34.25611662445405,0.8786384463310242,0.27928245067596436
H (PP-VAE),Viral,33.551414567721565,0.8605897426605225,0.3364458382129669
DnCNN,Viral,33.613664192262945,0.8575077056884766,0.32736849784851074
SCUNet,Viral,35.75218180701783,0.9093220829963684,0.20508360862731934
A (L2),Viral,35.487281619668785,0.9242419600486755,0.22768868505954742
D (NLL+SSIM+FFL),Viral,34.25664001190928,0.9088799953460693,0.29402339458465576
H (PP-VAE),Viral,33.5240533448299,0.8934201598167419,0.3295291066169739
DnCNN,Viral,33.5303117057746,0.8907392024993896,0.30274873971939087
SCUNet,Viral,35.49875433217999,0.9249750971794128,0.22217866778373718
A (L2),Viral,35.12044961800769,0.9234170317649841,0.22784680128097534
D (NLL+SSIM+FFL),Viral,34.034831224239355,0.9085443019866943,0.26603248715400696
H (PP-VAE),Viral,33.528531430576514,0.8983151912689209,0.2928310036659241
DnCNN,Viral,33.44175030593534,0.8916564583778381,0.2790161967277527
SCUNet,Viral,35.16363074368245,0.9254633784294128,0.22495239973068237
A (L2),Viral,34.570865279244146,0.9138256907463074,0.3025500178337097
D (NLL+SSIM+FFL),Viral,33.429913456257566,0.8991889357566833,0.3243711590766907
H (PP-VAE),Viral,33.01993576537291,0.8906076550483704,0.33913683891296387
DnCNN,Viral,32.98922609158668,0.884848952293396,0.2965356111526489
SCUNet,Viral,34.61330366982967,0.9142349362373352,0.3008676767349243
A (L2),Viral,34.24731337060004,0.9174037575721741,0.24848589301109314
D (NLL+SSIM+FFL),Viral,33.4175412388579,0.9030429124832153,0.2725506126880646
H (PP-VAE),Viral,32.955637519641236,0.8930795192718506,0.28505057096481323
DnCNN,Viral,32.90014072040171,0.8870512843132019,0.2554699182510376
SCUNet,Viral,34.34952227547675,0.9194838404655457,0.2449471801519394
A (L2),Viral,33.02150025571647,0.9070799350738525,0.25420528650283813
D (NLL+SSIM+FFL),Viral,31.748405293638967,0.8827935457229614,0.3082093596458435
H (PP-VAE),Viral,31.33578919808602,0.8718526363372803,0.33528709411621094
DnCNN,Viral,31.609840885142596,0.8689330816268921,0.30127638578414917
SCUNet,Viral,33.14563416570431,0.909808337688446,0.24723048508167267
A (L2),Viral,33.45762814649853,0.9125843644142151,0.19781193137168884
D (NLL+SSIM+FFL),Viral,32.19098560426068,0.8927028179168701,0.23688755929470062
H (PP-VAE),Viral,31.266264834934386,0.8654384613037109,0.28573277592658997
DnCNN,Viral,31.66476309203835,0.8530859351158142,0.2630971372127533
SCUNet,Viral,33.57645770774166,0.9159585237503052,0.1852579414844513
A (L2),Viral,34.308436738000225,0.9120603799819946,0.23601481318473816
D (NLL+SSIM+FFL),Viral,33.2326503346423,0.8907438516616821,0.29958319664001465
H (PP-VAE),Viral,32.577283794966306,0.8732656240463257,0.35245653986930847
DnCNN,Viral,32.47917911431933,0.8709520101547241,0.34331512451171875
SCUNet,Viral,34.33568907883354,0.9119881987571716,0.22719034552574158
A (L2),Viral,35.01395727693796,0.9235717058181763,0.22958476841449738
D (NLL+SSIM+FFL),Viral,33.74944628725099,0.9044415950775146,0.2902621924877167
H (PP-VAE),Viral,33.082973587877,0.8919965028762817,0.3246435523033142
DnCNN,Viral,33.0336979571112,0.8880831599235535,0.2855254113674164
SCUNet,Viral,35.18158539640428,0.925021767616272,0.2212488055229187
A (L2),Viral,33.74259707336587,0.9169172644615173,0.22348551452159882
D (NLL+SSIM+FFL),Viral,32.40656764803251,0.892628014087677,0.2874044179916382
H (PP-VAE),Viral,31.67702705670992,0.8764374852180481,0.3227347135543823
DnCNN,Viral,31.82507128879655,0.87349534034729,0.3045434355735779
SCUNet,Viral,33.77808221432552,0.9178721308708191,0.22224995493888855
A (L2),Viral,33.919876003190005,0.9248115420341492,0.2234649956226349
D (NLL+SSIM+FFL),Viral,32.497404437346695,0.9093465805053711,0.25762349367141724
H (PP-VAE),Viral,31.628717558105997,0.8983931541442871,0.27997347712516785
DnCNN,Viral,32.317418659106636,0.8953576683998108,0.256924033164978
SCUNet,Viral,34.06350548576003,0.926607072353363,0.2161659449338913
A (L2),Viral,34.291379475845,0.9279331564903259,0.19911164045333862
D (NLL+SSIM+FFL),Viral,32.95623367897121,0.908594012260437,0.25269022583961487
H (PP-VAE),Viral,32.18409237360808,0.8928928375244141,0.29790228605270386
DnCNN,Viral,32.206947903198056,0.8865609765052795,0.29789087176322937
SCUNet,Viral,34.43654660450015,0.9296858310699463,0.193342924118042
A (L2),Viral,35.04900987865157,0.9239007830619812,0.23421697318553925
D (NLL+SSIM+FFL),Viral,34.187885646786434,0.9088924527168274,0.2860566973686218
H (PP-VAE),Viral,33.58634217306266,0.8973665237426758,0.3110387325286865
DnCNN,Viral,33.68392951173917,0.8950693011283875,0.285799115896225
SCUNet,Viral,35.1017101044886,0.9246906042098999,0.23038017749786377
A (L2),Viral,34.76767316956875,0.9155362248420715,0.2488054633140564
D (NLL+SSIM+FFL),Viral,33.69239486178324,0.8976475596427917,0.297598272562027
H (PP-VAE),Viral,32.97676415477815,0.8862353563308716,0.3209923207759857
DnCNN,Viral,33.118536304135006,0.8837763071060181,0.2846986651420593
SCUNet,Viral,34.864330006960465,0.9165975451469421,0.2484409511089325
A (L2),Viral,34.96439369234521,0.9212280511856079,0.22137406468391418
D (NLL+SSIM+FFL),Viral,33.861075754644254,0.9049379229545593,0.2808106541633606
H (PP-VAE),Viral,33.007053589496486,0.8867429494857788,0.3260475695133209
DnCNN,Viral,33.07232951457579,0.8839934468269348,0.29747769236564636
SCUNet,Viral,35.00405617554294,0.922001838684082,0.22051997482776642
A (L2),Viral,35.26865985392876,0.926548957824707,0.25525909662246704
D (NLL+SSIM+FFL),Viral,34.18550458704026,0.9158714413642883,0.29559001326560974
H (PP-VAE),Viral,33.659629422059666,0.9079275131225586,0.3193560838699341
DnCNN,Viral,33.786504760494296,0.9023206233978271,0.2552698254585266
SCUNet,Viral,35.417476563262596,0.9278393387794495,0.254866361618042
A (L2),Viral,35.32052940511461,0.932958722114563,0.238310307264328
D (NLL+SSIM+FFL),Viral,34.050102655814534,0.9153026938438416,0.2899013161659241
H (PP-VAE),Viral,33.456883668945544,0.9084082841873169,0.32739776372909546
DnCNN,Viral,33.39088993348822,0.8986489176750183,0.3160333037376404
SCUNet,Viral,35.24529645312759,0.9328296780586243,0.24005934596061707
A (L2),Viral,35.62384402968521,0.9297309517860413,0.23758560419082642
D (NLL+SSIM+FFL),Viral,34.28452850421727,0.9111873507499695,0.28751781582832336
H (PP-VAE),Viral,33.76073245787232,0.9003589749336243,0.31015342473983765
DnCNN,Viral,33.70883423066158,0.8957350254058838,0.28375837206840515
SCUNet,Viral,35.58257721258629,0.9296436309814453,0.2294897586107254
A (L2),Viral,33.504159714645596,0.9160429835319519,0.20866581797599792
D (NLL+SSIM+FFL),Viral,32.142450267952455,0.8932052254676819,0.27266931533813477
H (PP-VAE),Viral,31.439852800159752,0.8753193616867065,0.3153371810913086
DnCNN,Viral,31.524367454763286,0.8715794086456299,0.29612842202186584
SCUNet,Viral,33.5699309588252,0.9181509017944336,0.20223453640937805
A (L2),Viral,33.33845631968089,0.9060767292976379,0.21418511867523193
D (NLL+SSIM+FFL),Viral,31.874740154550008,0.8779612183570862,0.28426963090896606
H (PP-VAE),Viral,30.866469287405785,0.8543391227722168,0.3439599275588989
DnCNN,Viral,31.259331771146613,0.8539131283760071,0.3186455965042114
SCUNet,Viral,33.476844850987646,0.9091460108757019,0.20767468214035034
A (L2),Viral,34.28161484293429,0.9157488346099854,0.22188013792037964
D (NLL+SSIM+FFL),Viral,32.893059259056436,0.8934834599494934,0.29000139236450195
H (PP-VAE),Viral,32.04886002360874,0.8757890462875366,0.3272511065006256
DnCNN,Viral,32.210372647811994,0.8717458248138428,0.3104959726333618
SCUNet,Viral,34.403520953791514,0.9168993234634399,0.21639923751354218
A (L2),Viral,34.88541420503795,0.9211805462837219,0.2617904543876648
D (NLL+SSIM+FFL),Viral,33.92848122881655,0.9092915654182434,0.28408586978912354
H (PP-VAE),Viral,33.34333157079871,0.899678111076355,0.29746752977371216
DnCNN,Viral,33.43486771319819,0.8952570557594299,0.2574254274368286
SCUNet,Viral,34.98226212248718,0.9225587248802185,0.25739869475364685
A (L2),Viral,35.14982665127707,0.9202249646186829,0.23829001188278198
D (NLL+SSIM+FFL),Viral,34.14212446299669,0.9040063619613647,0.28656187653541565
H (PP-VAE),Viral,33.45192775519082,0.8879328966140747,0.3178103566169739
DnCNN,Viral,33.38699477717021,0.8853636980056763,0.2776666283607483
SCUNet,Viral,35.205583572563214,0.9212134480476379,0.23673096299171448
A (L2),Viral,35.18807262823769,0.928376317024231,0.22303497791290283
D (NLL+SSIM+FFL),Viral,33.776886831570366,0.9092019200325012,0.27972668409347534
H (PP-VAE),Viral,33.09772703787727,0.8957950472831726,0.30532580614089966
DnCNN,Viral,33.13713381929047,0.8905944228172302,0.2804202139377594
SCUNet,Viral,35.29494731272109,0.9294124245643616,0.21952581405639648
A (L2),Viral,34.41993541347772,0.9134762287139893,0.2510358989238739
D (NLL+SSIM+FFL),Viral,33.133558205541725,0.8893992304801941,0.32175377011299133
H (PP-VAE),Viral,32.543083627666725,0.8774813413619995,0.357017457485199
DnCNN,Viral,32.65463329859062,0.8733289837837219,0.3311001658439636
SCUNet,Viral,34.551761291301275,0.9146287441253662,0.23843960464000702
A (L2),Viral,33.82735579536449,0.9103760719299316,0.23065271973609924
D (NLL+SSIM+FFL),Viral,32.41633359359774,0.8859508037567139,0.30219602584838867
H (PP-VAE),Viral,31.79622215404702,0.8725734949111938,0.3308957517147064
DnCNN,Viral,31.871751675183404,0.8690645694732666,0.331489622592926
SCUNet,Viral,33.84303364150884,0.9123392701148987,0.22441938519477844
A (L2),Viral,33.99034156234997,0.9068118929862976,0.22490453720092773
D (NLL+SSIM+FFL),Viral,33.01269435677768,0.8894617557525635,0.2653889060020447
H (PP-VAE),Viral,32.34534452417188,0.8779540061950684,0.2947442829608917
DnCNN,Viral,32.40933108696109,0.8719547986984253,0.27469033002853394
SCUNet,Viral,34.06219251958747,0.9078493714332581,0.21681010723114014
A (L2),Viral,34.0717708836804,0.921615481376648,0.2102152705192566
D (NLL+SSIM+FFL),Viral,32.62038667429013,0.9014406800270081,0.2624396085739136
H (PP-VAE),Viral,31.73061481442886,0.8871648907661438,0.30136358737945557
DnCNN,Viral,32.11352562028206,0.8827797174453735,0.2773546576499939
SCUNet,Viral,34.22102487078867,0.9225738644599915,0.20200753211975098
A (L2),Viral,36.51257485292586,0.9362596273422241,0.29199689626693726
D (NLL+SSIM+FFL),Viral,35.505763992379705,0.9247899651527405,0.3383908271789551
H (PP-VAE),Viral,34.84123658607844,0.9168766140937805,0.3505820333957672
DnCNN,Viral,34.68644636032912,0.909500777721405,0.34495729207992554
SCUNet,Viral,36.51318189261295,0.9370833039283752,0.27352088689804077
A (L2),Viral,34.46751972910664,0.9156287908554077,0.22898033261299133
D (NLL+SSIM+FFL),Viral,33.41572804558052,0.899261474609375,0.2769356369972229
H (PP-VAE),Viral,32.603848892825475,0.8802645206451416,0.327014297246933
DnCNN,Viral,32.740227228826086,0.87967848777771,0.30110982060432434
SCUNet,Viral,34.56790146742249,0.9176267385482788,0.22166353464126587
A (L2),Viral,34.51789486969923,0.9155864715576172,0.22703981399536133
D (NLL+SSIM+FFL),Viral,33.54364863881826,0.9030531048774719,0.26096203923225403
H (PP-VAE),Viral,33.13322922943229,0.893589198589325,0.27887192368507385
DnCNN,Viral,33.23406580330327,0.8913335204124451,0.23894114792346954
SCUNet,Viral,34.64178256764761,0.9175512194633484,0.22161847352981567
